<?xml version="1.0" encoding="UTF-8"?>
<lancealance cobertura="1014" leitura="0">
  <placar>
    <equipe id="001" url="" nome="Palmeiras" escudo="/FlashShow/0,,7255,00.swf" resultado="0" abreviacao="PAL"/>
    <equipe id="002" url="" nome="Grêmio" escudo="/FlashShow/0,,7844,00.swf" resultado="1" abreviacao="GRE"/>
  </placar>
  <lances>
    <narracao id="31166" momento="PJ" tempo="0">No Tricolor Gaúcho, o técnico Mano Menezes não tem desfalques por contusão ou suspensão, mas não deverá contar com Marcelo Costa, que já fez seis jogos pelo time no Brasileiro e se completar o sétimo, não poderá mais se transferir para nenhum outro clube na competição. O Nacional (POR) não aceita a quantia oferecida pelo Tricolor para prorrogar o empréstimo do jogador, cuja situação está indefinida.</narracao>
    <momento id="31167" momento="PJ">Pré-jogo</momento>
    <narracao id="31168" momento="PJ" tempo="0">No Verdão, a boa notícia é que o time nunca perdeu para o Grêmio jogando em São Paulo. Foram 20 vitórias e oito empates até o momento. O técnico Tite comemora a volta de Edmundo, que cumpriu suspensão e Juninho Paulista, após ter jogado apenas três partidas neste ano. Paulo Baier vai para o banco.</narracao>
    <narracao id="31170" momento="PJ" tempo="0">Palmeiras e Grêmio se enfrentam às 18h10min (horário de Brasília), no estádio Palestra Itália (São Paulo-SP), pela 08ª rodada do Campeonato Brasileiro. Apita o jogo Lourival Dias Lima Filho/BA, auxiliado por Adson Marcio Lopes Leal/BA e Kleber Moradillo da Silva/BA.</narracao>
    <momento id="31540" momento="1ºT">Primeiro tempo</momento>
    <cartao id="31541" momento="1ºT" atletaId="9987" tempo="2" ico="/Portal/esportes/temporeal/swf/icos/cartao_amarelo.swf" cor="amarelo">Evaldo - Zagueiro do Grêmio é punido após falta em Enílton na intermediária.</cartao>
    <narracao id="31545" momento="1ºT" tempo="3">Sandro arrisca chute forte de fora da área. A bola sai com peirigo, por cima do gol de Sérgio.</narracao>
    <narracao id="31552" momento="1ºT" tempo="4">Grêmio tenta prender o jogo no meio. Hugo avança pela direita, até que Alceu chega tocando para a linha lateral.</narracao>
    <narracao id="31556" momento="1ºT" tempo="5">Lucas comete falta dura em Márcio Careca na esquerda de ataque do Palmeiras...</narracao>
    <narracao id="31558" momento="1ºT" tempo="6">... Juninho Paulista Cobra na área do Grêmio e a zaga afasta de cabeça.</narracao>
    <narracao id="31561" momento="1ºT" tempo="8">Após cobrança de falta da direita na área do Palmeiras, William sobe de cabeça e a bola sai por cima, "tirando tinta" no travessão do gol de Sérgio.</narracao>
    <narracao id="31571" momento="1ºT" tempo="11">Ricardinho avança pela direita e cruza na área do Palmeiras. Wendel corta de cabeça para escanteio.</narracao>
    <narracao id="31578" momento="1ºT" tempo="12">Ilsinho tenta nova jogada pela direita, troca bola com Francis, mas Evaldo corta pelo Grêmio.</narracao>
    <narracao id="31575" momento="1ºT" tempo="13">SANGRANDO! Enílton esta caído no gramado com o rosto sangrando e nete momento é retirado.</narracao>
    <narracao id="31582" momento="1ºT" tempo="16">William toca com a mão na bola, na entrada da área do Grêmio. Falta para o Palmeiras...</narracao>
    <narracao id="31584" momento="1ºT" tempo="17">... UUUUHHHH! Edmundo cobra falta na gaveta e Galatto espalma para escanteio.</narracao>
    <narracao id="31589" momento="1ºT" tempo="19">Sandro tenta enfiada de bola na área, mas Thiago Gomes chega bem no desarme.</narracao>
    <narracao id="31596" momento="1ºT" tempo="20">Juninho Paulista troca passes com Edmundo. A bola chega até Márcio Careca, na esquerda. O cruzamento sai fraco, nas mãos de Galatto.</narracao>
    <narracao id="31597" momento="1ºT" tempo="22">Hugo é lançado na ponta, se esforça, mas não evita a saída de bola.</narracao>
    <video id="31600" momento="1ºT" video="467352"> Veja o vídeo:  24' William, de cabeça, quase abre o placar para o Grêmio aos oito minutos deste primeiro tempo.</video>
    <cartao id="31602" momento="1ºT" atletaId="2633" tempo="25" ico="/Portal/esportes/temporeal/swf/icos/cartao_amarelo.swf" cor="amarelo">Edmundo - Atacante do Palmeiras é punido após falta por trás em Alessandro.</cartao>
    <video id="31608" momento="1ºT" video="467356"> Veja o vídeo:  28' Galatto salva o Grêmio após bela cobrança de falta de Edmundo aos 17 minutos deste primeiro tempo.</video>
    <cartao id="31609" momento="1ºT" atletaId="9987" tempo="29" ico="/Portal/esportes/temporeal/swf/icos/cartao_vermelho.swf" cor="vermelho">Evaldo - Zagueiro do Grêmio é expulso após puxar Enílton e parar o contra-ataque do Palmeiras.</cartao>
    <narracao id="31613" momento="1ºT" tempo="31">Enílton tabela com Juninho Paulista na entrada da área do Grêmio. Lucas corta de cabeça.</narracao>
    <narracao id="31614" momento="1ºT" tempo="31">Francis arrisca chute forte da intermediária. A bola se perde por cima do gol de Galatto.</narracao>
    <gol id="31617" momento="1ºT" atletaId="2749" tempo="33" escudo="/FlashShow/0,,7844,00.swf" contra="0"> GOL DE HUGO  Após cruzamento de Alessandro na área, meia dá um toque na frente e mata a zaga palmeirense. O chute cruzado sai perfeito, rasteiro, sem chances para Sérgio.</gol>
    <video id="31617v" momento="1ºT" video="467365"> Veja o vídeo: Gol de Hugo.  33' Após cruzamento de Alessandro na área, meia dá um toque na frente e mata a zaga palmeirense. O chute cruzado sai perfeito, rasteiro, sem chances para Sérgio.</video>
    <narracao id="31618" momento="1ºT" tempo="35">Ilsinho levanta bola na área do Grêmio pelo lado direito. A bola fica com o goleiro Galatto.</narracao>
    <narracao id="31622" momento="1ºT" tempo="38">PRESSÃO DO PALMEIRAS! O Grêmio está todo recuado no seu campo de defesa e sai nos contra-ataques.</narracao>
    <cartao id="31624" momento="1ºT" atletaId="8738" tempo="39" ico="/Portal/esportes/temporeal/swf/icos/cartao_amarelo.swf" cor="amarelo">Lucas - Meia do Grêmio é punido após falta em Enílton na entrada da área.</cartao>
    <narracao id="31629" momento="1ºT" tempo="40">GALATTO! Edmundo cobra falta com chute forte, goleiro do Grêmio cai no canto direito do gol e consegue espalmar para a lateral.</narracao>
    <narracao id="31634" momento="1ºT" tempo="41">Leonardo Silva marca bobeira, Ricardinho toma a bola e tenta enfiada. Wendel chega no corte no momento preciso.</narracao>
    <substituicao id="31709" momento="1ºT" tempo="41" ico="/Portal/esportes/temporeal/swf/icos/substituicao.swf">Palmeiras faz substituição: entra Wilian, sai Alceu</substituicao>
    <narracao id="31639" momento="1ºT" tempo="43">Wellington comete falta em Ilsinho na direita de ataque do Palmeiras. Edmundo levanta na área, para o cabeceio do zagueiro gremista William.</narracao>
    <narracao id="31642" momento="1ºT" tempo="44">Márcio Careca cruza da esquerda em cima da zaga do Grêmio. Wiliam tem chance de bater no gol, mas prefere tentar toque para Enílton, que entra em impedimento.</narracao>
    <narracao id="31636" momento="1ºT" tempo="45">ACRÉSCIMOS! Árbitro assinala mais dois minutos neste primeiro tempo.</narracao>
    <narracao id="31644" momento="1ºT" tempo="46">FIM DE PRIMEIRO TEMPO! Mesmo estando melhor na partida, o Palmeiras perde por um a zero para o Grêmio, no Palestra Itália.</narracao>
    <momento id="31645" momento="I">Show do intervalo</momento>
    <narracao id="31654" momento="I" tempo="0">Primeiro tempo tenso e com muitas faltas. Mesmo com mais posse de bola e com um homem a mais, o Palmeiras vai perdendo. O Grêmio perdeu o zagueiro Evaldo expulso, mas vence graças a Hugo e a falha da defesa palmeirense.</narracao>
    <momento id="31659" momento="2ºT">Segundo tempo</momento>
    <narracao id="31662" momento="2ºT" tempo="0">BOLA ROLANDO! Começa o segundo tempo de Palmeiras 0 x 1 Grêmio.</narracao>
    <substituicao id="31772" momento="2ºT" tempo="0" ico="/Portal/esportes/temporeal/swf/icos/substituicao.swf">Grêmio faz substituição: entra Maidana, sai Ricardinho</substituicao>
    <narracao id="31671" momento="2ºT" tempo="1">Ramón prende bola na ponta direita de ataque do Grêmio, Thiago Gomes chega na marcação tocando pela linha lateral.</narracao>
    <narracao id="31674" momento="2ºT" tempo="3">RETRANCA! Todos os jogadores do Grêmio atrás da linha que divide o gramado.</narracao>
    <narracao id="31675" momento="2ºT" tempo="4">Juninho Paulista avança pela intermediária e ganha da marcação de Sandro. Na hora do passe, é desarmado na entrada da área do Grêmio.</narracao>
    <narracao id="31677" momento="2ºT" tempo="6">Lucas ganha bola no meio-de-campo e chuta em cima de Márcio Careca para ganhar o arremeso lateral.</narracao>
    <narracao id="31681" momento="2ºT" tempo="8">Tcheco cobra falta da esquerda na área do Palmeiras. Maidana sobe de cabeça e a zaga afasta o perigo.</narracao>
    <substituicao id="31710" momento="2ºT" tempo="9" ico="/Portal/esportes/temporeal/swf/icos/substituicao.swf">Palmeiras faz substituição: entra Muñoz, sai Francis</substituicao>
    <narracao id="31685" momento="2ºT" tempo="10">Ramón, do Grêmio e Ilsinho, do Palmeiras, estão caído no gramado e neste momento estão sendo atendidos pelos médicos.</narracao>
    <narracao id="31687" momento="2ºT" tempo="11">Ramón está de volta a partida, enquanto Ilsinho continua fora.</narracao>
    <cartao id="31689" momento="2ºT" atletaId="1874" tempo="12" ico="/Portal/esportes/temporeal/swf/icos/cartao_amarelo.swf" cor="amarelo">Juninho Paulista - Meia do Palmeiras comete falta dura em Sandro na área do Grêmio e é punido.</cartao>
    <narracao id="31690" momento="2ºT" tempo="12">Ilsinho está de volta a partida.</narracao>
    <narracao id="31692" momento="2ºT" tempo="13">Edmundo tenta lançamento pelo meio, William afasta para lateral.</narracao>
    <cartao id="31694" momento="2ºT" atletaId="12632" tempo="14" ico="/Portal/esportes/temporeal/swf/icos/cartao_amarelo.swf" cor="amarelo">Willian - Meia do Palmeiras é punido após falta dura em Lucas.</cartao>
    <narracao id="31696" momento="2ºT" tempo="15">VERDÃO! Wiliam finta Lucas e bate de esquerda, de fora da área. A bola desvia na zaga e chega fraca até Galatto.</narracao>
    <narracao id="31699" momento="2ºT" tempo="18">O GRÊMIO SEGURA O RESULTADO! Joga com dez desde os 29 minutos do primeiro tempo.</narracao>
    <narracao id="31702" momento="2ºT" tempo="19">VAIA! Enílton erra passe para Juninho Paulista na esquerda de ataque do Palmeiras e torcida não perdoa.</narracao>
    <narracao id="31703" momento="2ºT" tempo="20">Ilsinho cobra escanteio da direita, a bola "pinga" na área e Leonarso Silva não alcança.</narracao>
    <narracao id="31705" momento="2ºT" tempo="21">UUUUHHHHH! Márcio Careca cruza rasteiro da esquerda, a bola passa na frente de Enílton que não consegue completar para o gol.</narracao>
    <substituicao id="31711" momento="2ºT" tempo="22" ico="/Portal/esportes/temporeal/swf/icos/substituicao.swf">Palmeiras faz substituição: entra Washington, sai Edmundo</substituicao>
    <narracao id="31706" momento="2ºT" tempo="23">TODO O PALMEIRAS NO ATAQUE! Apenas o zagueiro Tiago Gomes como último homem.</narracao>
    <narracao id="31714" momento="2ºT" tempo="24">Hugo lança Tcheco, mas meia é pego em impedimento.</narracao>
    <narracao id="31723" momento="2ºT" tempo="26">William abre na esquerda para Márcio Careca. O cruzamento sai rasteiro e Maidana afasta o perigo.</narracao>
    <cartao id="31720" momento="2ºT" atletaId="12632" tempo="27" ico="/Portal/esportes/temporeal/swf/icos/cartao_vermelho.swf" cor="vermelho">Willian - Meia do Palmeiras é expulso após falta dura em Alessandro.</cartao>
    <narracao id="31726" momento="2ºT" tempo="29">Alessandro recebe boa bola na área do Palmeiras pela direita, mas fica na marcação de Márcio Careca.</narracao>
    <narracao id="31731" momento="2ºT" tempo="31">ATAQUE X DEFESA! Assim permanece o jogo neste segundo tempo. O Palmeiras insiste nas jogadas pelo meio e não consegue penetrar na retranca gaúcha.</narracao>
    <narracao id="31737" momento="2ºT" tempo="32">MUITO MAL! Wendel arrisca chute da intermediária e a bola se perde por cima do gol de Galatto.</narracao>
    <narracao id="31738" momento="2ºT" tempo="33">Cruzamento da direita na área do Grêmio. Enílton cabeceia no segundo pau, pela linha de fundo.</narracao>
    <narracao id="31740" momento="2ºT" tempo="34">Falta cobrada na área do Grêmio. William corta para escanteio...</narracao>
    <narracao id="31741" momento="2ºT" tempo="35">... Juninho Paulista cobra, a bola sai fechada e a zaga afasta o perigo no segundo pau.</narracao>
    <narracao id="31745" momento="2ºT" tempo="37">Wendel divide com Alessandro na esquerda de ataque do Palmeiras...</narracao>
    <narracao id="31751" momento="2ºT" tempo="37">... Juninho Paulista cobra a falta direto e a bola se perde pela linha de fundo.</narracao>
    <substituicao id="31773" momento="2ºT" tempo="38" ico="/Portal/esportes/temporeal/swf/icos/substituicao.swf">Grêmio faz substituição: entra Rudinei, sai Hugo</substituicao>
    <narracao id="31759" momento="2ºT" tempo="39">UUUUHHHHH! Washington domina na entrada da área do Grêmio, gira e chuta forte. A bola se perde pela linha de fundo.</narracao>
    <video id="31763" momento="2ºT" video="467399"> Veja o vídeo:  41' Garoto William faz sua estréia com a camisa do Palmeiras, mas é expulso aos 27 minutos deste segundo tempo.</video>
    <narracao id="31768" momento="2ºT" tempo="43">ACRÉSCIMOS! Árbitro assinala mais três minutos neste segundo tempo.</narracao>
    <narracao id="31770" momento="2ºT" tempo="44">Wendel comete falta em Sandro na esquerda de ataque do Grêmio.</narracao>
    <narracao id="31771" momento="2ºT" tempo="44">Sandro arrisca chute forte da intermediária. A bola se perde por cima do gol de Sérgio.</narracao>
    <substituicao id="31774" momento="2ºT" tempo="45" ico="/Portal/esportes/temporeal/swf/icos/substituicao.swf">Grêmio faz substituição: entra Herrera, sai Ramón</substituicao>
    <narracao id="31777" momento="2ºT" tempo="45">PERDE O GOL DE EMPATE! Após chute em diagonal de Ilsinho, a bola bate e rebate na área e Tiago Gomes chuta por cima do gol de Galatto. </narracao>
    <narracao id="31779" momento="2ºT" tempo="47">SIMULOU! Juninho Paulista cai na área do Grêmio após lance com Maidana e tenta cavar o pênalti. Não foi nada e segue o jogo.</narracao>
    <narracao id="31781" momento="2ºT" tempo="48">FIM DE JOGO NO PALESTRA ITÁLIA! O Palmeiras perde por um a zero para o Grêmio jogando em casa.</narracao>
    <momento id="31782" momento="E">Final de jogo</momento>
    <narracao id="31789" momento="E" tempo="0">O Palmeiras segue decepcionando seus torcedores e perde mais uma no Brasileirão. com a derrota, o time é o penúltimo colocado com apenas quatro pontos, e está na zona de rebaixamento. Já o Grêmio soma agora 11 pontos e chega à 9ª posição. Os dois times voltam à campo na próxima quarta-feira. Palmeiras vai ao Rio de Janeiro, pegar o Flamengo, enquanto o Grêmio recebe o Santos, no Olímpico.</narracao>
  </lances>
</lancealance>
