<?xml version="1.0" encoding="UTF-8"?>
<lancealance cobertura="1027" leitura="0">
  <placar>
    <equipe id="001" url="" nome="Alemanha" escudo="/FlashShow/0,,9440,00.swf" resultado="2" abreviacao="ALE"/>
    <equipe id="002" url="" nome="Japão" escudo="/FlashShow/0,,9460,00.swf" resultado="2" abreviacao="JAP"/>
  </placar>
  <lances>
    <momento id="31808" momento="PJ">Pré-jogo</momento>
    <narracao id="31810" momento="PJ" tempo="0">Alemanha e Japão fazem o penúltimo amistoso antes da Copa do Mundo. Os alemães ainda enfrentam a Colômbia, na próxima sexta-feira, enquanto os japoneses pegam a seleção de Malta, domingo</narracao>
    <narracao id="31812" momento="PJ" tempo="0">A Alemanha faz a partida inaugural do Mundial, dia 9 de junho, contra a Costa Rica, às 13h (de Brasília), no estádio Olímpico de Munique. As seleções estão no Grupo A, que conta ainda com Polônia e Equador</narracao>
    <narracao id="31815" momento="PJ" tempo="0">O Japão está no Grupo F, ao lado de Brasil, Croácia e Austrália. A estréia da seleção será contra os australianos, dia 12, às 10h (de Brasília), no Fritz Walter Kaiserslautern</narracao>
    <momento id="31817" momento="1ºT">Primeiro tempo</momento>
    <narracao id="31818" momento="1ºT" tempo="0">ROLA A BOLA no estádio BayArena, em Leverkusen!</narracao>
    <narracao id="31823" momento="1ºT" tempo="3">Alemanha começa pressionando e consegue um escanteio, mas não leva perigo ao gol de Kawaguchi</narracao>
    <narracao id="31825" momento="1ºT" tempo="7">Nakazawa entre duro em Podolski, que discute com o jogador japonês. Árbitro nada marca</narracao>
    <narracao id="31827" momento="1ºT" tempo="9">Takahara recebe pela direita, gira e chuta forte. A bola sai à esquerda de Lehmann, que só acompanha</narracao>
    <narracao id="31830" momento="1ºT" tempo="10">Ballack lança no meio da área para Schweinsteiger, que não alcança. A zaga japonesa sai jogando com tranqüilidade</narracao>
    <narracao id="31836" momento="1ºT" tempo="15">Contra-ataque japonês, Yanagisawa desce pela esquerda e rola na área para Nakata, que entra livre e chuta em cima de Lehmann. Grande chance desperdiçada pelo Japão!</narracao>
    <narracao id="31837" momento="1ºT" tempo="16">Yanagisawa e Borowski se agarram na área e são punidos com cartão amarelo</narracao>
    <cartao id="31840" momento="1ºT" atletaId="2273" tempo="16" ico="/Portal/esportes/temporeal/swf/icos/cartao_amarelo.swf" cor="amarelo">Yanagisawa - Atacante do Japão</cartao>
    <cartao id="31839" momento="1ºT" atletaId="7635" tempo="16" ico="/Portal/esportes/temporeal/swf/icos/cartao_amarelo.swf" cor="amarelo">Tim Borowski - Meia da Alemanha</cartao>
    <narracao id="31842" momento="1ºT" tempo="17">O Japão parte mais uma vez em velocidade e leva a zaga alemã à loucura! Yanagisawa recebe na entrada da área e chuta em cima de Lehmann, que estava adiantado</narracao>
    <narracao id="31845" momento="1ºT" tempo="20">Ballack desce pela direita, limpa a jogada e bate colocado, mas a bola desvia na zaga e vai a escanteio</narracao>
    <narracao id="31848" momento="1ºT" tempo="23">Bate-rebate em frente à área japonesa e a bola sobra limpa para Klose, que pega de primeira e isola</narracao>
    <narracao id="31851" momento="1ºT" tempo="24">Alemanha volta a equilibrar a partida, mas não consegue dar seqüência às jogadas e criar chances reais de gol</narracao>
    <narracao id="31853" momento="1ºT" tempo="26">O técnico alemão, Klinsmann, afirmou que sua equipe não colocaria em prática suas jogadas ensaiadas, evitando que os adversários as conheçam antes da Copa. Enquanto isso, a seleção aposta nas jogadas aéreas e lançamentos longos</narracao>
    <narracao id="31856" momento="1ºT" tempo="28">Zaga japonesa segue levando vantagem sobre o ataque alemão, que insiste em cruzamentos na área e é facilmente marcado</narracao>
    <narracao id="31859" momento="1ºT" tempo="30">Klose desce em velocidade pela direita e cruza rasteiro, mas Fukunishi aparece bem para cortar a escanteio</narracao>
    <narracao id="31861" momento="1ºT" tempo="32">Mesmo sem criar oportunidades de gol, Alemanha aperta e Japão tem dificuldade para sair jogando. Time comandado por Zico apela para os chutões</narracao>
    <narracao id="31864" momento="1ºT" tempo="34">Schweinsteiger faz falta dura por trás em Kaji, mas árbitro marca apenas a falta e não pune o jogador alemão</narracao>
    <narracao id="31865" momento="1ºT" tempo="36">Jogador japonês deixa o campo de maca, sentindo dores no tornozelo esquerdo</narracao>
    <substituicao id="31996" momento="1ºT" tempo="37" ico="/Portal/esportes/temporeal/swf/icos/substituicao.swf">Japão faz substituição: entra Komano, sai Kaji</substituicao>
    <narracao id="31868" momento="1ºT" tempo="38">Seleção japonesa acerta a marcação e alemães não conseguem dar o último passe para concluir a gol</narracao>
    <narracao id="31872" momento="1ºT" tempo="40">Mais uma falta por trás da Alemanha, não punida pelo árbitro. Borowski derruba Takahara, que partia para a área</narracao>
    <narracao id="31873" momento="1ºT" tempo="41">Na cobrança da falta, a bola sobra para Yanagisawa. O atacante chuta em cima de Lehmann</narracao>
    <narracao id="31874" momento="1ºT" tempo="42">Boa descida da Alemanha em contra-ataque. Klose cruza rasteiro da direita e Podolski emenda para o gol. A bola desvia na zaga e sai pela linha de fundo</narracao>
    <narracao id="31877" momento="1ºT" tempo="43">Nova tentativa de jogada aérea da Alemanha, mas Klose cabeceia longe do gol</narracao>
    <narracao id="31878" momento="1ºT" tempo="44">Ballack perde a bola no meio-campo para Fukunishi e segura o jogador japonês por trás, impedindo o contra-ataque. Árbitro marca a falta e mostra o cartão amarelo para o craque alemão</narracao>
    <narracao id="31879" momento="1ºT" tempo="45">Podolski desce pela esquerda, entra na área e solta a bomba! Kawaguchi espalma e depois fica com o rebote</narracao>
    <narracao id="31880" momento="1ºT" tempo="47">FIM do primeito tempo em Leverkusen!</narracao>
    <momento id="31882" momento="I">Show do intervalo</momento>
    <momento id="31885" momento="2ºT">Segundo tempo</momento>
    <narracao id="31886" momento="2ºT" tempo="0">COMEÇA a etapa final no estádio BayArena!</narracao>
    <narracao id="31890" momento="2ºT" tempo="1">Klose acerta Fukunishi em carrinho por trás e não é punido com cartão</narracao>
    <narracao id="31894" momento="2ºT" tempo="2">As duas seleções voltaram para os 45 minutos finais com as mesmas formações que terminaram o primeiro tempo</narracao>
    <cartao id="31899" momento="2ºT" atletaId="1762" tempo="4" ico="/Portal/esportes/temporeal/swf/icos/cartao_amarelo.swf" cor="amarelo">Michael Ballack - Meia da Alemanha recebeu amarelo no fim da etapa inicial, depois de agarrar Fukunishi por trás</cartao>
    <narracao id="31901" momento="2ºT" tempo="6">Japão voltou recuado e sofre pressão dos donos da casa</narracao>
    <narracao id="31903" momento="2ºT" tempo="7">Contra-ataque japonês e Takahara dá excelente passe para Yanagisawa, em condição legal, chutar para excelente defesa com os pés de Lehmann</narracao>
    <narracao id="31904" momento="2ºT" tempo="8">As três melhores oportunidades da partida até o momento foram do Japão</narracao>
    <substituicao id="31950" momento="2ºT" tempo="10" ico="/Portal/esportes/temporeal/swf/icos/substituicao.swf">Alemanha faz substituição: entra Nowotny, sai Metzelder</substituicao>
    <gol id="31908" momento="2ºT" atletaId="3812" tempo="11" escudo="/FlashShow/0,,9460,00.swf" contra="0"> GOL DE TAKAHARA  GOOOOOL DO JAPÃO! Atacante recebe excelente lançamento, entra livre e toca na saída de Lehmann!</gol>
    <narracao id="31911" momento="2ºT" tempo="15">Alemanha parte para o ataque na busca do empate, mas panorama do jogo não muda e o Japão segue se defendendo com eficiência e explorando bem os contra-ataques</narracao>
    <narracao id="31913" momento="2ºT" tempo="17">Confusão na área do Japão, mas o ataque alemão não aproveita</narracao>
    <substituicao id="31951" momento="2ºT" tempo="17" ico="/Portal/esportes/temporeal/swf/icos/substituicao.swf">Alemanha faz substituição: entra Odonkor, sai Borowski</substituicao>
    <narracao id="31916" momento="2ºT" tempo="18">Fukunishi toca entre as pernas de Ballack e é puxado pelo meia alemão, que já tem amarelo e não é punido pelo árbitro</narracao>
    <gol id="31925" momento="2ºT" atletaId="3812" tempo="19" escudo="/FlashShow/0,,9460,00.swf" contra="0"> GOL DE TAKAHARA  GOOOOOL DO JAPÃO! Atacante recebe de Komano, deixa dois zagueiros para trás com um belo drible e chuta cruzado, no canto direito de Lehmann. Golaço!</gol>
    <narracao id="31933" momento="2ºT" tempo="20">Odonkor divide com Santos e cai na área pedindo pênalti, mas lance foi normal</narracao>
    <cartao id="31934" momento="2ºT" atletaId="8772" tempo="21" ico="/Portal/esportes/temporeal/swf/icos/cartao_amarelo.swf" cor="amarelo">David Odonkor - Meia da Alemanha recebe amarelo por ter simulado pênalti</cartao>
    <cartao id="31942" momento="2ºT" atletaId="2201" tempo="24" ico="/Portal/esportes/temporeal/swf/icos/cartao_amarelo.swf" cor="amarelo">Miroslav Klose - Atacante alemão entra de maneira violenta em Nakata e recebe amarelo</cartao>
    <substituicao id="31952" momento="2ºT" tempo="25" ico="/Portal/esportes/temporeal/swf/icos/substituicao.swf">Na Alemanha, Neuville entra no lugar de Podolski</substituicao>
    <narracao id="31959" momento="2ºT" tempo="26">Ballack desce pela direita e cruza rasteiro e para trás, mas Klose perde o tempo da bola</narracao>
    <narracao id="31961" momento="2ºT" tempo="28">Chutão para frente, em busca de Klose, mas Kawaguchi sai da área e com os pés afasta o perigo</narracao>
    <cartao id="31970" momento="2ºT" atletaId="3812" tempo="29" ico="/Portal/esportes/temporeal/swf/icos/cartao_amarelo.swf" cor="amarelo">Takahara - Atacante japonês faz falta por trás em Odonkor e é punido com amarelo</cartao>
    <gol id="31972" momento="2ºT" atletaId="2201" tempo="30" escudo="/FlashShow/0,,9440,00.swf" contra="0"> GOL DE MIROSLAV KLOSE  GOOOOOL DA ALEMANHA! Na cobrança da falta, atacante faz falta em Miyamoto, leva vantagem e completa para as redes</gol>
    <substituicao id="31997" momento="2ºT" tempo="31" ico="/Portal/esportes/temporeal/swf/icos/substituicao.swf">Japão faz substituição: entra Oguro, sai Takahara</substituicao>
    <gol id="31982" momento="2ºT" atletaId="8115" tempo="34" escudo="/FlashShow/0,,9440,00.swf" contra="0"> GOL DE BASTIAN SCHWEINSTEIGER  GOOOOL DA ALEMANHA! Em nova cobrança de falta, desta vez pela direita, meia sobre mais do que a zaga e cabeceia sem chances para Kawaguchi</gol>
    <narracao id="31984" momento="2ºT" tempo="35">Pressão da Alemanha surte efeito em sua jogada mais perigosa: as bolas cruzadas na área</narracao>
    <substituicao id="31998" momento="2ºT" tempo="36" ico="/Portal/esportes/temporeal/swf/icos/substituicao.swf">No Japão, Tamada entra no lugar de Yanagisawa</substituicao>
    <narracao id="31989" momento="2ºT" tempo="37">Oguro recebe ótimo passe no meio da zaga, entra na área e chuta em cima de Lehmann</narracao>
    <narracao id="31991" momento="2ºT" tempo="39">Japão volta a arriscar descidas ao ataque, depois de recuar para garantir o resultado e acabar cedendo o empate</narracao>
    <narracao id="31993" momento="2ºT" tempo="40">Cruzamento na área da Alemanha, Nakamura ajeita de cabeça e Oguro, na pequena área, desperdiça a chance. Lehmann fica com a bola</narracao>
    <narracao id="31994" momento="2ºT" tempo="41">Alemanha tenta pressionar em busca do gol da vitória, mas usa de faltas violentas para impedir os contra-ataques do Japão</narracao>
    <narracao id="32001" momento="2ºT" tempo="44">Alemanha ainda busca sair de campo com a vitória, pressionando nos minutos finais com jogadas aéreas</narracao>
    <narracao id="32004" momento="2ºT" tempo="46">Ballack e Nakazawa batem cabeça e árbitro pára o jogo para atendimento médico</narracao>
    <narracao id="32005" momento="2ºT" tempo="47">Jogador japonês sofre corte no rosto, mas lance foi involuntário</narracao>
    <narracao id="32006" momento="2ºT" tempo="48">FIM DE JOGO em Leverkusen!</narracao>
  </lances>
</lancealance>
