<?xml version="1.0" encoding="UTF-8"?>
<lancealance cobertura="1277" leitura="0">
  <placar>
    <equipe id="001" url="" nome="Juventude" escudo="/FlashShow/0,,6595,00.swf" resultado="0" abreviacao="JUV"/>
    <equipe id="002" url="" nome="Vasco" escudo="/FlashShow/0,,13442,00.swf" resultado="0" abreviacao="VAS"/>
  </placar>
  <lances>
    <momento id="49537" momento="PJ">Pré-jogo</momento>
    <narracao id="49540" momento="PJ" tempo="0">O Juventude recebe o Vasco da Gama às 16h no estádio Alfredo Jaconi, em Caxias do Sul(RS)! </narracao>
    <narracao id="49541" momento="PJ" tempo="0">Em uma briga dirtea por posições, a partida vale para ver quem sobe de vez no campeonato. O Vasco está em oitavo lugar com 22 pontos. O Juventude ocupa a nona colocação com 20 pontos. </narracao>
    <narracao id="49542" momento="PJ" tempo="0">O Vasco tem desfalques importantes: Wagner Diniz, Edílson e Morais estão contundidos e Andrade está suspenso. Faiolli deve ser o único atacante da equipe. </narracao>
    <narracao id="49543" momento="PJ" tempo="0">O Juventude joga pela primeira vez no esquema 4-4-2. Ivo Wortmann promove a estréia do lateral Ernani pelo Alviverde. O time gaúcho tem quatro vitórias, dois empates e duas derrotas em seu estádio no campeonato. 
</narracao>
    <narracao id="49544" momento="PJ" tempo="0">O paulista Sálvio Spínola Fagundes Filho apita a partida. </narracao>
    <narracao id="49545" momento="PJ" tempo="0">O Juventude entra em campo sob queima de fogos da torcida!</narracao>
    <narracao id="49546" momento="PJ" tempo="0">O Vasco também já saiu dos vestiários!</narracao>
    <narracao id="49547" momento="PJ" tempo="0">Falta pouco para a bola rolar!</narracao>
    <momento id="49551" momento="1ºT">Primeiro tempo</momento>
    <narracao id="49552" momento="1ºT" tempo="0">COMEÇA O JOGO NO ALFREDO JACONI! O Juventude dá o toque inicial.</narracao>
    <narracao id="49555" momento="1ºT" tempo="2">PRIMEIRO CÓRNER É DO VASCO! Mas Ramon cobra muito forte, para ninguém.</narracao>
    <narracao id="49556" momento="1ºT" tempo="3">Amaral prende a bola e é desarmado no meio-campo.</narracao>
    <narracao id="49558" momento="1ºT" tempo="4">Lauro tenta tabelar com Christian e sofre falta, mas o árbitro não marca.</narracao>
    <narracao id="49560" momento="1ºT" tempo="5">No campo de defesa do Vasco, Fábio Braz ganha bola na raça de Éder Ceccon. </narracao>
    <narracao id="49561" momento="1ºT" tempo="7">Muitos erros de passe neste início de partida.</narracao>
    <narracao id="49563" momento="1ºT" tempo="9">LANCE BONITO! Abedi dá caneta e lança Claudemir na ponta direita. Mas o lateral cruza nas mãos do goleiro André. </narracao>
    <video id="49573" momento="1ºT" video="520560"> Veja o vídeo:  9' Claudemir cruza nas mãos de André.</video>
    <narracao id="49565" momento="1ºT" tempo="11">Lauro cruza fechado quase da marca de escanteio. A bola vai nas mãos de Cássio.</narracao>
    <narracao id="49567" momento="1ºT" tempo="12">Marcel cruza na área, Ygor tira a bola de peito para Claudemir.</narracao>
    <narracao id="49568" momento="1ºT" tempo="13">Marcel bate falta na área, Cássio tira de soco e a bola fica nos pés de Diego.</narracao>
    <narracao id="49569" momento="1ºT" tempo="14">Falta de Ygor em Wellington próxima à área vascaína...</narracao>
    <narracao id="49571" momento="1ºT" tempo="15">... Fernando bate no primeiro pau, Amaral corta de cabeça. </narracao>
    <narracao id="49572" momento="1ºT" tempo="16">Faiolli, de costas para o gol, faz ótimo lançamento para Fábio Braz. O impedimento é marcado de forma equivocada.</narracao>
    <video id="49583" momento="1ºT" video="520564"> Veja o vídeo:  16' Impedimento duvidoso é marcado contra o Vasco.</video>
    <narracao id="49576" momento="1ºT" tempo="19">UUUUUUH! Ernani bate forte de canhota de fora da área, Cássio dá um tapa para escanteio e salva o Vasco...</narracao>
    <video id="49596" momento="1ºT" video="520566"> Veja o vídeo:  19' Ernani chuta de longe, Cássio espalma para fora.</video>
    <narracao id="49578" momento="1ºT" tempo="20">... Falta de ataque no goleiro Cássio.</narracao>
    <narracao id="49580" momento="1ºT" tempo="22">Após vacilo de Fábio Braz, Amaral rouba bola de Ernani na defesa.</narracao>
    <narracao id="49581" momento="1ºT" tempo="23">Marcel cruza para a área duas vezes: na primeira a zaga rebate, na segunda Cássio defende. </narracao>
    <narracao id="49585" momento="1ºT" tempo="26">Éder Ceccon bota a bola na área e Christian por pouco não alcança. Diego despacha para córner.</narracao>
    <video id="49611" momento="1ºT" video="520571"> Veja o vídeo:  26' Christian quase chega em cruzamento da esquerda.</video>
    <narracao id="49586" momento="1ºT" tempo="27">Diego se machuca e pede para ser substituído.</narracao>
    <narracao id="49588" momento="1ºT" tempo="28">Éder Ceccon bate prensado na grande área.</narracao>
    <substituicao id="49702" momento="1ºT" tempo="29" ico="/Portal/esportes/temporeal/swf/icos/substituicao.swf">Vasco faz substituição: entra Sandro, sai Diego</substituicao>
    <narracao id="49594" momento="1ºT" tempo="30">Partida mal disputada até aqui, o Juventude busca o ataque, mas nada consegue. O Vasco apenas se defende.</narracao>
    <narracao id="49598" momento="1ºT" tempo="33">JUVENTUDE CHEGA! Christian recebe na área de Lauro e bate livre em cima de Cássio.</narracao>
    <video id="49615" momento="1ºT" video="520575"> Veja o vídeo:  33' Christian chuta forta, Cássio espalma.</video>
    <narracao id="49600" momento="1ºT" tempo="34">Córner na área vascaína. Cássio tira de soco no primeiro pau.</narracao>
    <narracao id="49602" momento="1ºT" tempo="35">Claudemir tenta passe para Abedi no ataque, Fernando intercepta com chutão.</narracao>
    <narracao id="49603" momento="1ºT" tempo="36">Mais um córner para o Alviverde...</narracao>
    <narracao id="49604" momento="1ºT" tempo="37">... Cássio sai do gol e defende a bola.</narracao>
    <narracao id="49606" momento="1ºT" tempo="37">ATÉ QUE ENFIM! Sandro levanta bola na área para Ramon, o meia sobe livre, mas cabeceia mal.</narracao>
    <video id="49624" momento="1ºT" video="520581"> Veja o vídeo:  37' Ramon perde boa chance de cabeça.</video>
    <narracao id="49608" momento="1ºT" tempo="38">Wellington coloca bola na área, Paulão corta de cabeça para córner...</narracao>
    <narracao id="49609" momento="1ºT" tempo="39">... Bola no segundo pau, Antônio Carlos escora de cabeça e Marcel cabeceia para fora.</narracao>
    <video id="49625" momento="1ºT" video="520582"> Veja o vídeo:  39' Marcel cabeceia para fora.</video>
    <cartao id="49613" momento="1ºT" atletaId="6456" tempo="41" ico="/Portal/esportes/temporeal/swf/icos/cartao_amarelo.swf" cor="amarelo">Éder Ceccon - Meia entra forte em Sandro e recebe o primeiro cartão amarelo do jogo.</cartao>
    <narracao id="49616" momento="1ºT" tempo="43">Paulão cruza na área, mas Faiolli não alcança. Sandro tenta impedir saída de bola na linha lateral, mas domina para o adversário.</narracao>
    <narracao id="49618" momento="1ºT" tempo="44">Éder Ceccon comete falta de ataque em Jorge Luiz.</narracao>
    <narracao id="49620" momento="1ºT" tempo="45">Dois minutos de acréscimo para o primeiro tempo.</narracao>
    <narracao id="49623" momento="1ºT" tempo="47">O ÁRBITRO ENCERRA O PRIMEIRO TEMPO!</narracao>
    <momento id="49627" momento="I">Show do intervalo</momento>
    <narracao id="49629" momento="I" tempo="0">Péssimo primeiro tempo. Poucas chances de gol foram criadas. Juventude joga para frente e tem mais ímpeto de ataque, mas o Vasco joga fechado e oferece poucos espaços. Em compensação, o time carioca quase não tem poder ofensivo. </narracao>
    <narracao id="49637" momento="I" tempo="0">O Juventude retorna ao gramado.</narracao>
    <narracao id="49642" momento="I" tempo="0">O Vasco também está de volta.</narracao>
    <momento id="49643" momento="2ºT">Segundo tempo</momento>
    <narracao id="49646" momento="2ºT" tempo="0">BOLA ROLANDO NO SEGUNDO TEMPO!</narracao>
    <substituicao id="49698" momento="2ºT" tempo="0" ico="/Portal/esportes/temporeal/swf/icos/substituicao.swf">Juventude faz substituição: entra Ivo, sai Ernani</substituicao>
    <narracao id="49649" momento="2ºT" tempo="1">Faioli faz boa jogada e rola a bola para Sandro. O lateral chuta forte para o meio da área, mas a bola pára na zaga adversária. </narracao>
    <cartao id="49650" momento="2ºT" atletaId="2728" tempo="2" ico="/Portal/esportes/temporeal/swf/icos/cartao_amarelo.swf" cor="amarelo">Fábio Braz - Zagueiro recebe primeiro cartão amarelo do Vasco, após cometer falta por trás em Christian.</cartao>
    <narracao id="49652" momento="2ºT" tempo="3">ACERTA O PÉ! Ramon descola ótimo lançamento para Claudemir. O lateral cruza um míssel e Faioli não alcança.</narracao>
    <narracao id="49654" momento="2ºT" tempo="4">Faioli chega na linha de fundo e cruza para trás. O Juventude recupera a posse de bola.</narracao>
    <narracao id="49655" momento="2ºT" tempo="5">Fernando levanta bola para Éder Ceccon, o goleiro Cássio se antecipa e defende a bola. </narracao>
    <narracao id="49656" momento="2ºT" tempo="6">Cássio defende cabeçada fraca de Marcel.</narracao>
    <narracao id="49658" momento="2ºT" tempo="7">Lauro levanta bola na área, Claudemir corta para córner...</narracao>
    <narracao id="49659" momento="2ºT" tempo="8">... QUE PERIGO! Fernando cobra no segundo pau, Renan sobe livre e cabeceia para fora. </narracao>
    <video id="49679" momento="2ºT" video="520593"> Veja o vídeo:  8' Renan cabeceia com perigo.</video>
    <narracao id="49662" momento="2ºT" tempo="9">Ivo arrisca para o gol de pé direito, mas o chute sai fraco. </narracao>
    <narracao id="49664" momento="2ºT" tempo="10">FURADA! Marcel tenta meia bicicleta na área, mas erra a bola.</narracao>
    <narracao id="49666" momento="2ºT" tempo="11">PRESSÃO GAÚCHA! Lauro levanta bola na área e Christian cabeceia forte no meio do gol. Cássio defende firme.</narracao>
    <substituicao id="49703" momento="2ºT" tempo="12" ico="/Portal/esportes/temporeal/swf/icos/substituicao.swf">Vasco faz substituição: entra Madson, sai Ramon</substituicao>
    <narracao id="49669" momento="2ºT" tempo="13">Falta para o Juventude no campo de ataque...</narracao>
    <narracao id="49671" momento="2ºT" tempo="13">... Marcel levanta no primeiro pau, Amaral corta de cabeça.</narracao>
    <narracao id="49672" momento="2ºT" tempo="14">Wellington tenta drible na entrada da área, mas esquece a bola.</narracao>
    <narracao id="49673" momento="2ºT" tempo="15">Antônio Carlos intercepta de carrinho passe para Faioli.</narracao>
    <substituicao id="49699" momento="2ºT" tempo="15" ico="/Portal/esportes/temporeal/swf/icos/substituicao.swf">Juventude faz substituição: entra Marcos Antonio, sai Marcel</substituicao>
    <narracao id="49683" momento="2ºT" tempo="17">PARA O ALTO! Christian arrisca de fora, mas isola a bola.</narracao>
    <video id="49695" momento="2ºT" video="520596"> Veja o vídeo:  17' Christian manda bola por cima do gol.</video>
    <narracao id="49686" momento="2ºT" tempo="18">O Vasco continua mal na partida.</narracao>
    <narracao id="49687" momento="2ºT" tempo="19">Antônio Carlos derruba Faioli...</narracao>
    <narracao id="49688" momento="2ºT" tempo="20">... Madson bate direto no meio do gol. André defende fácil.</narracao>
    <video id="49701" momento="2ºT" video="520597"> Veja o vídeo:  20' Madson cobra falta nas mãos de André.</video>
    <narracao id="49691" momento="2ºT" tempo="23">CHANCE PARA O VASCO! Ygor bate a gol, a bola desvia na zaga e quase engana André.</narracao>
    <narracao id="49692" momento="2ºT" tempo="24">Éder Ceccon sofre falta dura de Amaral...</narracao>
    <narracao id="49694" momento="2ºT" tempo="25">... Marco Antônio levanta bola na área, Cássio tira de soco.</narracao>
    <substituicao id="49700" momento="2ºT" tempo="28" ico="/Portal/esportes/temporeal/swf/icos/substituicao.swf">Juventude faz substituição: entra Leandrinho, sai Fernando</substituicao>
    <substituicao id="49704" momento="2ºT" tempo="31" ico="/Portal/esportes/temporeal/swf/icos/substituicao.swf">Vasco faz substituição: entra Coutinho, sai Abedi</substituicao>
    <narracao id="49706" momento="2ºT" tempo="32">Coutinho cruza rasteiro para a área, Antônio Carlos corta de cabeça.</narracao>
    <narracao id="49709" momento="2ºT" tempo="33">BOA TRAMA! Leandrinho faz boa jogada e lança Lauro na ponta direita. O meia cruza no segundo pau para Christian, que cabeceia para o chão. A bola sai pela linha de fundo. </narracao>
    <video id="49717" momento="2ºT" video="520600"> Veja o vídeo:  33' Christian cabeceia para fora.</video>
    <narracao id="49710" momento="2ºT" tempo="35">Madson tenta passe para Sandro, Renan corta pela lateral.</narracao>
    <narracao id="49712" momento="2ºT" tempo="36">LONGE DO GOL! Coutinho pega rebote da zaga gaúcha e bate sem direção.</narracao>
    <narracao id="49714" momento="2ºT" tempo="38">VACILO! Antônio Carlos dá bobeira e perde a bola, Ygor cruza rasteiro na área e Madson pega de primeira por cima do gol.</narracao>
    <narracao id="49718" momento="2ºT" tempo="40">Wellington tenta cruzar, mas é impedido por Sandro. Oitavo córner para o Juventude...</narracao>
    <narracao id="49720" momento="2ºT" tempo="41">... QUASE LÁ! Fabrício cabeceia alto no meio do gol, Cassio espalma para fora.</narracao>
    <narracao id="49722" momento="2ºT" tempo="43">Marco Antônio bate forte de longe, bola desvia na zaga e sai para córner.</narracao>
    <narracao id="49723" momento="2ºT" tempo="44">Mais um córner para a equipe gaúcha em tentativa de Leandrinho...</narracao>
    <narracao id="49726" momento="2ºT" tempo="44">... CÁSSIO SALVA! Ivo pega o rebote e cruza para Marco Antônio. O meia pega forte de primeira e Cássio faz boa defesa.</narracao>
    <narracao id="49727" momento="2ºT" tempo="45">Árbitro sinaliza dois minutos de acréscimo.</narracao>
    <narracao id="49729" momento="2ºT" tempo="47">TERMINA A PARTIDA EM CAXIAS DO SUL!</narracao>
    <momento id="49730" momento="E">Final de jogo</momento>
  </lances>
</lancealance>
