<?xml version="1.0" encoding="UTF-8"?>
<lancealance cobertura="1083" leitura="0">
  <placar>
    <equipe id="001" url="" nome="Brasil" escudo="/FlashShow/0,,9446,00.swf" resultado="4" abreviacao="BRA"/>
    <equipe id="002" url="" nome="N. Zelândia" escudo="/FlashShow/0,,9077,00.swf" resultado="0" abreviacao="NZL (NÃO USAR)"/>
  </placar>
  <lances>
    <momento id="33950" momento="PJ">Pré-jogo</momento>
    <narracao id="33951" momento="PJ" tempo="0">A seleção da Nova Zelândia disputou as eliminatórias da Ásia e Oceania, porém não conseguiu se classificar para Copa do Mundo. O Futebol não é o esporte mais praticado neste país, perdendo espaço até mesmo para outro esporte bretão, o Rugby.</narracao>
    <narracao id="33952" momento="PJ" tempo="0">A seleção brasileira faz o seu último amistoso antes de estrear na Copa do Mundo da Alemanha contra a Croácia. O técnico Carlos Alberto Parreira deve repetir a mesma formação que iniciou o jogo contra o combinado de Lucerna, com Ronaldinho Gaúcho e Kaká no meio e Ronaldo e Adriano no ataque.</narracao>
    <narracao id="33953" momento="PJ" tempo="0">Brasil e Nova Zelândia se enfrentam às 13h (horário de Brasília), no Stade de Geneve (GENEBRA - Suíça), em partida amistosa. Apita o jogo Jerome Laperriere. Todos os 30 mil ingressos foram vendidos e o estádio vai estar lotado.</narracao>
    <momento id="34048" momento="1ºT">Primeiro tempo</momento>
    <narracao id="34049" momento="1ºT" tempo="0">Os jogadores de Brasil e Nova Zelândia já estão no gramado aguardando as execuções dos respectivos hinos nacionais.</narracao>
    <narracao id="34050" momento="1ºT" tempo="0">BOLA ROLANDO! Apita Jerome Laperriere, começa Brasil x Nova Zelândia.</narracao>
    <narracao id="34051" momento="1ºT" tempo="1">Bertos tenta jogada para cima de Lúcio no lado esquerdo de ataque da Nova Zelândia e ganha o escanteio...</narracao>
    <narracao id="34052" momento="1ºT" tempo="1">... Escanteio cobrado fechado, Killen escora de cabeça e a bola se perde pelo lado direito.</narracao>
    <narracao id="34053" momento="1ºT" tempo="2">QUE EFEITO! Roberto Carlos arrisca chute forte da ponta esquerda, a bola faz uma corva e Moss esplama para escanteio...</narracao>
    <narracao id="34054" momento="1ºT" tempo="3">... Escanteio cobrado na área da Nova Zelândia, a zaga afasta o perigo.</narracao>
    <narracao id="34055" momento="1ºT" tempo="3">Os jogadores da seleção pressionam a saída de bola da Nova Zelândia.</narracao>
    <narracao id="34056" momento="1ºT" tempo="4">Lucio arrisca lançamento para Ronaldinho Gaúcho na direita, mas o "Melhor do Mundo" não consegue dominar a bola.</narracao>
    <narracao id="34057" momento="1ºT" tempo="6">Lançamento para Ronaldo na intermediária da Nova Zelândia. Árbitro marca impedimento do "Fenômeno".</narracao>
    <narracao id="34058" momento="1ºT" tempo="7">Mulligan cobra lateral na área do Brasil. Lucio sofre falta na dividida pelo alto e árbitro pára o lance.</narracao>
    <narracao id="34059" momento="1ºT" tempo="8">PERIGO! Buraco na zaga da seleção, a bola é esticada para Coveni, mas Dida se antecipa e corta para lateral.</narracao>
    <narracao id="34060" momento="1ºT" tempo="9">Ronaldinho Gaúcho lança Kaká na direita, mas árbitro marca o impedimento do meio-campo brasileiro.</narracao>
    <narracao id="34061" momento="1ºT" tempo="10">Hay faz marcação individual sobre Ronaldinho Gaúcho.</narracao>
    <narracao id="34062" momento="1ºT" tempo="11">Zé Roberto recebe passe recuado de Adriano, põe velocidade e arranca pela intermediária. Arrisca chute forte e a bola sai por cima do gol de Moss.</narracao>
    <narracao id="34063" momento="1ºT" tempo="12">Ronaldinho Gaúcho lança Cafu na direita e árbitro marca impedimento do lateral.</narracao>
    <narracao id="34064" momento="1ºT" tempo="13">Bola esticada na área do Brasil. Lucio vacila, Killen toma a frente e cruza. Dida, no alto, faz a defesa.</narracao>
    <narracao id="34065" momento="1ºT" tempo="14">Emerson ganha dividida no meio-campo avança e estica para Kaká na direita. Meia domina e cruza rasteiro para Ronaldinho Gaúcho. Craque domina na frente de cinco marcadores e erra o passe para Ronaldo na entrada da área.</narracao>
    <narracao id="34066" momento="1ºT" tempo="16">Cafu avança pela direita e cruza na área. A zaga faz corte providêncial.</narracao>
    <narracao id="34067" momento="1ºT" tempo="17">RETRANCA! A Nova Zelândia joga com nove homens atrás da linha que divide o gramado, apenas Killen está isolado no campo de ataque.</narracao>
    <narracao id="34068" momento="1ºT" tempo="18">Ronaldo sente desconforto no calcanhar esquerdo e está mancando em campo.</narracao>
    <narracao id="34069" momento="1ºT" tempo="19">Lançamento para Adriano pelo meio. Árbitro marca impedimento do "Imperador".</narracao>
    <narracao id="34070" momento="1ºT" tempo="20">Ronaldo sai de campo neste momento para colocar uma proteção na chuteira do pé esquerdo.</narracao>
    <narracao id="34071" momento="1ºT" tempo="21">Emerson passa por três na direita e sofre falta de Bouckenooghe...</narracao>
    <narracao id="34072" momento="1ºT" tempo="21">... Falta cobrada na área da Nova Zelândia. Moss salta e tira de soco.</narracao>
    <narracao id="34073" momento="1ºT" tempo="22">UUUUHHHHH! Roberto Carlos inverte jogo para Cafu na direita. Lateral penetra na área e chuta forte para bela defesa de Moss, com os pés.</narracao>
    <narracao id="34074" momento="1ºT" tempo="24">MUITO RUIM! Roberto Carlos inverte o jogo da esquerda para ninguém. A bola se perde pela lateral.</narracao>
    <narracao id="34076" momento="1ºT" tempo="25">Neste momento Ronaldo pede para trocar as chuteiras.</narracao>
    <substituicao id="34159" momento="1ºT" tempo="25" ico="/Portal/esportes/temporeal/swf/icos/substituicao.swf">N. Zelândia faz substituição: entra Che Bunce, sai Hay</substituicao>
    <narracao id="34077" momento="1ºT" tempo="26">Kaká penetra na área pelo lado esquerdo e cruza rasteiro. Cafu pega de primeira e a bola se perde por cima do gol de Moss.</narracao>
    <narracao id="34078" momento="1ºT" tempo="27">Bouckenooghe cruza bola da esquerda na área do Brasil. A bola sobra para Mulligan que chuta muito mal, por cima do gol de Dida.</narracao>
    <narracao id="34079" momento="1ºT" tempo="29">Cruzamento da direita na área do Brasil. Killen sobe entre Lucio e Juan e cabeceia. Dida defende com segurança.</narracao>
    <narracao id="34080" momento="1ºT" tempo="30">Escanteio para a Nova Zelândia. Leo Bertos cobra fechado, killen sobe no asegundo pau e Juan corta de cabeça...</narracao>
    <narracao id="34081" momento="1ºT" tempo="30">... Mais uma bola na área do Brasil, desta vez a zaga corta para frente e tenta armar o contra-ataque.</narracao>
    <narracao id="34082" momento="1ºT" tempo="31">BELO LANÇAMENTO! De Ronaldinho Gaúcho para Kaká na direita. Meia domina, penetra na área, trás para a canhota e chuta. A bola sai rasteira, pela linha de fundo.</narracao>
    <narracao id="34083" momento="1ºT" tempo="33">Cruzamento fechado na área do Brasil. Dida faz a defesa.</narracao>
    <narracao id="34084" momento="1ºT" tempo="34">UUUUHHHH! Cafu cruza bola da direita na cabeça de Ronaldo. Atacante coloca por cima do gol de Moss.</narracao>
    <narracao id="34085" momento="1ºT" tempo="36">IMPERADOR! Adriano recebe na área, domina sobre a marcação de três adversários, gira e chuta. A bola se perde por cima do gol de Moss.</narracao>
    <narracao id="34086" momento="1ºT" tempo="37">Ronaldinho Gaúcho cobra falta do lado esquerdo da área. A bola sai por baixo e Moss espalma para escanteio...</narracao>
    <narracao id="34087" momento="1ºT" tempo="37">... Escanteio cobrado, no bate-rebate a bola sobra para Kaká que de fora da área, chuta forte por cima do gol. </narracao>
    <narracao id="34088" momento="1ºT" tempo="38">Roberto Carlos cruza bola da esquerda para Adriano, Old se antecipa e corta para escanteio...</narracao>
    <narracao id="34089" momento="1ºT" tempo="39">... Zé Roberto cobra, a bola sobra para Lúcio que chuta muito mal, por cima do gol de Moss.</narracao>
    <narracao id="34090" momento="1ºT" tempo="40">Roberto Carlos avança em velocidade pela esquerda e chuta forte da ponta canhota. A bola se perde por cima do gol de Moss.</narracao>
    <narracao id="34091" momento="1ºT" tempo="41">Ronaldinho Gaúcho erra o passe para ronaldo na intermediária e arma o contra-ataque da Nova Zelândia.</narracao>
    <gol id="34092" momento="1ºT" atletaId="1754" tempo="42" escudo="/FlashShow/0,,9446,00.swf" contra="0"> GOL DE RONALDO    Kaká faz bela jogada pela direita, penetra na área e cruza rasteiro. Atacante se posiciona bem e finaliza no canto direito de Moss. A seleção brasileira abre o placar em Genebra!</gol>
    <narracao id="34093" momento="1ºT" tempo="43">Bola cruzada da direita na área do Brasil. Coveny cabeceia e Dida defende com segurança.</narracao>
    <narracao id="34094" momento="1ºT" tempo="44">NA TRAVE! Ronaldo recebe excelente passe, penetra na área e dá um toquinho por cobertura na saída do goleiro Moss. Quase o segundo gol do Brasil!</narracao>
    <narracao id="34095" momento="1ºT" tempo="45">ACRÉSCIMOS! Árbitro Jerome Laperriere assinala mais um minuto neste primeiro tempo.</narracao>
    <narracao id="34096" momento="1ºT" tempo="46">FIM DE PRIMEIRO TEMPO! Mesmo tendo dificuldades com a forte marcação da Nova Zelândia, a seleção vence por um a zero, gol de Ronaldo.</narracao>
    <momento id="34097" momento="I">Show do intervalo</momento>
    <narracao id="34098" momento="I" tempo="0">A seleção sofre com a forte marcação dos neozelandeses além de não estar jogando bem. Mesmo assim, vence a partida com um gol de Ronaldo, após linda jogada de Kaká pela direita. A proposta de jogo da Nova Zelândia é muita marcação e apenas o atacante Killen isolado na frente.</narracao>
    <momento id="34099" momento="2ºT">Segundo tempo</momento>
    <narracao id="34101" momento="2ºT" tempo="0">A seleção brasileira retorna para o segundo tempo com Robinho no lugar de Ronaldo.</narracao>
    <narracao id="34102" momento="2ºT" tempo="0">BOLA ROLANDO! Começa o segundo tempo de Brasil 1 x 0 Nova Zelândia.</narracao>
    <substituicao id="34144" momento="2ºT" tempo="0" ico="/Portal/esportes/temporeal/swf/icos/substituicao.swf">Brasil faz substituição: entra Robinho, sai Ronaldo  </substituicao>
    <narracao id="34103" momento="2ºT" tempo="1">Bouckenooghe cruza bola da esquerda na área e a zaga afasta de cabeça.</narracao>
    <narracao id="34104" momento="2ºT" tempo="2">FALHA A ZAGA BRASILEIRA! Dida sai mal do gol e quase Killen empata para a Nova Zelândia.</narracao>
    <narracao id="34105" momento="2ºT" tempo="3">Vicelich entra duro em Ronaldinho Gaúcho. Brasieliro não gosta e Emerson chega para tirar satisfação com o neozelandes. Árbitro adverte os jogadores.</narracao>
    <gol id="34106" momento="2ºT" atletaId="2931" tempo="5" escudo="/FlashShow/0,,9446,00.swf" contra="0"> GOL DE ADRIANO  QUE LINDA JOGADA! Primeiro Ronaldinho Gaúcho arranca pelo meio e toca para Robinho. Atacante avança na velocidade, pedala na frente da zaga e toca para Adriano. Ele domina, ajeta para a canhota e solta a bomba da entrada da área! </gol>
    <narracao id="34107" momento="2ºT" tempo="8">CRAQUE! Ronaldinho Gaúcho recebe de Kaká atrás da linha que divide o gramado e de primeira, lança para Cafu na direita.</narracao>
    <narracao id="34108" momento="2ºT" tempo="9">IMPEDIMENTO DUVIDOSO! Ronaldinho Gaúcho lança Adriano pelo meio e árbitro marca posição irregular do atacante.</narracao>
    <narracao id="34109" momento="2ºT" tempo="10">Kaká ganha na dividida pelo alto, bota na frente, penetra na área pela direita e cruza rasteiro para Robinho. Atacante chega chutando forte, a bola explode em Bunce e se perde por cima do gol de Moss. </narracao>
    <narracao id="34110" momento="2ºT" tempo="11">Ronaldinho Gaúcho lança Kaká cara a cara com o goleiro Moss. Meia tenta encobrir o arqueiro neozelandês, mas a bola sai pela linha de fundo.</narracao>
    <narracao id="34111" momento="2ºT" tempo="13">CANHÃO! Falta perigosa para o Brasil. Roberto Carlos solta a bomba de canhota e moss espalma para escanteio.</narracao>
    <narracao id="34112" momento="2ºT" tempo="14">SEQÜÊNCIA DE ESCANTEIOS PARA O BRASIL! Kaká cobra da esquerda na cabeça de Lúcio. A bola sai com perigo pela linha de fundo.</narracao>
    <substituicao id="34160" momento="2ºT" tempo="15" ico="/Portal/esportes/temporeal/swf/icos/substituicao.swf">N. Zelândia faz substituição: entra Smith, sai Mulligan</substituicao>
    <narracao id="34115" momento="2ºT" tempo="17">Ronaldinho Gaúcho avança com a bola dominada e chuta forte de fora da área. A bola se perde por cima do gol de Moss.</narracao>
    <substituicao id="34145" momento="2ºT" tempo="18" ico="/Portal/esportes/temporeal/swf/icos/substituicao.swf">Brasil faz substituição: entra Gilberto, sai Roberto Carlos</substituicao>
    <substituicao id="34146" momento="2ºT" tempo="18" ico="/Portal/esportes/temporeal/swf/icos/substituicao.swf">Brasil faz substituição: entra Gilberto Silva, sai Emerson  </substituicao>
    <substituicao id="34147" momento="2ºT" tempo="18" ico="/Portal/esportes/temporeal/swf/icos/substituicao.swf">Brasil faz substituição: entra Juninho Pernambucano, sai Zé Roberto</substituicao>
    <narracao id="34125" momento="2ºT" tempo="19">QUE LINDO! Robinho recebe na esquerda, avança e chuta forte. Moss sai do gol e defende com os pés.</narracao>
    <substituicao id="34161" momento="2ºT" tempo="22" ico="/Portal/esportes/temporeal/swf/icos/substituicao.swf">N. Zelândia faz substituição: entra Tim Brown, sai Jeremy Christie</substituicao>
    <narracao id="34134" momento="2ºT" tempo="25">Ronaldinho Gaúcho cobra escanteio da direita na cabeça de Juan, que coloca por cima do gol de Moss.</narracao>
    <narracao id="34135" momento="2ºT" tempo="26">Ronaldinho Gaúcho avança pelo meio e toca para Adriano. Atacante tenta Robinho na área e a zaga afasta para escanteio.</narracao>
    <narracao id="34136" momento="2ºT" tempo="26">MOSS! Goleiro da Nova Zelândia faz excelente defesa na cabeçada de Juan, na pequena área, após cruzamento da direita de Ronaldinho Gaúcho.</narracao>
    <narracao id="34137" momento="2ºT" tempo="28">Bertos avança pela esquerda e tenta jogada sobre a marcação de Juan. A bola sai pela linha de fundo.</narracao>
    <narracao id="34138" momento="2ºT" tempo="29">Lançamento para Robinho na área da Nova Zelândia. Atacante chega na bola pressionado pela marcação e Moss faz a defesa.</narracao>
    <substituicao id="34148" momento="2ºT" tempo="30" ico="/Portal/esportes/temporeal/swf/icos/substituicao.swf">Brasil faz substituição: entra Ricardinho  , sai Ronaldinho Gaúcho</substituicao>
    <substituicao id="34149" momento="2ºT" tempo="30" ico="/Portal/esportes/temporeal/swf/icos/substituicao.swf">Brasil faz substituição: entra Cicinho, sai Cafu</substituicao>
    <substituicao id="34162" momento="2ºT" tempo="30" ico="/Portal/esportes/temporeal/swf/icos/substituicao.swf">N. Zelândia faz substituição: entra Michael Wilson, sai Coveni</substituicao>
    <narracao id="34154" momento="2ºT" tempo="31">A defesa brasileira não demonstra segurança, principalmente no setor em que Lúcio cobre.</narracao>
    <narracao id="34155" momento="2ºT" tempo="32">Kaká estica para Cicinho na direita que cruza na área. Adriano salta junto com a zaga e a bola sobra na esquerda.</narracao>
    <narracao id="34156" momento="2ºT" tempo="33">A zaga da Nova Zelândia falha e a bola fica com Adriano na área. Atacante rola para trás e Ricardinho chuta rasteiro, pela linha de fundo.</narracao>
    <narracao id="34157" momento="2ºT" tempo="34">Ricardinho cobra escanteio da direita. A bola sobra na intermediária para Juninho Pernambucano que chuta mal e a bola se perde pela linha de fundo.</narracao>
    <narracao id="34158" momento="2ºT" tempo="35">Bunce fica caído na área da Nova Zelândia e é retirado do gramado de maca.</narracao>
    <substituicao id="34163" momento="2ºT" tempo="36" ico="/Portal/esportes/temporeal/swf/icos/substituicao.swf">N. Zelândia faz substituição: entra De Gregorio, sai Che Bunce</substituicao>
    <narracao id="34164" momento="2ºT" tempo="37">Bertos cruza bola da direita, Lúcio corta para lateral.</narracao>
    <narracao id="34165" momento="2ºT" tempo="37">Mais uma bola cruzada da direita na área do Brasil. A zaga afasta de cabeça.</narracao>
    <narracao id="34166" momento="2ºT" tempo="38">CHAMA PRA DANÇAR! Cicinho recebe de Kaká na direita. Lateral avança, penetra na área, corta uma, duas vezes o zagueiro e chuta. Moss corta para escanteio...</narracao>
    <narracao id="34167" momento="2ºT" tempo="39">... Após cobrança de escanteio, Robinho tenta duas vezes e a bola explode na zaga da Nova Zelândia. </narracao>
    <gol id="34168" momento="2ºT" atletaId="99" tempo="40" escudo="/FlashShow/0,,9446,00.swf" contra="0"> GOL DE KAKÁ  GOOOLAAAAÇOOOO! Kaká arranca desde a intermediária, se livra do zagueiro e toca na saída de Moss, por debaixo das pernas do goleiro da Nova Zelândia!</gol>
    <narracao id="34169" momento="2ºT" tempo="43">Após belo lance de Adriano, que driblou o goleiro Moss, árbitro pára para marcar falta de Cicinho.</narracao>
    <narracao id="34170" momento="2ºT" tempo="45">IMPEDIDO! Lúcio desvia a bola para o gol após chute cruzado de Robinho. Árbitro marca posição irregular do zagueiro brasileiro.</narracao>
    <narracao id="34171" momento="2ºT" tempo="45">ACRÉSCIMOS! Árbitro assinala mais quatro minutos neste segundo tempo.</narracao>
    <gol id="34172" momento="2ºT" atletaId="3286" tempo="46" escudo="/FlashShow/0,,9446,00.swf" contra="0"> GOL DE JUNINHO PERNAMBUCANO  GOOOOOL! Juninho Pernambucano recebe belo lançamento de Ricardinho na área. Fica cara a cara com o goleiro Moss e toca na saída do goleiro!</gol>
    <narracao id="34173" momento="2ºT" tempo="48">Adriano recebe lançamento na direita e tenta o drible-elástico. A bola sai pela linha de fundo.</narracao>
    <narracao id="34174" momento="2ºT" tempo="49">Bola cruzada da esquerda na área do Brasil. Tim Brown sobe no segundo pau e cabeceia com perigo, por cima do gol de Dida.</narracao>
    <narracao id="34175" momento="2ºT" tempo="49">FIM DE JOGO! O Brasil goleia a Nova Zelândia por quatro a zero, no último jogo amistoso antes da estréia na Copa do Mundo.</narracao>
    <momento id="34176" momento="E">Final de jogo</momento>
    <narracao id="34177" momento="E" tempo="0">A seleção brasileira se despede da Suíça com duas belas vitórias em amistosos: oito a zero contra o combinado de Lucerna e quatro a zero contra a Nova Zelândia. Segue para Königstein, na Alemanha, onde faz a preparação final para estréia na Copa do Mundo, contra Croácia, no dia 13 de Junho.</narracao>
  </lances>
</lancealance>
