<?xml version="1.0" encoding="UTF-8"?>
<lancealance cobertura="1385" leitura="0">
  <placar>
    <equipe id="001" url="" nome="São Caetano" escudo="/FlashShow/0,,7262,00.swf" resultado="0" abreviacao="SCA"/>
    <equipe id="002" url="" nome="Corinthians" escudo="/FlashShow/0,,7285,00.swf" resultado="1" abreviacao="COR"/>
  </placar>
  <lances>
    <narracao id="54578" momento="PJ" tempo="0">O Corinthians está na 18ª posição com 20 pontos. Sem Tevez e Mascherano desaparecidos, o técnico Leão não poderá contar com Gustavo Nery, com dores no tornozelo direito, Marcelo, com tonturas, Marcus Vinícius, suspenso pelo terceiro cartão amarelo, e Paulo Almeida, que pegou dois jogos de suspensão pela expulsão contra o Fluminense. A principal novidade será a volta de Silvio Luiz ao gol, justamente contra a sua ex-equipe. Amoroso é o mais novo reforço, o atacante rescindiu contrato com o Milan e assinou por uma temporada.</narracao>
    <momento id="54579" momento="PJ">Pré-jogo</momento>
    <narracao id="54580" momento="PJ" tempo="0">O São Caetano está na 12ª posição com 25 pontos e espera se recuperar da derrota por 3 a 0, para o Cruzeiro, no Mineirão. O jogo desta noite marca a despedida do atacante Diego Tardelli, emprestado pelo São Paulo ao PSV, da Holanda. O técnico Paulo César Gusmão vai promover três mudanças na equipe. O goleiro Mauro será substituído por Luís. Na lateral-esquerda, o treinador não poderá contar com Triguinho e irá improvisar o meia Canindé.</narracao>
    <narracao id="54581" momento="PJ" tempo="0">São Caetano e Corinthians se enfrentam às 22h (horário de Brasília), no estádio Anacleto Campanella (São Caetano/SP), pela 21ª rodada do Campeonato Brasileiro. Apita o jogo Carlos Eugênio Simon/RS (Fifa). Altemir Hausmann/RS (Fifa) e José Antônio Chaves Franco Filho/RS.</narracao>
    <momento id="54993" momento="1ºT">Primeiro tempo</momento>
    <narracao id="54995" momento="1ºT" tempo="0">BOLA ROLANDO! Começa São Caetano e Corinthians.</narracao>
    <narracao id="55003" momento="1ºT" tempo="1">Anderson Lima cobra falta da direita na área do Corinthians. Árbitro pára o lance marcando impedimento do ataque do São Caetano.</narracao>
    <narracao id="55008" momento="1ºT" tempo="2">UUUUUHHHHH! Ataque do Azulão pelo meio, a bola sobra na esquerda para Elton. Meia chega batendo e a bola sai cruzada, pela linha de fundo.</narracao>
    <video id="55048" momento="1ºT" video="531482"> Veja o vídeo:  3' Elton, meia do São Caetano, chuta para fora.</video>
    <narracao id="55010" momento="1ºT" tempo="4">Roger cobra falta do lado esquerdo na área do São Caetano e a zaga afasta o perigo.</narracao>
    <narracao id="55013" momento="1ºT" tempo="4">A ZAGA DO AZULÃO PAROU! Pedindo impedimento de Rafael Moura. Atacante recebe na área e chuta cruzado. Escanteio para o Corinthians...</narracao>
    <narracao id="55014" momento="1ºT" tempo="5">... Bola na área do São Caetano e a zaga afasta o perigo.</narracao>
    <narracao id="55019" momento="1ºT" tempo="7">Carlos Alberto escapa pela direita, tenta o cruzamento e ganha o escanteio...</narracao>
    <narracao id="55022" momento="1ºT" tempo="7">... Bola na área do São Caetano e a zaga afasta o perigo. Na seqüência, é mais um escanteio para o Timão...</narracao>
    <narracao id="55024" momento="1ºT" tempo="8">... Bola na área do São Caetano e mais uma vez a zaga consegue cortar.</narracao>
    <narracao id="55027" momento="1ºT" tempo="9">Eduardo Ratinho faz boa jogada sobre a marcação de Canindé e ganha o escanteio...</narracao>
    <narracao id="55030" momento="1ºT" tempo="10">... Bola no primeiro pau para Betão. Zagueiro devolve para Roger que cruza. Árbitro pára o lance e marca impedimento do ataque corintiano.</narracao>
    <gol id="55035" momento="1ºT" atletaId="5822" tempo="11" escudo="/FlashShow/0,,7285,00.swf" contra="0"> GOL DE RAFAEL MOURA  GOOOOOOOOOOL! Após belo cruzamento rasteiro de Rubens Júnior, pelo lado esquerdo. Atacante fecha pelo meio e escora para o fundo do gol, abrindo o placar para o Corinthians.</gol>
    <video id="55035v" momento="1ºT" video="531495"> Veja o vídeo: Gol de Rafael Moura.  11' GOOOOOOOOOOL! Após belo cruzamento rasteiro de Rubens Júnior, pelo lado esquerdo. Atacante fecha pelo meio e escora para o fundo do gol, abrindo o placar para o Corinthians.</video>
    <narracao id="55037" momento="1ºT" tempo="13">Escanteio na área do São Caetano. Rafael Moura tenta o chute, mas "fura" a bola.</narracao>
    <narracao id="55044" momento="1ºT" tempo="14">ENFEITOU DEMAIS! Marabá dá belo passe para Diego Tardelli na área do Corinthians. Atacante "cisca" para um lado, "cisca" para o outro e... É desarmado.</narracao>
    <narracao id="55050" momento="1ºT" tempo="16">TIRO INDIRETO! Para o São Caetano. Eduardo Ratinho atrasa para Sílvio Luiz e goleiro pega a bola com as mãos...</narracao>
    <narracao id="55052" momento="1ºT" tempo="17">... UUUUHHHHHH! Anderson Lima cobra com perigo, por cima do gol.</narracao>
    <video id="55079" momento="1ºT" video="531497"> Veja o vídeo:  18' Anderson Lima, lateral do São Caetano, chuta por cima do gol.</video>
    <narracao id="55054" momento="1ºT" tempo="19">Canindé faz boa jogada pelo lado esquerdo e sofre falta de Marcelo Mattos...</narracao>
    <narracao id="55058" momento="1ºT" tempo="20">... Anderson Lima cobra falta, a bola desvia na barreira e Silvio Luiz cai no canto direito para fazer a defesa.</narracao>
    <narracao id="55061" momento="1ºT" tempo="21">Rosinei tenta esticar bola para Rafael Moura pelo meio. A zaga do São Caetano se antecipa e corta.</narracao>
    <narracao id="55063" momento="1ºT" tempo="22">UUUUHHH! Elton levanta na área do Corinthians e Gustavo Gaúcho cabeceia. Silvio Luiz espalma para escanteio...</narracao>
    <narracao id="55064" momento="1ºT" tempo="22">... Bola na área do Corinthians, Marcelo Mattos afasta o perigo.</narracao>
    <video id="55096" momento="1ºT" video="531504"> Veja o vídeo:  22' Gustavo Gaúcho cabeceia para a boa defesa de Silvio Luiz.</video>
    <cartao id="55067" momento="1ºT" atletaId="2997" tempo="24" ico="/Portal/esportes/temporeal/swf/icos/cartao_amarelo.swf" cor="amarelo">Marcelo Mattos - Volante do Corinthians é punido após falta dura em Elton, na entrada da área.</cartao>
    <narracao id="55068" momento="1ºT" tempo="24">CHUTAÇO! Anderson Lima cobra falta e Betão corta para o Corinthians.</narracao>
    <narracao id="55070" momento="1ºT" tempo="25">Escanteio para o Corinthians. Rubens Júnior cobra e Muçamba afasta de cabeça o perigo.</narracao>
    <cartao id="55075" momento="1ºT" atletaId="12844" tempo="28" ico="/Portal/esportes/temporeal/swf/icos/cartao_amarelo.swf" cor="amarelo">Diego Tardelli - Atacante é punido após falta dura em Marcelo Mattos.</cartao>
    <narracao id="55082" momento="1ºT" tempo="29">LUIZ! Goleiro do São Caetano defende em dois tempos, cobrança de falta de Marcelo Mattos.</narracao>
    <narracao id="55084" momento="1ºT" tempo="30">MAL! Anderson Lima cobra falta do lado esquerdo no segundo pau. A bola se perde pela linha de fundo.</narracao>
    <narracao id="55087" momento="1ºT" tempo="31">BOMBA! Anderson Lima chuta forte de fora da área, por cima do gol de Silvio Luiz.</narracao>
    <substituicao id="55201" momento="1ºT" tempo="32" ico="/Portal/esportes/temporeal/swf/icos/substituicao.swf">São Caetano faz substituição: entra Leandro Lima, sai Diego Tardelli</substituicao>
    <narracao id="55098" momento="1ºT" tempo="36">Falta para o São Caetano pelo lado esquerdo de ataque...</narracao>
    <narracao id="55100" momento="1ºT" tempo="37">... UUUUHHH! Canindé cobra, Gustavo Gaúcho cabeceia no travessão. No bate-rebate, árbitro pára o lance marcando toque de mão do ataque do São Caetano.</narracao>
    <video id="55131" momento="1ºT" video="531526"> Veja o vídeo:  37' Gustavo Gaúcho, atacante do São Caetano, cabeceia na trave.</video>
    <narracao id="55105" momento="1ºT" tempo="39">Marabá avança pela esquerda e escapa da marcação de Marcelo Mattos. Marinho se antecipa e corta para o Corinthians.</narracao>
    <narracao id="55114" momento="1ºT" tempo="42">Carlos Alberto, meio-campo do Corinthians, está caído no gramado sentindo contusão.</narracao>
    <narracao id="55115" momento="1ºT" tempo="42">Meia é retirado de maca e está sendo atendido fora de campo.</narracao>
    <narracao id="55118" momento="1ºT" tempo="43">Carlos Alberto já está de volta ao gramado.</narracao>
    <narracao id="55121" momento="1ºT" tempo="45">Escanteio para o São Caetano. Canindé cobra e árbitro pára o lance marcando falta do zagueiro Gustavo, do São Caetano, em Marinho, zagueiro do Corinthians.</narracao>
    <narracao id="55124" momento="1ºT" tempo="46">FIM DE PRIMEIRO TEMPO! O Corinthians segue derrotando o São Caetano por um a zero, gol de Rafael Moura.</narracao>
    <momento id="55126" momento="I">Show do intervalo</momento>
    <narracao id="55129" momento="I" tempo="0">Até marcar o primeiro gol, o Corinthians pressionou o São Caetano. Com um a zero de vantagem, o Timão relaxou na marcação no meio-de-campo e o Azulão passou a criar chances, porém sem sucesso até agora. </narracao>
    <momento id="55132" momento="2ºT">Segundo tempo</momento>
    <narracao id="55141" momento="2ºT" tempo="0">COMEÇA A SEGUNDA ETAPA! O Corinthians é o mesmo do primeiro tempo. O São Caetano retorna com uma alteração.</narracao>
    <substituicao id="55202" momento="2ºT" tempo="0" ico="/Portal/esportes/temporeal/swf/icos/substituicao.swf">São Caetano faz substituição: entra Alessandro, sai Elton</substituicao>
    <cartao id="55142" momento="2ºT" atletaId="6236" tempo="1" ico="/Portal/esportes/temporeal/swf/icos/cartao_amarelo.swf" cor="amarelo">Alessandro - Lateral do São Caetano é punido após entrar de carrinho em Marcelo Mattos.</cartao>
    <narracao id="55143" momento="2ºT" tempo="2">Marcelo Mattos, volante do Corinthians, afirma que o lateral Alessandro, do São Caetano, entrou nele de carrinho para tirá-lo da partida.</narracao>
    <cartao id="55147" momento="2ºT" atletaId="6073" tempo="4" ico="/Portal/esportes/temporeal/swf/icos/cartao_amarelo.swf" cor="amarelo">Carlos Alberto - Meia do Corinthians é punido após falta dura.</cartao>
    <narracao id="55150" momento="2ºT" tempo="6">Roger cobra falta na área do São Caetano, Carlos Alberto completa para o gol. Árbitro pára o lance marcando impedimento do ataque corintiano.</narracao>
    <video id="55174" momento="2ºT" video="531553"> Veja o vídeo:  6' O Corinthians tem gol anulado.</video>
    <narracao id="55152" momento="2ºT" tempo="7">Leão, técnico do Corinthians, discute com o árbitro Carlos Eugênio Simon.</narracao>
    <narracao id="55159" momento="2ºT" tempo="10">O São Caetano pressiona o Corinthians, porém de forma desorganizada.</narracao>
    <narracao id="55161" momento="2ºT" tempo="10">Alessandro dá belo corte em Roger e cruza na área. Marinho se antecipa e corta para o Corinthians.</narracao>
    <narracao id="55165" momento="2ºT" tempo="12">O árbitro Carlos Eugênio Simon está "marcando" o técnico Leão, do Corinthians, esperando alguma manifestação para expulsá-lo.</narracao>
    <narracao id="55168" momento="2ºT" tempo="13">DEMOROU DEMAIS! Rosinei recebe livre na entrada da área do São Caetano, ajeita e chuta forte. Por cima do gol de Luiz.</narracao>
    <narracao id="55172" momento="2ºT" tempo="16">BATE-REBATE! Na entrada da área do Corinthians. Canindé chega trombando com a zaga, mas Silvio Luiz sai do gol para fazer a defesa.</narracao>
    <cartao id="55176" momento="2ºT" atletaId="9382" tempo="17" ico="/Portal/esportes/temporeal/swf/icos/cartao_amarelo.swf" cor="amarelo">Anderson Lima - Lateral do São Caetano é punido após falta dura em Rubens Júnior.</cartao>
    <cartao id="55179" momento="2ºT" atletaId="6384" tempo="18" ico="/Portal/esportes/temporeal/swf/icos/cartao_amarelo.swf" cor="amarelo">Marabá - Meio-campo do São Caetano é punido após entrar de carrinho, por trás, em Rosinei.</cartao>
    <narracao id="55181" momento="2ºT" tempo="19">LAMBANÇA! Marcelo Mattos recupera a bola na entrada da área do São Caetano e rola para Roger. Meia domina e, na hora do chute, é atrapalhado por Carlos Alberto.</narracao>
    <video id="55209" momento="2ºT" video="531558"> Veja o vídeo:  19' Roger chuta com perigo para o Corinthians.</video>
    <narracao id="55183" momento="2ºT" tempo="20">TIMÃO! Rafael Moura escapa pela esquerda, deixa Thiago para trás e cruza rasteiro. A zaga do Azulão afasta o perigo.</narracao>
    <substituicao id="55187" momento="2ºT" tempo="23" ico="/Portal/esportes/temporeal/swf/icos/substituicao.swf">Corinthians faz substituição: entra Renato, sai Roger (mancando).</substituicao>
    <narracao id="55194" momento="2ºT" tempo="25">Canindé sofre falta de Rafael Fefo na ponta direita...</narracao>
    <narracao id="55199" momento="2ºT" tempo="26">... UUUUHHHH! Canindé cobra no segundo pau e Daniel desvia de cabeça para o meio da área. Gustavo Gaúcho escora com perigo e a bola sai por cima do gol de Silvio Luiz.</narracao>
    <video id="55239" momento="2ºT" video="531572"> Veja o vídeo:  26' Gustavo Gaúcho, atacante do São Caetano, cabeceia por cima do gol de Silvio Luiz.</video>
    <substituicao id="55203" momento="2ºT" tempo="27" ico="/Portal/esportes/temporeal/swf/icos/substituicao.swf">São Caetano faz substituição: entra Marcelinho, sai Marabá</substituicao>
    <narracao id="55204" momento="2ºT" tempo="27">Rosinei é derrubado por Alessandro no limite da linha de fundo, pelo lado direito...</narracao>
    <narracao id="55206" momento="2ºT" tempo="28">... UUUHHHHH! Eduardo Ratinho cobra e Carlos Alberto escora de cabeça, pela linha de fundo.</narracao>
    <narracao id="55210" momento="2ºT" tempo="29">Rubens Júnior cobra escanteio com perigo, pelo lado esquerdo. Luiz espalma para o São Caetano.</narracao>
    <video id="55240" momento="2ºT" video="531573"> Veja o vídeo:  29' Carlos Alberto chuta e a zaga do São Caetano afasta o perigo.</video>
    <narracao id="55212" momento="2ºT" tempo="31">Renato faz boa jogada pelo lado direito e ganha escanteio para o Corinthians...</narracao>
    <narracao id="55215" momento="2ºT" tempo="31">... Carlos Alberto cobra no segundo pau e Daniel escora para fora. É outro escanteio para o Corinthians...</narracao>
    <narracao id="55216" momento="2ºT" tempo="32">... Rubens Júnior cobra do lado esquerdo e a zaga do São Caetano, finalmente, afasta o perigo.</narracao>
    <narracao id="55219" momento="2ºT" tempo="33">Anderson Lima cobra falta do lado esquerdo na área do Corinthians. Silvio Luiz tira de soco e salva o Timão.</narracao>
    <narracao id="55226" momento="2ºT" tempo="35">Canindé tenta jogada de ultrapassagem na entrada da área do Corinthians. A zaga chega primeiro e afasta o perigo.</narracao>
    <cartao id="55230" momento="2ºT" atletaId="11821" tempo="37" ico="/Portal/esportes/temporeal/swf/icos/cartao_amarelo.swf" cor="amarelo">Rafael Fefo - Volante do Corinthians é punido após falta dura.</cartao>
    <cartao id="55233" momento="2ºT" atletaId="6236" tempo="37" ico="/Portal/esportes/temporeal/swf/icos/cartao_vermelho.swf" cor="vermelho">Alessandro - Lateral do São Caetano é expulso após segurar Carlos Alberto.</cartao>
    <video id="55261" momento="2ºT" video="531576"> Veja o vídeo:  37' Alessandro, lateral do São Caetano, é expulso de campo.</video>
    <cartao id="55236" momento="2ºT" atletaId="5822" tempo="39" ico="/Portal/esportes/temporeal/swf/icos/cartao_amarelo.swf" cor="amarelo">Rafael Moura - Atacante do Corinthians é punido após falta na intermediária do São Caetano.</cartao>
    <cartao id="55241" momento="2ºT" atletaId="1781" tempo="42" ico="/Portal/esportes/temporeal/swf/icos/cartao_amarelo.swf" cor="amarelo">Rubens Júnior - Lateral-esquerdo do Corinthians é punido após falta dura.</cartao>
    <narracao id="55245" momento="2ºT" tempo="43">Anderson Lima cobra falta na área do Corinthians. Rafael Moura joga de zagueiro e afasta de cabeça o perigo.</narracao>
    <narracao id="55246" momento="2ºT" tempo="45">ACRÉSCIMOS! Árbitro assinala mais três minutos neste segundo tempo.</narracao>
    <narracao id="55248" momento="2ºT" tempo="45">Leandro Lima tenta alcançar a bola na área do Corinthians, mas Betão chega na proteção e Silvio Luiz faz a defesa.</narracao>
    <narracao id="55250" momento="2ºT" tempo="46">IMPEDIDO! Carlos Alberto, muito adiantado, escora de cabeça para o gol e árbitro corretamente anula.</narracao>
    <narracao id="55258" momento="2ºT" tempo="48">FIM DE JOGO! O Corinthians consegue uma boa vitória, fora de casa, mas continua na zona de rebaixamento. O São Caetano fez uma péssima partida.</narracao>
    <momento id="55259" momento="E">Final de jogo</momento>
    <narracao id="55260" momento="E" tempo="0">Após uma série de sete jogos invicto no Anacleto Campanella, o São Caetano perde em casa. Agora são 18 confrontos contra o Corinthians, com três empates e cinco derrotas. O Timão, com todas as confusões que o clube está vivendo, consegue um excelente resultado fora de casa, mas ainda não sai da zona de rebaixamento.</narracao>
  </lances>
</lancealance>
