<?xml version="1.0" encoding="UTF-8"?>
<lancealance cobertura="1013" leitura="0">
  <placar>
    <equipe id="001" url="" nome="Goiás" escudo="/FlashShow/0,,7681,00.swf" resultado="2" abreviacao="GOI"/>
    <equipe id="002" url="" nome="São Caetano" escudo="/FlashShow/0,,7262,00.swf" resultado="1" abreviacao="SCA"/>
  </placar>
  <lances>
    <momento id="31547" momento="1ºT">Primeiro tempo</momento>
    <narracao id="31549" momento="1ºT" tempo="1">Começa a partida no Serra Dourada!</narracao>
    <narracao id="31557" momento="1ºT" tempo="1">O jogo é interrompido! Blecaute no estádio goiano. O gramado está às escuras.</narracao>
    <narracao id="31580" momento="1ºT" tempo="1">Houve falha no sistema de iluminação do Serra Dourada. Apenas as cabines de imprensa estão iluminadas. A previsão para o retorno da luz é de aproximadamente 20 minutos. Os jogadores seguem aquecendo no gramado.</narracao>
    <narracao id="31591" momento="1ºT" tempo="1">Reinício de partida no Serra Dourada, após 18 minutos de paralização.</narracao>
    <narracao id="31598" momento="1ºT" tempo="5">O jogo começa morno, sem chances de gol. </narracao>
    <narracao id="31603" momento="1ºT" tempo="7">O jogo continua truncado.</narracao>
    <narracao id="31607" momento="1ºT" tempo="9">Primeiro chute: Nonato arrisca de fora da área. A bola passa longe do gol, sem perigo para Sílvio Luís.</narracao>
    <video id="31610" momento="1ºT" video="467354"> Veja o vídeo:  11' Serra Dourada sem luz. Jogo interrompido por 18 minutos.</video>
    <narracao id="31620" momento="1ºT" tempo="15">GRANDE CHANCE! Lançamento em profundidade para Roni. O atacante tenta por cobertura, mas o goleiro Luiz espalma com as pontas dos dedos para córner.</narracao>
    <cartao id="31625" momento="1ºT" atletaId="5237" tempo="18" ico="/Portal/esportes/temporeal/swf/icos/cartao_amarelo.swf" cor="amarelo">Fabiano - O zagueiro impede um drible da vaca e é punido.</cartao>
    <narracao id="31626" momento="1ºT" tempo="20">O lateral Vítor avança pela direita, mas bate sem direção.</narracao>
    <narracao id="31628" momento="1ºT" tempo="22">Jadílson leva a bola da lateral até a entrada da área, ajeita para o pé esquerdo e bate firme nas mãos do goleiro Luiz.</narracao>
    <narracao id="31631" momento="1ºT" tempo="25">Vitor passa a bola entre as pernas de Triguinho na lateral direita.</narracao>
    <narracao id="31635" momento="1ºT" tempo="26">MUITO MAL! Muçamba arrisca de longe. A bola não chega a sair pela lateral.</narracao>
    <narracao id="31638" momento="1ºT" tempo="27">Marabá conduz a bola sozinho do meio-de-campo até a área e consegue um escanteio, com o desvio da zaga..</narracao>
    <narracao id="31641" momento="1ºT" tempo="28">..Bola no segundo pau. Luizão cabeceia para fora, longe do gol.</narracao>
    <cartao id="31647" momento="1ºT" atletaId="6242" tempo="31" ico="/Portal/esportes/temporeal/swf/icos/cartao_amarelo.swf" cor="amarelo">Thiago Martinelli - Cartão bem aplicado. O zagueiro aplicou um carrinho por trás</cartao>
    <cartao id="31649" momento="1ºT" atletaId="12468" tempo="33" ico="/Portal/esportes/temporeal/swf/icos/cartao_amarelo.swf" cor="amarelo">Luisão - Cartão aplicado por reclamação. A torcida pega no pé do jogador, ex-Vila Nova.</cartao>
    <video id="31650" momento="1ºT" video="467367"> Veja o vídeo:  35' Roni, do Góias, tenta encobrir o goleiro Luiz que consegue espalmar a bola.</video>
    <narracao id="31652" momento="1ºT" tempo="37">Falta perigosa para o Goiás. Roni é derrubado..</narracao>
    <narracao id="31653" momento="1ºT" tempo="38">Jadílson bate na barreira.</narracao>
    <narracao id="31655" momento="1ºT" tempo="39">Os reservas das duas equipes já estão aquecendo.</narracao>
    <cartao id="31656" momento="1ºT" atletaId="11371" tempo="42" ico="/Portal/esportes/temporeal/swf/icos/cartao_amarelo.swf" cor="amarelo">Leandro Lima</cartao>
    <narracao id="31657" momento="1ºT" tempo="42">Roni avança rapidamente pela esquerda. O zagueiro Luizão rebate a bola em carrinho crucial.</narracao>
    <narracao id="31660" momento="1ºT" tempo="44">Fabiano Gadelha bate de fora da área. A bola vai fraca para defesa de Harlei.</narracao>
    <narracao id="31661" momento="1ºT" tempo="45">Apenas um minuto de acréscimo.</narracao>
    <narracao id="31664" momento="1ºT" tempo="45">Escanteio para o Azulão..</narracao>
    <narracao id="31668" momento="1ºT" tempo="46">.. Anderson Lima demora tanto para bater, que o juiz encerra o primeiro tempo.</narracao>
    <momento id="31670" momento="I">Show do intervalo</momento>
    <narracao id="31672" momento="I" tempo="0">Roni diz que o apagão do estádio contagiou equipe.</narracao>
    <momento id="31697" momento="2ºT">Segundo tempo</momento>
    <substituicao id="31747" momento="2ºT" tempo="0" ico="/Portal/esportes/temporeal/swf/icos/substituicao.swf">Goiás faz substituição: entra Welliton, sai Roni</substituicao>
    <narracao id="31707" momento="2ºT" tempo="3">Vitor avança e chuta sem direção. A batida foi de esquerda, a perna que não é boa.</narracao>
    <cartao id="31717" momento="2ºT" atletaId="6242" tempo="6" ico="/Portal/esportes/temporeal/swf/icos/cartao_vermelho.swf" cor="vermelho">Thiago Martinelli - O zagueiro entra de carrinho com os pés levantados e é punido com o segundo amarelo. Vai pro chuveiro mais cedo. </cartao>
    <narracao id="31725" momento="2ºT" tempo="8">Cruzamento na área, e na sobra, Jadílson bate mal de canhota. A bola sai torta, longe do gol de Luiz.</narracao>
    <substituicao id="31790" momento="2ºT" tempo="8" ico="/Portal/esportes/temporeal/swf/icos/substituicao.swf">São Caetano faz substituição: entra Cléber, sai Fábio Luis</substituicao>
    <substituicao id="31748" momento="2ºT" tempo="11" ico="/Portal/esportes/temporeal/swf/icos/substituicao.swf">Goiás faz substituição: entra Cléber, sai Juliano</substituicao>
    <substituicao id="31791" momento="2ºT" tempo="13" ico="/Portal/esportes/temporeal/swf/icos/substituicao.swf">São Caetano faz substituição: entra Elton, sai Leandro Lima</substituicao>
    <gol id="31743" momento="2ºT" atletaId="9788" tempo="16" escudo="/FlashShow/0,,7681,00.swf" contra="0"> GOL DE WELLITON  Gol do Goiás!! Vitor levanta na área e o atacante pega muito forte de primeira por entre as pernas do goleiro.</gol>
    <video id="31743v" momento="2ºT" video="467409"> Veja o vídeo: Gol de Welliton.  16' Gol do Goiás!! Vitor levanta na área e o atacante pega muito forte de primeira por entre as pernas do goleiro.</video>
    <cartao id="31744" momento="2ºT" atletaId="5035" tempo="17" ico="/Portal/esportes/temporeal/swf/icos/cartao_amarelo.swf" cor="amarelo">Romerito - Comete falta dura.</cartao>
    <substituicao id="31749" momento="2ºT" tempo="18" ico="/Portal/esportes/temporeal/swf/icos/substituicao.swf">Goiás faz substituição: entra Hugo Leonardo, sai Fabiano</substituicao>
    <narracao id="31758" momento="2ºT" tempo="19">Anderson Lima bate falta para a área e o árbitro marca um penâlti fora do lance. Falta de Leonardo em Cléber. </narracao>
    <gol id="31760" momento="2ºT" atletaId="9382" tempo="20" escudo="/FlashShow/0,,7262,00.swf" contra="0"> GOL DE ANDERSON LIMA  O lateral bate no canto esquerdo do goleiro, que pula certo mas não alcança a bola.</gol>
    <video id="31760v" momento="2ºT" video="467410"> Veja o vídeo: Gol de Anderson Lima.  20' O lateral bate no canto esquerdo do goleiro, que pula certo mas não alcança a bola.</video>
    <narracao id="31776" momento="2ºT" tempo="27">Cléber Gaucho levanta na área. A bola passa por todo mundo e sai pela linha de fundo.</narracao>
    <narracao id="31778" momento="2ºT" tempo="30">Hugo Leonardo arrisca de fora da área. A bola vai por cima do gol.</narracao>
    <narracao id="31784" momento="2ºT" tempo="31">Bola enfiada para Marabá, dentro da área pela esquerda. O atacante chuta a gol, mas Harlei sai bem, e espalma para córner. </narracao>
    <narracao id="31786" momento="2ºT" tempo="32">Cléber Gaúcho arrisca de fora da área. A bola sai alta, sem perigo.</narracao>
    <gol id="31787" momento="2ºT" atletaId="9788" tempo="33" escudo="/FlashShow/0,,7681,00.swf" contra="0"> GOL DE WELLITON  DE NOVO ELE! Vítor avança bem pela direita e rola para a pequena área. Romerito bate de primeira, a bola rebate na zaga e sobra quase em cima da linha para o atacante empurrar para as redes e marcar seu segundo gol.</gol>
    <video id="31787v" momento="2ºT" video="467414"> Veja o vídeo: Gol de Welliton.  33' DE NOVO ELE! Vítor avança bem pela direita e rola para a pequena área. Romerito bate de primeira, a bola rebate na zaga e sobra quase em cima da linha para o atacante empurrar para as redes e marcar seu segundo gol.</video>
    <narracao id="31788" momento="2ºT" tempo="35">Jadílson avança pela esquerda e bate forte. Luiz faz boa defesa.</narracao>
    <substituicao id="31792" momento="2ºT" tempo="36" ico="/Portal/esportes/temporeal/swf/icos/substituicao.swf">São Caetano faz substituição: entra Marcelinho, sai Marabá</substituicao>
    <narracao id="31794" momento="2ºT" tempo="37">QUE LINDO! Jadílson enfia uma caneta no marcador e bate cruzado de primeira. O goleiro Luiz cata a bola que tinha endereço certo no ângulo. Na sobra Weliton tenta o chute, mas a bola vai para fora. </narracao>
    <narracao id="31795" momento="2ºT" tempo="40">LINDA JOGADA! Welliton recebe de costas, e de primeira aplica lençol no zagueiro Cléber. O atacante enfia bola açucarada para Nonato, que tem tempo de olhar para o gol e bater forte no canto direito. O goleiro Luiz faz defesa espetacular.</narracao>
    <cartao id="31796" momento="2ºT" atletaId="12466" tempo="45" ico="/Portal/esportes/temporeal/swf/icos/cartao_amarelo.swf" cor="amarelo">Rafael Muçamba - Romerito é puxado pelo meia na entrada da área.</cartao>
    <narracao id="31797" momento="2ºT" tempo="46">O árbitro dá três minutos de acréscimo.</narracao>
    <narracao id="31798" momento="2ºT" tempo="48">Fim de jogo no Serra Dourada!</narracao>
    <momento id="31799" momento="E">Final de jogo</momento>
    <narracao id="31800" momento="E" tempo="0">O atacante Welliton é o destaque da partida com dois gols.</narracao>
  </lances>
</lancealance>
