<?xml version="1.0" encoding="UTF-8"?>
<lancealance cobertura="1170" leitura="0">
  <placar>
    <equipe id="001" url="" nome="Atlético-PR" escudo="/FlashShow/0,,6584,00.swf" resultado="0" abreviacao="APR"/>
    <equipe id="002" url="" nome="Fortaleza" escudo="/FlashShow/0,,6592,00.swf" resultado="0" abreviacao="FOR"/>
  </placar>
  <lances>
    <narracao id="43349" momento="PJ" tempo="0">Atlético-PR e Fortaleza se enfrentam às 19h30.</narracao>
    <momento id="43350" momento="PJ">Pré-jogo</momento>
    <narracao id="43351" momento="PJ" tempo="0">A única dúvida do treinador para a partida é no meio-de-campo. O volante Wendel, com dores musculares, foi poupado dos últimos treinos, mas está relacionado para a partida e viajou com o grupo. Caso não tenha condições, Ramalho ficará com a vaga.</narracao>
    <narracao id="43352" momento="PJ" tempo="0">Apesar de reconhecer a força do Atlético-PR dentro de casa, o técnico do Fortaleza, Hélio dos Anjos, garantiu que a equipe vai para cima, em busca da vitória. Ele faz sua reestréia no comando da equipe cearense, após ter passado pelo clube por duas vezes, em 2004 e 2005.</narracao>
    <narracao id="43353" momento="PJ" tempo="0">Afastado do elenco por conta de sua situação indefinida com o Rubro-Negro, Dagoberto ficará fora da partida. O principal nome do elenco não se acertou com a direção do clube e o contrato que reduziria o valor da multa foi prorrogado em 250 dias. O atacante não deve sequer ficar no banco de reservas, e a dupla de ataque vai ser formada por Pedro Oldoni e Neto Baiano ou Herrera.</narracao>
    <narracao id="43354" momento="PJ" tempo="0">Givanildo de Oliveira vai testar um novo esquema na partida de hoje: o 4-4-2. Sem contar com o seu principal zagueiro, Paulo André, que se transferiu para o futebol francês, restaram Danilo e João Leonardo para a dupla de zaga rubro-negra. Alan Bahia está suspenso e não joga. Para o seu lugar, o treinador optou por Cristian. Erandir vai atuar na contenção.</narracao>
    <narracao id="43355" momento="PJ" tempo="0">Depois de um início fraco, quando o técnico Givanildo de Oliveira chegou a ser ameaçado de demissão, o Furacão se acertou e, na 13ª colocação, não perde há três jogos. Já o Fortaleza não vive um momento tão confortável, ocupando o 17º lugar, dentro da zona de rebaixamento.</narracao>
    <momento id="43380" momento="1ºT">Primeiro tempo</momento>
    <narracao id="43382" momento="1ºT" tempo="1">BOLA ROLANDO NA ARENA DA BAIXADA!</narracao>
    <narracao id="43388" momento="1ºT" tempo="2">JOGO PARADO! O meia Mazinho Lima, do Fortaleza, sofreu uma entrada dura e está caído no gramado recebendo atendimento ...</narracao>
    <narracao id="43392" momento="1ºT" tempo="3">... Tudo ok com o meia, bola rolando novamente.</narracao>
    <narracao id="43396" momento="1ºT" tempo="5">Finazzi recebe no lado direito de ataque, chega bem à linha de fundo e tenta o cruzamento. A bola desvia na zaga rubro-negra e sai pela linha de fundo.</narracao>
    <narracao id="43404" momento="1ºT" tempo="8">UUUUH! Gláuber domina no campo de defesa e descola lançamento longo para Jorge Mutt. O meia domina na ponta esquerda e descola cruzamento para Finazzi. O atacante sobe bem e testa por cima do gol de Cléber.</narracao>
    <video id="43416" momento="1ºT" video="502500"> Veja o vídeo:  8' Finazzi testa por cima do gol de Cléber.</video>
    <narracao id="43407" momento="1ºT" tempo="10">André Cunha tenta apoiar pelo lado esquerdo, mas o zagueiro Danilo aparece bem e corta pela linha de fundo. É escanteio para o Fortaleza...</narracao>
    <narracao id="43408" momento="1ºT" tempo="11">... TIRA A ZAGA! Jorge Mutt cobra escanteio para a área do Atlético-PR. O zagueiro João Leonardo sobe bem e afasta de cabeça.</narracao>
    <narracao id="43411" momento="1ºT" tempo="12">PERIGO! O atacante Nunes desce pelo lado direito, tenta cruzamento, mas a bola vai na direção do gol. O goleiro Cléber, atento, espalma para a linha de fundo.</narracao>
    <video id="43429" momento="1ºT" video="502506"> Veja o vídeo:  12' Nunes quase marca sem querer.</video>
    <narracao id="43419" momento="1ºT" tempo="16">QUASE! Cristian invade a área do Fortaleza, pelo lado esquerdo, e chuta forte. A bola vai no canto, mas o goleiro Márcio faz grande defesa.</narracao>
    <video id="43441" momento="1ºT" video="502510"> Veja o vídeo:  16' Cristian invade a área do Fortaleza e solta a bomba.</video>
    <narracao id="43422" momento="1ºT" tempo="18">PARA FORA! O atacante Nunes recebe de Jorge Mutt no lado esquerdo da área rubro-negra, corta para o meio e chuta forte. A bola sai à esquerda do gol de Cléber.</narracao>
    <video id="43443" momento="1ºT" video="502513"> Veja o vídeo:  18' Nunes finaliza, mas manda para fora.</video>
    <narracao id="43426" momento="1ºT" tempo="20">MAAAAAL! André Cunha desce pelo lado esquerdo e cruza rasteiro. O meia Jorge Mutt aparece na marca do pênalti, livre para finalizar, mas fura a bola e perde ótima chance!</narracao>
    <narracao id="43437" momento="1ºT" tempo="23">Wendel recebe na ponta direita e tenta cruzamento para a área do Atlético-PR. O zagueiro Danilo se antecipa bem e afasta o perigo com os pés!</narracao>
    <narracao id="43446" momento="1ºT" tempo="26">FORTALEZA MELHOR! O Fortaleza tem mais a posse da bola neste primeiro tempo. A equipe visitante chega mais ao campo de ataque, mas demonstra pouca qualidade nas finalizações.</narracao>
    <narracao id="43452" momento="1ºT" tempo="29">POR CIMA! O zagueiro Alan cobra falta da intermediária de ataque, mas pega muito forte. A bola sai por cima do gol de Cléber.</narracao>
    <video id="43463" momento="1ºT" video="502530"> Veja o vídeo:  29' Alan bate falta por cima do gol de Cléber.</video>
    <cartao id="43453" momento="1ºT" atletaId="5180" tempo="31" ico="/Portal/esportes/temporeal/swf/icos/cartao_amarelo.swf" cor="amarelo">Jorge Mutt - Meia faz falta dura e acaba punido com o cartão amarelo.</cartao>
    <narracao id="43457" momento="1ºT" tempo="33">O lateral Moreno cobra escanteio para a área do Fortaleza. Pedro Oldoni sobe bem, mas testa por cima do gol de Márcio.</narracao>
    <narracao id="43462" momento="1ºT" tempo="36">CLÉBER! O meia Wendel descola ótimo passe para André Cunha na área do Atlético. O lateral invade pelo lado direito e chuta na saída de Cléber. O goleiro faz grande defesa!</narracao>
    <video id="43477" momento="1ºT" video="502533"> Veja o vídeo:  36' Cléber faz grande defesa em chute de André Cunha.</video>
    <narracao id="43466" momento="1ºT" tempo="39">DESARMADO! O atacante Pedro Oldoni recebe passe em profundidade, domina na ponta esquerda, mas é facilmente desarmado pelo zagueiro Ivan.</narracao>
    <narracao id="43469" momento="1ºT" tempo="41">FALTA PERIGOSA PARA O ATLÉTICO! Wendel derruba Evandro no lado esquerdo do ataque atleticano. O árbitro marca a falta e é chance de cruzamento para a área do Fortaleza...</narracao>
    <narracao id="43470" momento="1ºT" tempo="42">...TIRA A ZAGA! Evandro cobra a falta para a área do Fortaleza. O atacante Nunes aparece para ajudar a defesa e afasta de cabeça.</narracao>
    <narracao id="43473" momento="1ºT" tempo="43">MAIS UM! O árbitro aponta um minuto de acréscimo no primeiro tempo.</narracao>
    <narracao id="43480" momento="1ºT" tempo="45">Jorge Mutt recebe na entrada da área do Atlético e arrisca para o gol de Cléber. A bola desvia na zaga e sai para escanteio...</narracao>
    <narracao id="43482" momento="1ºT" tempo="46">... Após cobrança de escanteio para a área do Atlético, a zaga aparece bem para cortar mais uma.</narracao>
    <narracao id="43483" momento="1ºT" tempo="46">TERMINA O PRIMEIRO TEMPO!</narracao>
    <momento id="43484" momento="I">Show do intervalo</momento>
    <narracao id="43494" momento="I" tempo="0">O Fortaleza joga melhor. A equipe visitante tem mais a posse e leva mais perigo no ataque. O Tricolor peca apenas nas finalizações. O Atlético-PR pouco criou na etapa inicial e passou a maior parte do primeiro tempo se defendendo.</narracao>
    <momento id="43511" momento="2ºT">Segundo tempo</momento>
    <substituicao id="43597" momento="2ºT" tempo="0" ico="/Portal/esportes/temporeal/swf/icos/substituicao.swf">Fortaleza faz substituição: entra Ramalho, sai Mazinho Lima</substituicao>
    <narracao id="43513" momento="2ºT" tempo="1">BOLA ROLANDO PARA O SEGUNDO TEMPO!</narracao>
    <cartao id="43520" momento="2ºT" atletaId="5180" tempo="1" ico="/Portal/esportes/temporeal/swf/icos/cartao_vermelho.swf" cor="vermelho">Jorge Mutt - Meia dá uma entrada por trás, leva o segundo amarelo e acaba expulso da partida.</cartao>
    <video id="43554" momento="2ºT" video="502556"> Veja o vídeo:  1' Jorge Mutt é expulso da partida.</video>
    <narracao id="43527" momento="2ºT" tempo="3">NÃO DOMINOU! O meia Evandro descola passa para Jancarlos no lado direito de ataque do Atlético. O lateral não consegue dominar a bola e ainda faz falta no zagueiro adversário.</narracao>
    <cartao id="43530" momento="2ºT" atletaId="6984" tempo="5" ico="/Portal/esportes/temporeal/swf/icos/cartao_amarelo.swf" cor="amarelo">Ferreira - Meia faz falta dura e acaba punido com o cartão amarelo.</cartao>
    <narracao id="43531" momento="2ºT" tempo="6">MAAAAL! O zagueiro Alan cobra falta de longe e tenta para o gol. O chute é muito forte e a bola sai por cima do gol de Cléber.</narracao>
    <narracao id="43539" momento="2ºT" tempo="8">Ivan apoia pelo lado direito e tenta cruzamento. A bola desvia na zaga atleticana e sai pela linha de fundo. É escanteio para o Fortaleza...</narracao>
    <narracao id="43541" momento="2ºT" tempo="9">...TIRA A ZAGA! Após cobrança de escanteio para a área do Atlético-PR, o zagueiro Danilo aparece bem e afasta de cabeça.</narracao>
    <substituicao id="43610" momento="2ºT" tempo="11" ico="/Portal/esportes/temporeal/swf/icos/substituicao.swf">Atlético-PR faz substituição: entra Válber, sai Evandro</substituicao>
    <substituicao id="43611" momento="2ºT" tempo="11" ico="/Portal/esportes/temporeal/swf/icos/substituicao.swf">Atlético-PR faz substituição: entra Dênis Marques, sai Pedro Oldoni</substituicao>
    <narracao id="43558" momento="2ºT" tempo="13">Mesmo com um jogador a menos em campo, o Fortaleza permanece com mais posse de bola e ainda chega mais ao ataque.</narracao>
    <narracao id="43565" momento="2ºT" tempo="15">PERTO! O lateral André Cunha cobra falta da intermediária e cruza para a área do Atlético. O meia Wendel sobe bem, mas testa à direita do gol de Cléber. </narracao>
    <video id="43579" momento="2ºT" video="502566"> Veja o vídeo:  15' Wendel testa com perigo para o gol de Cléber.</video>
    <narracao id="43573" momento="2ºT" tempo="17">NA BARREIRA! O meia Cristian cobra falta de longe e tenta direto para o gol. O chute sai forte e rasteiro, mas a bola explode na barreira.</narracao>
    <narracao id="43581" momento="2ºT" tempo="19">As duas equipes erram muitos passes e o jogo está muito truncado neste momento. Poucas chances de gol para os dois lados.</narracao>
    <narracao id="43586" momento="2ºT" tempo="22">MUITO FORTE! O meia Ferreira domina no campo de defesa e tenta lançamento longo para Neto Baiano na área do Fortaleza. O passe sai muito forte e o goleiro Márcio sai para defender.</narracao>
    <narracao id="43595" momento="2ºT" tempo="24">POR CIMA! O meia Erandir domina na intermediária de ataque e arrisca chute de longe. A bola é muito forte e sai por cima do gol de Márcio.</narracao>
    <substituicao id="43598" momento="2ºT" tempo="27" ico="/Portal/esportes/temporeal/swf/icos/substituicao.swf">Fortaleza faz substituição: entra Anderson, sai Nunes</substituicao>
    <narracao id="43607" momento="2ºT" tempo="29">MÁRCIO! O meia Válber recebe no lado direito de ataque, corta para o meio e arrisca. A bola sai forte e rasteira, mas vai no meio do gol. Márcio cai bem e encaixa.</narracao>
    <video id="43660" momento="2ºT" video="502587"> Veja o vídeo:  29' Válber chuta forte para a defesa de Márcio.</video>
    <substituicao id="43612" momento="2ºT" tempo="31" ico="/Portal/esportes/temporeal/swf/icos/substituicao.swf">Atlético-PR faz substituição: entra Herrera, sai Ferreira</substituicao>
    <narracao id="43631" momento="2ºT" tempo="34">FORTE! Jancarlos recebe no lado direito de ataque e tenta cruzamento para a área do Fortaleza. O lateral pega mal na bola, com muita força, e manda direto pela linha de fundo.</narracao>
    <narracao id="43638" momento="2ºT" tempo="36">É PÊNALTI PARA O ATLÉTICO-PR! O atacante Neto Baiano invade a área do Fortaleza pelo lado esquerdo e é derrubado pelo goleiro Márcio. O árbitro marca o pênalti para a equipe paranaense!</narracao>
    <cartao id="43670" momento="2ºT" atletaId="3134" tempo="36" ico="/Portal/esportes/temporeal/swf/icos/cartao_amarelo.swf" cor="amarelo">Márcio - Goleiro recebe o amarelo pelo pênalti cometido.</cartao>
    <cartao id="43673" momento="2ºT" atletaId="6277" tempo="37" ico="/Portal/esportes/temporeal/swf/icos/cartao_amarelo.swf" cor="amarelo">Alan - Zagueiro recebe o amarelo por reclamação.</cartao>
    <narracao id="43648" momento="2ºT" tempo="38">PERDEU!!!!!! Herrera cobra o pênalti muito mal, no meio do gol. O goleiro Márcio pula para a direita e acaba defendendo com os pés. No rebote, Herrera tenta de novo mas fura a bola! </narracao>
    <video id="43677" momento="2ºT" video="502593"> Veja o vídeo:  38' Herrera perde pênalti e fura o rebote.</video>
    <narracao id="43656" momento="2ºT" tempo="41">TIRA A ZAGA! O meia Erandir cobra falta do lado esquerdo de ataque e levanta para a área do Fortaleza. O zagueiro Alan aparece bem e afasta de cabeça.</narracao>
    <narracao id="43667" momento="2ºT" tempo="44">MAIS TRÊS! O árbitro aponta três minutos de acréscimo na etapa final.</narracao>
    <narracao id="43680" momento="2ºT" tempo="47">Finazzi tenta jogada individual pela ponta direita, mas acaba desarmado pelo zagueiro Danilo.</narracao>
    <narracao id="43682" momento="2ºT" tempo="48">TERMINA O JOGO!</narracao>
    <momento id="43683" momento="E">Final de jogo</momento>
    <narracao id="43690" momento="E" tempo="0">O jogo foi fraco tecnicamente. As duas equipes erraram muitos passes e mostraram dificuldade em chegar ao ataque. O Fortaleza jogou o segundo tempo todo com um jogador a menos, mas mesmo assim conseguiu ser melhor. O Atlético-PR jogou muito mal.</narracao>
  </lances>
</lancealance>
