<?xml version="1.0" encoding="UTF-8"?>
<lancealance cobertura="1193" leitura="0">
  <placar>
    <equipe id="001" url="" nome="Cruzeiro" escudo="/FlashShow/0,,6588,00.swf" resultado="0" abreviacao="CRU"/>
    <equipe id="002" url="" nome="Goiás" escudo="/FlashShow/0,,7681,00.swf" resultado="0" abreviacao="GOI"/>
  </placar>
  <lances>
    <narracao id="44587" momento="PJ" tempo="0">Cruzeiro e Goiás se enfrentam às 16h.</narracao>
    <momento id="44588" momento="PJ">Pré-jogo</momento>
    <narracao id="44590" momento="PJ" tempo="0">A tendência é que a equipe goiana entre em campo com a mesma formação que jogou na última partida. Com isso, o atacante angolano Johnson e o meia Romerito devem ficar no banco de reservas.</narracao>
    <narracao id="44592" momento="PJ" tempo="0">Oitavo colocado no Brasileiro, o Goiás conseguiu na última quinta-feira o que nenhum time no campeonato ainda tinha conseguido: perder para o Santa Cruz (2 a 1), lanterna isolado do campeonato, que em dez jogos havia conseguido apenas três empates.</narracao>
    <narracao id="44594" momento="PJ" tempo="0">O atacante Élber continua fora da equipe, já que ainda faz treinos físicos. Sorte para Alecsandro, que voltou a ser titular ao lado de Gil contra o Timão e já deixou a sua marca.</narracao>
    <narracao id="44597" momento="PJ" tempo="0">PC Gusmão poderá contar ainda com o volante Martinez, que jogará com uma proteção na mão esquerda, inchada em virtude de uma pancada. Recuperado de um edema ósseo no pé esquerdo, o volante Fábio Santos voltou aos treinos junto com o zagueiro Teco e o meia Sandro, que estão livres de lesões musculares. O treinador, no entanto, só pretende aproveitá-los na próxima rodada.</narracao>
    <narracao id="44599" momento="PJ" tempo="0">O zagueiro Thiago Heleno recebeu o terceiro amarelo na vitória contra o Corinthians e será substituído por Eliezio, de apenas 19 anos. O jogador estréia como titular e sonha com uma tarde de gala diante da torcida celeste.</narracao>
    <narracao id="44600" momento="PJ" tempo="0">Atual líder do Brasileiro, com 24 pontos, o time de PC Gusmão não teve dificuldades para passar pelo Corinthians, campeão Brasileiro, na última quarta-feira. Com a vitória, a Raposa somou oito jogos de invencibilidade e espera não ter problemas também contra o Goiás.</narracao>
    <momento id="44633" momento="1ºT">Primeiro tempo</momento>
    <narracao id="44634" momento="1ºT" tempo="1">BOLA ROLANDO NO MINEIRÃO!</narracao>
    <narracao id="44645" momento="1ºT" tempo="4">JOGO PARADO! O atacante Souza recebeu uma entrada dura e está caído no gramado do Mineirão. </narracao>
    <narracao id="44649" momento="1ºT" tempo="5">Após cobrança de escanteio para a área do Cruzeiro, o atacante Johnson sobe sozinho, mas testa à esquerda do gol de Fábio.</narracao>
    <narracao id="44660" momento="1ºT" tempo="8">TIRA A ZAGA! O meia Leandro Bomfim recebe no campo de defesa e tenta lançamento longo para Jonathan. O zagueiro Fabiano se antecipa bem e afasta de cabeça.</narracao>
    <narracao id="44665" momento="1ºT" tempo="11">FÁBIO! O atacante Souza recebe no lado esquerdo de ataque e ajeita para chute de Cléber da entrada da área. O meia chuta muito forte, no lado direito, e o goleiro Fábio faz grande defesa!</narracao>
    <video id="44688" momento="1ºT" video="504695"> Veja o vídeo:  11' Cléber solta a bomba para a defesa de Fábio.</video>
    <narracao id="44671" momento="1ºT" tempo="13">SAIU BEM! Souza desce pelo lado esquerdo, chega à linha de fundo e cruza rasteiro. O goleiro Fábio sai muito bem do gol e salva a equipe mineira!</narracao>
    <narracao id="44675" momento="1ºT" tempo="14">PAROU! Leonardo levanta para a área do Cruzeiro. O árbitro pára o lance e marca falta do ataque goiano.</narracao>
    <narracao id="44685" momento="1ºT" tempo="17">GOIÁS MELHOR! O time visitante domina o jogo até aqui. O Goiás troca muitos passes no campo de ataque e cria as melhores chances. O Cruzeiro está recuado.</narracao>
    <narracao id="44695" momento="1ºT" tempo="19">UUUUUH! Alecsandro recebe no lodo direito de ataque, adianta e solta a bomba. O goleiro Harlei se estica todo e manda para escanteio. Primeiro bom ataque do Cruzeiro. </narracao>
    <video id="44722" momento="1ºT" video="504705"> Veja o vídeo:  19' Alecsandro chuta forte para a defesa de Harlei.</video>
    <narracao id="44698" momento="1ºT" tempo="21">É PÊNALTI!!!!!!!!!!!!!! O atacante Alecsandro invade a área do Goiás, pelo lado direito, tenta passar por Harlei e é derrubado. O árbitro marca o pênalti para o Cruzeiro!</narracao>
    <narracao id="44705" momento="1ºT" tempo="23">MANDOU VOLTAR! Alecsandro bate mal e o goleiro Harlei defende com os pés. O árbitro manda voltar a cobrança alegando que o goleiro se adiantou.</narracao>
    <cartao id="44739" momento="1ºT" atletaId="5237" tempo="23" ico="/Portal/esportes/temporeal/swf/icos/cartao_amarelo.swf" cor="amarelo">Fabiano - Zagueiro reclama da marcação do pênalti e recebe o cartão amarelo.</cartao>
    <narracao id="44709" momento="1ºT" tempo="24">DEFENDEU!!!!! Alecsandro vai para mais uma cobrança e bate mal de novo. O goleiro Harlei pula para o lado direito e defende mais uma cobrança! </narracao>
    <video id="44728" momento="1ºT" video="504710"> Veja o vídeo:  24' Alecsandro desperdiça cobrança de pênalti.
</video>
    <narracao id="44718" momento="1ºT" tempo="27">POR CIMA! Cléber domina no lado direito de ataque e levanta para a área. A zaga corta para a entrada da área, onde Welliton pega de primeira. A bola sai por cima do gol de Fábio.</narracao>
    <video id="44762" momento="1ºT" video="504717"> Veja o vídeo:  27' Wellinton pega de primeira, para fora.
</video>
    <narracao id="44733" momento="1ºT" tempo="31">PAROU! O atacante Souza domina na entrada da área e tenta passar por Eliésio. O árbitro pára o lance e marca a falta de ataque. </narracao>
    <narracao id="44747" momento="1ºT" tempo="34">NA HORA H! O atacante Gil recebe na intermediária de ataque e descola bom passe para Wagner na área do Goías. O meia domina de costas para o gol, faz um bonito giro, mas é desarmado por Fabiano no momento da conclusão.</narracao>
    <narracao id="44755" momento="1ºT" tempo="37">NADA! O meia Wagner recebe na entrada da área do Goiás, não consegue passar pelo adversário e cai pedindo a falta. O árbitro não marca nada e manda o jogo seguir. </narracao>
    <narracao id="44770" momento="1ºT" tempo="41">Welliton cobra escanteio do lado direito e tenta direto para o gol. O goleiro Fábio, atento, espalma para novo escanteio...</narracao>
    <narracao id="44773" momento="1ºT" tempo="42">... MUITO FORTE! Welliton cobra escanteio muito forte. A bola vai direto pela linha de fundo.</narracao>
    <video id="44811" momento="1ºT" video="504725"> Veja o vídeo:  42' Johnson, do Goias, chuta em cima do zagueiro.</video>
    <cartao id="44776" momento="1ºT" atletaId="3870" tempo="43" ico="/Portal/esportes/temporeal/swf/icos/cartao_amarelo.swf" cor="amarelo">Cléber Gaúcho - Meia faz falta dura e é punido com o cartão amarelo.</cartao>
    <narracao id="44777" momento="1ºT" tempo="44">MAIS DOIS! O árbitro aponta dois minutos de acréscimo no primeiro tempo.</narracao>
    <video id="44808" momento="1ºT" video="504726"> Veja o vídeo:  45' Martinez, do Cruzeiro, quase marca em cobrança de falta</video>
    <narracao id="44779" momento="1ºT" tempo="47">TERMINA O PRIMEIRO TEMPO!</narracao>
    <momento id="44780" momento="I">Show do intervalo</momento>
    <narracao id="44784" momento="I" tempo="0">O primeiro tempo foi equilibrado, mas fraco em emoção. As duas equipes criaram poucas chances reais de gol. O cruzeiro chegou perto após um pênalti mal marcado pelo árbitro. Alecsandro cobrou duas vezes, mas não conseguiu abrir o placar. </narracao>
    <momento id="44813" momento="2ºT">Segundo tempo</momento>
    <narracao id="44814" momento="2ºT" tempo="1">ROLA A BOLA PARA O SEGUNDO TEMPO!</narracao>
    <narracao id="44821" momento="2ºT" tempo="1">PERIGO! O goleiro Fábio sai da área para dominar uma bola, tenta um drible em Souza na lateral esquerda e perde. O atacante tenta cruzamento para a área, mas a zaga do Cruzairo corta.</narracao>
    <video id="44854" momento="2ºT" video="504739"> Veja o vídeo:  1' Goleiro Fábio, do Cruzeiro, tenta sair jogando e se enrola.</video>
    <video id="44885" momento="2ºT" video="504743"> Veja o vídeo:  2' Jadílson, do Goias, chuta e manda para fora.
</video>
    <narracao id="44825" momento="2ºT" tempo="3">FORA! Jadílson recebe no lado esquerdo de ataque, corta para o meio e chuta forte. A bola vai na rede pelo lado de fora!</narracao>
    <substituicao id="44939" momento="2ºT" tempo="6" ico="/Portal/esportes/temporeal/swf/icos/substituicao.swf">Cruzeiro faz substituição: entra Francismar, sai Júlio César</substituicao>
    <narracao id="44847" momento="2ºT" tempo="9">HARLEI! Leandro Bomfim recebe na intermediária e arrisca de longe. O chute sai muito forte, mas o goleiro Harlei cai bem e defende!</narracao>
    <video id="44891" momento="2ºT" video="504748"> Veja o vídeo:  9' Leandro Bomfim, do Cruzeiro, chuta e Harlei pega.</video>
    <cartao id="44853" momento="2ºT" atletaId="103" tempo="10" ico="/Portal/esportes/temporeal/swf/icos/cartao_amarelo.swf" cor="amarelo">Souza - Atacante faz falta dura e acaba punido com o cartão amarelo.</cartao>
    <narracao id="44858" momento="2ºT" tempo="12">Edu Dracena domina na entrada da área do Goiás e chuta forte. O goleiro Harlei cai bem e faz mais uma boa defesa!</narracao>
    <video id="44892" momento="2ºT" video="504751"> Veja o vídeo:  12' Harlei defende chute de Alecsandro do Cruzeiro.
</video>
    <substituicao id="44968" momento="2ºT" tempo="14" ico="/Portal/esportes/temporeal/swf/icos/substituicao.swf">Goiás faz substituição: entra Hugo Leonardo, sai Welliton</substituicao>
    <narracao id="44870" momento="2ºT" tempo="15">Lance Feio - MAAAAAL! Alecsandro recebe ótimo passe e domina no lado direito da área do Goiás. O atacante fica de frente para o goleiro Harlei, tenta o chute, mas fura a bola e cai!</narracao>
    <narracao id="44878" momento="2ºT" tempo="16">PERTO! O meia Wagner cobra falta da entrada da área. A bola passa muito perto do travessão, mas sai por cima do gol de Harlei!</narracao>
    <substituicao id="44940" momento="2ºT" tempo="20" ico="/Portal/esportes/temporeal/swf/icos/substituicao.swf">Cruzeiro faz substituição: entra Carlinhos Bala, sai Alecsandro</substituicao>
    <narracao id="44904" momento="2ºT" tempo="21">CAIU SOZINHO! O atacante Carlinhos Bala recebe passe em profundidade no lado direito de ataque, tenta dominar, mas acaba se desequilibrando e cai sozinho. </narracao>
    <narracao id="44916" momento="2ºT" tempo="25">QUASE! O atacante Gil desce pelo lado direito e descola cruzamento rasteiro para a área. Carlinhos Bala não consegue concluir e a zaga corta para a entrada da área. Wagner aparece bem, mas não consegue dominar.</narracao>
    <video id="44961" momento="2ºT" video="504761"> Veja o vídeo:  26' Hugo Leonardo, do Goias, perde boa chance.</video>
    <substituicao id="44969" momento="2ºT" tempo="26" ico="/Portal/esportes/temporeal/swf/icos/substituicao.swf">Goiás faz substituição: entra Luciano Almeida, sai Cléber Gaúcho</substituicao>
    <substituicao id="44941" momento="2ºT" tempo="31" ico="/Portal/esportes/temporeal/swf/icos/substituicao.swf">Cruzeiro faz substituição: entra Diego, sai Leandro Bomfim</substituicao>
    <narracao id="44955" momento="2ºT" tempo="34">JOGO FRACO! As duas equipes erram muitos passes e não conseguem criar boas oportunidades no campo de ataque. O placar sem gols é o retrato da partida até aqui: sem qualidade!</narracao>
    <video id="44989" momento="2ºT" video="504774"> Veja o vídeo:  37' Johnson, do Goias, solta a bomba e Fábio pega.</video>
    <narracao id="44965" momento="2ºT" tempo="39">FORA! Carlinhos Bala recebe na entrada da área e solta a bomba. O chute sai muito forte e a bola vai por cima do gol de Harlei.</narracao>
    <substituicao id="44970" momento="2ºT" tempo="41" ico="/Portal/esportes/temporeal/swf/icos/substituicao.swf">Goiás faz substituição: entra Leyrielton, sai Jadílson</substituicao>
    <narracao id="44982" momento="2ºT" tempo="43">MAAAAL! Após cruzamento para a área do Goiás, o atacante Carlinhos Bala aparece livre no segundo pau, mas chuta torto. A bola sai longe do gol de Harlei.</narracao>
    <narracao id="44984" momento="2ºT" tempo="44">MAIS TRÊS! O árbitro aponta três minutos de acréscimo no segundo tempo.</narracao>
    <narracao id="44992" momento="2ºT" tempo="46">POR CIMA! Souza recebe na área do Cruzeiro e arrisca. A bola sai por cima do gol de Fábio.</narracao>
    <narracao id="44994" momento="2ºT" tempo="48">TERMINA A PARTIDA!</narracao>
    <momento id="44995" momento="E">Final de jogo</momento>
  </lances>
</lancealance>
