<?xml version="1.0" encoding="UTF-8"?>
<lancealance cobertura="1234" leitura="0">
  <placar>
    <equipe id="001" url="" nome="Palmeiras" escudo="/FlashShow/0,,7255,00.swf" resultado="4" abreviacao="PAL"/>
    <equipe id="002" url="" nome="Paraná" escudo="/FlashShow/0,,6598,00.swf" resultado="2" abreviacao="PAR"/>
  </placar>
  <lances>
    <narracao id="47198" momento="PJ" tempo="0">Palmeiras e Paraná se enfrentam às 18h10m.</narracao>
    <momento id="47199" momento="PJ">Pré-jogo</momento>
    <momento id="47200" momento="1ºT">Primeiro tempo</momento>
    <narracao id="47202" momento="1ºT" tempo="1">Bola rolando no Palestra Itália!</narracao>
    <narracao id="47208" momento="1ºT" tempo="3">Paulo Baier recebe bom passe na ponta direita e cruza. Ninguém aparece para concluir.</narracao>
    <narracao id="47209" momento="1ºT" tempo="4">Leonardo recebe na ponta direita, mas o árbitro marca o impedimento.</narracao>
    <video id="47232" momento="1ºT" video="512295"> Veja o vídeo:  5' Diego defende cobrança de falta do Paraná.</video>
    <narracao id="47212" momento="1ºT" tempo="7">NA TRAVE! Leonardo recebe livre na entrada da área e chuta rasteiro. A bola bate caprichosamente na trave do gol de Diego!</narracao>
    <video id="47229" momento="1ºT" video="512294"> Veja o vídeo:  7' Leonardo acerta a trave do Palmeiras.</video>
    <video id="47242" momento="1ºT" video="512298"> Veja o vídeo:  9' Chute de Edmundo leva perigo ao gol do Paraná.</video>
    <cartao id="47214" momento="1ºT" atletaId="3347" tempo="10" ico="/Portal/esportes/temporeal/swf/icos/cartao_amarelo.swf" cor="amarelo">Alceu - Meia faz falta dura em Leonardo e é punido com o cartão amarelo. O jogador estava pendurado e não enfrenta o Fortaleza na próxima rodada.</cartao>
    <narracao id="47216" momento="1ºT" tempo="11">Enílton recebe na intermediária, tenta enfiada para Paulo Baier, mas manda nos pés do adversário.</narracao>
    <narracao id="47217" momento="1ºT" tempo="12">Edmundo recebe no lado direito de ataque e arrisca. O chute sai muito forte e a bola sai por cima do gol de Flávio.</narracao>
    <narracao id="47221" momento="1ºT" tempo="15">UUUUUH! Paulo Baier cobra escanteio para a área do Paraná. O zagueiro Daniel sobe muito bem e testa rente à trave do gol de Flávio!</narracao>
    <narracao id="47224" momento="1ºT" tempo="18">POR CIMA! Daniel recebe na intermediária de ataque e arrisca de longe. O chute sai muito forte e a bola vai por cima do gol de Flávio.</narracao>
    <narracao id="47225" momento="1ºT" tempo="19">Juninho invade a área do Paraná pelo lado esquerdo e é desarmado na bola por Emerson...</narracao>
    <narracao id="47227" momento="1ºT" tempo="19">... No contra-ataque, o lateral Edinho recebe na ponta esquerda, corta para o meio e chuta muito perto do gol de Diego. A bola sai à direita.</narracao>
    <cartao id="47234" momento="1ºT" atletaId="12037" tempo="22" ico="/Portal/esportes/temporeal/swf/icos/cartao_amarelo.swf" cor="amarelo">Batista - Meia faz falta dura e é punido com o cartão amarelo.</cartao>
    <cartao id="47236" momento="1ºT" atletaId="1874" tempo="25" ico="/Portal/esportes/temporeal/swf/icos/cartao_amarelo.swf" cor="amarelo">Juninho Paulista - Meia reclama com o árbitro e acaba punido com o cartão amarelo.</cartao>
    <narracao id="47239" momento="1ºT" tempo="27">JOGO PARADO! O meia Batista sofre uma entrada muito dura de Alceu e fica caído no gramado...</narracao>
    <narracao id="47240" momento="1ºT" tempo="28">... Tudo ok com Batista. Bola rolando novamente.</narracao>
    <narracao id="47245" momento="1ºT" tempo="30">MAAAL! Beto recebe de Leonardo na intermediária de ataque, mas lança muito mal. A bola acaba saindo pela linha de fundo.</narracao>
    <gol id="47247" momento="1ºT" atletaId="3871" tempo="31" escudo="/FlashShow/0,,7255,00.swf" contra="0"> GOL DE ENÍLTON  É GOOOOOOOOOOOOOOOOOOOOOOOOOL! Paulo Baier cobra escanteio para a área do Paraná. A zaga corta para cima, o zagueiro Nen desvia de cabeça, e a bola sobra para Enílton livre na pequena área. O atacante chute de frente para Flávio e faz o primeiro do Verdão!</gol>
    <video id="47247v" momento="1ºT" video="512316"> Veja o vídeo: Gol de Enílton.  31' É GOOOOOOOOOOOOOOOOOOOOOOOOOL! Paulo Baier cobra escanteio para a área do Paraná. A zaga corta para cima, o zagueiro Nen desvia de cabeça, e a bola sobra para Enílton livre na pequena área. O atacante chute de frente para Flávio e faz o primeiro do Verdão!</video>
    <narracao id="47251" momento="1ºT" tempo="34">Paulo Baier desce pelo lado esquerdo, não passa por Emerson, mas ganha o escanteio...</narracao>
    <narracao id="47253" momento="1ºT" tempo="35">... PAROU! Após cobrança de escanteio para a área do Paraná, o árbitro pára o lance e marca falta de ataque.</narracao>
    <narracao id="47256" momento="1ºT" tempo="36">Edinho cobra falta da linha de fundo e levanta para a área do Palmeiras. O meia Maicosuel sobe bem, mas testa por cima do gol de Diego.</narracao>
    <cartao id="47257" momento="1ºT" atletaId="3599" tempo="37" ico="/Portal/esportes/temporeal/swf/icos/cartao_amarelo.swf" cor="amarelo">Michael - Lateral faz falta dura e é punido com o cartão amarelo.</cartao>
    <narracao id="47259" momento="1ºT" tempo="39">Ângelo cobra escanteio para a área do Palmeiras. O zagueiro Gustavo sobe bem, mas testa muito fraco. O goleiro Diego faz defesa fácil.</narracao>
    <narracao id="47262" momento="1ºT" tempo="41">ROUBADAS DE BOLA: Palmeias 6 - Paraná 12</narracao>
    <narracao id="47263" momento="1ºT" tempo="43">MAIS DOIS! O árbitro aponta dois minutos de acréscimo no primeiro tempo.</narracao>
    <narracao id="47267" momento="1ºT" tempo="44">MUITO FORTE! Serginho domina no meio e tenta lançamento para Ângelo na ponta direita. O passe sai muito forte e a bola acaba saindo pela linha de fundo.</narracao>
    <narracao id="47270" momento="1ºT" tempo="47">TERMINA O PRIMEIRO TEMPO!</narracao>
    <momento id="47271" momento="I">Show do intervalo</momento>
    <narracao id="47278" momento="I" tempo="0">O jogo está equilibrado. O Palmeiras joga muito pelos lados do campo, principalmente com Paulo Baier pelo lado direito. O Paraná joga recuado, mas leva perigo nos contra-ataques.</narracao>
    <momento id="47280" momento="2ºT">Segundo tempo</momento>
    <substituicao id="47327" momento="2ºT" tempo="0" ico="/Portal/esportes/temporeal/swf/icos/substituicao.swf">Paraná faz substituição: entra Sandro, sai Serginho</substituicao>
    <narracao id="47283" momento="2ºT" tempo="1">Rola a bola para o segundo tempo!</narracao>
    <narracao id="47289" momento="2ºT" tempo="3">Paulo Baier recebe no meio e lança Juninho. O árbitro pára o lance e marca a posição de impedimento.</narracao>
    <narracao id="47290" momento="2ºT" tempo="4">IMPEDIMENTOS: Palmeiras 4 - Paraná 3</narracao>
    <narracao id="47292" momento="2ºT" tempo="5">INCRÍVEL! Ângelo recebe no lado direito de ataque e chuta forte. O goleiro Diego falha eo zagueiro Nen tira a bola de cima da linha! QUASE O EMPATE!</narracao>
    <video id="47304" momento="2ºT" video="512330"> Veja o vídeo:  5' Nen salva o gol do Paraná após falha de Diego.</video>
    <narracao id="47293" momento="2ºT" tempo="6">PARA FORA! Edinho desce pelo lado esquerdo e cruza. O meia Sandro sobe bem, mas testa à esquerda do gol de Diego.</narracao>
    <narracao id="47294" momento="2ºT" tempo="7">JOGO AÉREO: Palmeiras 5 - Paraná 11</narracao>
    <narracao id="47296" momento="2ºT" tempo="7">POR CIMA! Edmundo tebala com Paulo Baier na entrada da área e arrisca. O chute sai muito forte e a bola vai por cima!</narracao>
    <narracao id="47297" momento="2ºT" tempo="7">NA TRAVE! Sandro desce pelo lado direito e cruza para trás. O lateral Ângelo aparece livre na entrada da área e solta a bomba. A bola explode no travessão!</narracao>
    <video id="47305" momento="2ºT" video="512331"> Veja o vídeo:  7' Edmundo chuta por cima do gol do Paraná.</video>
    <video id="47313" momento="2ºT" video="512334"> Veja o vídeo:  7' Ângelo acerta a trave do Palmeiras em lindo chute.</video>
    <narracao id="47300" momento="2ºT" tempo="9">UUUUUH! Juninho recebe no lado esquerdo, invade a área do Paraná e cruza rasteiro. O atacante Enílton não alcança por pouco!</narracao>
    <gol id="47301" momento="2ºT" atletaId="2633" tempo="11" escudo="/FlashShow/0,,7255,00.swf" contra="0"> GOL DE EDMUNDO  É GOOOOOOOOOOOOOOOOOOOOOOL! Michel recebe lançamento longo, domina na ponta esquerda e cruza para trás. O atacante aparece livre na área do Paraná e fuzila para o fundo do gol de Flávio! PALMEIRAS 2 a 0!</gol>
    <video id="47301v" momento="2ºT" video="512338"> Veja o vídeo: Gol de Edmundo.  11' É GOOOOOOOOOOOOOOOOOOOOOOL! Michel recebe lançamento longo, domina na ponta esquerda e cruza para trás. O atacante aparece livre na área do Paraná e fuzila para o fundo do gol de Flávio! PALMEIRAS 2 a 0!</video>
    <cartao id="47307" momento="2ºT" atletaId="128" tempo="14" ico="/Portal/esportes/temporeal/swf/icos/cartao_amarelo.swf" cor="amarelo">Daniel - Zagueiro reclama com o árbitro e recebe o cartão amarelo.</cartao>
    <narracao id="47309" momento="2ºT" tempo="16">Edmílson aparece no ataque, recebe na entrada da área e arrisca. O chute é muito forte e a bola sai por cima!</narracao>
    <narracao id="47317" momento="2ºT" tempo="19">Paulo Baier desce pelo lado esquerdo e tenta cruzamento para a área do Paraná. A bola explode nas costas do zagueiro Emerson e sai.</narracao>
    <narracao id="47318" momento="2ºT" tempo="22">Juninho cobra escanteio e o goleiro Flávio sai bem e tira de soco.</narracao>
    <narracao id="47322" momento="2ºT" tempo="24">Maicosuel recebe passe de frente para Diego. O árbitro pára o lance e marca a posição de impedimento.</narracao>
    <narracao id="47324" momento="2ºT" tempo="27">É PÊNALTI!!!! O atacante Sandro recebe na área do Palmeiras e é derrubado. O árbitro marca o pênalti para o Paraná!!</narracao>
    <gol id="47325" momento="2ºT" atletaId="6226" tempo="27" escudo="/FlashShow/0,,6598,00.swf" contra="0"> GOL DE EMERSON  GOOOOOOOOOOOOOOOOOOOOOOOOL! Zagueiro cobra muito bem, rasteiro e no canto esquerdo e faz o primeiro do Paraná na partida.</gol>
    <video id="47325v" momento="2ºT" video="512344"> Veja o vídeo: Gol de Emerson.  27' GOOOOOOOOOOOOOOOOOOOOOOOOL! Zagueiro cobra muito bem, rasteiro e no canto esquerdo e faz o primeiro do Paraná na partida.</video>
    <video id="47343" momento="2ºT" video="512343"> Veja o vídeo:  27' Alceu derruba Sandro. Pênalti para o Paraná!</video>
    <substituicao id="47328" momento="2ºT" tempo="28" ico="/Portal/esportes/temporeal/swf/icos/substituicao.swf">Paraná faz substituição: entra Felipe Alves, sai Beto</substituicao>
    <narracao id="47333" momento="2ºT" tempo="30">Gustavo tenta apoiar pelo lado direito, mas comete falta em Marcinho Guerreiro.</narracao>
    <substituicao id="47351" momento="2ºT" tempo="32" ico="/Portal/esportes/temporeal/swf/icos/substituicao.swf">Palmeiras faz substituição: entra Roger, sai Enílton</substituicao>
    <substituicao id="47352" momento="2ºT" tempo="32" ico="/Portal/esportes/temporeal/swf/icos/substituicao.swf">Palmeiras faz substituição: entra Marcinho, sai Juninho Paulista</substituicao>
    <gol id="47338" momento="2ºT" atletaId="12039" tempo="33" escudo="/FlashShow/0,,6598,00.swf" contra="0"> GOL DE ÂNGELO  É GOOOOOOOOOOOOOOOOOOOOOOOOOOOL! Lateral recebe na ponta direita, corta para o meio e solta a bomba. A bola entra no ângulo direito de Diego! LINDO GOL!</gol>
    <video id="47338v" momento="2ºT" video="512347"> Veja o vídeo: Gol de Ângelo.  33' É GOOOOOOOOOOOOOOOOOOOOOOOOOOOL! Lateral recebe na ponta direita, corta para o meio e solta a bomba. A bola entra no ângulo direito de Diego! LINDO GOL!</video>
    <gol id="47341" momento="2ºT" atletaId="6649" tempo="35" escudo="/FlashShow/0,,7255,00.swf" contra="0"> GOL DE ROGER  É GOOOOOOOOOOOOOOOOOL! Em contra ataque rápido, Paulo Baier recebe na ponta direita e cruza rasteiro. O meia aparece livre no segundo pau e manda para o fundo do gol de Flávio! PALMEIRAS NA FRENTE!</gol>
    <video id="47341v" momento="2ºT" video="512348"> Veja o vídeo: Gol de Roger.  35' É GOOOOOOOOOOOOOOOOOL! Em contra ataque rápido, Paulo Baier recebe na ponta direita e cruza rasteiro. O meia aparece livre no segundo pau e manda para o fundo do gol de Flávio! PALMEIRAS NA FRENTE!</video>
    <substituicao id="47353" momento="2ºT" tempo="38" ico="/Portal/esportes/temporeal/swf/icos/substituicao.swf">Palmeiras faz substituição: entra Roger Bernardo, sai Michael</substituicao>
    <gol id="47349" momento="2ºT" atletaId="3347" tempo="41" escudo="/FlashShow/0,,7255,00.swf" contra="0"> GOL DE ALCEU  É GOOOOOOOOOOOOOOOOOOOOOOL! Meia cobra falta da intermediária e solta a bomba. O chute sai muito forte e a bola entra no ângulo esquerdo do gol de Flávio. GOLAÇO!</gol>
    <video id="47349v" momento="2ºT" video="512355"> Veja o vídeo: Gol de Alceu.  41' É GOOOOOOOOOOOOOOOOOOOOOOL! Meia cobra falta da intermediária e solta a bomba. O chute sai muito forte e a bola entra no ângulo esquerdo do gol de Flávio. GOLAÇO!</video>
    <narracao id="47354" momento="2ºT" tempo="43">MAIS TRÊS! Árbitro aponta três minutos de acréscimo no segundo tempo!</narracao>
    <narracao id="47357" momento="2ºT" tempo="45">UUUUUUH! Alceu cobra mais uma falta de muito longe. O chute sai muito forte e a bola sai por pouco por cima do gol de Flávio.</narracao>
    <narracao id="47358" momento="2ºT" tempo="48">TERMINA A PARTIDA! </narracao>
    <momento id="47359" momento="E">Final de jogo</momento>
  </lances>
</lancealance>
