<?xml version="1.0" encoding="UTF-8"?>
<lancealance cobertura="1239" leitura="0">
  <placar>
    <equipe id="001" url="" nome="Atlético-PR" escudo="/FlashShow/0,,6584,00.swf" resultado="1" abreviacao="APR"/>
    <equipe id="002" url="" nome="Flamengo" escudo="/FlashShow/0,,13453,00.swf" resultado="0" abreviacao="FLA"/>
  </placar>
  <lances>
    <narracao id="47379" momento="PJ" tempo="0">Atlético-PR e Flamengo se enfrentam às 16h.</narracao>
    <momento id="47380" momento="PJ">Pré-jogo</momento>
    <narracao id="47382" momento="PJ" tempo="0">Para que sua reestréia no Atlético seja com o pé direito, Vadão vai contar com um apoio importante. O atacante Dagoberto foi reintegrado ao grupo, voltou aos treinos e será titular no ataque do Furacão.</narracao>
    <narracao id="47384" momento="PJ" tempo="0">O Atlético Paranaense jogará para tentar mudar de astral. Depois da saída do técnico Givanildo de Oliveira, há uma semana, após um primeiro semestre desastroso do Furacão, a chegada do técnico Oswaldo Alvarez é a esperança de dias melhores para a torcida atleticana.</narracao>
    <narracao id="47386" momento="PJ" tempo="0">O Flamengo terá três desfalques: o zagueiro Ronaldo Angelim, o meia Renato Augusto e o atacante Luizão. O esquema 3-6-1 será mantido. Rodrigo Arroz segue na defesa, Léo Medeiros entra no meio e Obina fica isolado no ataque.</narracao>
    <narracao id="47388" momento="PJ" tempo="0">O técnico Ney Franco quer que o time mude rapidamente o foco. Esqueça as comemorações da Copa do Brasil e volte a se concentrar no Brasileiro. Pena que o Flamengo não vence o Atlético-PR pela competição fora de casa há 12 partidas. Sendo que perdeu as quatro últimas, sofrendo 12 gols e fazendo apenas dois.</narracao>
    <narracao id="47390" momento="PJ" tempo="0">O duelo de rubro-negros promete ser muito disputado, pois os dois times estão em situação delicada na competição (o Atlético Paranaense é 14º e o Flamengo 15º, ambos com 14 pontos).</narracao>
    <momento id="47412" momento="1ºT">Primeiro tempo</momento>
    <narracao id="47413" momento="1ºT" tempo="1">BOLA ROLANDO EM CURITIBA!</narracao>
    <narracao id="47423" momento="1ºT" tempo="3">Flamengo joga com o uniforme branco. O Atlético veste o rubro-negro.</narracao>
    <narracao id="47425" momento="1ºT" tempo="5">Ferreira domina no lado direito de ataque, tenta passe para Dagoberto na área do Fla, mas manda nos pés do zagueiro.</narracao>
    <narracao id="47430" momento="1ºT" tempo="6">UUUUUH! Juan domina na intermediária, passa por dois adversários e arrisca. O chute sai forte e a bola sai passando muito perto do travessão!</narracao>
    <narracao id="47434" momento="1ºT" tempo="8">PERDEU! Obina dá um lindo passe de bicicleta e coloca Renato de frente para Cléber. O meia chuta muito fraco e perde ótima chance para o Fla!</narracao>
    <narracao id="47436" momento="1ºT" tempo="10">MAAAAL! O meia Cristian domina na intermediária e arrisca. O chute é muito forte e a bola sai longe do gol de Diego.</narracao>
    <narracao id="47440" momento="1ºT" tempo="11">Dênis Marques invade a área do Fla pelo lado esquerdo e rola para trás. O atacante Dagoberto aparece para concluir, mas pega mal. A bola sai à esquerda do gol de Diego.</narracao>
    <narracao id="47447" momento="1ºT" tempo="13">Cristian invade a área do Fla pelo lado esquerdo e Fernando chega com tudo e desarma de carrinho.</narracao>
    <narracao id="47459" momento="1ºT" tempo="16">O Atlético tem mais posse de bola até aqui. A equipe curitibana troca passes no campo de ataque. O Flamengo está recuado e tenta explorar os contra-ataques.</narracao>
    <narracao id="47462" momento="1ºT" tempo="18">Obina domina na estrada dá área, dá um lindo drible na marcação e solta a bomba. O chute sai forte, mas o goleiro Cléber encaixa.</narracao>
    <video id="47514" momento="1ºT" video="512543"> Veja o vídeo:  18' Obina chuta de fora da área.
</video>
    <narracao id="47466" momento="1ºT" tempo="19">Léo Moura recebe no lado direito de ataque e descola ótimo cruzamento para Renato. O meia não domina direito e perde boa chance para o Flamengo.</narracao>
    <video id="47517" momento="1ºT" video="512545"> Veja o vídeo:  20' Diego, do Flamengo, tem que defender com o pé na pequena área.</video>
    <narracao id="47475" momento="1ºT" tempo="22">Léo Medeiros recebe bom passe de Juan na área do Atlético, domina no lado esquerdo, mas é desarmado por João Leonardo.</narracao>
    <cartao id="47477" momento="1ºT" atletaId="5022" tempo="24" ico="/Portal/esportes/temporeal/swf/icos/cartao_amarelo.swf" cor="amarelo">Juan - Lateral faz falta dura e é punido com o cartão amarelo.</cartao>
    <cartao id="47561" momento="1ºT" atletaId="2942" tempo="25" ico="/Portal/esportes/temporeal/swf/icos/cartao_amarelo.swf" cor="amarelo">Alan Bahia - Meia faz falta dura e é punido com o cartão amarelo.</cartao>
    <narracao id="47485" momento="1ºT" tempo="26">DIEGO!!!! Ferreira arrisca da entrada da área. A bola desvia na zaga e sobra para Dênis Marques na pequena área! O atacante chuta forte e o goleiro Diego faz milagre!</narracao>
    <video id="47520" momento="1ºT" video="512548"> Veja o vídeo:  26' Diego, do Flamengo faz defesa difícil na área.</video>
    <narracao id="47490" momento="1ºT" tempo="28">Léo Medeiros levanta para a área do Atlético. O goleiro Cléber sai bem e tira de soco!</narracao>
    <narracao id="47494" momento="1ºT" tempo="30">FALTA PERIGOSA! Dênis Marques é derrubado no lado direito de ataque. Chance de cruzamento para a área do Fla!</narracao>
    <narracao id="47496" momento="1ºT" tempo="31">TIRA A ZAGA! Dagoberto cobra para a área e o meia Renato afasta com os pés.</narracao>
    <narracao id="47503" momento="1ºT" tempo="33">Após cobrança de escanteio para a área do Fla, o meia Marcelo Silva sobe bem, mas testa por cima do gol de Diego.</narracao>
    <video id="47542" momento="1ºT" video="512557"> Veja o vídeo:  33' Paulinho, do Flamengo, toca a mão na bola na área.</video>
    <narracao id="47510" momento="1ºT" tempo="36">NA TRAVE!!!!! Após cobrança de escanteio para a área do Atlético, a zaga corta nos pés de Léo Medeiros na entrada da área. O meia arrisca de virada e manda no travessão de Cléber!</narracao>
    <video id="47539" momento="1ºT" video="512558"> Veja o vídeo:  36' Léo Medeiros, do Flamengo, chuta na trave.</video>
    <narracao id="47512" momento="1ºT" tempo="37">PRESSÃO DO FLA! Léo Moura levanta para a área e o zagueiro Renato Silva testa com muito perigo! O goleiro Cléber faz grande defesa!</narracao>
    <narracao id="47529" momento="1ºT" tempo="41">Obina domina na intermediária e solta a bomba! A passa perto do travessão e sai por pouco!</narracao>
    <narracao id="47544" momento="1ºT" tempo="44">MAIS DOIS! O árbitro aponta dois minutos de acréscimo no primeiro tempo!</narracao>
    <substituicao id="47754" momento="1ºT" tempo="45" ico="/Portal/esportes/temporeal/swf/icos/substituicao.swf">Atlético-PR faz substituição: entra André Rocha, sai Marcelo Silva</substituicao>
    <narracao id="47547" momento="1ºT" tempo="47">TERMINA O PRIMEIRO TEMPO!</narracao>
    <momento id="47550" momento="I">Show do intervalo</momento>
    <narracao id="47558" momento="I" tempo="0">O Atlético teve mais posse de bola na primeira etapa, mas o Flamengo foi mais perigoso. O time carioca chega com objetividade no ataque e conseguiu as melhores oportunidades. TUDO IGUAL AINDA E O SEGUNDO TEMPO PROMETE!</narracao>
    <momento id="47586" momento="2ºT">Segundo tempo</momento>
    <narracao id="47587" momento="2ºT" tempo="1">ROLA A BOLA PARA O SEGUNDO TEMPO!</narracao>
    <narracao id="47603" momento="2ºT" tempo="4">Dagoberto recebe no lado esquerdo de ataque, carrega para o meio e arrisca. O chute sai fraco e o goleiro Diego faz defesa fácil.</narracao>
    <video id="47664" momento="2ºT" video="512598"> Veja o vídeo:  4' Dagoberto, do Atlético-PR faz boa jogada e chuta fraco
</video>
    <narracao id="47608" momento="2ºT" tempo="6">INCRÍVEL! Léo Medeiros recebe ótimo passe e fica de frente para Cléber. O meia chuta muito fraco e perde chance incrível para o Flamengo!</narracao>
    <video id="47667" momento="2ºT" video="512599"> Veja o vídeo:  6' Léo Medeiros, do Flamengo, chuta e goleiro defende.</video>
    <narracao id="47616" momento="2ºT" tempo="9">Toró recebe lançamento longo, domina no lado direito da área do Atlético e chuta. A bola desvia na zaga e sai para escanteio...</narracao>
    <narracao id="47618" momento="2ºT" tempo="10">... SAIU! Após cobrança de escanteio o goleiro Cléber sai bem e tira de soco.</narracao>
    <cartao id="47621" momento="2ºT" atletaId="39" tempo="11" ico="/Portal/esportes/temporeal/swf/icos/cartao_amarelo.swf" cor="amarelo">Renato - Meia faz falta dura e recebe o cartão amarelo.</cartao>
    <narracao id="47627" momento="2ºT" tempo="14">Dênis Marques apoia pelo lado esquerdo e cruza para a área. Dagoberto aparece bem, mas chuta torto.</narracao>
    <narracao id="47629" momento="2ºT" tempo="14">PERDEU! Obina recebe na área do Atlético e chuta da marca do pênalti! O goleiro Cléber faz grande defesa!</narracao>
    <video id="47668" momento="2ºT" video="512603"> Veja o vídeo:  14' Cléber, do Atlético-PR, faz ótima defesa em chute de Renato.</video>
    <narracao id="47633" momento="2ºT" tempo="15">É LÁ E CÁ! Dênis Marques recebe na entrada da área e arrisca. A bola sai por cima do gol de Diego!</narracao>
    <cartao id="47637" momento="2ºT" atletaId="9679" tempo="16" ico="/Portal/esportes/temporeal/swf/icos/cartao_amarelo.swf" cor="amarelo">Leo Medeiros - Meia faz falta dura e é punido com o cartão amarelo.</cartao>
    <narracao id="47647" momento="2ºT" tempo="18">NA TRAVE! Cristian recebe na intermediária e chuta forte. A bola bate caprichosamente na trave do gol de Diego!</narracao>
    <narracao id="47656" momento="2ºT" tempo="20">QUASE! Toró domina na intermediária de ataque e solta a bomba! O goleiro Cléber cai bem e faz ótima defesa!</narracao>
    <substituicao id="47657" momento="2ºT" tempo="21" ico="/Portal/esportes/temporeal/swf/icos/substituicao.swf">Flamengo faz substituição: entra Horacio Peralta, sai Léo Medeiros</substituicao>
    <gol id="47659" momento="2ºT" atletaId="6984" tempo="22" escudo="/FlashShow/0,,6584,00.swf" contra="0"> GOL DE FERREIRA  É GOOOOOOOOOOOL! Em contra ataque veloz, o meia recebe na entrada da área do Fla e chuta com categoria, no canto direito de Diego! O ATLÉTICO SAI NA FRENTE!</gol>
    <video id="47659v" momento="2ºT" video="512608"> Veja o vídeo: Gol de Ferreira.  22' É GOOOOOOOOOOOL! Em contra ataque veloz, o meia recebe na entrada da área do Fla e chuta com categoria, no canto direito de Diego! O ATLÉTICO SAI NA FRENTE!</video>
    <cartao id="47671" momento="2ºT" atletaId="4528" tempo="24" ico="/Portal/esportes/temporeal/swf/icos/cartao_amarelo.swf" cor="amarelo">Cristian - Meia faz falta dura e é punido com o cartão amarelo.</cartao>
    <narracao id="47675" momento="2ºT" tempo="26">Ferreira recebe na entrada da área e tenta chute colocado. A bola sai à esquerda de Diego.</narracao>
    <narracao id="47683" momento="2ºT" tempo="29">FALTA PERIGOSA! Juan é derrubado na entrada da área, pelo lado esquerdo.</narracao>
    <narracao id="47685" momento="2ºT" tempo="30">Peralta cobra a falta por cima.</narracao>
    <cartao id="47695" momento="2ºT" atletaId="6731" tempo="33" ico="/Portal/esportes/temporeal/swf/icos/cartao_vermelho.swf" cor="vermelho">Fernando - Zagueiro faz falta dura em Dênis Marques e é expulso da partida!</cartao>
    <cartao id="47704" momento="2ºT" atletaId="4344" tempo="35" ico="/Portal/esportes/temporeal/swf/icos/cartao_amarelo.swf" cor="amarelo">Horacio Peralta - Atacante reclama com o árbitro e é punido com o cartão amarelo.</cartao>
    <narracao id="47711" momento="2ºT" tempo="37">PERDEU! Juan domina na ponta esquerda e cruza na cabeça de Obina. O atacante testa muito mal e manda por cima!</narracao>
    <video id="47743" momento="2ºT" video="512618"> Veja o vídeo:  37' Obina, do Flamengo, cabeceia por cima do gol</video>
    <substituicao id="47755" momento="2ºT" tempo="41" ico="/Portal/esportes/temporeal/swf/icos/substituicao.swf">Atlético-PR faz substituição: entra Fabrício, sai Dagoberto</substituicao>
    <narracao id="47731" momento="2ºT" tempo="43">MAIS QUATRO!</narracao>
    <narracao id="47747" momento="2ºT" tempo="46">Renato recebe na entrada da área, tenta passe para Obina, mas o atacante não consegue dominar.</narracao>
    <substituicao id="47756" momento="2ºT" tempo="48" ico="/Portal/esportes/temporeal/swf/icos/substituicao.swf">Atlético-PR faz substituição: entra Evandro, sai Ferreira</substituicao>
    <narracao id="47763" momento="2ºT" tempo="50">TERMINA A PARTIDA!</narracao>
    <momento id="47764" momento="E">Final de jogo</momento>
  </lances>
</lancealance>
