<?xml version="1.0" encoding="UTF-8"?>
<lancealance cobertura="1264" leitura="0">
  <placar>
    <equipe id="001" url="" nome="Paraná" escudo="/FlashShow/0,,6598,00.swf" resultado="2" abreviacao="PAR"/>
    <equipe id="002" url="" nome="Vasco" escudo="/FlashShow/0,,13442,00.swf" resultado="1" abreviacao="VAS"/>
  </placar>
  <lances>
    <momento id="48786" momento="PJ">Pré-jogo</momento>
    <narracao id="48790" momento="PJ" tempo="0">Paraná Clube e Vasco se enfrentam, daqui a pouco, pela 15ª rodada do Campeonato Brasileiro. O jogo, que acontecerá no estádio Pinheirão, em Curitiba, será arbitrado pelo paulista Rodrigo Martins Cintra, auxiliado por Válter José dos Reis e Carlos Augusto Nogueira Júnior, ambos também de São Paulo.</narracao>
    <narracao id="48792" momento="PJ" tempo="0">Os dois times fazem boa campanha na competição. O Paraná é o quinto colocado na tabela, com 24 pontos ganhos. Já o Vasco assume a oitava posição, com 22 pontos somados. Se vencer hoje, o time paranaense se distanciará do rival carioca na tabela. Uma vitória vascaína fará o time ultrapassar o Paraná no campeonato. Portanto, a vitória é muito importante para ambas as equipes.</narracao>
    <narracao id="48793" momento="PJ" tempo="0">O Paraná Clube tem mostrado muita força quando joga em casa neste Brasileirão. O técnico Caio Júnior, que conta com todos os seus titulares, deverá novamente usar o esquema 3-5-2 no jogo de hoje. A experiência do goleiro Flávio e do zagueiro Emerson na defesa, e o entrosamento da dupla de ataque formada por Sandro e Leonardo, são as principais armas do time curitibano para o duelo contra os vascaínos. O ataque do Paraná, inclusive, é o melhor da competição: 27 gols marcados.</narracao>
    <narracao id="48794" momento="PJ" tempo="0">O Paraná vem de uma derrota no Brasileiro: 4 a 2 para o Palmeiras, em São Paulo.</narracao>
    <narracao id="48795" momento="PJ" tempo="0">O Vasco tem muitos problemas para o jogo de hoje. O time carioca tem sete desfalques: Cássio, Fábio Braz, Ramon e Morais, suspensos, e Edílson, Wagner Diniz e Ernane, contundidos. Porém, a equipe deve ter o retorno do volante Coutinho, que jogou a última temporada no futebol português. O técnico Renato Gaúcho, que considera o empate um ótimo resultado hoje, deve usar o esquema 3-6-1, com apenas o atacante Faioli no ataque. A provável formação do desfalcado time vascaíno para a partida de hoje é a seguinte: Roberto; Paulão, Jorge Luiz e Eder; Claudemir, Ygor, Andrade, Coutinho (Madson) Abedi e Diego; Faioli.</narracao>
    <narracao id="48800" momento="PJ" tempo="0">O Vasco vem de vitória no Brasileiro: 1 a 0 sobre o Cruzeiro, em São Januário.</narracao>
    <narracao id="48801" momento="PJ" tempo="0">Paraná Clube x Vasco!!! Um jogo de seis pontos!!! O vencedor deixará o rival para trás!!! Que vença o melhor!!! </narracao>
    <narracao id="48804" momento="PJ" tempo="0">O tempo é bom em Curitiba! O sol aparece para Paraná x Vasco! O público também é bom no Pinheirão! O palco está pronto para o jogo!!!</narracao>
    <narracao id="48805" momento="PJ" tempo="0">OS ARTISTAS DO JOGO!!! Paraná e Vasco já estão no gramado!!!</narracao>
    <narracao id="48806" momento="PJ" tempo="0">O Paraná Clube joga com seu tradicional uniforme: camisa azul e vermelha, e calção branco. O Vasco atua com a camisa branca e a faixa transversal preta, e calção preto.</narracao>
    <narracao id="48810" momento="PJ" tempo="0">Tudo pronto para a bola rolar!!! Vai começar o jogo!!!</narracao>
    <momento id="48815" momento="1ºT">Primeiro tempo</momento>
    <narracao id="48818" momento="1ºT" tempo="0">COMEÇA A PARTIDA!!! PARANÁ CLUBE x VASCO!!!</narracao>
    <narracao id="48819" momento="1ºT" tempo="0">A saída de bola é vascaína!!!</narracao>
    <narracao id="48821" momento="1ºT" tempo="1">O Vasco vai tocando a bola!</narracao>
    <narracao id="48823" momento="1ºT" tempo="3">É TRICOLOR!!! A torcida do Paraná grita e tenta apoiar o time da casa!</narracao>
    <narracao id="48827" momento="1ºT" tempo="4">FALTA!!! De Emerson em Coutinho! Andrade vai soltar a bomba!</narracao>
    <narracao id="48828" momento="1ºT" tempo="5">Defesa - PEGUEI!!! Andrade cobra bem a falta! Flávio espalma a bola no canto direito, fazendo boa defesa!!!</narracao>
    <video id="48851" momento="1ºT" video="516492"> Veja o vídeo:  5' DEIXA COMIGO!!! Flávio faz boa defesa após remate do volante vascaíno Andrade! </video>
    <narracao id="48832" momento="1ºT" tempo="6">Lance Feio - MAL!!! Ygor arrisca o chute da entrada da área! O volante vascaíno isola a bola!!!  </narracao>
    <narracao id="48833" momento="1ºT" tempo="7">O Vasco vai pressionando o time do Paraná!</narracao>
    <cartao id="48836" momento="1ºT" atletaId="3453" tempo="8" ico="/Portal/esportes/temporeal/swf/icos/cartao_amarelo.swf" cor="amarelo">Coutinho - SUJOU!!! Por fazer falta dura em Gustavo, o volante vascaíno recebe o amarelo!</cartao>
    <narracao id="48837" momento="1ºT" tempo="10">O Paraná tenta equilibrar as ações em campo!</narracao>
    <narracao id="48840" momento="1ºT" tempo="11">Lance Perigoso - PERDEU!!! O Vasco faz boa triangulação na área do Paraná! Jorge Luiz fica de frente para Flávio! O zagueiro cruzmaltino dribla o goleiro, mas chuta fraco! Gustavo faz o corte e salva o time paranaense!!!</narracao>
    <video id="48861" momento="1ºT" video="516494"> Veja o vídeo:  11' QUASE!!! Jorge Luiz dribla Flávio, mas perde o gol!</video>
    <narracao id="48842" momento="1ºT" tempo="13">O time de Renato Gaúcho está melhor em campo! O Paraná não se encontra no jogo!</narracao>
    <narracao id="48846" momento="1ºT" tempo="15">Lance Feio - NAS NUVENS!!! Edmílson arrisca o chute de longe! A bola sobe demais e não assusta Roberto!!!</narracao>
    <narracao id="48856" momento="1ºT" tempo="17">O time carioca segue melhor em campo!</narracao>
    <narracao id="48854" momento="1ºT" tempo="18">Polêmica - SÓ O JUIZ NÃO VIU!!! Faioli faz ótima jogada e é derrubado por Batista, dentro da área! O árbitro ignora o pênalti claro, marcando apenas tiro de meta! O Vasco é prejudicado!</narracao>
    <video id="48874" momento="1ºT" video="516497"> Veja o vídeo:  18' ABRE O OLHO, JUIZ!!! Faioli sofre pênalti claro! O árbitro não marca!</video>
    <narracao id="48858" momento="1ºT" tempo="20">UM DIA DE FÚRIA!!! O técnico Renato Gaúcho fica muito irritado com a arbitragem!</narracao>
    <narracao id="48863" momento="1ºT" tempo="22">FALTAS COMETIDAS: 8 pelo Paraná, 3 pelo Vasco.</narracao>
    <narracao id="48868" momento="1ºT" tempo="23">O Vasco continua pressionando o time da casa!</narracao>
    <narracao id="48871" momento="1ºT" tempo="25">ESCANTEIOS: 1 para o Paraná, 4 para o Vasco.</narracao>
    <narracao id="48876" momento="1ºT" tempo="27">Lance Perigoso - FORA!!! Andrade arrisca o chute de longe, em cobrança de falta! A bola passa à direita do gol de Flávio, que acompanha o lance!!!</narracao>
    <video id="48906" momento="1ºT" video="516500"> Veja o vídeo:  27' TIRO DE META!!! Andrade arrisca o chute! A bola sai à direita do gol de Flávio!</video>
    <narracao id="48882" momento="1ºT" tempo="29">Polêmica - PÊNALTI!!! Faioli faz outra boa jogada e é derrubado por Emerson, na área! O juiz dessa vez marca!!! Penalidade a favor do Vasco!!!</narracao>
    <narracao id="48883" momento="1ºT" tempo="30">É ELE!!! Abedi vai para a bola!!!</narracao>
    <cartao id="48893" momento="1ºT" atletaId="3122" tempo="30" ico="/Portal/esportes/temporeal/swf/icos/cartao_amarelo.swf" cor="amarelo">Flávio - PUNIDO!!! O goleiro paranista discute com o juiz e recebe o amarelo!</cartao>
    <narracao id="48886" momento="1ºT" tempo="31">PARA FORA!!! Abedi cobra muito mal!!! A bola sai, rasteira, à esquerda do gol de Flávio!!!</narracao>
    <gol id="48887" momento="1ºT" atletaId="6792" tempo="32" escudo="/FlashShow/0,,6598,00.swf" contra="0"> GOL DE SANDRO  GOOOOL!!! É DO PARANÁ!!! Sandro marca!!! Serginho levanta a bola na área! O goleiro Roberto sai muito mal do gol e rebate a bola nos pés de Sandro, que apenas toca para as redes! O Paraná faz 1 a 0!!!</gol>
    <video id="48887v" momento="1ºT" video="516502"> Veja o vídeo: Gol de Sandro.  32' GOOOOL!!! É DO PARANÁ!!! Sandro marca!!! Serginho levanta a bola na área! O goleiro Roberto sai muito mal do gol e rebate a bola nos pés de Sandro, que apenas toca para as redes! O Paraná faz 1 a 0!!!</video>
    <narracao id="48903" momento="1ºT" tempo="34">O Paraná jogava pior do que o Vasco, mas conseguiu o gol em uma falha do goleiro vascaíno!</narracao>
    <narracao id="48897" momento="1ºT" tempo="36">Lance Perigoso - QUASE!!! Andrade, na esquerda, levanta a bola na área, em cobrança de falta! Jorge Luiz, impedido, cabeceia com muito perigo! A bola passa perto da trave esquerda de Flávio!!!</narracao>
    <video id="48924" momento="1ºT" video="516505"> Veja o vídeo:  36' QUASE!!! Faioli tenta uma boa jogada!</video>
    <narracao id="48898" momento="1ºT" tempo="37">FINALIZAÇÕES: 4 do Paraná, 5 do Vasco.</narracao>
    <narracao id="48907" momento="1ºT" tempo="39">O Vasco continua pressionando o time paranista, que explora os contra-ataques!</narracao>
    <narracao id="48911" momento="1ºT" tempo="41">Lance Perigoso - FORA!!! Maicossuel arrisca o chute da entrada da área! A bola passa, com perigo, à direita do gol de Roberto!</narracao>
    <narracao id="48914" momento="1ºT" tempo="43">PASSES ERRADOS: 13 do Paraná, 13 do Vasco.</narracao>
    <narracao id="48918" momento="1ºT" tempo="44">+2 É o acréscimo do primeiro tempo!</narracao>
    <narracao id="48921" momento="1ºT" tempo="45">SOLTA A BOLA!!! Faioli faz outra boa jogada na área do Paraná! Porém, o atacante prende demais a bola e acaba perdendo o lance para Edinho!</narracao>
    <video id="48931" momento="1ºT" video="516510"> Veja o vídeo:  45' ELE DE NOVO!!! Faioli dá trabalho à defesa paranista! </video>
    <narracao id="48922" momento="1ºT" tempo="46">Defesa - É MINHA!!! Leonardo arrisca o chute da entrada da área! Roberto faz a defesa, sem dar rebote!</narracao>
    <narracao id="48923" momento="1ºT" tempo="47">ACABA O PRIMEIRO TEMPO!!! </narracao>
    <momento id="48925" momento="I">Show do intervalo</momento>
    <narracao id="48929" momento="I" tempo="0">O Paraná Clube vence o Vasco por 1 a 0, porém o resultado não pode ser considerado justo. O time de São Januário teve as melhores oportunidades do primeiro tempo, perdeu boas chances de gol, inclusive um pênalti em cobrança ruim de Abedi, e teve outra penalidade não marcada pela arbitragem. Dessa forma, a equipe carioca acabou sendo castigada em uma falha de seu goleiro, Roberto. No segundo tempo, o Vasco precisará aproveitar as chances criadas, caso queira evitar a derrota. Já o Paraná terá que aumentar o placar para ter tranqüilidade na partida.   </narracao>
    <narracao id="48937" momento="I" tempo="0">Os dois times ainda estão nos vestiários!</narracao>
    <narracao id="48944" momento="I" tempo="0">As equipes voltam ao gramado! Vai começar o segundo tempo!!!</narracao>
    <momento id="48952" momento="2ºT">Segundo tempo</momento>
    <narracao id="48954" momento="2ºT" tempo="0">COMEÇA O SEGUNDO TEMPO!!!</narracao>
    <narracao id="48955" momento="2ºT" tempo="0">A saída de bola é paranista!!!</narracao>
    <narracao id="49108" momento="2ºT" tempo="0">Os jogadores do Vasco cercam o juiz e reclamam!!!</narracao>
    <narracao id="48960" momento="2ºT" tempo="1">PISO RUIM!!! A qualidade do gramado do Pinheirão não é boa!</narracao>
    <narracao id="48965" momento="2ºT" tempo="3">O Vasco começa pressionando na segunda etapa!</narracao>
    <narracao id="48972" momento="2ºT" tempo="4">POR CIMA!!! Abedi cobra escanteio da direita! Paulão cabeceia a bola, mas ela sobe demais! Sem sustos para Flávio!</narracao>
    <video id="49009" momento="2ºT" video="516524"> Veja o vídeo:  4' PARA FORA!!! Paulão cabeceia por cima do gol!</video>
    <narracao id="48975" momento="2ºT" tempo="6">O Paraná vai tocando a bola!</narracao>
    <narracao id="48980" momento="2ºT" tempo="8">O time da casa tem mais posse de bola neste segundo tempo!</narracao>
    <narracao id="48983" momento="2ºT" tempo="9">FALTAS COMETIDAS: 15 pelo Paraná, 6 pelo Vasco.</narracao>
    <cartao id="48989" momento="2ºT" atletaId="12437" tempo="10" ico="/Portal/esportes/temporeal/swf/icos/cartao_amarelo.swf" cor="amarelo">Paulão - SUJOU!!! Por fazer falta em Seginho, o zagueiro vascaíno recebe o amarelo!</cartao>
    <video id="49023" momento="2ºT" video="516528"> Veja o vídeo:  10' TRAVADO!!! Abedi, muito mal no jogo, é desarmado pela defesa paranista!</video>
    <substituicao id="49092" momento="2ºT" tempo="10" ico="/Portal/esportes/temporeal/swf/icos/substituicao.swf">Vasco faz substituição: entra Madson, sai Coutinho</substituicao>
    <narracao id="48992" momento="2ºT" tempo="11">Defesa - PEGUEI!!! Ygor arrisca o chute de longe! Flávio faz defesa segura!!!</narracao>
    <video id="49056" momento="2ºT" video="516530"> Veja o vídeo:  11' MINHA!!! Ygor arrisca o chute! Flávio faz boa defesa!</video>
    <narracao id="48995" momento="2ºT" tempo="12">Lance Perigoso - POR CIMA!!! Maicossuel entra na área do Vasco e arrisca o chute! A bola sobe demais, porém assusta o goleiro Roberto!!!</narracao>
    <narracao id="48999" momento="2ºT" tempo="13">FINALIZAÇÕES: 8 do Paraná, 7 do Vasco.</narracao>
    <narracao id="49007" momento="2ºT" tempo="15">O Paraná cresce na partida!</narracao>
    <narracao id="49012" momento="2ºT" tempo="17">O ritmo do jogo cai! O Vasco tem dificuldades para tocar a bola!</narracao>
    <substituicao id="49080" momento="2ºT" tempo="19" ico="/Portal/esportes/temporeal/swf/icos/substituicao.swf">Paraná faz substituição: entra Cristiano, sai Sandro</substituicao>
    <substituicao id="49093" momento="2ºT" tempo="20" ico="/Portal/esportes/temporeal/swf/icos/substituicao.swf">Vasco faz substituição: entra Fábio Júnior, sai Abedi</substituicao>
    <cartao id="49025" momento="2ºT" atletaId="12037" tempo="21" ico="/Portal/esportes/temporeal/swf/icos/cartao_amarelo.swf" cor="amarelo">Batista - PUNIDO!!! Por fazer falta em Andrade, o meia paranista recebe o amarelo!</cartao>
    <narracao id="49027" momento="2ºT" tempo="22">Lance Perigoso - UHHH!!! Andrade arrisca o chute de muito longe! A bola pega efeito e passa bem perto da trave esquerda de Flávio!!!</narracao>
    <gol id="49029" momento="2ºT" atletaId="5999" tempo="23" escudo="/FlashShow/0,,6598,00.swf" contra="0"> GOL DE MAICOSUEL  GOOOOL!!! É DO PARANÁ!!! Maicossuel marca!!! O meia paranista faz boa jogada em cima de Jorge Luiz, entra na área e acerta um belo chute no ângulo esquerdo de Roberto!!! Um golaço do Paraná!!! 2 a 0!!!</gol>
    <video id="49029v" momento="2ºT" video="516539"> Veja o vídeo: Gol de Maicosuel.  23' GOOOOL!!! É DO PARANÁ!!! Maicossuel marca!!! O meia paranista faz boa jogada em cima de Jorge Luiz, entra na área e acerta um belo chute no ângulo esquerdo de Roberto!!! Um golaço do Paraná!!! 2 a 0!!!</video>
    <narracao id="49033" momento="2ºT" tempo="25">Defesa - NAS MÃOS!!! Ygor arrisca o chute de longe! Flávio defende em dois tempos!!!</narracao>
    <cartao id="49040" momento="2ºT" atletaId="11902" tempo="26" ico="/Portal/esportes/temporeal/swf/icos/cartao_amarelo.swf" cor="amarelo">Serginho - SUJOU!!! Por fazer falta em Madson, o meia paranista recebe o amarelo!</cartao>
    <substituicao id="49094" momento="2ºT" tempo="27" ico="/Portal/esportes/temporeal/swf/icos/substituicao.swf">Vasco faz substituição: entra Luís Carlos, sai Paulão</substituicao>
    <narracao id="49049" momento="2ºT" tempo="29">Lance Perigoso - QUE BOMBA!!! Angelo solta um foguete, em cobrança de falta! A bola passa perto da trave esquerda de Roberto!!!</narracao>
    <video id="49101" momento="2ºT" video="516545"> Veja o vídeo:  29' QUASE!!! Angelo chuta forte e assusta Roberto!</video>
    <narracao id="49051" momento="2ºT" tempo="31">FINALIZAÇÕES: 10 do Paraná, 10 do Vasco.</narracao>
    <narracao id="49058" momento="2ºT" tempo="33">O Vasco já não esboça a menor reação! O Paraná vai vencendo com tranqüilidade!</narracao>
    <narracao id="49065" momento="2ºT" tempo="35">VAZAMENTO!!! Com os dois gols sofridos hoje, o Vasco passa a ter a terceira pior defesa do Brasileirão!</narracao>
    <substituicao id="49082" momento="2ºT" tempo="35" ico="/Portal/esportes/temporeal/swf/icos/substituicao.swf">Paraná faz substituição: entra Felipe Alves, sai Serginho</substituicao>
    <narracao id="49069" momento="2ºT" tempo="37">O Vasco erra demais! A torcida do Paraná grita olé!</narracao>
    <substituicao id="49081" momento="2ºT" tempo="38" ico="/Portal/esportes/temporeal/swf/icos/substituicao.swf">Paraná faz substituição: entra Jefferson, sai Maicossuel</substituicao>
    <narracao id="49074" momento="2ºT" tempo="39">O Paraná domina inteiramente o jogo!</narracao>
    <gol id="49077" momento="2ºT" atletaId="12841" tempo="39" escudo="/FlashShow/0,,13442,00.swf" contra="0"> GOL DE MADSON  GOOOOL!!! É DO VASCO!!! Madson marca!!! Faioli faz ótima jogada e rola a bola para Madson que, dentro da área, chuta forte! A bola entra no canto esquerdo de Flávio!!! O Vasco diminui!!! 2 a 1 para o Paraná!!!</gol>
    <cartao id="49084" momento="2ºT" atletaId="12061" tempo="41" ico="/Portal/esportes/temporeal/swf/icos/cartao_amarelo.swf" cor="amarelo">Felipe Alves - SUJOU!!! Por fazer falta em Faioli, o meia paranista recebe o amarelo!</cartao>
    <narracao id="49085" momento="2ºT" tempo="43">O Vasco tenta pressionar!</narracao>
    <narracao id="49088" momento="2ºT" tempo="44">+3 É o acréscimo do jogo!!!</narracao>
    <narracao id="49095" momento="2ºT" tempo="45">PÔ, SEU JUIZ!!! Renato Gaúcho gesticula com o árbitro!</narracao>
    <narracao id="49102" momento="2ºT" tempo="47">Vai acabar o jogo!!!</narracao>
    <narracao id="49104" momento="2ºT" tempo="49">Polêmica - O QUE HOUVE??? Andrade se prepara para cobrar uma falta direto para o gol! O juiz resolve encerrar o jogo, no momento em que Andrade vai chutar a bola!!!</narracao>
    <narracao id="49105" momento="2ºT" tempo="49">ACABA O JOGO!!! PARANÁ 2 x 1 VASCO!!!</narracao>
    <cartao id="49106" momento="2ºT" atletaId="6839" tempo="49" ico="/Portal/esportes/temporeal/swf/icos/cartao_amarelo.swf" cor="amarelo">Andrade - RECLAMOU, DANÇOU!!! Por reclamar com o juiz, o meia vascaíno recebe o amarelo!</cartao>
    <momento id="49109" momento="E">Final de jogo</momento>
    <narracao id="49111" momento="E" tempo="0">O Vasco, prejudicado pela arbitragem, acabou derrotado por 2 a 1 pela organizada equipe do Paraná. O time vascaíno fez um bom primeiro tempo, mas jogou mal no segundo. O Paraná mostrou mais equilíbrio e conseguiu a vitória. Aos vascaínos, resta reclamar da sorte e da péssima atuação do juiz Rodrigo Martins Cintra!</narracao>
  </lances>
</lancealance>
