<?xml version="1.0" encoding="UTF-8"?>
<lancealance cobertura="1095" leitura="0">
  <placar>
    <equipe id="001" url="" nome="Inglaterra" escudo="/FlashShow/0,,9457,00.swf" resultado="1" abreviacao="ING"/>
    <equipe id="002" url="" nome="Paraguai" escudo="/FlashShow/0,,9462,00.swf" resultado="0" abreviacao="PAR"/>
  </placar>
  <lances>
    <momento id="35218" momento="PJ">Pré-jogo</momento>
    <narracao id="35219" momento="PJ" tempo="0">Inglaterra e Paraguai abrem, daqui a pouco, o grupo B da Copa do Mundo 2006. O jogo acontecerá no estádio Waldstadion, na cidade alemã de Frankfurt. Marco Rodruiguez, do México, é o árbitro deste clássico Europa x América do Sul.</narracao>
    <narracao id="35220" momento="PJ" tempo="0">Os ingleses, ainda sem o jovem atacante Wayne Rooney, apostam na altura do artilheiro Peter Crouch, para explorarem as jogadas pelo alto. A força do time britânico se encontra no meio de campo, com o quarteto estelar formado por Steven Gerrard, Frank Lampard, David Beckham e Joe Cole. O habilidoso atacante Michael Owen também é uma das armas do técnico Sven Goran Eriksson para o jogo contra os paraguaios.</narracao>
    <narracao id="35221" momento="PJ" tempo="0">O Paraguai conta com um elenco experiente para a disputa desta Copa do Mundo. Jogadores como Villar, Gamarra, Caniza, Cáceres e Acuña, dão o toque de experiência à equipe. Porém, o craque e maior esperança paraguaia é o atacante Roque Santa Cruz, que não está em sua melhor condição física e não tem a escalação confirmada diante dos ingleses. Caso Santa Cruz não atue, Nelson Cuevas já está de sobreaviso.</narracao>
    <narracao id="35222" momento="PJ" tempo="0">A Inglaterra levantou a taça da Copa do Mundo em 1966, jogando em casa. Os ingleses têm tradição no futebol, e são conhecidos por possuírem defesas sólidas e força no jogo aéreo.</narracao>
    <narracao id="35223" momento="PJ" tempo="0">O Paraguai nunca conquistou uma Copa do Mundo, porém é uma seleção que sempre incomoda os favoritos. Nos dois últimos mundiais, em 1998 e 2002, o Paraguai passou da primeira fase, caindo nas oitavas-de-final em jogos dramáticos diante de França e Alemanha respectivamente.</narracao>
    <narracao id="35224" momento="PJ" tempo="0">O estádio está lotado e a expectativa em torno da seleção inglesa, uma das favoritas a conquistar a Copa, é muito grande!</narracao>
    <narracao id="35225" momento="PJ" tempo="0">Tempo é muito bom em Frankfurt!</narracao>
    <narracao id="35226" momento="PJ" tempo="0">Seleções já se preparam para a entrada no gramado!</narracao>
    <narracao id="35227" momento="PJ" tempo="0">As duas seleções entram em campo perfiladas e com as bandeiras à frente! A torcida vibra!</narracao>
    <narracao id="35228" momento="PJ" tempo="0">Hino inglês é executado!</narracao>
    <narracao id="35229" momento="PJ" tempo="0">Hino do Paraguai ressoa no estádio em Frankfurt!</narracao>
    <narracao id="35230" momento="PJ" tempo="0">Seleções se cumprimentam e começam o aquecimento no gramado! Vai começar a partida!!!</narracao>
    <video id="35261" momento="PJ" video="478493"> Veja o vídeo:  0' Conheça um pouco sobre a Inglaterra!</video>
    <video id="35268" momento="PJ" video="478503"> Veja o vídeo:  0' Conhaça um pouco sobre o Paraguai!</video>
    <video id="35283" momento="PJ" video="478508"> Veja o vídeo:  0' Jogadores ingleses perfilados para o hino!</video>
    <video id="35284" momento="PJ" video="478510"> Veja o vídeo:  0' Jogadores paraguaios se perfilam para o hino!</video>
    <video id="35291" momento="PJ" video="478526"> Veja o vídeo:  0' Confira as escalações de Inglaterra e Paraguai!</video>
    <video id="35305" momento="PJ" video="478546"> Veja o vídeo:  0' Confira as imagens de jogador Wayne Rooney!</video>
    <momento id="35231" momento="1ºT">Primeiro tempo</momento>
    <narracao id="35232" momento="1ºT" tempo="1">COMEÇA O JOGO!!! INGLATERRA x PARAGUAI!!!</narracao>
    <narracao id="35233" momento="1ºT" tempo="1">O gramado não está em seu estado perfeito!</narracao>
    <gol id="35234" momento="1ºT" atletaId="2379" tempo="2" escudo="/FlashShow/0,,9457,00.swf" contra="1"> GOL CONTRA DE GAMARRA  É DA INGLATERRA!!! Gamarra marca contra!!! Beckham levanta a bola da esquerda e Gamarra, cabeceando para trás, acaba marcando contra! Inglaterra faz 1 a 0!!! </gol>
    <video id="35234v" momento="1ºT" video="478478"> Veja o vídeo: Gol contra de Gamarra.  2' É DA INGLATERRA!!! Gamarra marca contra!!! Beckham levanta a bola da esquerda e Gamarra, cabeceando para trás, acaba marcando contra! Inglaterra faz 1 a 0!!! </video>
    <narracao id="35235" momento="1ºT" tempo="4">Ingleses continuam pressionando o Paraguai!</narracao>
    <narracao id="35236" momento="1ºT" tempo="5">O goleiro Villar se machuca em lance com Owen, e deve ser substituído!</narracao>
    <video id="35252" momento="1ºT" video="478487"> Veja o vídeo:  6' Villar sai de campo machucado!</video>
    <narracao id="35238" momento="1ºT" tempo="7">Villar sai de campo chorando, decepcionado!</narracao>
    <substituicao id="35334" momento="1ºT" tempo="7" ico="/Portal/esportes/temporeal/swf/icos/substituicao.swf">Paraguai faz substituição: entra Bobadilla, sai Villar</substituicao>
    <narracao id="35239" momento="1ºT" tempo="8">Seleção inglesa domina o jogo!</narracao>
    <video id="35249" momento="1ºT" video="478483"> Veja o vídeo:  8' Gamarra e Bobadilla quase se complicam!</video>
    <video id="35254" momento="1ºT" video="478488"> Veja o vídeo:  9' Gerrard chuta a bola por cima da meta paraguaia!</video>
    <narracao id="35240" momento="1ºT" tempo="10">Gerrard arrisca o chute e a bola sobe demais! Ingleses seguem apertando os paraguaios!</narracao>
    <narracao id="35241" momento="1ºT" tempo="10">Tiro livre indireto para a inglaterra! Bobadilla demora na reposição de bola!</narracao>
    <narracao id="35242" momento="1ºT" tempo="11">Beckham acerta a bola na barreira paraguaia! Lampard completa para o alto!</narracao>
    <narracao id="35243" momento="1ºT" tempo="12">Paraguai ainda não atacou o gol inglês!</narracao>
    <narracao id="35244" momento="1ºT" tempo="14">Seleção paraguaia, desorganizada, erra muitos passes!</narracao>
    <narracao id="35245" momento="1ºT" tempo="15">Ingleses vão tocando muito bem a bola!</narracao>
    <narracao id="35246" momento="1ºT" tempo="17">Paredes dá o primeiro chute paraguaio ao gol! A bola sai à esquerda de Robinson!</narracao>
    <video id="35259" momento="1ºT" video="478492"> Veja o vídeo:  17' Paredes arrisca chute para o Paraguai!</video>
    <narracao id="35247" momento="1ºT" tempo="18">Riveros chuta e Robinson faz defesa segura!</narracao>
    <cartao id="35248" momento="1ºT" atletaId="7959" tempo="18" ico="/Portal/esportes/temporeal/swf/icos/cartao_amarelo.swf" cor="amarelo">Steven Gerrard - Por fazer falta em Riveros, Gerrard recebe o amarelo!</cartao>
    <video id="35262" momento="1ºT" video="478495"> Veja o vídeo:  18' Riveros chuta e sofre falta dura de Gerrard!</video>
    <narracao id="35250" momento="1ºT" tempo="19">O Paraguai melhora na partida e os ingleses tentam voltar a dominar o jogo!</narracao>
    <cartao id="35251" momento="1ºT" atletaId="7637" tempo="21" ico="/Portal/esportes/temporeal/swf/icos/cartao_amarelo.swf" cor="amarelo">Nelson Haedo Valdez - Por fazer falta em Beckham, Valdez recebe o amarelo!</cartao>
    <video id="35264" momento="1ºT" video="478497"> Veja o vídeo:  21' Valdez recebe o amarelo!</video>
    <narracao id="35253" momento="1ºT" tempo="22">Lance Perigoso - Lampard acerta um bom chute e Bobadilla defende a bola em dois tempos!</narracao>
    <video id="35267" momento="1ºT" video="478499"> Veja o vídeo:  22' Lampard chuta para a defesa de Bobadilla!</video>
    <narracao id="35256" momento="1ºT" tempo="24">Jogo é de forte marcação! Gerrard cai sobre o gramado!</narracao>
    <narracao id="35257" momento="1ºT" tempo="26">NAS NUVENS!!! Lampard chuta a bola para muito longe do gol!</narracao>
    <narracao id="35258" momento="1ºT" tempo="27">Inglaterra marca bem e o Paraguai chega pouco ao ataque!</narracao>
    <narracao id="35260" momento="1ºT" tempo="30">Gerrard chuta forte, longe do gol paraguaio!</narracao>
    <video id="35272" momento="1ºT" video="478504"> Veja o vídeo:  30' Gerrard erra o chute a gol!</video>
    <narracao id="35265" momento="1ºT" tempo="33">Inglaterra vai tocando a bola!</narracao>
    <narracao id="35266" momento="1ºT" tempo="35">Ingleses seguem pressionando!</narracao>
    <video id="35276" momento="1ºT" video="478506"> Veja o vídeo:  35' Beckham levanta a bola na área paraguaia!</video>
    <narracao id="35270" momento="1ºT" tempo="37">POSSE DE BOLA: 58% para a Inglaterra, 42% para o Paraguai.</narracao>
    <video id="35285" momento="1ºT" video="478515"> Veja o vídeo:  38' Beckham levanta a bola na área, a defesa paraguaia afasta e Gerrard chuta mal!</video>
    <narracao id="35271" momento="1ºT" tempo="39">ISOLOU!!! Gerrard tenta o chute e isola a bola!</narracao>
    <narracao id="35273" momento="1ºT" tempo="40">Paraguai pouco incomoda a Inglaterra!</narracao>
    <narracao id="35274" momento="1ºT" tempo="42">Marcação é muito forte no jogo!</narracao>
    <narracao id="35275" momento="1ºT" tempo="42">Lance Perigoso - QUASE!!! Beckham chuta bem! A bola passa à esquerda, rente à trave de um assustado Bobadilla!</narracao>
    <video id="35286" momento="1ºT" video="478520"> Veja o vídeo:  42' Beckham chuta com perigo!</video>
    <narracao id="35277" momento="1ºT" tempo="44">+4 É o acréscimo do primeiro tempo!</narracao>
    <narracao id="35278" momento="1ºT" tempo="46">Lance Feio - MAL!!! Paredes arrisca o chute e joga a bola longe do gol inglês!</narracao>
    <narracao id="35279" momento="1ºT" tempo="47">Lance Perigoso - Valdez divide com Terry e chuta com muito perigo! A bola passa bem perto da trave direita de Robinson!</narracao>
    <video id="35287" momento="1ºT" video="478524"> Veja o vídeo:  47' Valdez quase empata para o Paraguai!</video>
    <narracao id="35280" momento="1ºT" tempo="49">ACABA O PRIMEIRO TEMPO!!! INGLATERRA 1 x 0 PARAGUAI!!!</narracao>
    <momento id="35288" momento="I">Show do intervalo</momento>
    <narracao id="35289" momento="I" tempo="0">Em jogo de muita marcação e poucos lances de plasticidade, a Inglaterra mostrou segurança na defesa e conseguiu o gol através da jogada em que os ingleses são especialistas: a bola alçada na área. Gamarra marcou contra e os ingleses venceram o primeiro tempo por 1 a 0, e com justiça. </narracao>
    <narracao id="35292" momento="I" tempo="0">Seleções permanecem nos vestiários.</narracao>
    <narracao id="35293" momento="I" tempo="0">Inglaterra está de volta ao gramado!</narracao>
    <narracao id="35294" momento="I" tempo="0">Paraguai também volta ao campo!</narracao>
    <narracao id="35295" momento="I" tempo="0">Vai começar o segundo tempo!</narracao>
    <momento id="35296" momento="2ºT">Segundo tempo</momento>
    <narracao id="35297" momento="2ºT" tempo="1">COMEÇA O SEGUNDO TEMPO!!! INGLATERRA 1 x 0 PARAGUAI!!!</narracao>
    <narracao id="35298" momento="2ºT" tempo="1">Paraguaios tentam pressionar os ingleses!</narracao>
    <video id="35332" momento="2ºT" video="478568"> Veja o vídeo:  2' Lampard chuta para defesa segura de Bobadilla!</video>
    <narracao id="35299" momento="2ºT" tempo="3">Seleção paraguaia vai tocando a bola!</narracao>
    <narracao id="35300" momento="2ºT" tempo="5">Ingleses trocam passes e vão administrando o resultado!</narracao>
    <narracao id="35301" momento="2ºT" tempo="7">Paraguai bem melhor no segundo tempo!</narracao>
    <video id="35318" momento="2ºT" video="478554"> Veja o vídeo:  7' Acuña cobra falta!</video>
    <narracao id="35302" momento="2ºT" tempo="8">Acuña arrisca o chute e a bola vai, fraquinha, para a defesa de Robinson!</narracao>
    <substituicao id="35337" momento="2ºT" tempo="10" ico="/Portal/esportes/temporeal/swf/icos/substituicao.swf">Inglaterra faz substituição: entra Downing, sai Owen</substituicao>
    <video id="35319" momento="2ºT" video="478555"> Veja o vídeo:  11' Terry e Caniza dividem o lance com vontade!</video>
    <narracao id="35304" momento="2ºT" tempo="12">Beckham arrisca o chute cruzado da direita! A bola passa, fraca, pelo gol de Bobadilla, que só acompanha o lance!</narracao>
    <video id="35320" momento="2ºT" video="478557"> Veja o vídeo:  12' Beckham cruza para ninguém!</video>
    <narracao id="35306" momento="2ºT" tempo="13">Lance Perigoso - Joe Cole arrisca o chute e Bobadilla defende a bola com segurança!</narracao>
    <video id="35321" momento="2ºT" video="478559"> Veja o vídeo:  13' Joe Cole chuta e Bobadilla defende!</video>
    <narracao id="35307" momento="2ºT" tempo="14">Bonet cruza, Robinson falha e Paredes chuta por cima do gol! Paraguai perde uma boa chance de empatar o jogo!</narracao>
    <video id="35323" momento="2ºT" video="478561"> Veja o vídeo:  14' Paredes perde um gol incrível para o Paraguai!</video>
    <narracao id="35308" momento="2ºT" tempo="16">A torcida inglesa canta!</narracao>
    <cartao id="35310" momento="2ºT" atletaId="8822" tempo="17" ico="/Portal/esportes/temporeal/swf/icos/cartao_amarelo.swf" cor="amarelo">Peter Crouch - Por fazer falta em Caniza, Crouch recebe o amarelo!</cartao>
    <video id="35325" momento="2ºT" video="478562"> Veja o vídeo:  17' Por excesso de faltas, Crouch recebe o amarelo!</video>
    <video id="35328" momento="2ºT" video="478565"> Veja o vídeo:  18' Valdez chuta e Robinson defende bem!</video>
    <narracao id="35313" momento="2ºT" tempo="19">QUASE!!! Valdez faz boa jogada e chuta forte! O seguro goleiro Robinson faz a defesa com tranquilidade!</narracao>
    <narracao id="35314" momento="2ºT" tempo="20">Paraguai pressiona os ingleses!</narracao>
    <narracao id="35315" momento="2ºT" tempo="21">O atrapalhado centroavante Crouch já fez oito faltas no jogo!</narracao>
    <substituicao id="35335" momento="2ºT" tempo="22" ico="/Portal/esportes/temporeal/swf/icos/substituicao.swf">Paraguai faz substituição: entra Cuevas, sai Bonet</substituicao>
    <video id="35329" momento="2ºT" video="478566"> Veja o vídeo:  23' Cuevas entra animado no jogo!</video>
    <narracao id="35322" momento="2ºT" tempo="24">Torcida reclama da atuação da arbitragem!</narracao>
    <narracao id="35324" momento="2ºT" tempo="27">Lance Perigoso - UHHH! Lampard solta a bomba e Bobadilla faz uma excelente defesa, espalmando a bola!</narracao>
    <narracao id="35326" momento="2ºT" tempo="29">Paraguai pressiona, mas a defesa da Inglaterra segue firme no jogo!</narracao>
    <narracao id="35327" momento="2ºT" tempo="31">Valdez tenta o chute de primeira e manda a bola para o alto!</narracao>
    <video id="35341" momento="2ºT" video="478575"> Veja o vídeo:  31' Valdez, de primeira, chuta mal!</video>
    <narracao id="35330" momento="2ºT" tempo="32">OLA!!! Torcida faz ola nas arquibancadas!</narracao>
    <video id="35346" momento="2ºT" video="478581"> Veja o vídeo:  33' Joe Cole sente o braço esquerdo!</video>
    <narracao id="35333" momento="2ºT" tempo="35">Paraguai segue em busca do empate, mas erra muitos passes!</narracao>
    <substituicao id="35336" momento="2ºT" tempo="36" ico="/Portal/esportes/temporeal/swf/icos/substituicao.swf">Paraguai faz substituição: entra Nuñez, sai Toledo</substituicao>
    <substituicao id="35338" momento="2ºT" tempo="37" ico="/Portal/esportes/temporeal/swf/icos/substituicao.swf">Inglaterra faz substituição: entra Hargreaves, sai Joe Cole</substituicao>
    <narracao id="35339" momento="2ºT" tempo="37">Downing arrisca o chute de longe! A bola sobe demais e não assusta Bobadilla!</narracao>
    <narracao id="35340" momento="2ºT" tempo="38">Acuña chuta de longe e Robinson defende sem problemas!</narracao>
    <narracao id="35342" momento="2ºT" tempo="41">O grandalhão Crouch segue fazendo faltas no jogo!</narracao>
    <narracao id="35343" momento="2ºT" tempo="43">UHHH! Lampard chuta bem! Bobadilla salta no canto esquerdo para espalmar a bola e fazer uma grande defesa!</narracao>
    <narracao id="35344" momento="2ºT" tempo="45">+2 É o acréscimo do jogo!</narracao>
    <narracao id="35345" momento="2ºT" tempo="46">Paraguai na pressão total!</narracao>
    <narracao id="35347" momento="2ºT" tempo="47">ACABA O JOGO!!! INGLATERRA 1 x 0 PARAGUAI!!!</narracao>
    <momento id="35348" momento="E">Final de jogo</momento>
    <narracao id="35349" momento="E" tempo="0">Em jogo disputado, com muita marcação e de poucos lances de técnica, a Inglaterra venceu o Paraguai por 1 a 0 e iniciou bem a campanha na Copa 2006. Os paraguaios fizeram um primeiro tempo muito ruim e mereceram ir para o vestiário com a derrota. Na segunda etapa, o Paraguai pressionou mas esbarrou na sólida defesa inglesa. O grandalhão Crouch teve uma atuação muito ruim e os ingleses tiveram dificuldades nas finalizações. Devido à boa atuação do setor defensivo inglês, o resultado do jogo acabou sendo justo.     </narracao>
  </lances>
</lancealance>
