<?xml version="1.0" encoding="UTF-8"?>
<lancealance cobertura="1192" leitura="0">
  <placar>
    <equipe id="001" url="" nome="São Caetano" escudo="/FlashShow/0,,7262,00.swf" resultado="2" abreviacao="SCA"/>
    <equipe id="002" url="" nome="Santos" escudo="/FlashShow/0,,7270,00.swf" resultado="0" abreviacao="SAN"/>
  </placar>
  <lances>
    <momento id="44553" momento="PJ">Pré-jogo</momento>
    <narracao id="44554" momento="PJ" tempo="0">São Caetano e Santos se enfrentam, daqui a pouco, em jogo válido pela décima segunda rodada do Campeonato Brasileiro. A partida, que acontece no estádio Anacleto Campanella, em São Caetano do Sul (SP), será arbitrada pelo pernambucano Wilson Souza de Mendonça, auxiliado por Erich Bandeira e Irani Pinto da Paz, ambos também de Pernambuco.</narracao>
    <narracao id="44555" momento="PJ" tempo="0">As duas equipes vivem situações distintas na tabela da competição. O São Caetano faz uma campanha ruim, sendo o décimo sexto lugar, com 12 pontos somados. O time do interior paulista está muito perto da zona de rebaixamento. Se perder hoje, e o Fortaleza vencer o Santa Cruz, o Azulão irá para o grupo de descenso. Já o Santos faz uma boa campanha no Brasileirão. O time da Vila Belmiro é o sexto lugar, com 18 pontos. Se vencer hoje, o Peixe poderá ocupar a quinta colocação na tabela.</narracao>
    <narracao id="44556" momento="PJ" tempo="0">A partida marca o duelo entre dois dos mais elogiados técnicos do futebol brasileiro: Emerson Leão, do São Caetano, e Vanderlei Luxemburgo, do Santos. Os dois já treinaram a seleção brasileira, sendo o segundo, inclusive, cotado para assumir esse cargo novamente.</narracao>
    <narracao id="44557" momento="PJ" tempo="0">O São Caetano precisa da vitória para não entrar na zona de rebaixamento. O técnico Leão deverá pôr em campo o esquema 4-4-2. Ânderson Lima nos lances de bola parada, e os habilidosos meias Élton e Canindé, são as maiores armas do Azulão para o jogo de hoje. No ataque, Igor deve atuar ao lado de Wellington Amorim, mas Marcelinho também pode jogar.</narracao>
    <narracao id="44558" momento="PJ" tempo="0">O time do interior paulista vem de um empate no Brasileirão: 1 a 1 com o Botafogo, no estádio Anacleto Campanella.</narracao>
    <narracao id="44559" momento="PJ" tempo="0">O Santos, que já liderou o campeonato, deverá jogar no esquema 3-5-2. O atacante Reinaldo, recuperado de contusão, deve voltar ao time no lugar de Wellington Paulista. Manzur, Ronaldo e Ávalos formam o trio de zagueiros, e Rodrigo Tabata atuará no meio-de-campo. O lateral Kléber e o volante Maldonado também devem voltar ao time hoje.</narracao>
    <narracao id="44560" momento="PJ" tempo="0">O time praiano vem de uma derrota no Brasileirão: 2 a 1 para o Figueirense, em Florianópolis.</narracao>
    <narracao id="44561" momento="PJ" tempo="0">O Azulão nunca conquistou um título nacional. Foi vice em duas ocasiões: 2000 e 2001.</narracao>
    <narracao id="44562" momento="PJ" tempo="0">O Peixe é bicampeão brasileiro. Conquistou a competição em 2002, sob o comando do técnico Emerson Leão, e 2004, com o atual treinador Vanderlei Luxemburgo.</narracao>
    <narracao id="44563" momento="PJ" tempo="0">São Caetano x Santos! Duelo de dois grandes treinadores! Que vença o melhor!!!</narracao>
    <narracao id="44601" momento="PJ" tempo="0">O tempo é bom em São Caetano do Sul! O público é regular no estádio Anacleto Campanella!</narracao>
    <narracao id="44602" momento="PJ" tempo="0">Os dois times ainda estão nos vestiários!</narracao>
    <narracao id="44605" momento="PJ" tempo="0">O trio de arbitragem já está no gramado!</narracao>
    <narracao id="44609" momento="PJ" tempo="0">AZULÃO!!! O São Caetano entra em campo! Um foguetório recepciona a equipe!</narracao>
    <narracao id="44610" momento="PJ" tempo="0">O São Caetano joga todo de azul!</narracao>
    <narracao id="44611" momento="PJ" tempo="0">OLHA A VISITA!!! O Santos entra em campo!</narracao>
    <narracao id="44612" momento="PJ" tempo="0">O Peixe joga todo de branco!</narracao>
    <narracao id="44618" momento="PJ" tempo="0">Vai começar o jogo!</narracao>
    <momento id="44619" momento="1ºT">Primeiro tempo</momento>
    <narracao id="44622" momento="1ºT" tempo="0">COMEÇA O JOGO!!! SÃO CAETANO x SANTOS!!!</narracao>
    <narracao id="44623" momento="1ºT" tempo="0">A saída de bola é santista!</narracao>
    <narracao id="44625" momento="1ºT" tempo="1">O Santos começa o jogo no ataque!</narracao>
    <narracao id="44630" momento="1ºT" tempo="3">O Azulão não começa bem o jogo! O time vai errando passes!</narracao>
    <narracao id="44632" momento="1ºT" tempo="3">Lance Perigoso - FORA!!! Tabata lança a bola para Tiuí, que arrisca o chute da entrada da área! A bola sobe demais e passa por cima do travessão de Mauro!</narracao>
    <narracao id="44638" momento="1ºT" tempo="5">SOLO!!! O Santos domina o jogo!</narracao>
    <narracao id="44640" momento="1ºT" tempo="6">ESCANTEIO!!! Marcelinho faz boa jogada pela esquerda, e cruza! Ronaldo Guiaro manda a bola para a linha de fundo!</narracao>
    <narracao id="44642" momento="1ºT" tempo="7">Ávalos afasta o perigo, mandando a bola para a linha lateral!</narracao>
    <narracao id="44646" momento="1ºT" tempo="9">O São Caetano toca a bola e melhora no jogo!</narracao>
    <narracao id="44650" momento="1ºT" tempo="9">Defesa - UHHH!!! Wendel entra na área, pela esquerda! O meia santista solta a bomba! Mauro espalma, e a bola bate na rede pelo lado de fora! Boa defesa do goleiro do Azulão!</narracao>
    <video id="44670" momento="1ºT" video="504691"> Veja o vídeo:  9' PEGUEI!!! Mauro faz boa defesa em chute de Wendel!</video>
    <narracao id="44655" momento="1ºT" tempo="10">É AÍ!!! Luxemburgo quer Rodrigo Tiuí jogando no lado esquerdo do ataque! </narracao>
    <narracao id="44658" momento="1ºT" tempo="12">Defesa - É MINHA!!! Marcelinho recebe a bola na área, gira, se livra da marcação de Manzur, mas chuta fraco! Fábio Costa faz defesa segura!</narracao>
    <video id="44689" momento="1ºT" video="504692"> Veja o vídeo:  12' DEIXA COMIGO!!! Marcelinho, gira e chuta fraco! Fábio Costa faz a defesa!</video>
    <narracao id="44661" momento="1ºT" tempo="14">SEGURA!!! O veloz Marcelinho vai dando trabalho à defesa santista!</narracao>
    <narracao id="44668" momento="1ºT" tempo="16">Defesa - PEGUEI!!! Anderson Lima arrisca o chute de fora da área! A bola quica e dificulta a vida de Fábio Costa, que se estica e faz bela defesa, espalmando a bola! </narracao>
    <narracao id="44677" momento="1ºT" tempo="18">PERIGO!!! Ronaldo Guiaro faz falta em Wellington Amorim, na meia-lua da área santista! Anderson Lima ajeita a bola!</narracao>
    <cartao id="44683" momento="1ºT" atletaId="10708" tempo="18" ico="/Portal/esportes/temporeal/swf/icos/cartao_amarelo.swf" cor="amarelo">Ronaldo Guiaro - SUJOU!!! Por fazer falta em Wellington Amorim, o zagueiro do Peixe recebe o amarelo!</cartao>
    <narracao id="44679" momento="1ºT" tempo="19">Lance Perigoso - ESCANTEIO!!! Anderson Lima rola para Elton, que solta a bomba! A bola bate no braço de Manzur e vai para fora! Jogadores do Azulão não reclamam o pênalti!</narracao>
    <video id="44711" momento="1ºT" video="504701"> Veja o vídeo:  19' FORA!!! Elton cobra a falta, a bola desvia no braço de Manzur, e sai para escanteio!</video>
    <narracao id="44681" momento="1ºT" tempo="20">A defesa santista afasta o perigo!</narracao>
    <narracao id="44692" momento="1ºT" tempo="22">O Santos tenta manter a bola no ataque!</narracao>
    <narracao id="44696" momento="1ºT" tempo="24">Lance Perigoso - NÃO VALE!!! Tabata cruza para Reinaldo que, livre, cabeceia! Mauro faz a defesa, mas o lance já estava parado! O atacante santista está impedido! O auxiliar marca!</narracao>
    <video id="44758" momento="1ºT" video="504712"> Veja o vídeo:  25' PAROU!!! Reinaldo, em impedimento, cabeceia para o gol! Não vale nada!</video>
    <narracao id="44701" momento="1ºT" tempo="26">NA CORRIDA!!! O São Caetano explora a velocidade dos ofensivos Elton e Marcelinho!</narracao>
    <narracao id="44706" momento="1ºT" tempo="27">Lance Perigoso - UHHH!!! Rodrigo Tiuí arrisca o chute da entrada da área! A bola vai alta e raspa a trave direita de Mauro, que se assusta!</narracao>
    <video id="44767" momento="1ºT" video="504718"> Veja o vídeo:  27' PARA FORA!!! Tabata arrisca o chute!</video>
    <narracao id="44714" momento="1ºT" tempo="29">O jogo é equilibrado! As duas equipes buscam o gol!</narracao>
    <narracao id="44721" momento="1ºT" tempo="31">Azulão explora os ataques pelo lado direito!</narracao>
    <narracao id="44724" momento="1ºT" tempo="33">Lance Perigoso - POR CIMA!!! Triguinho arrisca o chute de fora da área! A bola passa perto do travessão de Fábio Costa, que se assusta com o lance!</narracao>
    <narracao id="44730" momento="1ºT" tempo="34">Lance Perigoso - QUASE!!! Marcelinho cruza da esquerda, a defesa santista falha e Wellington Amorim, na linha da pequena área, chuta rasteiro, para fora! Perde boa chance o Azulão!</narracao>
    <narracao id="44732" momento="1ºT" tempo="35">Os laterais santistas não vão tendo boa atuação!</narracao>
    <narracao id="44735" momento="1ºT" tempo="37">O São Caetano está um pouco melhor no jogo!</narracao>
    <narracao id="44742" momento="1ºT" tempo="38">DEIXA PASSAR!!! Canindé derruba Dênis! A falta é para amarelo! O juiz marca a infração, mas não mostra o cartão!</narracao>
    <narracao id="44748" momento="1ºT" tempo="39">Lance Perigoso - UHHH!!! Tabata cobra falta para a área do Azulão! A bola passa por todos os jogadores e quase entra no canto esquerdo de Mauro! Tiro de meta para o Azulão!</narracao>
    <video id="44771" momento="1ºT" video="504721"> Veja o vídeo:  39' QUASE!!! Tabata cobra falta com muito perigo!</video>
    <narracao id="44751" momento="1ºT" tempo="41">Lance Perigoso - PRESSÃO SANTISTA!!! Dênis faz boa jogada pela direita e cruza para a área! Mauro espalma, e a bola quase sobra para Reinaldo! A zaga do São Caetano afasta o perigo!</narracao>
    <narracao id="44754" momento="1ºT" tempo="42">O Santos ataca gol do Azulão no fim do primeiro tempo! </narracao>
    <narracao id="44759" momento="1ºT" tempo="44">+1 É o acréscimo do primeiro tempo!</narracao>
    <narracao id="44760" momento="1ºT" tempo="45">O Peixe domina o jogo neste final de primeira etapa!</narracao>
    <narracao id="44763" momento="1ºT" tempo="46">ACABA O PRIMEIRO TEMPO!!!</narracao>
    <momento id="44775" momento="I">Show do intervalo</momento>
    <narracao id="44781" momento="I" tempo="0">Em um primeiro tempo bastante equilibrado, São Caetano e Santos ficam no empate de 0 a 0. As duas equipes tiveram bons momentos na partida e buscaram o ataque. Os goleiros vão mostrando segurança e evitando os gols. No segundo tempo, os dois times terão que se abrir ainda mais, se quiserem a vitória. Portanto, a etapa final promete!</narracao>
    <narracao id="44787" momento="I" tempo="0">Os times ainda estão nos vestiários!</narracao>
    <narracao id="44788" momento="I" tempo="0">O São Caetano já volta ao campo!</narracao>
    <narracao id="44793" momento="I" tempo="0">O Santos também está de volta!</narracao>
    <narracao id="44794" momento="I" tempo="0">Vai começar o segundo tempo!</narracao>
    <momento id="44795" momento="2ºT">Segundo tempo</momento>
    <narracao id="44798" momento="2ºT" tempo="0">COMEÇA O SEGUNDO TEMPO!!!</narracao>
    <narracao id="44800" momento="2ºT" tempo="0">A saída de bola é do Azulão!</narracao>
    <substituicao id="44875" momento="2ºT" tempo="0" ico="/Portal/esportes/temporeal/swf/icos/substituicao.swf">Santos faz substituição: entra Fabiano, sai Reinaldo</substituicao>
    <narracao id="44803" momento="2ºT" tempo="1">O Santos pressiona no início do segundo tempo!</narracao>
    <narracao id="44806" momento="2ºT" tempo="2">Lance Perigoso - FORA!!! Wellington Amorim arrisca o chute, dentro da área! A bola bate em Ronaldo Guiaro e sai para escanteio! </narracao>
    <narracao id="44809" momento="2ºT" tempo="2">A zaga do Peixe afasta o perigo! </narracao>
    <narracao id="44812" momento="2ºT" tempo="3">Lance Feio - NAS NUVENS!!! Maldonado arrisca o chute de longe! A bola sobe demais, sem sustos para Mauro!</narracao>
    <narracao id="44820" momento="2ºT" tempo="5">NADA!!! Manzur se joga no gramado, e Wellington Amorim sai com a bola! O juiz marca falta, erradamente!</narracao>
    <narracao id="44822" momento="2ºT" tempo="6">MAL!!! Canindé arrisca o chute de longe! A bola sai, fraca, à esquerda do gol de Fábio Costa!</narracao>
    <video id="44862" momento="2ºT" video="504746"> Veja o vídeo:  7' BOA!!! Wendel solta a bomba! Mauro faz boa defesa!</video>
    <narracao id="44829" momento="2ºT" tempo="8">Defesa - UHHH!!! Maldonado lança a bola para Wendel! O meia, no lado esquerdo da área, solta a bomba! Mauro faz ótima defesa, espalmando a bola e voltando a defendê-la!</narracao>
    <substituicao id="44876" momento="2ºT" tempo="9" ico="/Portal/esportes/temporeal/swf/icos/substituicao.swf">Santos faz substituição: entra André, sai Rodrigo Tiuí</substituicao>
    <narracao id="44835" momento="2ºT" tempo="10">O Azulão não consegue atacar o Santos na segunda etapa!</narracao>
    <narracao id="44840" momento="2ºT" tempo="11">Lance Perigoso - FORA!!! Muçamba tenta a cabeçada, e a bola sai à direita do gol de Fábio Costa, que se assusta!</narracao>
    <narracao id="44849" momento="2ºT" tempo="13">Lance Perigoso - O São Caetano melhora no jogo e toca a bola! Triguinho arrisca o chute de longe! A bola sai à direita do gol de Fábio Costa!</narracao>
    <substituicao id="44886" momento="2ºT" tempo="14" ico="/Portal/esportes/temporeal/swf/icos/substituicao.swf">São Caetano faz substituição: entra Igor, sai Canindé</substituicao>
    <substituicao id="44887" momento="2ºT" tempo="14" ico="/Portal/esportes/temporeal/swf/icos/substituicao.swf">São Caetano faz substituição: entra Fábio Luis, sai Wellinton Amorim</substituicao>
    <narracao id="44855" momento="2ºT" tempo="16">SOLTA A BOLA!!! Marcelinho é habilidoso, mas prende muito a bola!</narracao>
    <narracao id="44857" momento="2ºT" tempo="17">O Azulão passa a dominar o jogo!</narracao>
    <cartao id="44864" momento="2ºT" atletaId="5914" tempo="18" ico="/Portal/esportes/temporeal/swf/icos/cartao_amarelo.swf" cor="amarelo">Fabiano - AMARELOU!!! Por fazer falta em Thiago, o atacante santista recebe o cartão!</cartao>
    <narracao id="44869" momento="2ºT" tempo="20">O São Caetano tem mais posse de bola, mas erra passes decisivos!</narracao>
    <substituicao id="44877" momento="2ºT" tempo="22" ico="/Portal/esportes/temporeal/swf/icos/substituicao.swf">Santos faz substituição: entra Carlinhos, sai Wendel</substituicao>
    <narracao id="44882" momento="2ºT" tempo="23">O Peixe explora os contra-ataques!</narracao>
    <substituicao id="44888" momento="2ºT" tempo="23" ico="/Portal/esportes/temporeal/swf/icos/substituicao.swf">São Caetano faz substituição: entra Preto, sai Marcelinho</substituicao>
    <narracao id="44893" momento="2ºT" tempo="25">O ritmo do jogo cai um pouco neste segundo tempo!</narracao>
    <narracao id="44900" momento="2ºT" tempo="26">Lance Perigoso - QUASE!!! Fabiano corre pela direita e cruza a bola para André! Thiago se antecipa e corta o lance de cabeça, salvando o Azulão!</narracao>
    <video id="44953" momento="2ºT" video="504760"> Veja o vídeo:  26' QUASE!!! Thiago, de cabeça, salva o Azulão! </video>
    <narracao id="44907" momento="2ºT" tempo="28">Os dois times vão errando passes!</narracao>
    <video id="44976" momento="2ºT" video="504764"> Veja o vídeo:  28' PAROU!!! Fabiano está impedido!</video>
    <narracao id="44913" momento="2ºT" tempo="29">Lance Perigoso - STOP!!! Fabiano, em impedimento, tenta driblar o goleiro Mauro! O auxiliar demora, mas marca a infração! </narracao>
    <narracao id="44918" momento="2ºT" tempo="30">Lance Feio - MAL!!! Fábio Luis arrisca o chute de fora da área! A bola sobe demais, sem nenhum perigo para Fábio Costa!</narracao>
    <cartao id="44920" momento="2ºT" atletaId="36" tempo="31" ico="/Portal/esportes/temporeal/swf/icos/cartao_amarelo.swf" cor="amarelo">Kleber - SUJOU!!! Por puxar a camisa de Igor, o lateral do Santos recebe o amarelo!</cartao>
    <narracao id="44925" momento="2ºT" tempo="32">Polêmica - PÊNALTI!!! Ávalos empurra Elton com o braço direito, dentro da área! Penalidade máxima para o Azulão!!!</narracao>
    <gol id="44927" momento="2ºT" atletaId="9382" tempo="34" escudo="/FlashShow/0,,7262,00.swf" contra="0"> GOL DE ANDERSON LIMA  GOOOOL!!! É DO AZULÃO!!! Anderson Lima marca!!! O lateral cobra o pênalti, à meia altura, no canto esquerdo de Fábio Costa, que se estica mas não alcança!!! 1 a 0 para o Azulão!!! </gol>
    <video id="44927v" momento="2ºT" video="504773"> Veja o vídeo: Gol de Anderson Lima.  34' GOOOOL!!! É DO AZULÃO!!! Anderson Lima marca!!! O lateral cobra o pênalti, à meia altura, no canto esquerdo de Fábio Costa, que se estica mas não alcança!!! 1 a 0 para o Azulão!!! </video>
    <narracao id="44942" momento="2ºT" tempo="36">O Santos parte para o ataque, em busca do empate!</narracao>
    <narracao id="44944" momento="2ºT" tempo="37">Defesa - É MINHA!!! Tabata toca para Carlinhos, que tenta o cruzamento! Mauro sai do gol e faz a defesa!</narracao>
    <narracao id="44949" momento="2ºT" tempo="39">O Azulão tenta administrar o resultado!</narracao>
    <narracao id="44958" momento="2ºT" tempo="41">Defesa - QUE SUSTO!!! Carlinhos arrisca o chute no bico esquerdo da área! Mauro defende e dá rebote! Na sobra, o goleiro volta a defender!</narracao>
    <narracao id="44959" momento="2ºT" tempo="42">Polêmica - PÊNALTI!!! Elton é derrubado por Ronaldo Guiaro, dentro da área! É penalidade para o Azulão!!!</narracao>
    <gol id="44962" momento="2ºT" atletaId="9382" tempo="43" escudo="/FlashShow/0,,7262,00.swf" contra="0"> GOL DE ANDERSON LIMA  GOOOOL!!! É DO SÃO CAETANO!!! Anderson Lima marca!!! O lateral cobra forte o pênalti! A bola vai no meio do gol! Fábio Costa quase defende! Azulão faz 2 a 0!!!</gol>
    <video id="44962v" momento="2ºT" video="504779"> Veja o vídeo: Gol de Anderson Lima.  43' GOOOOL!!! É DO SÃO CAETANO!!! Anderson Lima marca!!! O lateral cobra forte o pênalti! A bola vai no meio do gol! Fábio Costa quase defende! Azulão faz 2 a 0!!!</video>
    <narracao id="44967" momento="2ºT" tempo="44">+2 É o acréscimo do jogo!</narracao>
    <narracao id="44971" momento="2ºT" tempo="45">Defesa - É MINHA!!! Elton entra na área e chuta cruzado! Fábio Costa defende sem dar rebote!</narracao>
    <narracao id="44974" momento="2ºT" tempo="46">Vai acabar o jogo!!!</narracao>
    <narracao id="44977" momento="2ºT" tempo="47">ACABA O JOGO!!! SÃO CAETANO 2 x 0 SANTOS!!!</narracao>
    <momento id="44983" momento="E">Final de jogo</momento>
    <narracao id="44991" momento="E" tempo="0">Em jogo equilibrado, o São Caetano utilizou a velocidade do meia Elton para conseguir dois pênaltis e sair com a vitória de 2 a 0. O primeiro tempo foi bom, com os times buscando o ataque. A segunda etapa foi muito ruim, o Santos jogou mal e o São Caetano atacou mais e aproveitou para sair com os três pontos. Parabéns ao Azulão! </narracao>
  </lances>
</lancealance>
