<?xml version="1.0" encoding="UTF-8"?>
<lancealance cobertura="1289" leitura="0">
  <placar>
    <equipe id="001" url="" nome="Fortaleza" escudo="/FlashShow/0,,6592,00.swf" resultado="1" abreviacao="FOR"/>
    <equipe id="002" url="" nome="Internacional" escudo="/FlashShow/0,,23002,00.swf" resultado="2" abreviacao="INT"/>
  </placar>
  <lances>
    <momento id="50237" momento="PJ">Pré-jogo</momento>
    <narracao id="50239" momento="PJ" tempo="0">O Fortaleza recebe o Internacional, daqui a pouco, no Castelão em partida válida pela 16ª rodada do Campeonato Brasileiro.
</narracao>
    <narracao id="50240" momento="PJ" tempo="0">Os Anfitriões tentam fugir da zona do rebaixamento. Tem apenas 14 pontos e estão na vice-lanterna da competição. Até o momento, empataram oito vezes, perderam cinco jogos e venceram somente dois confrontos.</narracao>
    <narracao id="50242" momento="PJ" tempo="0">O Inter vai a campo com o time reserva. O técnico Abel Braga resolveu poupar os titulares para a final da Libertadores nesta quarta-feira no Beira-Rio. Ainda assim, o Colorado tenta se reabilitar na competição. Está em quinto lugar com sete vitórias, cinco empates e três derrotas.</narracao>
    <narracao id="50247" momento="PJ" tempo="0">Os cearenses tentam quebrar um jejum que já dura 11 rodadas. Eles não vencem desde o dia 29 de Abril. O último triunfo do Fortaleza foi sobre o São Caetano por 2 a 1, no Castelão.</narracao>
    <narracao id="50262" momento="PJ" tempo="0">É o encontro da melhor defesa- o Inter levou apenas 13 gols, assim como o Santos- contra o pior ataque da competição- o Fortaleza balançou a rede apenas 11 vezes. </narracao>
    <narracao id="50266" momento="PJ" tempo="0">Times já estão em campo.</narracao>
    <momento id="50277" momento="1ºT">Primeiro tempo</momento>
    <narracao id="50278" momento="1ºT" tempo="0">Começa o jogo.</narracao>
    <cartao id="50281" momento="1ºT" atletaId="4526" tempo="2" ico="/Portal/esportes/temporeal/swf/icos/cartao_amarelo.swf" cor="amarelo">Márcio Mossoró - Meio-campista é punido pelo árbitro.</cartao>
    <narracao id="50287" momento="1ºT" tempo="5">Partida com muitos passes errados. </narracao>
    <narracao id="50291" momento="1ºT" tempo="7">Falta a favor do Inter. Vem bola na área do Tricolor!!!</narracao>
    <narracao id="50292" momento="1ºT" tempo="8">Albérico pega firme e não larga mais!!!</narracao>
    <narracao id="50298" momento="1ºT" tempo="11">Michel solta a bomba, fazendo o goleiro Renan ir lá no ângulo e colocar para escanteio.</narracao>
    <video id="50413" momento="1ºT" video="520929"> Veja o vídeo:  11' Michel quase marca.</video>
    <gol id="50302" momento="1ºT" atletaId="6277" tempo="12" escudo="/FlashShow/0,,6592,00.swf" contra="0"> GOL DE ALAN  GOOOOOOLLLL DO FORTALEZA!!!! Alan enche o pé em cobrança de falta. Indefensável para o goleiro Renan, do Inter.</gol>
    <video id="50302v" momento="1ºT" video="520931"> Veja o vídeo: Gol de Alan.  12' GOOOOOOLLLL DO FORTALEZA!!!! Alan enche o pé em cobrança de falta. Indefensável para o goleiro Renan, do Inter.</video>
    <narracao id="50305" momento="1ºT" tempo="16">Pressão do time cearense!!!</narracao>
    <narracao id="50309" momento="1ºT" tempo="18">Márcio Mossoró adianta muito a bola e a zaga tricolor afasta o perigo.</narracao>
    <cartao id="50314" momento="1ºT" atletaId="12840" tempo="20" ico="/Portal/esportes/temporeal/swf/icos/cartao_amarelo.swf" cor="amarelo">Camozzato - Lateral faz falta em Osmar e é punido pelo árbitro.</cartao>
    <cartao id="50423" momento="1ºT" atletaId="12840" tempo="20" ico="/Portal/esportes/temporeal/swf/icos/cartao_amarelo.swf" cor="amarelo">Camozzato - Falta do zagueiro, que levou cartão amarelo, em Osmar.</cartao>
    <video id="50423v" momento="1ºT" video="520938"> Veja o vídeo:  20' Falta do zagueiro, que levou cartão amarelo, em Osmar.</video>
    <narracao id="50317" momento="1ºT" tempo="22">Defesa sensacional de Renan!!!!</narracao>
    <narracao id="50323" momento="1ºT" tempo="23">Bonita jogada de Márcio Mossoró, mas Alan intercepta antes de o meio-campo concluir.</narracao>
    <video id="50427" momento="1ºT" video="520941"> Veja o vídeo:  23' Bonita defesa do goleiro Renan, do Internacional</video>
    <narracao id="50326" momento="1ºT" tempo="26">Albérico faz defesa importante. </narracao>
    <narracao id="50327" momento="1ºT" tempo="26">Bruno Barros arrisca de longe e Renan vai nela, evitando o gol.</narracao>
    <video id="50431" momento="1ºT" video="520945"> Veja o vídeo:  26' Bruno Barros quase amplia para os anfitriões.</video>
    <narracao id="50340" momento="1ºT" tempo="31">Levantamento de bola na área do time cearense e Albérico sai bem sem dar rebote para o Inter. </narracao>
    <narracao id="50343" momento="1ºT" tempo="34">Times erram muitos passes no meio-de-campo.</narracao>
    <narracao id="50350" momento="1ºT" tempo="37">Inter ameaça em cobrança de escanteio.</narracao>
    <narracao id="50352" momento="1ºT" tempo="37">ASSIM NÃO DÁ!!!Perdigão manda bola na área para ninguém.</narracao>
    <narracao id="50360" momento="1ºT" tempo="40">Boa chegada do Fortaleza!!! Rinaldo cruza e ninguém chega na pequena área para empurrar para a rede.</narracao>
    <video id="50392" momento="1ºT" video="520955"> Veja o vídeo:  40' Rinaldo toca, mas ninguém chega para concluir.</video>
    <narracao id="50363" momento="1ºT" tempo="42">Rinaldo erra passe em ataque que seria perigoso.</narracao>
    <narracao id="50364" momento="1ºT" tempo="42">André Cunha solta a bomba de fora da área e a bola tira tinta da trave.</narracao>
    <video id="50433" momento="1ºT" video="520959"> Veja o vídeo:  42' André Cunha assusta o goleiro Renan.</video>
    <narracao id="50369" momento="1ºT" tempo="45">Árbitro não vai dar acréscimo.</narracao>
    <narracao id="50371" momento="1ºT" tempo="45">Termina o primeiro tempo.</narracao>
    <momento id="50381" momento="I">Show do intervalo</momento>
    <narracao id="50385" momento="I" tempo="0">O Fortaleza leva vantagem por jogar ao lado da torcida. Foi mais vezes ao ataque e teve as melhores chances de gol. O Inter, com o time B, joga na base do contra-ataque.  </narracao>
    <momento id="50389" momento="2ºT">Segundo tempo</momento>
    <narracao id="50393" momento="2ºT" tempo="0">Começa o segundo tempo.</narracao>
    <substituicao id="50456" momento="2ºT" tempo="0" ico="/Portal/esportes/temporeal/swf/icos/substituicao.swf">Internacional faz substituição: entra Ramon, sai Rubens Cardoso</substituicao>
    <substituicao id="50457" momento="2ºT" tempo="0" ico="/Portal/esportes/temporeal/swf/icos/substituicao.swf">Internacional faz substituição: entra Adriano, sai Márcio Mossoró</substituicao>
    <narracao id="50400" momento="2ºT" tempo="2">Mazinho Lima faz bonita jogada!!!</narracao>
    <cartao id="50405" momento="2ºT" atletaId="11572" tempo="3" ico="/Portal/esportes/temporeal/swf/icos/cartao_amarelo.swf" cor="amarelo">Dezinho - Zagueiro faz falta desleal e o árbitro não deixa passar em branco.</cartao>
    <cartao id="50447" momento="2ºT" atletaId="11572" tempo="3" ico="/Portal/esportes/temporeal/swf/icos/cartao_amarelo.swf" cor="amarelo">Dezinho - Zagueiro é advertido pelo árbitro.</cartao>
    <video id="50447v" momento="2ºT" video="520968"> Veja o vídeo:  3' Zagueiro é advertido pelo árbitro.</video>
    <narracao id="50408" momento="2ºT" tempo="5">Contra-ataque do time cearense...mas o Inter consegue recuperar a posse de bola.</narracao>
    <narracao id="50409" momento="2ºT" tempo="6">Impedimento de Rinaldo.</narracao>
    <narracao id="50414" momento="2ºT" tempo="11">Reanteria dá bom passe e Adriano desperdiça grande oportunidade.</narracao>
    <video id="50455" momento="2ºT" video="520969"> Veja o vídeo:  11' Adriano erra gol feito.</video>
    <narracao id="50420" momento="2ºT" tempo="13">Adriano pega mal na bola em chute da entrada da pequena área.</narracao>
    <narracao id="50425" momento="2ºT" tempo="14">Renderia chuta por cima do gol.</narracao>
    <substituicao id="50471" momento="2ºT" tempo="18" ico="/Portal/esportes/temporeal/swf/icos/substituicao.swf">Fortaleza faz substituição: entra Jorge Mutt, sai Michel</substituicao>
    <cartao id="50438" momento="2ºT" atletaId="6282" tempo="19" ico="/Portal/esportes/temporeal/swf/icos/cartao_amarelo.swf" cor="amarelo">Mazinho Lima - Meio-campo é advertido. </cartao>
    <narracao id="50439" momento="2ºT" tempo="20">Rinaldo perde gol feito.</narracao>
    <video id="50481" momento="2ºT" video="520974"> Veja o vídeo:  20' Rinaldo não faz o gol mais feito da partida.</video>
    <narracao id="50443" momento="2ºT" tempo="21">Meio-campo é punido pela arbitragem.</narracao>
    <narracao id="50444" momento="2ºT" tempo="23">Bonita defesa de Albérico.</narracao>
    <substituicao id="50458" momento="2ºT" tempo="25" ico="/Portal/esportes/temporeal/swf/icos/substituicao.swf">Internacional faz substituição: entra Léo, sai Maycon</substituicao>
    <substituicao id="50472" momento="2ºT" tempo="26" ico="/Portal/esportes/temporeal/swf/icos/substituicao.swf">Fortaleza faz substituição: entra Finazzi, sai Rinaldo</substituicao>
    <gol id="50469" momento="2ºT" atletaId="5912" tempo="28" escudo="/FlashShow/0,,23002,00.swf" contra="0"> GOL DE LEO  GOOOOLLLLLLLL DO INTER!!! Renteria toca para Leo na pequena área, que chuta forte, sem defesa para Albérico.</gol>
    <video id="50469v" momento="2ºT" video="520980"> Veja o vídeo: Gol de Leo.  28' GOOOOLLLLLLLL DO INTER!!! Renteria toca para Leo na pequena área, que chuta forte, sem defesa para Albérico.</video>
    <substituicao id="50473" momento="2ºT" tempo="33" ico="/Portal/esportes/temporeal/swf/icos/substituicao.swf">Fortaleza faz substituição: entra Lúcio, sai Mazinho Lima</substituicao>
    <narracao id="50486" momento="2ºT" tempo="38">André Cunha tenta o cruzamento e Ediglê põe para escanteio. </narracao>
    <narracao id="50494" momento="2ºT" tempo="41">Contra-ataque do Inter...e falta a favor do Colorado na entrada da área.</narracao>
    <gol id="50498" momento="2ºT" atletaId="3829" tempo="43" escudo="/FlashShow/0,,23002,00.swf" contra="0"> GOL DE FABINHO  GOOOOOOOOOOLLLLL DO INTERNACIONAL!!! Fabinho põe bola no ângulo em bela cobrança de falta, sem defesa para Albérico.</gol>
    <video id="50498v" momento="2ºT" video="520988"> Veja o vídeo: Gol de Fabinho.  43' GOOOOOOOOOOLLLLL DO INTERNACIONAL!!! Fabinho põe bola no ângulo em bela cobrança de falta, sem defesa para Albérico.</video>
    <narracao id="50504" momento="2ºT" tempo="45">Árbitro dá dois minutos de acréscimo.</narracao>
    <narracao id="50507" momento="2ºT" tempo="46">Jogo paralizado. Renteria é atendido pelos médicos do Inter.</narracao>
    <narracao id="50508" momento="2ºT" tempo="47">Mas a falta é a favor do Fortaleza...</narracao>
    <narracao id="50509" momento="2ºT" tempo="47">...Alan isola a bola.</narracao>
    <narracao id="50510" momento="2ºT" tempo="48">Fim de jogo.</narracao>
    <momento id="50512" momento="E">Final de jogo</momento>
  </lances>
</lancealance>
