<?xml version="1.0" encoding="UTF-8"?>
<lancealance cobertura="1145" leitura="0">
  <placar>
    <equipe id="001" url="" nome="Inglaterra" escudo="/FlashShow/0,,9457,00.swf" resultado="1" abreviacao="ING"/>
    <equipe id="002" url="" nome="Equador" escudo="/FlashShow/0,,9451,00.swf" resultado="0" abreviacao="EQU"/>
  </placar>
  <lances>
    <momento id="41053" momento="PJ">Pré-jogo</momento>
    <narracao id="41054" momento="PJ" tempo="0">Inglaterra e Equador se enfrentam, daqui a pouco, em jogo válido pelas oitavas-de-final da Copa do Mundo. O jogo, que acontece no estádio Gottlieb-Daimler, em Stuttgart, será arbitrado pelo belga Frank de Bleeckere, auxiliado por Peter Hermans e Walter Vromans, ambos também da Bélgica.</narracao>
    <narracao id="41055" momento="PJ" tempo="0">A partida será o único duelo Europa x América do Sul das oitavas-de-final. O vencedor deste confronto enfrentará o ganhador do jogo entre Portugal e Holanda, que jogam logo mais.</narracao>
    <narracao id="41056" momento="PJ" tempo="0">A Inglaterra, favorita para o jogo, conta com o bom momento do meia Joe Cole para vencer os equatorianos e passar às quartas-de-final da Copa. Com o desfalque de Michael Owen, que se contundiu na última partida dos ingleses, as esperanças de gol recaem sobre o habilidoso Wayne Rooney e o gigante Peter Crouch. Steven Gerrard está confirmado para a partida, assim como o capitão David Beckham. O meia do Real Madrid, inclusive, teria sido ameaçado de barração pelo técnico Sven-Goran Eriksson, mas vai para o jogo contra o Equador. O zagueiro Rio Ferdinand também deve jogar.</narracao>
    <narracao id="41057" momento="PJ" tempo="0">O Equador, que jogou com um time misto na última partida, diante da Alemanha, tem todos os titulares de volta para o confronto com os ingleses. A força do time sul-americano está no ataque, com os perigosos Agustín Delgado e Carlos Tenorio. Os laterais De la Cruz e Reasco também são fundamentais no esquema do técnico Luis Fernando Suárez, e tembém estarão em campo contra os ingleses.</narracao>
    <narracao id="41058" momento="PJ" tempo="0">Inglaterra e Equador nunca se enfrentaram em Copas do Mundo. A Inglaterra alcançou as oitavas-de-final como primeira colocada do Grupo B. Já o Equador chegou à segunda fase da Copa pela primeira vez em sua história. O time da América do Sul foi o segundo colocado do Grupo A.</narracao>
    <narracao id="41059" momento="PJ" tempo="0">Os ingleses têm tradição no futebol e em Copas. A seleção britânica conseguiu um quarto lugar no Mundial de 1990, na Itália, e se sagrou campeã do mundo em 1966, jogando em seus domínios.</narracao>
    <narracao id="41060" momento="PJ" tempo="0">O Equador, que não tem grande currículo internacional no futebol, disputa sua segunda Copa do Mundo. Na primeira, em 2002, o time teve participação modesta e caiu na primeira fase. Nesta Copa, os equatorianos vão fazendo uma campanha histórica, por terem chegado às oitavas-de-final.</narracao>
    <narracao id="41061" momento="PJ" tempo="0">A Inglaterra vem de um empate por 2 a 2 com a Suécia, enquanto o Equador vem de uma goleada sofrida para a Alemanha, por 3 a 0. As duas partidas ocorreram na última rodada da primeira fase da Copa, e definiram o confronto entre as equipes nas oitavas.</narracao>
    <narracao id="41062" momento="PJ" tempo="0">O tempo é muito bom em Stuttgart! O sol bate no gramado do estádio Gottlieb-Daimler! As duas seleções ainda estão nos vestiários!</narracao>
    <narracao id="41063" momento="PJ" tempo="0">O público é muito bom para o confronto entre ingleses e equatorianos!</narracao>
    <narracao id="41064" momento="PJ" tempo="0">PRESENÇAS ILUSTRES!!! Franz Beckenbauer e Victoria Adams, esposa do capitão inglês David Beckham, marcam presença no jogo em Stuttgart!</narracao>
    <narracao id="41065" momento="PJ" tempo="0">As duas seleções estão prontas para a entrada no gramado!</narracao>
    <narracao id="41066" momento="PJ" tempo="0">ENTRAM EM CAMPO!!! As seleções estão perfiladas e com as bandeiras à frente!!!</narracao>
    <narracao id="41068" momento="PJ" tempo="0">SALVE A RAINHA!!! O hino inglês é executado!!!</narracao>
    <narracao id="41069" momento="PJ" tempo="0">Agora é o hino equatoriano que ecoa em Stuttgart!!!</narracao>
    <narracao id="41070" momento="PJ" tempo="0">Os jogadores se cumprimentam!</narracao>
    <narracao id="41067" momento="PJ" tempo="0">Os ingleses jogam com a tradicional camisa branca, e calções da cor azul marinho! O Equador vem com camisas amarelas, calções azuis e meiões vermelhos! </narracao>
    <narracao id="41071" momento="PJ" tempo="0">Os capitães Beckham e Hurtado se confraternizam! Vai começar o jogo!!! </narracao>
    <video id="41077" momento="PJ" video="490479"> Veja o vídeo:  0' Dê uma olhada na arma inglesa: os cruzamentos de Beckham!!!</video>
    <video id="41083" momento="PJ" video="490481"> Veja o vídeo:  0' Conheça o perfil do craque Wayne Rooney!!!</video>
    <momento id="41072" momento="1ºT">Primeiro tempo</momento>
    <narracao id="41073" momento="1ºT" tempo="0">COMEÇA O JOGO!!! INGLATERRA x EQUADOR!!! Quem perder estará fora da Copa!!!</narracao>
    <narracao id="41074" momento="1ºT" tempo="0">A saída de bola é inglesa!!!</narracao>
    <video id="41079" momento="1ºT" video="490480"> Veja o vídeo:  0' Começa o jogo!!!</video>
    <narracao id="41075" momento="1ºT" tempo="1">Os ingleses iniciam o jogo pressionando os equatorianos!</narracao>
    <narracao id="41078" momento="1ºT" tempo="1">Os ingleses iniciam o jogo pressionando os equatorianos!</narracao>
    <narracao id="41080" momento="1ºT" tempo="1">Os ingleses iniciam o jogo pressionando os equatorianos!</narracao>
    <narracao id="41076" momento="1ºT" tempo="3">Lampard tenta o passe no ataque para Rooney! Mas a bola é forte demais e sai pela linha de fundo!</narracao>
    <video id="41086" momento="1ºT" video="490482"> Veja o vídeo:  4' PEGUEI!!! Rooney tenta o cruzamento! Mora sai do gol e defende!!!</video>
    <narracao id="41081" momento="1ºT" tempo="6">Os ingleses vão tocando a bola!</narracao>
    <narracao id="41082" momento="1ºT" tempo="7">PAROU!!! Carlos Tenorio é pego em impedimento! O auxiliar marca!</narracao>
    <narracao id="41084" momento="1ºT" tempo="10">Na Trave - UHHH!!! Carlos Tenorio aproveita a falha de John Terry e entra na área! O atacante equatoriano, livre, ajeita a bola e acerta o travessão de Robinson! O Equador perde uma chance incrível!!! </narracao>
    <video id="41098" momento="1ºT" video="490483"> Veja o vídeo:  10' QUASE!!! Carlos Tenorio acerta o travessão de Robinson!!!</video>
    <narracao id="41085" momento="1ºT" tempo="12">Os equatorianos se soltam mais no jogo!</narracao>
    <narracao id="41087" momento="1ºT" tempo="14">Defesa - NA MINHA MÃO!!! Rooney tenta o chute! Mas a bola vai fraca demais! É um recuo para o goleiro Mora!!!</narracao>
    <narracao id="41095" momento="1ºT" tempo="14">Defesa - NA MINHA MÃO!!! Rooney tenta o chute! Mas a bola vai fraca demais! É um recuo para o goleiro Mora!!!</narracao>
    <narracao id="41088" momento="1ºT" tempo="16">Lance Feio - QUE HORROR!!! Joe Cole tenta o lançamento para o ataque! A bola sai pela linha lateral!!!</narracao>
    <narracao id="41089" momento="1ºT" tempo="17">Lance Perigoso - FORA!!! Gerrard solta a bomba! A bola passa por cima do travessão de Mora!!!</narracao>
    <cartao id="41090" momento="1ºT" atletaId="5966" tempo="17" ico="/Portal/esportes/temporeal/swf/icos/cartao_amarelo.swf" cor="amarelo">John Terry - SUJOU!!! Por fazer falta dura em Carlos Tenorio, o zagueiro Terry recebe o amarelo!</cartao>
    <video id="41096" momento="1ºT" video="490484"> Veja o vídeo:  17' POR CIMA!!! Gerrard arrisca o chute!!!</video>
    <video id="41100" momento="1ºT" video="490485"> Veja o vídeo:  17' AMARELO!!! Terry é premiado com o cartão!!!</video>
    <narracao id="41091" momento="1ºT" tempo="19">Lance Perigoso - UHHH!!! Mendez cobra a falta com muita força! A bola desvia em Ferdinand e quase entra! Susto para Robinson!!!</narracao>
    <video id="41101" momento="1ºT" video="490486"> Veja o vídeo:  19' QUASE!!! Mendez solta a bomba e assusta Robinson!!!</video>
    <video id="41104" momento="1ºT" video="490487"> Veja o vídeo:  21' AVANTE!!! Ingleses vão ao ataque!</video>
    <narracao id="41093" momento="1ºT" tempo="22">Os ingleses insistem nas jogadas aéreas na área equatoriana!</narracao>
    <narracao id="41094" momento="1ºT" tempo="23">Lance Perigoso - OLHA LÁ!!! Beckham cruza para a área, Mora falha e Ferdinand quase aproveita!!! É tiro de meta para o Equador! Se liga, Mora!!!</narracao>
    <narracao id="41097" momento="1ºT" tempo="25">POSSE DE BOLA: 55% para a Inglaterra, 45% para o Equador.</narracao>
    <narracao id="41099" momento="1ºT" tempo="27">Defesa - É MINHA!!! Lampard arrisca o chute da entrada da área! Mora faz boa defesa, sem dar rebote!!!</narracao>
    <video id="41111" momento="1ºT" video="490488"> Veja o vídeo:  27' PEGUEI!!! Lampard arrisca o chute! Mora faz defesa segura!!!</video>
    <narracao id="41102" momento="1ºT" tempo="29">Lance Bonito - QUE LINDO!!! Reasco coloca a bola entre as pernas de Hargreaves, que faz a falta!!!</narracao>
    <video id="41113" momento="1ºT" video="490489"> Veja o vídeo:  29' OVINHO!!! Reasco coloca a bola entre as pernas de Hargreaves, que faz a falta!</video>
    <narracao id="41103" momento="1ºT" tempo="30">Lance Feio - TERRÍVEL!!! Mendez arrisca o chute de primeira! A bola sai pela linha lateral, no lado direito de ataque do Equador!!!</narracao>
    <narracao id="41105" momento="1ºT" tempo="33">O Equador está melhor em campo!</narracao>
    <narracao id="41110" momento="1ºT" tempo="33">O Equador está melhor em campo!</narracao>
    <narracao id="41112" momento="1ºT" tempo="33">O Equador está melhor em campo!</narracao>
    <narracao id="41106" momento="1ºT" tempo="34">Lance Perigoso - UHHH!!! Beckham cobra falta com perfeição! A bola raspa a trave direita de Mora, que fica estático e rezando!!!</narracao>
    <video id="41122" momento="1ºT" video="490491"> Veja o vídeo:  34' UHHH!!! Beckham bate falta e quase abre o placar!!!</video>
    <cartao id="41107" momento="1ºT" atletaId="3537" tempo="36" ico="/Portal/esportes/temporeal/swf/icos/cartao_amarelo.swf" cor="amarelo">Carlos Tenorio - AMARELOU!!! Por derrubar Terry, o atacante Carlos Tenorio recebe o cartão!</cartao>
    <narracao id="41114" momento="1ºT" tempo="39">O jogo não tem grandes oportunidades de gol!</narracao>
    <narracao id="41115" momento="1ºT" tempo="40">Lance Perigoso - NÃO BOBEIA!!! Hurtado perde a bola para Rooney, na defesa! Espinoza se estica e faz o corte, salvando o Equador!!!</narracao>
    <narracao id="41117" momento="1ºT" tempo="43">O Equador pressiona neste fim de primeiro tempo! </narracao>
    <narracao id="41118" momento="1ºT" tempo="45">Lance Perigoso - PARA FORA!!! Espinoza cabeceia por cima do gol inglês!</narracao>
    <narracao id="41119" momento="1ºT" tempo="45">+2 É o acréscimo do primeiro tempo!</narracao>
    <video id="41125" momento="1ºT" video="490494"> Veja o vídeo:  45' POR CIMA!!! Espinoza tenta de cabeça!</video>
    <narracao id="41120" momento="1ºT" tempo="46">Vai acabar o primeiro tempo!</narracao>
    <narracao id="41121" momento="1ºT" tempo="47">ACABA O PRIMEIRO TEMPO!!! 0 a 0!!!</narracao>
    <momento id="41123" momento="I">Show do intervalo</momento>
    <narracao id="41124" momento="I" tempo="0">Em um primeiro tempo com poucas emoções, a favorita Inglaterra ficou devendo um bom futebol à sua torcida. O Equador teve a melhor chance do jogo, com Tenorio acertando o travessão de Robinson. A partida é equilibrada e, pelo futebol mostrado até aqui, qualquer um dos dois times pode passar às quartas-de-final. Os ingleses precisam melhorar para justificarem o favoritismo. Já os equatorianos têm condições de surpreender os britânicos na segunda etapa.</narracao>
    <narracao id="41126" momento="I" tempo="0">As duas seleções ainda estão nos vestiários!</narracao>
    <narracao id="41127" momento="I" tempo="0">As seleções estão de volta ao gramado! Vai começar a segunda etapa!!!</narracao>
    <video id="41133" momento="I" video="490495"> Veja o vídeo:  0' Confira os melhores momentos do primeiro tempo!</video>
    <momento id="41128" momento="2ºT">Segundo tempo</momento>
    <narracao id="41129" momento="2ºT" tempo="0">COMEÇA O SEGUNDO TEMPO!!!</narracao>
    <video id="41138" momento="2ºT" video="490499"> Veja o vídeo:  0' Começa o segundo tempo!</video>
    <narracao id="41130" momento="2ºT" tempo="1">ERROU!!! Gerrard sofre falta ao lado da área! O juiz não marca e prejudica os ingleses!</narracao>
    <video id="41137" momento="2ºT" video="490498"> Veja o vídeo:  1' TÁ CEGO??? Gerrard sofre falta! O juiz não marca!!!</video>
    <narracao id="41131" momento="2ºT" tempo="3">A Inglaterra pressiona!</narracao>
    <narracao id="41132" momento="2ºT" tempo="4">Lance Perigoso - QUASE!!! Gerrard cruza rasteiro, da esquerda! A bola passa por toda a área equatoriana, assustando Mora!!!</narracao>
    <video id="41145" momento="2ºT" video="490500"> Veja o vídeo:  4' QUASE!!! Gerrard cruza com perigo!!!</video>
    <narracao id="41134" momento="2ºT" tempo="6">A Inglaterra vai tocando a bola!</narracao>
    <narracao id="41135" momento="2ºT" tempo="8">Lance Feio - MAL!!! Carlos Tenorio tenta o cruzamento para a área! A bola sai pela linha de fundo! Péssimo cruzamento!!!</narracao>
    <narracao id="41136" momento="2ºT" tempo="9">Os chutes fortes de Mendez são armas para o Equador!</narracao>
    <narracao id="41139" momento="2ºT" tempo="11">CHUTES A GOL: 4 da Inglaterra, 4 do Equador.</narracao>
    <narracao id="41140" momento="2ºT" tempo="13">FALTAS COMETIDAS: 11 pela Inglaterra, 19 pelo Equador.</narracao>
    <gol id="41141" momento="2ºT" atletaId="2151" tempo="14" escudo="/FlashShow/0,,9457,00.swf" contra="0"> GOL DE DAVID BECKHAM  GOOOL!!! É DA INGLATERRA!!! Beckham marca!!! Em bela cobrança de falta, o capitão inglês balança as redes!!! A bola passa pela barreira, explode na trave direita de Mora, e entra!!! O goleiro equatoriano se estica, mas não alcança!!! 1 a 0 para a Inglaterra!!!</gol>
    <video id="41141v" momento="2ºT" video="490503"> Veja o vídeo: Gol de David Beckham.  14' GOOOL!!! É DA INGLATERRA!!! Beckham marca!!! Em bela cobrança de falta, o capitão inglês balança as redes!!! A bola passa pela barreira, explode na trave direita de Mora, e entra!!! O goleiro equatoriano se estica, mas não alcança!!! 1 a 0 para a Inglaterra!!!</video>
    <narracao id="41142" momento="2ºT" tempo="17">O Equador sente o gol inglês! A Inglaterra quer o segundo!!! </narracao>
    <video id="41153" momento="2ºT" video="490504"> Veja o vídeo:  17' FORA!!! Lampard arrisca o chute rasteiro!!!</video>
    <narracao id="41143" momento="2ºT" tempo="20">Defesa - PEGUEI!!! Valencia arrisca o chute! Robinson espalma, fazendo grande defesa!!!</narracao>
    <video id="41155" momento="2ºT" video="490505"> Veja o vídeo:  20' BOA!!! Robinson espalma o chute de Valencia!!!</video>
    <cartao id="41144" momento="2ºT" atletaId="2125" tempo="21" ico="/Portal/esportes/temporeal/swf/icos/cartao_amarelo.swf" cor="amarelo">Ulises De la Cruz - SUJOU!!! Por colocar a mão na bola, De la Cruz recebe o amarelo!</cartao>
    <narracao id="41146" momento="2ºT" tempo="23">ENGLAND!!! A torcida inglesa canta e grita em Stuttgart!!!</narracao>
    <substituicao id="41149" momento="2ºT" tempo="23" ico="/Portal/esportes/temporeal/swf/icos/substituicao.swf">Equador faz substituição: entra Lara, sai Edwin Tenório</substituicao>
    <narracao id="41148" momento="2ºT" tempo="25">Lance Perigoso - POR POUCO!!! Lampard cruza rasteiro, da direita, e Rooney quase alcança a bola!!!</narracao>
    <substituicao id="41150" momento="2ºT" tempo="26" ico="/Portal/esportes/temporeal/swf/icos/substituicao.swf">Equador faz substituição: entra Kaviedes, sai Tenorio</substituicao>
    <narracao id="41151" momento="2ºT" tempo="26">Tenorio sai machucado de campo, após dividida com Hargreaves!</narracao>
    <narracao id="41152" momento="2ºT" tempo="27">Lance Perigoso - PERDEU!!! Rooney faz bela jogada, põe a bola entre as pernas de Hurtado, e toca para trás! Lampard chega chutando e manda a bola para o alto!!!</narracao>
    <video id="41166" momento="2ºT" video="490506"> Veja o vídeo:  27' MAL!!! Após bela jogada de Rooney, Lampard isola a bola!!!</video>
    <narracao id="41154" momento="2ºT" tempo="29">CHUTES A GOL: 7 para a Inglaterra, 5 para o Equador.</narracao>
    <video id="41167" momento="2ºT" video="490507"> Veja o vídeo:  29' PEGUEI!!! Rooney chuta cruzado! Mora faz a defesa!!! </video>
    <substituicao id="41175" momento="2ºT" tempo="31" ico="/Portal/esportes/temporeal/swf/icos/substituicao.swf">Inglaterra faz substituição: entra Carragher, sai Joe Cole</substituicao>
    <narracao id="41157" momento="2ºT" tempo="32">Lance Perigoso - FORA!!! Mendez arrisca o chute de fora da área! A bola vai pela linha de fundo, à esquerda de Robinson!!!</narracao>
    <cartao id="41158" momento="2ºT" atletaId="12087" tempo="32" ico="/Portal/esportes/temporeal/swf/icos/cartao_amarelo.swf" cor="amarelo">Paul Robinson - DEMOROU, DANÇOU!!! Por retardar a cobrança de tiro de meta, Robinson é premiado com o amarelo!!!</cartao>
    <video id="41172" momento="2ºT" video="490508"> Veja o vídeo:  32' PARA FORA!!! Mendez arrisca o chute!!!</video>
    <narracao id="41159" momento="2ºT" tempo="34">O Equador tenta as jogadas aéreas para Delgado, na área inglesa!!!</narracao>
    <narracao id="41160" momento="2ºT" tempo="35">Beckham passa mal em campo, mas ainda não é substituído!</narracao>
    <narracao id="41161" momento="2ºT" tempo="36">POSSE DE BOLA: 50% para a Inglaterra, 50% para o Equador.</narracao>
    <cartao id="41162" momento="2ºT" atletaId="8934" tempo="36" ico="/Portal/esportes/temporeal/swf/icos/cartao_amarelo.swf" cor="amarelo">Jamie Carragher - SUJOU!!! Por demorar a cobrar uma falta, Carragher recebe o amarelo!</cartao>
    <narracao id="41163" momento="2ºT" tempo="37">Wayne Rooney vai fazendo um bom segundo tempo!</narracao>
    <narracao id="41164" momento="2ºT" tempo="38">O goleiro inglês Robinson faz uma defesa e cai sobre o gramado!</narracao>
    <narracao id="41165" momento="2ºT" tempo="38">QUE ENJÔO!!! Beckham continua passando mal em campo!</narracao>
    <narracao id="41168" momento="2ºT" tempo="40">SALVE A RAINHA!!! A torcida inglesa canta o hino de seu país!</narracao>
    <substituicao id="41176" momento="2ºT" tempo="41" ico="/Portal/esportes/temporeal/swf/icos/substituicao.swf">Inglaterra faz substituição: entra Lennon, sai Beckham</substituicao>
    <video id="41181" momento="2ºT" video="490510"> Veja o vídeo:  41' HERÓI!!! Beckham sai de campo aplaudido!!!</video>
    <video id="41182" momento="2ºT" video="490509"> Veja o vídeo:  41' MAL!!! Reasco faz boa jogada, mas Valencia erra o chute!!! </video>
    <narracao id="41171" momento="2ºT" tempo="42">Passando mal, finalmente Beckham sai de campo!</narracao>
    <narracao id="41173" momento="2ºT" tempo="44">A Inglaterra vai explorando os contra-ataques! Escanteio conseguido por Lennon!</narracao>
    <narracao id="41174" momento="2ºT" tempo="45">+3 É o acréscimo do jogo!!! O Equador vai se despedindo da Copa do Mundo!!!</narracao>
    <substituicao id="41177" momento="2ºT" tempo="46" ico="/Portal/esportes/temporeal/swf/icos/substituicao.swf">Inglaterra faz substituição: entra Downing, sai Gerrard</substituicao>
    <narracao id="41178" momento="2ºT" tempo="47">Vai acabar o jogo!!! Kaviedes discute com Rooney!!!</narracao>
    <narracao id="41179" momento="2ºT" tempo="48">ACABA O JOGO!!! INGLATERRA 1 x 0 EQUADOR!!!</narracao>
    <momento id="41183" momento="E">Final de jogo</momento>
    <narracao id="41184" momento="E" tempo="0">Foi sofrido, mas a Inglaterra garantiu vaga às quartas-de-final da Copa do Mundo! O time inglês bateu o Equador por 1 a 0, com gol de falta de David Beckham, e espera por Portugal ou Holanda, que também jogam hoje. Mais uma vez os britânicos não jogaram bem e se salvaram com a tradicional jogada de bola parada. O time inglês terá que melhorar muito seu futebol, se quiser chegar às semifinais. Já ao Equador, resta a lembrança de uma boa campanha neste Mundial. Festa na terra da Rainha!!! </narracao>
  </lances>
</lancealance>
