<?xml version="1.0" encoding="UTF-8"?>
<lancealance cobertura="1141" leitura="0">
  <placar>
    <equipe id="001" url="" nome="ASA" escudo="/FlashShow/0,,25981,00.swf" resultado="1" abreviacao="ASA"/>
    <equipe id="002" url="" nome="Alegrense-ES" escudo="/FlashShow/0,,9400,00.swf" resultado="0" abreviacao="Alegrense-ES"/>
  </placar>
  <lances>
    <momento id="35851" momento="PJ">Pré-jogo</momento>
    <momento id="35852" momento="1ºT">Primeiro tempo</momento>
    <narracao id="35853" momento="1ºT" tempo="1">Gol</narracao>
    <gol id="35854" momento="1ºT" atletaId="10834" tempo="2" escudo="/FlashShow/0,,25981,00.swf" contra="0"> GOL DE PABLO  gol</gol>
  </lances>
</lancealance>
