<?xml version="1.0" encoding="UTF-8"?>
<lancealance cobertura="1044" leitura="0">
  <placar>
    <equipe id="001" url="" nome="Paraná" escudo="/FlashShow/0,,6598,00.swf" resultado="3" abreviacao="PAR"/>
    <equipe id="002" url="" nome="Santa Cruz" escudo="/FlashShow/0,,7166,00.swf" resultado="0" abreviacao="Santa Cruz"/>
  </placar>
  <lances>
    <momento id="32828" momento="PJ">Pré-jogo</momento>
    <narracao id="32831" momento="PJ" tempo="0">O Santa Cruz ainda não conseguiu vencer no Brasileirão e segura a lanterninha na tabela com apenas três pontos. A equipe empatou com o Botafogo na última rodada, 1 a 1, e hoje tem a volta de Alex Oliveira ao time.</narracao>
    <narracao id="32830" momento="PJ" tempo="0">Com nove pontos, o time do Paraná está em 17° lugar na classificação do campeonato e ocupa a última vaga da zona de descenso. O Tricolor paranaense vem empolgado com a goleada que aplicou sobre a Ponte Preta, 5 a 2, na última rodada. O técnico Caio Júnior conta com a volta de Edinho na lateral. </narracao>
    <narracao id="32829" momento="PJ" tempo="0">O Paraná recebe o Santa Cruz, às 20h30m (horário de Brasília), no Pinheirão, pela nona rodada do Campeonato Brasileiro. As duas equipes estão na zona de rebaixamento.</narracao>
    <momento id="32843" momento="1ºT">Primeiro tempo</momento>
    <narracao id="32844" momento="1ºT" tempo="0">BOLA ROLANDO NO PINHEIRÃO!!!!!</narracao>
    <narracao id="32849" momento="1ºT" tempo="1">O Santa Cruz já tenta o ataque, mas sem perigo para o goleiro Flávio do Paraná.</narracao>
    <narracao id="32852" momento="1ºT" tempo="1">Paraná no ataque!!! Levantamento na área e Gustavo cabeceia sem perigo para o Santa.</narracao>
    <narracao id="32855" momento="1ºT" tempo="2">BOLA NA ÁREA DO PARANÁ!!! </narracao>
    <narracao id="32856" momento="1ºT" tempo="2">UHHHHHHH!!!!!! O Santa chega com Val Baiano que chuta forte para bela defesa do goleiro Flávio!!!!</narracao>
    <narracao id="32858" momento="1ºT" tempo="5">O Paraná não se intimida e parte para o ataque!!!</narracao>
    <narracao id="32860" momento="1ºT" tempo="5">UHHHHHH!!! O Tricolor chega pela esquerda e Edinho bate cruzado levando perigo ao gol do Santa.</narracao>
    <gol id="32861" momento="1ºT" atletaId="123" tempo="6" escudo="/FlashShow/0,,6598,00.swf" contra="0"> GOL DE LEONARDO  Bela jogada do Paraná, Edinho desce novamente pela esquerda e chuta cruzado, o camisa 9 completa para o gol!!!!!!!</gol>
    <video id="32861v" momento="1ºT" video="471130"> Veja o vídeo: Gol de Leonardo.  6' Bela jogada do Paraná, Edinho desce novamente pela esquerda e chuta cruzado, o camisa 9 completa para o gol!!!!!!!</video>
    <narracao id="32863" momento="1ºT" tempo="7">Santa Cruz já tenta uma reação e ataca com César!!!</narracao>
    <narracao id="32865" momento="1ºT" tempo="8">O jogador desce pela esquerda e chuta fraco para a defesa do goleiro Flávio.</narracao>
    <narracao id="32869" momento="1ºT" tempo="11">Alex Oliveira trabalha a bola no meio-campo para o santa Cruz. </narracao>
    <narracao id="32870" momento="1ºT" tempo="11">O time pernambucano chega ao ataque e tem falta perigosa para o Santa na entrada da área.</narracao>
    <narracao id="32871" momento="1ºT" tempo="11">Falta cobrada e a zaga tira...</narracao>
    <narracao id="32872" momento="1ºT" tempo="12">O Santa Cruz tem mais posse de bola.</narracao>
    <narracao id="32876" momento="1ºT" tempo="14">O jogo fica morno. As duas equipes não conseguem finalizar com perigo.</narracao>
    <narracao id="32877" momento="1ºT" tempo="15">Sandro cruza a bola na área do santa Cruz e o goleiro Juninho defende com tranqüilidade.</narracao>
    <narracao id="32879" momento="1ºT" tempo="17">FALTA PARA O SANTA CRUZ!!!!</narracao>
    <narracao id="32882" momento="1ºT" tempo="17">A bola é alçada na área... e sai direto pela linha de fundo.</narracao>
    <narracao id="32883" momento="1ºT" tempo="18">Santa novamente no ataque, val Baiano chega pela esquerda e chuta em cima da zaga do Paraná. </narracao>
    <narracao id="32885" momento="1ºT" tempo="18">Paraná tenta chegar ao ataque com Neguette, mas o jogador perde a bola no meio de campo. </narracao>
    <narracao id="32886" momento="1ºT" tempo="19">PARANÁ NO ATAQUE!!!! Gustavo coloca a bola na frente, entra na área do santa e é derrubado...</narracao>
    <narracao id="32888" momento="1ºT" tempo="20">O juiz não marca nada e manda a jogada seguir.</narracao>
    <narracao id="32889" momento="1ºT" tempo="21">O Paraná mostra mais vontade e volta a atacar!!!</narracao>
    <cartao id="32892" momento="1ºT" atletaId="4841" tempo="23" ico="/Portal/esportes/temporeal/swf/icos/cartao_amarelo.swf" cor="amarelo">Váldson - Por reclamação, o zagueiro do Santa Cruz é punido pelo árbitro.</cartao>
    <video id="32896" momento="1ºT" video="471133"> Veja o vídeo:  24' Aos dois minutos de jogo, Val Baiano leva grande perigo ao Paraná!!!!</video>
    <narracao id="32899" momento="1ºT" tempo="26">Bela jogada do Paraná com Serginho no meio-campo, ele coloca a bola na frente para Maicosuel, mas a zaga tira.</narracao>
    <cartao id="32902" momento="1ºT" atletaId="5755" tempo="27" ico="/Portal/esportes/temporeal/swf/icos/cartao_amarelo.swf" cor="amarelo">Edinho - Lateral do Paraná pára a jogada com falta e é punido.</cartao>
    <narracao id="32904" momento="1ºT" tempo="28">FALTA PERIGOSA PARA O SANTA CRUZ!!!!!</narracao>
    <narracao id="32905" momento="1ºT" tempo="29">Alex Oliveira vai para a bola...</narracao>
    <narracao id="32907" momento="1ºT" tempo="29">...mas a bola passa ao lado do gol. Tiro de meta para o Paraná.</narracao>
    <narracao id="32914" momento="1ºT" tempo="33">Santa Cruz no ataque!!!! Mas o juiz pára e marca um impedimento!!!</narracao>
    <narracao id="32917" momento="1ºT" tempo="35">Mais uma vez o Paraná chega com Edinho!!!!</narracao>
    <narracao id="32918" momento="1ºT" tempo="35">Levantamento na área, mas a zaga do Santa tira o perigo.</narracao>
    <cartao id="32920" momento="1ºT" atletaId="12665" tempo="35" ico="/Portal/esportes/temporeal/swf/icos/cartao_amarelo.swf" cor="amarelo">César - Santa tenta sair no contra-ataque, mas perde a bola e pára o Paraná com falta.</cartao>
    <video id="32922" momento="1ºT" video="471141"> Veja o vídeo:  37' Sandro cobra a falta para o Paraná, mas Juninho defende.</video>
    <narracao id="32923" momento="1ºT" tempo="38">BIZARRO!!!!!!  Muitos erros dos dois times!!!</narracao>
    <narracao id="32925" momento="1ºT" tempo="39">Primeiro a zaga do Santa Cruz perde a bola em uma boveira, depois o jogador do Paraná erra a cobrança de lateral e é reversão.</narracao>
    <cartao id="32928" momento="1ºT" atletaId="6077" tempo="39" ico="/Portal/esportes/temporeal/swf/icos/cartao_amarelo.swf" cor="amarelo">Gustavo - Santa Cruz desce para o ataque mas é parado com falta dura.</cartao>
    <narracao id="32929" momento="1ºT" tempo="40">Paraná no ataque!!!!</narracao>
    <narracao id="32930" momento="1ºT" tempo="40">Falta perigosa para o Tricolor paranaense cobrar na entrada da área!!!</narracao>
    <narracao id="32931" momento="1ºT" tempo="41">Maicosuel vai para a bola...</narracao>
    <narracao id="32932" momento="1ºT" tempo="41">... e a bola bate na barreira.</narracao>
    <narracao id="32934" momento="1ºT" tempo="42">Santa Cruz desce para o contra-ataque. Mais uma vez a jogada é parada com falta.</narracao>
    <narracao id="32936" momento="1ºT" tempo="42">De novo Alex Oliveira para a bola... tenta levantar para a área e não passa pela barreira.</narracao>
    <narracao id="32940" momento="1ºT" tempo="44">O Santa tem muitas dificuldades para finalizar ao gol do goleiro Flávio.</narracao>
    <narracao id="32942" momento="1ºT" tempo="45">O juiz informa 1 minuto de acréscimo!!!</narracao>
    <narracao id="32943" momento="1ºT" tempo="46">Escanteio para o Paraná!!!</narracao>
    <narracao id="32947" momento="1ºT" tempo="46">Escanteio cobrado e a bola termina nas mãos do goleiro Juninho!!!</narracao>
    <momento id="32948" momento="I">Show do intervalo</momento>
    <narracao id="32949" momento="I" tempo="0">FIM DA PRIMEIRA ETAPA!!!!</narracao>
    <narracao id="32950" momento="I" tempo="0">PARANÁ 1 x 0 SANTA CRUZ</narracao>
    <narracao id="32957" momento="I" tempo="0">O Santa Cruz teve mais posse de bola no início do primeiro tempo, mas tomou o gol logo aos seis minutos. O Santa continuou melhor, mas sem objetividade, enquanto o Paraná ia crescendo no jogo e levava perigo pelo lado esquerdo com Edinho. No final do primeiro tempo os dois times já estavam iguais na partida.</narracao>
    <momento id="32960" momento="2ºT">Segundo tempo</momento>
    <narracao id="32961" momento="2ºT" tempo="0">A BOLA ROLA NA SEGUNDA ETAPA!!!!</narracao>
    <substituicao id="33041" momento="2ºT" tempo="1" ico="/Portal/esportes/temporeal/swf/icos/substituicao.swf">Paraná faz substituição: entra Marcos Leandro, sai Flávio</substituicao>
    <substituicao id="33042" momento="2ºT" tempo="1" ico="/Portal/esportes/temporeal/swf/icos/substituicao.swf">Paraná faz substituição: entra Ângelo, sai Serginho</substituicao>
    <narracao id="32972" momento="2ºT" tempo="2">O goleiro Flávio do paraná sentiu dores na mão e precisou ser substituído.</narracao>
    <narracao id="32974" momento="2ºT" tempo="3">O Santa Cruz tenta chegar ao ataque com César, mas Neguette para a jogada com falta.</narracao>
    <narracao id="32975" momento="2ºT" tempo="4">Alex Oliveira coloca a bola na área, o zagueiro Adriano cabeceia e a bola sai pela linha de fundo. Tiro de meta para o Paraná.</narracao>
    <narracao id="32976" momento="2ºT" tempo="5">Maicosuel leva a bola pela linha de fundo e recebe falta no ataque do paraná!!!</narracao>
    <narracao id="32977" momento="2ºT" tempo="6">Ângelo cobra a falta, mas a zaga do Santa Cruz tira o perigo!!!</narracao>
    <narracao id="32983" momento="2ºT" tempo="8">A equipe do Santa Cruz toca a bola no campo de defesa.</narracao>
    <cartao id="32984" momento="2ºT" atletaId="6263" tempo="9" ico="/Portal/esportes/temporeal/swf/icos/cartao_amarelo.swf" cor="amarelo">Alex Oliveira - Falta boba no meio-campo.</cartao>
    <narracao id="32985" momento="2ºT" tempo="10">Paraná no ataque com Edinho. Ele tenta o chute cruzado, mas a bola é cortada pela zaga.</narracao>
    <narracao id="32987" momento="2ºT" tempo="11">Batista levanta a bola na área do santa Cruz para a cabeceada de Leonardo. Boa defesa do goleiro Juninho.</narracao>
    <narracao id="32991" momento="2ºT" tempo="12">Falta para o santa cobrar!!!</narracao>
    <narracao id="32993" momento="2ºT" tempo="12">NA TRAVE!!!!!!!!!!! A bola é levantada para a área, mas vai direto para o gol e surpreende o goleiro Marcos Leandro!!!!</narracao>
    <substituicao id="33058" momento="2ºT" tempo="12" ico="/Portal/esportes/temporeal/swf/icos/substituicao.swf">Santa Cruz faz substituição: entra Cassio, sai Xavier</substituicao>
    <narracao id="32995" momento="2ºT" tempo="13">QUASE O EMPATE DO SANTA!!!</narracao>
    <narracao id="32997" momento="2ºT" tempo="14">Quando o Santa quase empata no segundo tempo o Paraná faz seu segundo gol.</narracao>
    <gol id="32996" momento="2ºT" atletaId="123" tempo="14" escudo="/FlashShow/0,,6598,00.swf" contra="0"> GOL DE LEONARDO  DE FORA DA ÁREA O CAMISA 9 ARRISCA E MARCA O SEGUNDO DO PARANÁ!!!!!</gol>
    <video id="32996v" momento="2ºT" video="471171"> Veja o vídeo: Gol de Leonardo.  14' DE FORA DA ÁREA O CAMISA 9 ARRISCA E MARCA O SEGUNDO DO PARANÁ!!!!!</video>
    <narracao id="32998" momento="2ºT" tempo="15">DUAS VEZES LEONARDO. DOIS A ZERO PARANÁ!!!!!!!</narracao>
    <narracao id="32999" momento="2ºT" tempo="16">O Santa Cruz chega com Osmar que faz fila na zaga do Paraná, mas chuta fraco.</narracao>
    <narracao id="33005" momento="2ºT" tempo="18">Bola recuada para o goleiro do Paraná com muito perigo. ele é obrigado a dar um chutão para lateral!!!</narracao>
    <narracao id="33009" momento="2ºT" tempo="19">Edinho leva o Paraná para o ataque. O zagueiro Osmar pára o lateral com falta.</narracao>
    <narracao id="33010" momento="2ºT" tempo="19">FALTA PERIGOSA!!!!</narracao>
    <gol id="33011" momento="2ºT" atletaId="12039" tempo="19" escudo="/FlashShow/0,,6598,00.swf" contra="0"> GOL DE ÂNGELO  ELE QUE ACABOU DE ENTRAR COBRA A FALTA E MARCA O TERCEIRO DO PARANÁ!!!!!!!!!!!!!!!!!</gol>
    <video id="33011v" momento="2ºT" video="471187"> Veja o vídeo: Gol de Ângelo.  19' ELE QUE ACABOU DE ENTRAR COBRA A FALTA E MARCA O TERCEIRO DO PARANÁ!!!!!!!!!!!!!!!!!</video>
    <narracao id="33013" momento="2ºT" tempo="20">TERCEIRO GOL DO PARANÁ E NENHUM PARA O SANTA CRUZ!!!!!</narracao>
    <narracao id="33017" momento="2ºT" tempo="22">O Juiz pede para o goleiro Marcos Leandro do Paraná colocar um colete de cor azul para diferenciar sua camisa do uniforme do Santa Cruz.</narracao>
    <narracao id="33020" momento="2ºT" tempo="23">FALTA PERIGOSA PARA O PARANÁ!!!!</narracao>
    <narracao id="33021" momento="2ºT" tempo="23">ÂNGEL0 NA BOLA...
</narracao>
    <narracao id="33022" momento="2ºT" tempo="23">... agora bele levanta a bola na área e é escanteio.</narracao>
    <narracao id="33023" momento="2ºT" tempo="24">Escanteio cobrado e o santa já sai para o contra-ataque.</narracao>
    <narracao id="33030" momento="2ºT" tempo="27">Falta na lateral da área do Santa Cruz!!!</narracao>
    <narracao id="33033" momento="2ºT" tempo="28">Maicosuel rola a bola para trás e Sandro bate fraco.</narracao>
    <narracao id="33036" momento="2ºT" tempo="31">Sandro está mancando e pediu para sair da partida!!!</narracao>
    <substituicao id="33043" momento="2ºT" tempo="32" ico="/Portal/esportes/temporeal/swf/icos/substituicao.swf">Paraná faz substituição: entra Cristiano, sai Sandro</substituicao>
    <narracao id="33054" momento="2ºT" tempo="35">O Santa Cruz, como visitante, não marcou nenhum gol neste Campeonato Brasileiro!!!</narracao>
    <narracao id="33056" momento="2ºT" tempo="36">SANTA CRUZ NO ATAQUE!!!</narracao>
    <substituicao id="33059" momento="2ºT" tempo="37" ico="/Portal/esportes/temporeal/swf/icos/substituicao.swf">Santa Cruz faz substituição: entra Fernando Miguel, sai Junior Maranhão</substituicao>
    <narracao id="33060" momento="2ºT" tempo="38">Santa tenta marcar seu primeiro gol na partida, mas não consegue levar perigo ao gol do Paraná!!!</narracao>
    <narracao id="33063" momento="2ºT" tempo="40">Edinho leva a bola para o ataque do Paraná, deixa com Leandro que cruza para a área e a bola fica com Juninho, goleiro do Santa Cruz.</narracao>
    <narracao id="33067" momento="2ºT" tempo="42">UHHHHH!!! Escanteio batido para o Santa Cruz e a bola é cabeceada na rede pelo lado de fora.</narracao>
    <video id="33070" momento="2ºT" video="471188"> Veja o vídeo:  43' Batista desvia o cruzamento e leva perigo à defesa do Santa Cruz!!</video>
    <cartao id="33072" momento="2ºT" atletaId="6809" tempo="44" ico="/Portal/esportes/temporeal/swf/icos/cartao_amarelo.swf" cor="amarelo">Neguette - Zagueiro do Paraná faz falta dura e recebe a punição do juiz.</cartao>
    <video id="33074" momento="2ºT" video="471193"> Veja o vídeo:  45' Aos 12 minutos da segunda etapa, Alex Oliveira acerta a trave do Paraná.</video>
    <cartao id="33077" momento="2ºT" atletaId="6263" tempo="46" ico="/Portal/esportes/temporeal/swf/icos/cartao_vermelho.swf" cor="vermelho">Alex Oliveira - Em jogada boba, o meia recebe o segundo amarelo e é expulso da partida.</cartao>
    <narracao id="33079" momento="2ºT" tempo="47">O JUIZ APITA!!!! TERMINA O JOGO NO PARANÁ!!!!</narracao>
    <momento id="33080" momento="E">Final de jogo</momento>
    <narracao id="33083" momento="E" tempo="0">FIM DE PARTIDA. PARANÁ 3 x 0 SANTA CRUZ!!!!!!</narracao>
    <narracao id="33085" momento="E" tempo="0">O SANTA CRUZ CONTINUA SEM VENCER NO BRASILEIRÃO 2006!!!!</narracao>
    <narracao id="33088" momento="E" tempo="0">O PARANÁ CHEGA AOS 12 PONTOS E SAI DA ZONA DE REBAIXAMENTO!!!!</narracao>
  </lances>
</lancealance>
