<?xml version="1.0" encoding="UTF-8"?>
<lancealance cobertura="1191" leitura="0">
  <placar>
    <equipe id="001" url="" nome="Grêmio" escudo="/FlashShow/0,,7844,00.swf" resultado="4" abreviacao="GRE"/>
    <equipe id="002" url="" nome="Fluminense" escudo="/FlashShow/0,,7236,00.swf" resultado="4" abreviacao="FLU"/>
  </placar>
  <lances>
    <momento id="44585" momento="PJ">Pré-jogo</momento>
    <narracao id="44586" momento="PJ" tempo="0">DUELO DE TRICOLORES NO SUL!
</narracao>
    <narracao id="44589" momento="PJ" tempo="0">Grêmio recebre o Fluminense no estádio Olímpico, em Porto Alegre, pela 12ª rodada do Brasileirão.</narracao>
    <narracao id="44591" momento="PJ" tempo="0">Em 28 jogos na história do campeonato, foram 11 vitórias para cada clube e seis empates.
</narracao>
    <narracao id="44593" momento="PJ" tempo="0">O Tricolor Gaúcho está na nona posição com 15 pontos, quer se recuperar da última derrota de virada para o São Paulo para voltar a avistar os primeiros. 
</narracao>
    <narracao id="44595" momento="PJ" tempo="0">O Tricolor Carioca ocupa o quarto lugar da tabela, vem de vitória sobre um time conterrâneo do rival e quer manter-se na zona de classificação para a Libertadores.</narracao>
    <narracao id="44596" momento="PJ" tempo="0">Lucas volta ao time do Grêmio, mas Nunes fica fora por suspensâo.</narracao>
    <narracao id="44598" momento="PJ" tempo="0">No Flu, Cláudio Pitbull é provável substituto de Lenny. </narracao>
    <narracao id="44607" momento="PJ" tempo="0">No Grêmio, Rafinha etstá escalado com Rômulo no ataque, Pedro Júnior fica no banco.</narracao>
    <narracao id="44608" momento="PJ" tempo="0">No Fluminense, Cláudio Pitbull está confirmado na equipe titular.</narracao>
    <momento id="44613" momento="1ºT">Primeiro tempo</momento>
    <narracao id="44614" momento="1ºT" tempo="0">COMEÇA A PARTIDA NO OLÍMPICO!</narracao>
    <narracao id="44615" momento="1ºT" tempo="0">Lucas corta a bola de Marcelo pela lateral.
</narracao>
    <narracao id="44617" momento="1ºT" tempo="1">Escalona cruza, Marcelo tira da área. </narracao>
    <narracao id="44621" momento="1ºT" tempo="2">Pitbull tenta levantar bola para Tuta, Maidana intercepta.</narracao>
    <narracao id="44624" momento="1ºT" tempo="3">Escalona adianta e bola escapa pela linha de fundo.</narracao>
    <narracao id="44627" momento="1ºT" tempo="5">Córner para o Flu...</narracao>
    <narracao id="44629" momento="1ºT" tempo="5">... Petkovic tenta gol olímpico e bola fica na rede por cima do gol.</narracao>
    <narracao id="44637" momento="1ºT" tempo="6">Rafinha recebe de Patrício e cruza para Rômulo, mas a zaga carioca afasta. Na sequência, falta de ataque de Rafinha em Thiago Silva. </narracao>
    <narracao id="44644" momento="1ºT" tempo="9">Ramon, livre no lado direito da grande área, recebe de Rafinha, e enche o pé. Bola vai por fora da rede.</narracao>
    <narracao id="44648" momento="1ºT" tempo="11">Marcelo manda de direita na área. Gallato se antecipa de Tuta e defende a bola.</narracao>
    <narracao id="44652" momento="1ºT" tempo="12">Escalona tenta drible da vaca em Gabriel Santos, que corta pela linha de fundo. Na batida do escanteio, Fernando henrique não alcaça, mas bola sai pela linha de fundo, sem perigo. </narracao>
    <substituicao id="44935" momento="1ºT" tempo="13" ico="/Portal/esportes/temporeal/swf/icos/substituicao.swf">Grêmio faz substituição: entra Jeovânio, sai Sandro</substituicao>
    <narracao id="44657" momento="1ºT" tempo="15">Ramon tenta chute de fora, Marcão consegue desviar a batida para córner...</narracao>
    <narracao id="44659" momento="1ºT" tempo="15">... UUUHHH! Maidana sobe sozinho no segundo pau e cabeceia para o chão. Bola passa perto da trave esquerda.</narracao>
    <video id="44700" momento="1ºT" video="504693"> Veja o vídeo:  15' Maidana cabeceia para fora.</video>
    <narracao id="44663" momento="1ºT" tempo="17">Lucas bate de longe para fora, em rebote de escanteio.</narracao>
    <narracao id="44666" momento="1ºT" tempo="18">Em mais uma jogada do time gremista, Marcão desarma chute de Rômulo na entrada da área.</narracao>
    <narracao id="44669" momento="1ºT" tempo="19">E só da Grêmio! Mais um escanteio...</narracao>
    <narracao id="44673" momento="1ºT" tempo="19">A zaga afasta a bola. Falta para Flu em sua intermediária defensiva. </narracao>
    <narracao id="44676" momento="1ºT" tempo="21">Pitbull recebe bola em impedimento claro.</narracao>
    <narracao id="44678" momento="1ºT" tempo="22">Patrício cruza no primeiro pau, Gabriel Santos afasta de cabeça.</narracao>
    <narracao id="44682" momento="1ºT" tempo="23">Flu trabalha bem a bola pela primeira vez, mas perde a bola na entrada da área em tentativa de passe para Pitbull.</narracao>
    <narracao id="44686" momento="1ºT" tempo="24">Pitbull é desarmado na bola por Patrício. </narracao>
    <video id="44768" momento="1ºT" video="504704"> Veja o vídeo:  24' Ramon chuta e Rafinha não alcança.</video>
    <narracao id="44690" momento="1ºT" tempo="25">Cinco chutes do Grêmio. Nenhum para o Flu.</narracao>
    <gol id="44693" momento="1ºT" atletaId="9101" tempo="26" escudo="/FlashShow/0,,7844,00.swf" contra="0"> GOL DE RAMON  É GOL DO GRÊMIO!! Ramón fuzila de cabeça na frente do goleiro, em cruzamento fechado de Rafinha.</gol>
    <video id="44693v" momento="1ºT" video="504706"> Veja o vídeo: Gol de Ramon.  26' É GOL DO GRÊMIO!! Ramón fuzila de cabeça na frente do goleiro, em cruzamento fechado de Rafinha.</video>
    <narracao id="44703" momento="1ºT" tempo="30">Árbitro marca falta perigosa de Arouca sobre Rafinha...</narracao>
    <narracao id="44708" momento="1ºT" tempo="31">... Boa batida de Tcheco! Fernanho Henrique espalma de soco para fora...</narracao>
    <narracao id="44710" momento="1ºT" tempo="31">... NA TRAVE! Ramon salta no primeiro pau e explode bola na trave com forte cabeçada.</narracao>
    <video id="44753" momento="1ºT" video="504713"> Veja o vídeo:  31' Fernando Henrique espalma cobrança de falta de Ramon para córner.</video>
    <narracao id="44713" momento="1ºT" tempo="32">Tuta não consegue dominar na entrada da área e perde bola para zaga gremista.</narracao>
    <narracao id="44716" momento="1ºT" tempo="33">Batida perigosa de Tcheco é desviada em cima da hora por Gabriel Santos para córner...</narracao>
    <narracao id="44720" momento="1ºT" tempo="34">... Fernando Henrique espalma chute fraco de Ramon no ângulo para ceder mais um córner. Gremistas pedem pênalti.</narracao>
    <narracao id="44723" momento="1ºT" tempo="35">Em mais um córner, Rafinha pega por cima do gol, rebote da defesa.</narracao>
    <cartao id="44726" momento="1ºT" atletaId="3421" tempo="36" ico="/Portal/esportes/temporeal/swf/icos/cartao_amarelo.swf" cor="amarelo">Tuta  - Tuta leva cartão amarelo, por concluir para o gol com o jogo paralisado pelo árbitro. O atacante não estava impedido no lance.</cartao>
    <video id="44765" momento="1ºT" video="504720"> Veja o vídeo:  36' Fluminense tem gol anulado e Tuta recebe cartão amarelo.</video>
    <narracao id="44729" momento="1ºT" tempo="38">Bola escapa de Rafinha na meia-lua da área.</narracao>
    <narracao id="44736" momento="1ºT" tempo="38">Tuta recebe de Petkovic, mas perde a chance do chute.</narracao>
    <narracao id="44738" momento="1ºT" tempo="40">Juliano é desarmado por Escalona.</narracao>
    <narracao id="44741" momento="1ºT" tempo="41">Após roubada de bola de Arouca, Tuta lança Cláudio Pitbull, mas Galatto se antecipa e encaixa a bola nos braços. </narracao>
    <narracao id="44745" momento="1ºT" tempo="42">Falta perigosa sobre Cláudio Pitbull...  </narracao>
    <narracao id="44746" momento="1ºT" tempo="42">Petkovic bate mal na barreira.</narracao>
    <narracao id="44749" momento="1ºT" tempo="43">Rafinha dribla Petkovic e levanta a torcida gremista.</narracao>
    <narracao id="44756" momento="1ºT" tempo="45">Acréscimo do árbitro é de dois minutos.</narracao>
    <narracao id="44761" momento="1ºT" tempo="47">Termina o primeiro tempo!</narracao>
    <momento id="44772" momento="I">Show do intervalo</momento>
    <narracao id="44785" momento="I" tempo="0">Domínio total do Grêmio. O time da casa teve a bola com seus jogadores grande parte do tempo. O único lance perigoso da equipe carioca foi o gol mal anulado de Tuta. Além do gol, o time gaúcho mandou uma bola na trave e criou chances seguidas. </narracao>
    <narracao id="44789" momento="I" tempo="0">As equipes retornam do vestiário neste momento.</narracao>
    <momento id="44790" momento="2ºT">Segundo tempo</momento>
    <narracao id="44796" momento="2ºT" tempo="0">BOLA ROLANDO NA SEGUNDA ETAPA!</narracao>
    <substituicao id="44921" momento="2ºT" tempo="0" ico="/Portal/esportes/temporeal/swf/icos/substituicao.swf">Fluminense faz substituição: entra Evando, sai Tuta</substituicao>
    <narracao id="44799" momento="2ºT" tempo="1">Falta de Escalona sobre Cláudio Pitbull.</narracao>
    <narracao id="44801" momento="2ºT" tempo="1">A zaga espalma para córner... </narracao>
    <narracao id="44802" momento="2ºT" tempo="1">... Falta de ataque de Gabriel Santos sobre William.</narracao>
    <narracao id="44805" momento="2ºT" tempo="2">Falta de Maidana em Cláudio Pitbull na intermediária gremista.</narracao>
    <narracao id="44807" momento="2ºT" tempo="3">Outra falta para o Flu. Esta é perigosa... </narracao>
    <narracao id="44816" momento="2ºT" tempo="4">... BOA CHANCE PARA O FLU! Marcão cabeceia o cruzamento da Petkovic e Gallato manda para córner...</narracao>
    <video id="44867" momento="2ºT" video="504745"> Veja o vídeo:  4' Galatto defende cabeçada.</video>
    <narracao id="44818" momento="2ºT" tempo="5">... Evando aparece no primeiro pau e cabeceia a batida de Petkovic para fora. </narracao>
    <cartao id="44824" momento="2ºT" atletaId="53" tempo="7" ico="/Portal/esportes/temporeal/swf/icos/cartao_amarelo.swf" cor="amarelo">Marcão  - Marcão empurra adversário em contra-ataque e leva cartão amarelo.</cartao>
    <cartao id="44826" momento="2ºT" atletaId="2899" tempo="8" ico="/Portal/esportes/temporeal/swf/icos/cartao_amarelo.swf" cor="amarelo">Jeovânio - Jeovânio também recebe cartão amarelo, por reclamação.</cartao>
    <narracao id="44828" momento="2ºT" tempo="9">Juliano faz boa jogada, mas Evando pega impedido a sobra da bola.</narracao>
    <narracao id="44830" momento="2ºT" tempo="10">Ramon completa cruzamento por cima do gol.</narracao>
    <video id="44863" momento="2ºT" video="504747"> Veja o vídeo:  10' Ramón bate por cima.</video>
    <narracao id="44834" momento="2ºT" tempo="11">Marcão não alcança passe de Petkovic.</narracao>
    <narracao id="44836" momento="2ºT" tempo="12">Falta de Jeovânio em Juliano...</narracao>
    <narracao id="44838" momento="2ºT" tempo="12">... Petkovic levanta na área com capricho, mas Evando e Marcão não alcançam e Galatto defende.</narracao>
    <narracao id="44843" momento="2ºT" tempo="14">Rogério impede passagem e é trombado por Ramon. O árbitro marca falta para o Grêmio...</narracao>
    <narracao id="44848" momento="2ºT" tempo="15">... QUE PERIGO!! Tcheco tenta o ângulo esquerdo. Bola passa muito perto.</narracao>
    <narracao id="44859" momento="2ºT" tempo="16">NO TRAVESSÃO!! Ramon tenta encobrir o goleiro e quase marca o segundo!</narracao>
    <video id="44914" momento="2ºT" video="504749"> Veja o vídeo:  16' Ramon acerta o travessão.</video>
    <narracao id="44873" momento="2ºT" tempo="21">Cláudio Pitbull sofre falta na lateral...</narracao>
    <narracao id="44874" momento="2ºT" tempo="22">... Petkovic cobra falta, mas zaga afasta.</narracao>
    <gol id="44879" momento="2ºT" atletaId="12810" tempo="22" escudo="/FlashShow/0,,7844,00.swf" contra="0"> GOL DE RÔMULO  GOOOOL DO GRÊMIO!!! Contra-ataque fulminante após erro de passe de Petkovic. Rômulo invade livre e bate no canto direito. Bola ainda bate na trave antes de entrar.</gol>
    <video id="44879v" momento="2ºT" video="504754"> Veja o vídeo: Gol de Rômulo.  22' GOOOOL DO GRÊMIO!!! Contra-ataque fulminante após erro de passe de Petkovic. Rômulo invade livre e bate no canto direito. Bola ainda bate na trave antes de entrar.</video>
    <narracao id="44881" momento="2ºT" tempo="24">Falta para o Flu...</narracao>
    <narracao id="44884" momento="2ºT" tempo="24">... Pet bate fachdo, zaga corta para córner...</narracao>
    <narracao id="44889" momento="2ºT" tempo="25">Pet bate novamente fechado, desta vez no segundo pau. Defesa corta para mais um escanteio...</narracao>
    <gol id="44890" momento="2ºT" atletaId="5993" tempo="25" escudo="/FlashShow/0,,7236,00.swf" contra="0"> GOL DE EVANDO  Após cobrança de córner, Gabriel Santos desvia no segundo pau, Galatto deixa bola escapar em dividida com Thiago Silva e Evando pega a sobra de direita para dentro do gol. </gol>
    <video id="44890v" momento="2ºT" video="504758"> Veja o vídeo: Gol de Evando.  25' Após cobrança de córner, Gabriel Santos desvia no segundo pau, Galatto deixa bola escapar em dividida com Thiago Silva e Evando pega a sobra de direita para dentro do gol. </video>
    <cartao id="44898" momento="2ºT" atletaId="6449" tempo="26" ico="/Portal/esportes/temporeal/swf/icos/cartao_vermelho.swf" cor="vermelho">Tcheco - Após o gol, Tcheco é expulso por reclamação de falta no goleiro.</cartao>
    <substituicao id="44922" momento="2ºT" tempo="27" ico="/Portal/esportes/temporeal/swf/icos/substituicao.swf">Fluminense faz substituição: entra Beto, sai Arouca</substituicao>
    <cartao id="44903" momento="2ºT" atletaId="8462" tempo="28" ico="/Portal/esportes/temporeal/swf/icos/cartao_amarelo.swf" cor="amarelo">Marcelo - Marcelo também é punido por reclamação, mas leva cartão amarelo.</cartao>
    <narracao id="44906" momento="2ºT" tempo="29">Thiago Silva corta bola de Lucas, de frente para o gol.</narracao>
    <narracao id="44912" momento="2ºT" tempo="30">Ramon faz boa jogada pela ponta direita, mas chuta na rede por fora.</narracao>
    <narracao id="44915" momento="2ºT" tempo="30">Beto manda na área, Patrício tira pra córner..</narracao>
    <narracao id="44917" momento="2ºT" tempo="31">... Outro escanteio para o Flu...</narracao>
    <gol id="44919" momento="2ºT" atletaId="46" tempo="32" escudo="/FlashShow/0,,7236,00.swf" contra="0"> GOL DE PETKOVIC  ...GOL OLÍMPICO DE PETKOVIC PARA O FLUMINENSE!!</gol>
    <video id="44919v" momento="2ºT" video="504768"> Veja o vídeo: Gol de Petkovic.  32' ...GOL OLÍMPICO DE PETKOVIC PARA O FLUMINENSE!!</video>
    <substituicao id="44923" momento="2ºT" tempo="33" ico="/Portal/esportes/temporeal/swf/icos/substituicao.swf">Fluminense faz substituição: entra Jean, sai Juliano</substituicao>
    <gol id="44931" momento="2ºT" atletaId="8462" tempo="34" escudo="/FlashShow/0,,7236,00.swf" contra="0"> GOL DE MARCELO  É GOOOOOL DO FLU!!! DE VIRADA!! Marcelo marca de peixinho no canto direito em cruzamento de Beto!</gol>
    <video id="44931v" momento="2ºT" video="504769"> Veja o vídeo: Gol de Marcelo.  34' É GOOOOOL DO FLU!!! DE VIRADA!! Marcelo marca de peixinho no canto direito em cruzamento de Beto!</video>
    <substituicao id="44936" momento="2ºT" tempo="36" ico="/Portal/esportes/temporeal/swf/icos/substituicao.swf">Grêmio faz substituição: entra Herrera, sai Ramón</substituicao>
    <narracao id="44938" momento="2ºT" tempo="37">Cláudio Pitbull é desarmado na entrada da área.</narracao>
    <cartao id="44945" momento="2ºT" atletaId="9112" tempo="38" ico="/Portal/esportes/temporeal/swf/icos/cartao_vermelho.swf" cor="vermelho">Jean - Jean faz duas faltas seguidas, e é expulso após levar o cartão amarelo. </cartao>
    <narracao id="44947" momento="2ºT" tempo="39">SAIU BEM!! Fernando Henrique consegue cortar de carrinho jogada de ataque gremista.</narracao>
    <narracao id="44951" momento="2ºT" tempo="40">Final de jogo emocionante! Grêmio pressiona para empatar.</narracao>
    <narracao id="44954" momento="2ºT" tempo="41">Rômulo cabeceia cruzamento de Herrera no meio do gol. Fernando Henrique defende.</narracao>
    <gol id="44957" momento="2ºT" atletaId="46" tempo="42" escudo="/FlashShow/0,,7236,00.swf" contra="0"> GOL DE PETKOVIC  GOLAÇO DE PET!!! Beto recebe em contra-ataque rápido, domina a bola e rola para trás. O sérvio solta um balaço indefensável de fora da área no ângulo esquerdo de Galatto.</gol>
    <video id="44957v" momento="2ºT" video="504776"> Veja o vídeo: Gol de Petkovic.  42' GOLAÇO DE PET!!! Beto recebe em contra-ataque rápido, domina a bola e rola para trás. O sérvio solta um balaço indefensável de fora da área no ângulo esquerdo de Galatto.</video>
    <narracao id="44964" momento="2ºT" tempo="44">Cruzamento rasteiro passa por todo mundo na área do Flu e sobra para equipe carioca.</narracao>
    <narracao id="44966" momento="2ºT" tempo="45">Árbitro anuncia quatro minutos de acréscimo.</narracao>
    <narracao id="44972" momento="2ºT" tempo="46">Fernando Henrique gasta o tempo no tiro de meta. </narracao>
    <gol id="44978" momento="2ºT" atletaId="10709" tempo="47" escudo="/FlashShow/0,,7844,00.swf" contra="0"> GOL DE HERRERA  É GOOOOL DO GRÊMIO!! Atacante recebe de costas na meia-lua, gira e bate no canto esquerdo de Fernando Henrique.</gol>
    <video id="44978v" momento="2ºT" video="504780"> Veja o vídeo: Gol de Herrera.  47' É GOOOOL DO GRÊMIO!! Atacante recebe de costas na meia-lua, gira e bate no canto esquerdo de Fernando Henrique.</video>
    <narracao id="44979" momento="2ºT" tempo="48">Grêmio pressiona pelo empate!! Marcão corta jogada de ataque.</narracao>
    <narracao id="44985" momento="2ºT" tempo="49">TERMINA A ESPETACULAR PARTIDA EM PORTO ALEGRE!! </narracao>
    <gol id="44980" momento="2ºT" atletaId="12810" tempo="49" escudo="/FlashShow/0,,7844,00.swf" contra="0"> GOL DE RÔMULO  GRÊMIO CONSEGUE EMPATE INCRÍVEL!! Atacante acerta bola no canto esquerdo do goleiro. 
</gol>
    <video id="44980v" momento="2ºT" video="504781"> Veja o vídeo: Gol de Rômulo.  49' GRÊMIO CONSEGUE EMPATE INCRÍVEL!! Atacante acerta bola no canto esquerdo do goleiro. 
</video>
    <momento id="44986" momento="E">Final de jogo</momento>
  </lances>
</lancealance>
