<?xml version="1.0" encoding="UTF-8"?>
<lancealance cobertura="109" leitura="0">
  <placar>
    <equipe id="001" url="" nome="Lazio" escudo="/FlashShow/0,,6183,00.swf" resultado="0" abreviacao="Lazio"/>
    <equipe id="002" url="" nome="Milan" escudo="/FlashShow/0,,6186,00.swf" resultado="0" abreviacao="Milan"/>
  </placar>
  <lances>
    <momento id="3687" momento="1ºT">Primeiro tempo</momento>
    <narracao id="3693" momento="1ºT" tempo="2">Gillardino faz o giro, mas chuta por cima do gol da Lazio</narracao>
    <narracao id="3706" momento="1ºT" tempo="4">Cafu e Amoroso estão no banco de reservas do Milan como opção para o técnico Carlos Ancelotti</narracao>
    <narracao id="3708" momento="1ºT" tempo="6">Shevchenko tenta invadir a área, mas a bola sai em escanteio</narracao>
    <narracao id="3711" momento="1ºT" tempo="7">Pirlo cruza na área, mas a defesa da Lazio alivia</narracao>
    <narracao id="3714" momento="1ºT" tempo="9">A Lazio tenta subir ao ataque pela primeira vez. Oddo cruza de longe, mas a bola sai muito fraca e fica com Nesta</narracao>
    <narracao id="3715" momento="1ºT" tempo="10">Kaká toca para Gilardino, que tenta passar para Seedorf, mas não obtém sucesso</narracao>
    <narracao id="3721" momento="1ºT" tempo="11">Zauri cruza para o meio da área e Mauri, meio sem jeito, tenta uma bicicleta, mas não acerta a bola</narracao>
    <narracao id="3724" momento="1ºT" tempo="14">Oddo cobra falta na área, mas o árbitro marca falta de ataque</narracao>
    <narracao id="3731" momento="1ºT" tempo="16">Após escanteio pela direita, Stam sobe mais do que a defesa do Lazio, mas Peruzzi faz a defesa</narracao>
    <narracao id="3739" momento="1ºT" tempo="19">Após muita discussão, Pirlo cobra falta, mas a bola fica na barreira. A bola toca na mão de um dos jogadores e o Milan tem nova cobrança</narracao>
    <narracao id="3740" momento="1ºT" tempo="20">Desta vez, o chute de Pirlo é bloqueado</narracao>
    <narracao id="3751" momento="1ºT" tempo="23">Di Canio ajeita de peito para Rocchi, mas Nesta trava no momento do arremate</narracao>
    <narracao id="3756" momento="1ºT" tempo="27">Stam cruza da direta, mas a bola sai muito forte e passa por todo o ataque do Mialn</narracao>
    <narracao id="3759" momento="1ºT" tempo="28">Schevchenko ajeita para Kaká, mas Cribari trava o brasileiro no momento do chute</narracao>
    <narracao id="3760" momento="1ºT" tempo="30">Serginho arrisca da entrada da área, mas a bola sobe muito e vai para fora por cima do gol</narracao>
    <narracao id="3762" momento="1ºT" tempo="32">Schevchenko tenta aproveitar a sobra da entrada da área, mas pega muito mal na bola e isola</narracao>
    <cartao id="3763" momento="1ºT" atletaId="2848" tempo="33" ico="/Portal/esportes/temporeal/swf/icos/cartao_amarelo.swf" cor="amarelo">Kakha Kaladze - O zagueiro do Milan recebe a primeira advertência da partida</cartao>
    <narracao id="3764" momento="1ºT" tempo="34">Kaká recebe dentro da área, mas é desarmado por Zauri no momento do chute</narracao>
    <narracao id="3765" momento="1ºT" tempo="36">Schevchenko avança pelo meio e rola para Kaká, que bate de canhota. Peruzzi defende</narracao>
    <narracao id="3766" momento="1ºT" tempo="37">O Milan aperta. Sedoorf solta a bomba de fora da área e PEruzzi defende com dificuldades</narracao>
    <narracao id="3767" momento="1ºT" tempo="39">Schevchenko arranca pela esquerda, corta para o meio e chuta. Peruzzi mais uma vez faz a defesa</narracao>
    <narracao id="3774" momento="1ºT" tempo="43">O Milan diminui o ritmo e o Lazio tenta sair da defesa, mas não conesegue ameaçar o gol de Dida</narracao>
    <narracao id="3778" momento="1ºT" tempo="44">Serginho faz o levantamento da intermediária, mas Stendardo afasta de cabeça</narracao>
    <momento id="3780" momento="I">Show do intervalo</momento>
    <momento id="3802" momento="2ºT">Segundo tempo</momento>
    <substituicao id="3831" momento="2ºT" tempo="1" ico="/Portal/esportes/temporeal/swf/icos/substituicao.swf">Entrou: Belleri / Saiu: Bonanni</substituicao>
    <narracao id="3805" momento="2ºT" tempo="3">Oddo faz o levantamento, mas Dida sai do gol e defende sem problemas</narracao>
    <narracao id="3807" momento="2ºT" tempo="4">Mundigayi arrisca de longe e Dida defende sem dar rebote</narracao>
    <narracao id="3812" momento="2ºT" tempo="7">Mauri curza da esquerda e Di Canio não alcança a bola por muito pouco</narracao>
    <narracao id="3818" momento="2ºT" tempo="10">A partida cai em intensidade no ataque em relação ao mostrado principalmente pelo Milan no primeiro tempo</narracao>
    <narracao id="3825" momento="2ºT" tempo="13">Kaká cobra falta na barreira após muita reclamação de que os jogadores do Lazio estaria se adiantando. É a terceira vez que isso acontece no jogo</narracao>
    <narracao id="3826" momento="2ºT" tempo="15">Kaká cruza, Gilardino domina com dificuldade, faz o giro e perde um gol incrível, chutando para fora quase na pequena área</narracao>
    <narracao id="3829" momento="2ºT" tempo="17">Liverani cruza de longe e a bola sai muito fechada. Dida encaixa sem dificuldades quase em cima da linha</narracao>
    <substituicao id="3832" momento="2ºT" tempo="17" ico="/Portal/esportes/temporeal/swf/icos/substituicao.swf">Entrou: Goran Pandev / Saiu: Di Canio</substituicao>
    <narracao id="3835" momento="2ºT" tempo="18">Rocchi faz o giro na entrada da área e bate colocado. A bola passa muito perto, à esquerda de Dida</narracao>
    <narracao id="3841" momento="2ºT" tempo="20">Schevchenko toca para Kaká, que chuta de primeira da meia-lua. Peruzzi faz ótima defesa em seu cantinho esquerdo</narracao>
    <narracao id="3845" momento="2ºT" tempo="21">Mauri cruza da esquerda com muito perigo, mas Serginho faz o corte de cabeça</narracao>
    <narracao id="3852" momento="2ºT" tempo="24">Stam cruza da direita e Gilardino cabeceia no travessão. A bola quica quase em cima da linha e vai para frente</narracao>
    <narracao id="3860" momento="2ºT" tempo="27">Após grande disputa na área do Milan, Mauri tenta o arremate, mas a bola explode nas costas de Nesta e sai</narracao>
    <narracao id="3862" momento="2ºT" tempo="31">Serginho cruza da esquerda e Gilardini desvia de leva, insuficiente para mandar na direção do gol de Peruzzi</narracao>
    <narracao id="3863" momento="2ºT" tempo="33">Serginho cruza, mas a bola passa por Gilardino e Schevchenko</narracao>
    <narracao id="3865" momento="2ºT" tempo="36">Pandev dribla Nesta e é derrubado por Pirlo na entrada da área</narracao>
    <narracao id="3866" momento="2ºT" tempo="37">Oddo cobra, mas a bola fica na barreira</narracao>
    <substituicao id="3868" momento="2ºT" tempo="37" ico="/Portal/esportes/temporeal/swf/icos/substituicao.swf">Entrou: Cafu / Saiu: Stam</substituicao>
    <substituicao id="3869" momento="2ºT" tempo="37" ico="/Portal/esportes/temporeal/swf/icos/substituicao.swf">Entrou: Jankulovski / Saiu: Seedorf</substituicao>
    <narracao id="3872" momento="2ºT" tempo="41">Mauri fica com a bola na entrada da área, mas, livre de marcação, bate para fora, à esquerda de Dida</narracao>
    <narracao id="3877" momento="2ºT" tempo="44">Cafu tenta o cruzamento por duas vezes na linha de fundo e acaba ganhando o escanteio</narracao>
    <narracao id="3880" momento="2ºT" tempo="45">Serginho cruza da esquerda, mas Peruzzi sai bem do gol e fica com a bola</narracao>
    <narracao id="3882" momento="2ºT" tempo="45">O árbitro assinala dois minutos de acréscimo</narracao>
    <momento id="3886" momento="E">Final de jogo</momento>
  </lances>
</lancealance>
