<?xml version="1.0" encoding="UTF-8"?>
<lancealance cobertura="1253" leitura="0">
  <placar>
    <equipe id="001" url="" nome="Figueirense" escudo="/FlashShow/0,,6591,00.swf" resultado="1" abreviacao="FIG"/>
    <equipe id="002" url="" nome="São Caetano" escudo="/FlashShow/0,,7262,00.swf" resultado="1" abreviacao="SCA"/>
  </placar>
  <lances>
    <momento id="48354" momento="PJ">Pré-jogo</momento>
    <narracao id="48356" momento="PJ" tempo="0">Figueirense e São Caetano se enfrentam pela 15ª rodada do Campeonato Brasileiro, no Estádio Orlando Scarpelli.</narracao>
    <narracao id="48358" momento="PJ" tempo="0">De seis partidas disputadas em casa, o time Catarinense venceu quatro, empatou uma e sofreu apenas uma derrota.</narracao>
    <narracao id="48359" momento="PJ" tempo="0">Os laterais Flávio e Fininho, suspensos pelo terceiro cartão amarelo, e o atacante Schwenck, expulso na última partida, são os desfalques do Figueira.</narracao>
    <narracao id="48360" momento="PJ" tempo="0">O técnico Leão luta para continuar invicto à frente do São Caetano. Em quatro jogos, foram três empates e uma vitória.
</narracao>
    <narracao id="48361" momento="PJ" tempo="0">O Azulão está em 12º lugar, com 17 pontos. Enquanto o Figueirense ocupa o sétimo lugar e tem 21 pontos.</narracao>
    <narracao id="48379" momento="1ºT" tempo="0">Começa o jogo</narracao>
    <momento id="48380" momento="1ºT">Primeiro tempo</momento>
    <narracao id="48381" momento="1ºT" tempo="1">Pressão do Figueirense com Soares.</narracao>
    <narracao id="48383" momento="1ºT" tempo="2">Falta na entrada da área para a cobrança de Cícero, do Figueira.</narracao>
    <video id="48396" momento="1ºT" video="516210"> Veja o vídeo:  2' Cícero teve a primeira oportunidade de abrir o placar.</video>
    <narracao id="48385" momento="1ºT" tempo="4">Boa chance do Figueira em bola alçada na área.</narracao>
    <narracao id="48428" momento="1ºT" tempo="4">Thiago Prato cabeceia para o Figueirense e Mauro defende.</narracao>
    <narracao id="48387" momento="1ºT" tempo="5">Anderson Lima afasta o perigo. Escanteio para o time catarinense.</narracao>
    <narracao id="48389" momento="1ºT" tempo="8">Diego Tardelli reclama de falta dentro da área.</narracao>
    <narracao id="48390" momento="1ºT" tempo="8">Soares quase marca, chuta a bola na trave do goleiro Mauro.</narracao>
    <narracao id="48393" momento="1ºT" tempo="9">Tardelli sofre falta e Anderson Lima vai para a cobrança...</narracao>
    <narracao id="48394" momento="1ºT" tempo="10">...zaga do Figueira afasta o perigo</narracao>
    <narracao id="48398" momento="1ºT" tempo="13">Escanteio para o Azulão, depois de desvio de Chicão para a linha de fundo.</narracao>
    <narracao id="48400" momento="1ºT" tempo="15">Rodrigo Souto arrisca de longe e a bola vai longe do gol.</narracao>
    <narracao id="48404" momento="1ºT" tempo="17">Árbitro vê falta de ataque de Soares.</narracao>
    <narracao id="48405" momento="1ºT" tempo="18">Escanteio para o Azulão, cobrado por Anderson Lima...</narracao>
    <narracao id="48413" momento="1ºT" tempo="21">Impedimento de Elton, do São Caetano</narracao>
    <narracao id="48415" momento="1ºT" tempo="23">Falta próxima à área a favor do São Caetano</narracao>
    <cartao id="48418" momento="1ºT" atletaId="3799" tempo="24" ico="/Portal/esportes/temporeal/swf/icos/cartao_amarelo.swf" cor="amarelo">Gustavo - Zagueiro do São Caetano é punido pelo árbitro.</cartao>
    <video id="48434" momento="1ºT" video="516216"> Veja o vídeo:  24' Primeiro cartão amarelo da partida.</video>
    <narracao id="48419" momento="1ºT" tempo="27">Anderson Lima cobra falta na barreira.</narracao>
    <narracao id="48421" momento="1ºT" tempo="28">Thiago desperdiça ótima oportunidade para o time do ABC Paulista.</narracao>
    <narracao id="48424" momento="1ºT" tempo="28">Mauro faz boa defesa e encaixa a bola sem dar chances de rebote para o ataque catarinense.</narracao>
    <narracao id="48426" momento="1ºT" tempo="29">Tardelli puxa contra-ataque, mas demora a concluir e é desarmado pela zaga do Figueira.</narracao>
    <narracao id="48431" momento="1ºT" tempo="31">Boa chegada do Azulão com Triguinho, que cabeceia rente à trave.</narracao>
    <video id="48454" momento="1ºT" video="516219"> Veja o vídeo:  32' Élton assuta o goleiro do São Caetano.</video>
    <narracao id="48436" momento="1ºT" tempo="37">Anderson Lima solta a bomba para a difícil defesa de Andrey.</narracao>
    <narracao id="48438" momento="1ºT" tempo="37">Marabá  pede pênalti e o árbitro manda ele se levantar.</narracao>
    <video id="48455" momento="1ºT" video="516220"> Veja o vídeo:  37' Marabá reclama de pênalti, neste lance, não marcado por Djalma Beltrami.</video>
    <narracao id="48439" momento="1ºT" tempo="39">Anderson Lima tenta lançamento para Marabá, mas Andrey se antecipa e chega primeiro na bola.</narracao>
    <narracao id="48440" momento="1ºT" tempo="40">Marquinhos Paraná levanta bola na área, após cobrança de falta.</narracao>
    <cartao id="48442" momento="1ºT" atletaId="8771" tempo="40" ico="/Portal/esportes/temporeal/swf/icos/cartao_amarelo.swf" cor="amarelo">Chicão - Outro zagueiro, agora do Figueira, é punido pelo árbitro.</cartao>
    <video id="48462" momento="1ºT" video="516222"> Veja o vídeo:  40' Veja o lance em que o zagueiro Chicão levou o cartão amarelo.</video>
    <narracao id="48446" momento="1ºT" tempo="42">Toque de mão de Marabá, evitando ataque dos catarinenses.</narracao>
    <narracao id="48447" momento="1ºT" tempo="43">Thiago Prado cabeceia desequilibrado e a bola passa perto do gol de Mauro.</narracao>
    <narracao id="48450" momento="1ºT" tempo="44">Mais um chuveirinho. Desta vez, Chicão não chega na bola a tempo e a zaga do Azulão põe para escanteio.</narracao>
    <narracao id="48451" momento="1ºT" tempo="45">Cícero solta a bomba e a bola bate no travessão. </narracao>
    <video id="48465" momento="1ºT" video="516223"> Veja o vídeo:  45' Confira o chutaço do meio-campo Cícero que bateu no travessão e foi para fora.</video>
    <narracao id="48452" momento="1ºT" tempo="46">Fim de primeiro tempo.</narracao>
    <momento id="48471" momento="I">Show do intervalo</momento>
    <narracao id="48489" momento="I" tempo="0">Em partida bastante truncada, os dois times criaram poucas oportunidades. Sobraram faltas e faltou inspiração, com exceção de dois chutes na trave.</narracao>
    <narracao id="48474" momento="2ºT" tempo="0">Início de segundo tempo.</narracao>
    <momento id="48475" momento="2ºT">Segundo tempo</momento>
    <gol id="48481" momento="2ºT" atletaId="12803" tempo="1" escudo="/FlashShow/0,,6591,00.swf" contra="0"> GOL DE DIEGO DE LIMA  Goooooooooollllll do Figueirense!!! Diego cumprimenta o goleiro Mauro, em falha do lateral Triguinho. </gol>
    <video id="48481v" momento="2ºT" video="516233"> Veja o vídeo: Gol de Diego de Lima.  1' Goooooooooollllll do Figueirense!!! Diego cumprimenta o goleiro Mauro, em falha do lateral Triguinho. </video>
    <gol id="48482" momento="2ºT" atletaId="12844" tempo="3" escudo="/FlashShow/0,,7262,00.swf" contra="0"> GOL DE DIEGO TARDELLI  Goooooooolllllllll!!!! Linda jogada de Marabá e conclusão certeira de Tardelli. Tudo igual em Floripa.</gol>
    <video id="48482v" momento="2ºT" video="516237"> Veja o vídeo: Gol de Diego Tardelli.  3' Goooooooolllllllll!!!! Linda jogada de Marabá e conclusão certeira de Tardelli. Tudo igual em Floripa.</video>
    <narracao id="48486" momento="2ºT" tempo="5">Confusão na área do São Caetano, mas a bola vai para a linha de fundo.</narracao>
    <narracao id="48492" momento="2ºT" tempo="10">Chicão manda a bola para área, mas Anderson Lima afasta o perigo.</narracao>
    <narracao id="48494" momento="2ºT" tempo="11">Andrey defende chute à queima-roupa de Tardelli.</narracao>
    <video id="48535" momento="2ºT" video="516241"> Veja o vídeo:  11' Quase que o São Caetano amplia o placar.</video>
    <narracao id="48496" momento="2ºT" tempo="13">Anderson Lima discute com Soares. Clima quente no Orlando Scarpelli</narracao>
    <narracao id="48498" momento="2ºT" tempo="14">Falta a favor do Figueirense...</narracao>
    <narracao id="48499" momento="2ºT" tempo="14">Cícero bate falta na barreira e no rebote Mauro tira a bola de soco. </narracao>
    <narracao id="48502" momento="2ºT" tempo="17">Torcida do Figueirense reclama muito da arbitragem.</narracao>
    <narracao id="48505" momento="2ºT" tempo="18">Cícero é caçado em campo e sofre falta no meio-de-campo.</narracao>
    <narracao id="48507" momento="2ºT" tempo="20">Soares não quer saber de brincadeira e desarma jogada na linha de fundo.</narracao>
    <narracao id="48513" momento="2ºT" tempo="22">Canindé arrisca chute da entrada da área que bate na zaga do Figueira.  </narracao>
    <narracao id="48515" momento="2ºT" tempo="23">Chuveirinho na área do São Caetano. Soares desperdiça grande chance de gol.</narracao>
    <narracao id="48520" momento="2ºT" tempo="25">Boa chegada do Figueira e ótima defesa do goleiro Mauro ao colocar a bola para escanteio.</narracao>
    <narracao id="48522" momento="2ºT" tempo="26">Boa jogada de Samir e quase o segundo do Figueira.</narracao>
    <substituicao id="48770" momento="2ºT" tempo="26" ico="/Portal/esportes/temporeal/swf/icos/substituicao.swf">São Caetano faz substituição: entra Gustavo Gaúcho, sai Elton</substituicao>
    <substituicao id="48548" momento="2ºT" tempo="27" ico="/Portal/esportes/temporeal/swf/icos/substituicao.swf">Figueirense faz substituição: entra Samir, sai Fernandes</substituicao>
    <narracao id="48525" momento="2ºT" tempo="28">Marabá quase marca no contra-ataque. Carlos Alberto chega a atempo de evitar o gol.</narracao>
    <narracao id="48532" momento="2ºT" tempo="34">Carlos Alberto solta a bomba e a bola passa muito próxima da trave esquerda do goleiro Mauro.</narracao>
    <narracao id="48538" momento="2ºT" tempo="35">Soares chuta com o gol livre, mas antes de a bola entrar Gustavo tira em cima da linha.</narracao>
    <substituicao id="48549" momento="2ºT" tempo="37" ico="/Portal/esportes/temporeal/swf/icos/substituicao.swf">Figueirense faz substituição: entra Rodrigo Paulista, sai Carlos Alberto</substituicao>
    <substituicao id="48550" momento="2ºT" tempo="42" ico="/Portal/esportes/temporeal/swf/icos/substituicao.swf">Figueirense faz substituição: entra Thiago Silvy, sai Diego</substituicao>
    <narracao id="48551" momento="2ºT" tempo="42">Bola não sai do meio-de-campo. Em jogo de muita pegada por parte dos dois times.</narracao>
    <narracao id="48553" momento="2ºT" tempo="43">Carlos Alberto pega mal na bola e fica fácil para o goleiro Andrey defender.</narracao>
    <narracao id="48555" momento="2ºT" tempo="45">Anderson Lima lança Marabá, que estava em impedimento.</narracao>
    <narracao id="48557" momento="2ºT" tempo="47">São Caetano segura o empate como pode.</narracao>
    <narracao id="48558" momento="2ºT" tempo="48">Cléber falha feio e quase Cícero marca no finzinho do jogo.</narracao>
    <narracao id="48559" momento="2ºT" tempo="49">Fim de partida.</narracao>
    <momento id="48560" momento="E">Final de jogo</momento>
  </lances>
</lancealance>
