<?xml version="1.0" encoding="UTF-8"?>
<lancealance cobertura="1094" leitura="0">
  <placar>
    <equipe id="001" url="" nome="Polônia" escudo="/FlashShow/0,,9463,00.swf" resultado="0" abreviacao="POL"/>
    <equipe id="002" url="" nome="Equador" escudo="/FlashShow/0,,9451,00.swf" resultado="2" abreviacao="EQU"/>
  </placar>
  <lances>
    <momento id="34996" momento="PJ">Pré-jogo</momento>
    <narracao id="35079" momento="PJ" tempo="0">Polônia e Equador fazem, daqui a pouco, a segunda partida da Copa do Mundo 2006. As duas seleções se enfrentam no estádio Aufschalke Arena, na cidade alemã de Gelsenkirchen. O jogo será arbitrado pelo japonês Toru Kamikawa, auxiliado por Yoshikazu Hiroshima, também japonês, e por Dae Young Kim, da Coréia do Sul.</narracao>
    <narracao id="35080" momento="PJ" tempo="0">Os poloneses estréiam no Mundial após terem obtido resultados irregulares nos amistosos pré-Copa. Sem o experiente goleiro Dudek, que ficou de fora da convocação do técnico Pawel Janas, a seleção polonesa aposta no talento do meia-atacante Ebi Smolarek, que atua no Borussia Dortmund, da Alemanha. Maciej Zurawski, do Celtic, é a grande esperança de gols dos poloneses.</narracao>
    <narracao id="35081" momento="PJ" tempo="0">A seleção do Equador vai para sua segunda Copa do Mundo (a primeira foi a de 2002) em busca de passar, pela primeira vez, à fase de oitavas-de-final do Mundial. Para estrear com vitória sobre os poloneses, o técnico Luiz Fernando Suárez conta com o faro de gol do artilheiro Agustín Delgado, grande esperança do Equador para esta Copa. O experiente lateral-direito De la Cruz também será uma importante arma para os equatorianos contra a Polônia.</narracao>
    <narracao id="35082" momento="PJ" tempo="0">Ambas as seleções nunca conseguiram vencer uma Copa do Mundo. Porém, os poloneses tem um histórico muito mais rico do que os equatorianos, em Copas do Mundo. A Polônia já foi terceira colocada nas Copas de 1974 e 1982. Já o histórico do Equador se resume a uma participação bem modesta na Copa de 2002, no Japão e na Coréia do Sul.</narracao>
    <narracao id="35083" momento="PJ" tempo="0">Estádio está lotado e as seleções já se encaminham para o gramado!</narracao>
    <narracao id="35084" momento="PJ" tempo="0">Seleções já estão prontas para entrar em campo!</narracao>
    <narracao id="35085" momento="PJ" tempo="0">As duas seleções entram em campo perfiladas, com as bandeiras à frente!</narracao>
    <narracao id="35086" momento="PJ" tempo="0">Hino polonês é executado sob aplausos!</narracao>
    <narracao id="35087" momento="PJ" tempo="0">É executado o hino equatoriano!</narracao>
    <narracao id="35088" momento="PJ" tempo="0">Jogadores se cumprimentam após a execução dos hinos! Vai começar a segunda partida da Copa do Mundo 2006!</narracao>
    <video id="35093" momento="PJ" video="477898"> Veja o vídeo:  0' Seleções de Polônia e Equador se preparam para entrar em campo!</video>
    <video id="35100" momento="PJ" video="477907"> Veja o vídeo:  0' Hino polonês é executado!</video>
    <video id="35101" momento="PJ" video="477910"> Veja o vídeo:  0' Hino do Equador é executado!</video>
    <momento id="35089" momento="1ºT">Primeiro tempo</momento>
    <narracao id="35090" momento="1ºT" tempo="1">COMEÇA O SEGUNDO JOGO DA COPA 2006!!! POLÔNIA x EQUADOR!!!</narracao>
    <narracao id="35091" momento="1ºT" tempo="1">Poloneses vão tocando a bola!</narracao>
    <narracao id="35092" momento="1ºT" tempo="2">Polônia inicia o jogo pressionando o Equador!</narracao>
    <video id="35106" momento="1ºT" video="477916"> Veja o vídeo:  2' Juiz deixa de marcar uma falta a favor da Polônia!</video>
    <video id="35105" momento="1ºT" video="477912"> Veja o vídeo:  4' Zewlakow tenta fazer lançamento para o ataque!</video>
    <narracao id="35094" momento="1ºT" tempo="5">Valencia arrisca o chute e a bola vai para fora, longe do gol de Boruc! É o primeiro ataque equatoriano!</narracao>
    <video id="35109" momento="1ºT" video="477921"> Veja o vídeo:  5' Valencia arrisca o primeiro chute do jogo!</video>
    <narracao id="35095" momento="1ºT" tempo="6">Krzynowek faz boa jogada e consegue um escanteio!</narracao>
    <narracao id="35096" momento="1ºT" tempo="6">O goleiro Mora afasta o perigo da área equatoriana!</narracao>
    <video id="35107" momento="1ºT" video="477919"> Veja o vídeo:  6' Krzynowek faz boa jogada pela esquerda!</video>
    <video id="35114" momento="1ºT" video="477930"> Veja o vídeo:  7' Equador tenta os ataques pelo meio!</video>
    <narracao id="35097" momento="1ºT" tempo="8">Equador melhora no jogo e começa a incomodar a defesa da Polônia!</narracao>
    <video id="35111" momento="1ºT" video="477923"> Veja o vídeo:  8' Bak é atingido e cai no gramado!</video>
    <narracao id="35098" momento="1ºT" tempo="9">Seleção do Equador mantém a posse de bola!</narracao>
    <narracao id="35099" momento="1ºT" tempo="10">Lance Perigoso - Castillo arrisca o chute e Boruc faz boa defesa, sem dar rebote!</narracao>
    <video id="35117" momento="1ºT" video="477948"> Veja o vídeo:  10' Tenório arrisca o chute!</video>
    <video id="35127" momento="1ºT" video="477972"> Veja o vídeo:  10' Tenorio tenta a jogada!</video>
    <video id="35132" momento="1ºT" video="477981"> Veja o vídeo:  10' Delgado perde uma chance incrível!</video>
    <video id="35137" momento="1ºT" video="477989"> Veja o vídeo:  10' Valencia faz falta e não é advertido!</video>
    <narracao id="35102" momento="1ºT" tempo="12">Poloneses têm dificuldades para buscar o ataque!</narracao>
    <video id="35115" momento="1ºT" video="477936"> Veja o vídeo:  12' Jop entra duro em Carlos Tenório!</video>
    <narracao id="35103" momento="1ºT" tempo="13">Krzynowek sofre falta de Mendez! Perigo para o Equador!</narracao>
    <narracao id="35104" momento="1ºT" tempo="14">Szymkowiak chuta mal, longe do gol de Mora!</narracao>
    <video id="35119" momento="1ºT" video="477954"> Veja o vídeo:  16' Zaga polonesa bobeia e Tenório quase aproveita!</video>
    <narracao id="35108" momento="1ºT" tempo="17">Polônia pressiona e a zaga equatoriana afasta o perigo!</narracao>
    <video id="35123" momento="1ºT" video="477961"> Veja o vídeo:  19' Zurawski cruza e erra feio!</video>
    <narracao id="35110" momento="1ºT" tempo="20">O jogo segue no 0 a 0!</narracao>
    <narracao id="35112" momento="1ºT" tempo="22">Reasco cruza a bola para a área e Tenório tenta ajeitar com a mão! Juiz marca a falta!</narracao>
    <gol id="35113" momento="1ºT" atletaId="3537" tempo="23" escudo="/FlashShow/0,,9451,00.swf" contra="0"> GOL DE CARLOS TENORIO  É DO EQUADOR!!! Carlos Tenorio marca!!! Delgado cruza da direita e o atacante equatoriano cabeceia no canto direito de Boruc! Inapelável! 1 a 0 para o Equador!!! </gol>
    <video id="35113v" momento="1ºT" video="477970"> Veja o vídeo: Gol de Carlos Tenorio.  23' É DO EQUADOR!!! Carlos Tenorio marca!!! Delgado cruza da direita e o atacante equatoriano cabeceia no canto direito de Boruc! Inapelável! 1 a 0 para o Equador!!! </video>
    <video id="35125" momento="1ºT" video="477969"> Veja o vídeo:  24' Smolarek tenta completar a jogada de Krzynowek!</video>
    <narracao id="35116" momento="1ºT" tempo="26">Polônia tenta ir para o ataque!</narracao>
    <video id="35126" momento="1ºT" video="477971"> Veja o vídeo:  27' Mora faz defesa com segurança!</video>
    <narracao id="35118" momento="1ºT" tempo="28">Lance Feio - Tenório faz boa jogada e toca para Delgado que, na entrada da pequena área, isola a bola!</narracao>
    <cartao id="35120" momento="1ºT" atletaId="2124" tempo="30" ico="/Portal/esportes/temporeal/swf/icos/cartao_amarelo.swf" cor="amarelo">Iván Hurtado - Por fazer falta em Radomski, Hurtado recebe o amarelo!</cartao>
    <video id="35131" momento="1ºT" video="477976"> Veja o vídeo:  30' Hurtado recebe o amarelo!</video>
    <narracao id="35121" momento="1ºT" tempo="32">Equador segue pressionando! De la Cruz avança!</narracao>
    <video id="35136" momento="1ºT" video="477984"> Veja o vídeo:  32' De la Cruz chega chutando a bola! Jop evita o gol!</video>
    <video id="35146" momento="1ºT" video="478008"> Veja o vídeo:  35' Smolarek recebe o amarelo!</video>
    <cartao id="35122" momento="1ºT" atletaId="7088" tempo="36" ico="/Portal/esportes/temporeal/swf/icos/cartao_amarelo.swf" cor="amarelo">Ebi Smolarek - Por fazer falta em Tenorio, Smolarek recebe o amarelo!</cartao>
    <narracao id="35124" momento="1ºT" tempo="37">Lance Perigoso - Mendez cobra falta de longe e Boruc faz boa defesa!</narracao>
    <video id="35138" momento="1ºT" video="477991"> Veja o vídeo:  37' Mendez bate falta e Boruc faz boa defesa!</video>
    <video id="35141" momento="1ºT" video="477997"> Veja o vídeo:  38' Hurtado afasta o perigo da área equatoriana!</video>
    <narracao id="35128" momento="1ºT" tempo="40">Jogo é de muita marcação e pouca técnica!</narracao>
    <video id="35147" momento="1ºT" video="478010"> Veja o vídeo:  40' Krzynowek reclama de falta!</video>
    <narracao id="35129" momento="1ºT" tempo="41">Krzynowek cai na entrada da área e pede a falta! Juiz não marca e a torcida vaia!</narracao>
    <narracao id="35130" momento="1ºT" tempo="41">Valencia arrisca o chute rasteiro e Boruc faz boa defesa, sem dar rebote!</narracao>
    <video id="35152" momento="1ºT" video="478014"> Veja o vídeo:  41' Valencia arrisca o chute!</video>
    <video id="35142" momento="1ºT" video="478006"> Veja o vídeo:  42' Mora falha e a Polônia quase empata o jogo!</video>
    <video id="35151" momento="1ºT" video="478011"> Veja o vídeo:  43' Árbitro japonês dá uma bronca no goleiro Mora!</video>
    <narracao id="35133" momento="1ºT" tempo="44">Polônia tenta o empate no fim da primeira etapa!</narracao>
    <narracao id="35134" momento="1ºT" tempo="44">+1 É o acréscimo do primeiro tempo!</narracao>
    <narracao id="35135" momento="1ºT" tempo="46">ACABA O PRIMEIRO TEMPO!!! POLÔNIA 0 x 1 EQUADOR!!!</narracao>
    <momento id="35139" momento="I">Show do intervalo</momento>
    <narracao id="35140" momento="I" tempo="0">Em um primeiro tempo de muita marcação, o Equador foi mais incisivo do que a Polônia e conseguiu fazer 1 a 0. As duas equipes compensam a pouca categoria com muita luta, e no segundo tempo tudo pode acontecer!</narracao>
    <narracao id="35143" momento="I" tempo="0">Seleções já se preparam para voltar ao campo!</narracao>
    <narracao id="35144" momento="I" tempo="0">Times voltam ao campo!</narracao>
    <narracao id="35145" momento="I" tempo="0">Vai começar o segundo tempo!</narracao>
    <video id="35161" momento="I" video="478036"> Veja o vídeo:  0' Seleções voltam para o segundo tempo!</video>
    <momento id="35148" momento="2ºT">Segundo tempo</momento>
    <narracao id="35149" momento="2ºT" tempo="1">COMEÇA O SEGUNDO TEMPO!!! POLÔNIA 0 x 1 EQUADOR!!!</narracao>
    <video id="35156" momento="2ºT" video="478029"> Veja o vídeo:  1' Smolarek inicia o segundo tempo correndo pela direita, mas zaga corta!</video>
    <narracao id="35150" momento="2ºT" tempo="2">Jogo é de muita marcação no segundo tempo!</narracao>
    <video id="35158" momento="2ºT" video="478032"> Veja o vídeo:  2' Valencia levanta a bola na área polonesa!</video>
    <video id="35159" momento="2ºT" video="478034"> Veja o vídeo:  3' Mora faz boa defesa!</video>
    <narracao id="35153" momento="2ºT" tempo="4">Times erram muitos passes!</narracao>
    <video id="35164" momento="2ºT" video="478038"> Veja o vídeo:  5' Hurtado faz um corte preciso na jogada!</video>
    <narracao id="35154" momento="2ºT" tempo="6">Polêmica - NÃO VALE!!! Krzynowek recebe, em impedimento, e marca o gol! O auxiliar anula! Polonês reclama!</narracao>
    <video id="35165" momento="2ºT" video="478040"> Veja o vídeo:  6' Krzynowek faz um gol em impedimento!</video>
    <narracao id="35155" momento="2ºT" tempo="8">Polônia pressiona! Sobolewski e Espinoza trombam!</narracao>
    <video id="35170" momento="2ºT" video="478043"> Veja o vídeo:  8' Espinoza divide a jogada com Sobolewski!</video>
    <narracao id="35157" momento="2ºT" tempo="10">Equador vai tocando a bola!</narracao>
    <video id="35171" momento="2ºT" video="478046"> Veja o vídeo:  10' Sobolewski cai fora do campo!</video>
    <narracao id="35160" momento="2ºT" tempo="12">Polônia tenta pressionar, mas falta qualidade no passe!</narracao>
    <video id="35174" momento="2ºT" video="478049"> Veja o vídeo:  13' Hurtado salva o Equador do gol polonês!</video>
    <narracao id="35162" momento="2ºT" tempo="14">Polônia parte para cima do Equador!</narracao>
    <narracao id="35163" momento="2ºT" tempo="15">Szymkowiak cruza da esquerda e Espinoza afasta o perigo!</narracao>
    <video id="35178" momento="2ºT" video="478055"> Veja o vídeo:  15' Espinoza corta o ataque polonês!</video>
    <video id="35184" momento="2ºT" video="478059"> Veja o vídeo:  16' Delgado faz boa jogada e cai na área!</video>
    <narracao id="35166" momento="2ºT" tempo="17">Polêmica - Mendez cai na área e pede o pênalti! Juiz não marca!</narracao>
    <narracao id="35167" momento="2ºT" tempo="18">Jogo está aberto! As duas equipes buscam o ataque!</narracao>
    <narracao id="35168" momento="2ºT" tempo="18">Hurtado disputa o lance com Smolarek e sai do jogo machucado!</narracao>
    <video id="35182" momento="2ºT" video="478058"> Veja o vídeo:  18' Hurtado se contunde!</video>
    <substituicao id="35189" momento="2ºT" tempo="19" ico="/Portal/esportes/temporeal/swf/icos/substituicao.swf">Equador faz substituição: entra Kaviedes, sai Tenório</substituicao>
    <narracao id="35172" momento="2ºT" tempo="21">Hurtado volta ao jogo!</narracao>
    <substituicao id="35192" momento="2ºT" tempo="22" ico="/Portal/esportes/temporeal/swf/icos/substituicao.swf">Polônia faz substituição: entra Jelen, sai Sobolewski</substituicao>
    <substituicao id="35190" momento="2ºT" tempo="23" ico="/Portal/esportes/temporeal/swf/icos/substituicao.swf">Equador faz substituição: entra Jorge Guagua, sai Ivan Hurtado</substituicao>
    <cartao id="35177" momento="2ºT" atletaId="5924" tempo="24" ico="/Portal/esportes/temporeal/swf/icos/cartao_amarelo.swf" cor="amarelo">Edison Méndez - Por retardar uma cobrança de falta, Mendez recebe o amarelo!</cartao>
    <video id="35200" momento="2ºT" video="478073"> Veja o vídeo:  24' Mendez recebe o cartão amarelo!</video>
    <narracao id="35179" momento="2ºT" tempo="26">CHUTES A GOL: 0 da Polônia, 4 do Equador.</narracao>
    <narracao id="35180" momento="2ºT" tempo="27">Lance Perigoso - QUASE!!! Mendez chuta cruzado e forte! Boruc faz a defesa, espalmando bem! Na sobra, o auxiliar marca o impedimento de Delgado!</narracao>
    <narracao id="35181" momento="2ºT" tempo="27">Times erram muitos passes!</narracao>
    <video id="35199" momento="2ºT" video="478072"> Veja o vídeo:  27' Mendez solta a bomba e Boruc espalma!</video>
    <video id="35204" momento="2ºT" video="478075"> Veja o vídeo:  28' Polônia pressiona o Equador!</video>
    <narracao id="35183" momento="2ºT" tempo="30">Jogo continua aberto!</narracao>
    <substituicao id="35193" momento="2ºT" tempo="32" ico="/Portal/esportes/temporeal/swf/icos/substituicao.swf">Polônia faz substituição: entra Kosowski, sai Krzynowek</substituicao>
    <video id="35211" momento="2ºT" video="478091"> Veja o vídeo:  32' Mora não evita escanteio para a Polônia!</video>
    <video id="35208" momento="2ºT" video="478086"> Veja o vídeo:  33' Szymkowiak acerta um belo chute!</video>
    <gol id="35187" momento="2ºT" atletaId="2132" tempo="35" escudo="/FlashShow/0,,9451,00.swf" contra="0"> GOL DE DELGADO  É DO EQUADOR!!! Delgado marca!!! Kaviedes, em posição duvidosa, dá bom passe para Delgado, livre, empurrar para as redes de Boruc!!! 2 a 0 para o Equador!!! </gol>
    <video id="35197" momento="2ºT" video="478079"> Veja o vídeo:  35' Delgado marca o segundo gol equatoriano!</video>
    <video id="35206" momento="2ºT" video="478079"> Veja o vídeo:  35' Delgado marca o segundo gol do Equador!</video>
    <narracao id="35188" momento="2ºT" tempo="37">Kosowski tenta o cruzamento e isola a bola!</narracao>
    <substituicao id="35191" momento="2ºT" tempo="37" ico="/Portal/esportes/temporeal/swf/icos/substituicao.swf">Equador faz substituição: entra Patrício Urrutia, sai Delgado</substituicao>
    <video id="35209" momento="2ºT" video="478087"> Veja o vídeo:  37' Kosowski manda o cruzamento para fora!</video>
    <substituicao id="35194" momento="2ºT" tempo="38" ico="/Portal/esportes/temporeal/swf/icos/substituicao.swf">Polônia faz substituição: entra Brozek, sai Zurawski</substituicao>
    <narracao id="35195" momento="2ºT" tempo="38">Lance Perigoso - Smolarek arrisca o chute e Mora defende com segurança!</narracao>
    <video id="35210" momento="2ºT" video="478090"> Veja o vídeo:  38' Smolarek chuta e Mora defende!</video>
    <video id="35213" momento="2ºT" video="478096"> Veja o vídeo:  39' Jelen acerta a trave do Equador!</video>
    <narracao id="35196" momento="2ºT" tempo="40">Na Trave - NA TRAVE!!! Jelen faz boa jogada e solta a bomba! A bola explode na trave esquerda de Mora! A Polônia quase diminui!</narracao>
    <narracao id="35198" momento="2ºT" tempo="42">Lance Perigoso - Smolarek cabeceia com perigo e a bola passa perto da trave esquerda de Mora! Polônia pressiona!</narracao>
    <video id="35214" momento="2ºT" video="478101"> Veja o vídeo:  42' Jelen cruza e Smolarek quase marca!</video>
    <narracao id="35202" momento="2ºT" tempo="44">+4 É o acréscimo do jogo!</narracao>
    <narracao id="35201" momento="2ºT" tempo="45">Na Trave - NA TRAVE!!! Brozek solta a bomba e carimba a trave direita de Mora!</narracao>
    <narracao id="35203" momento="2ºT" tempo="45">Polônia faz muita pressão! Equador explora os contra-ataques!</narracao>
    <video id="35215" momento="2ºT" video="478104"> Veja o vídeo:  45' Em chute de Brozek, a Polônia acerta novamente a trave!</video>
    <narracao id="35205" momento="2ºT" tempo="47">OLÉ!!! Torcida equatoriana grita olé!</narracao>
    <narracao id="35207" momento="2ºT" tempo="49">ACABA O JOGO!!! POLÔNIA 0 x 2 EQUADOR!!!</narracao>
    <momento id="35216" momento="E">Final de jogo</momento>
    <narracao id="35217" momento="E" tempo="0">O Equador conseguiu um ótimo resultado diante de uma fraca equipe polonesa. O placar de 2 a 0 a favor da seleção sul-americana foi justo, pois o Equador mostrou mais qualidade técnica e organização. A Polônia se impôs no jogo somente no fim, quando pressionou o Equador. Aas já era tarde para uma virada polonesa.</narracao>
  </lances>
</lancealance>
