<?xml version="1.0" encoding="UTF-8"?>
<lancealance cobertura="1125" leitura="0">
  <placar>
    <equipe id="001" url="" nome="Equador" escudo="/FlashShow/0,,9451,00.swf" resultado="0" abreviacao="EQU"/>
    <equipe id="002" url="" nome="Alemanha" escudo="/FlashShow/0,,9440,00.swf" resultado="3" abreviacao="ALE"/>
  </placar>
  <lances>
    <momento id="38827" momento="PJ">Pré-jogo</momento>
    <narracao id="38828" momento="PJ" tempo="0">Equador e Alemanha se enfrentam, daqui a pouco, pela última rodada do Grupo A da Copa do Mundo. A partida, que acontece no estádio Olímpico de Berlim, será arbitrada pelo russo Valentin Ivanov, auxiliado por Nikolay Golubev e Evgueni Volnin, ambos também da Rússia.
</narracao>
    <narracao id="38829" momento="PJ" tempo="0">O confronto de hoje vale a liderança definitiva do Grupo A. Quem vencer, será o líder. Se der empate, o Equador terminará a primeira fase na liderança, pois tem um saldo de gols superior ao da Alemanha (5 contra 3). A vitória é fundamental para as duas equipes, que querem evitar um confronto com a atual líder do Grupo B, a favorita Inglaterra, na fase de oitavas-de-final.</narracao>
    <narracao id="38830" momento="PJ" tempo="0">O Equador, que conseguiu um feito histórico ao se classificar pela primeira vez à segunda fase do Mundial, está animado e virá com força total em busca da liderança do grupo. O técnico Luis Fernando Suárez conta com Delgado e Carlos Tenorio no ataque, dois jogadores que têm atuado muito bem nesta Copa. A equipe para o jogo de hoje, deve ser a mesma que goleou a Costa Rica por 3 a 0 na última rodada. </narracao>
    <narracao id="38831" momento="PJ" tempo="0">Os alemães contam com o apoio da torcida em Berlim, mas respeitam o Equador, que tem mostrado um bom futebol neste Mundial. O craque do time, Ballack, esteve para ser poupado do jogo pelo técnico Klinsmann, mas deve jogar. Klose e Podolski, que tiveram uma suposta discussão no início desta semana, estão confirmados no ataque alemão. O jogo contra os equatorianos deve ser o mais complicado para os alemães até este momento na Copa.</narracao>
    <narracao id="38832" momento="PJ" tempo="0">As seleções principais de Equador e Alemanha vão se enfrentar pela primeira vez na história. Entre as 10 seleções da América do Sul, a Alemanha somente não enfrentou a Venezuela e o próprio Equador. O Brasil foi o país sul-americano que mais vezes enfrentou a Alemanha (20 vezes), seguido por Argentina (16), Uruguai (9), Chile (6), Colômbia (3), Paraguai, Bolívia e Peru, uma vez cada.</narracao>
    <narracao id="38833" momento="PJ" tempo="0">Neste ano de 2006, o Equador disputou 7 jogos, obtendo 3 vitórias, um empate e três derrotas: 1x0 Honduras; 0x1 Holanda; 0x1 Japão; 1x1 Colômbia; 1x2 Macedônia; 2x0 Polônia e 3x0 Costa Rica.</narracao>
    <narracao id="38834" momento="PJ" tempo="0">Depois da derrota de 2x0 para o Brasil na final da Copa de 2002, a Alemanha disputou mais 5 jogos contra países sul-americanos, obtendo uma vitória (3x0 Colômbia/06), três empates (1x1 Brasil/04; 2x2 Argentina/05; 2x2 Argentina/05) e uma derrota (2x3 Brasil/05).</narracao>
    <narracao id="38835" momento="PJ" tempo="0">O Equador disputa apenas sua segunda Copa do Mundo. Na primeira, em 2002, a equipe teve participação modesta e foi eliminada na primeira fase.</narracao>
    <narracao id="38836" momento="PJ" tempo="0">Já a Alemanha tem muito mais tradição em Copas. A equipe germânica é tricampeã mundial: 1954, 1974 e 1990.</narracao>
    <narracao id="38837" momento="PJ" tempo="0">O jogo de hoje promete ser equilibrado. Façam suas apostas!!!</narracao>
    <narracao id="38847" momento="PJ" tempo="0">Confirmado pela Fifa!!! O Equador entra com um time misto no jogo de hoje! Os principais atletas equatorianos não jogam!</narracao>
    <narracao id="38848" momento="PJ" tempo="0">Na Alemanha, Huth joga na zaga, no lugar de Metzelder!</narracao>
    <narracao id="38849" momento="PJ" tempo="0">O tempo é bom em Berlim! O estádio Olímpico está completamente lotado para Equador x Alemanha!!!</narracao>
    <narracao id="38850" momento="PJ" tempo="0">As duas torcidas fazem uma bela festa no estádio!</narracao>
    <video id="38851" momento="PJ" video="486020"> Veja o vídeo:  0' Conheça o perfil do matador Klose!</video>
    <video id="38852" momento="PJ" video="486022"> Veja o vídeo:  0' Fique ligado na campanha da Alemanha nas duas primeiras rodadas do Mundial! </video>
    <video id="38853" momento="PJ" video="486025"> Veja o vídeo:  0' Fique de olho na campanha do Equador nos dois primeiros jogos desta Copa! </video>
    <narracao id="38854" momento="PJ" tempo="0">As duas seleções ainda estão nos vestiários!</narracao>
    <narracao id="38855" momento="PJ" tempo="0">As torcidas fazem uma festa colorida nas arquibancadas!</narracao>
    <narracao id="38856" momento="PJ" tempo="0">UH É O BANDEIRÃO!!! A torcida alemã abre uma enorme bandeira para homenagear o time germânico nas arquibancadas!</narracao>
    <narracao id="38857" momento="PJ" tempo="0">As seleções já estão preparadas para entrar em campo!</narracao>
    <narracao id="38858" momento="PJ" tempo="0">ENTRAM EM CAMPO!!! As seleções estão perfiladas, com as bandeiras à frente!</narracao>
    <narracao id="38860" momento="PJ" tempo="0">Os jogadores do Equador entram com camisas amarelas e shorts azuis! A Alemanha, com a tradicional camisa branca e calções negros! </narracao>
    <narracao id="38861" momento="PJ" tempo="0">O hino do Equador é executado!!!</narracao>
    <narracao id="38862" momento="PJ" tempo="0">FESTA EM CASA!!! O hino alemão ressoa em Berlim!!!</narracao>
    <narracao id="38863" momento="PJ" tempo="0">O público aplaude os hinos, e os jogadores se cumprimentam!</narracao>
    <narracao id="38865" momento="PJ" tempo="0">Ayovi e Ballack, capitães das duas seleções, se confraternizam!</narracao>
    <narracao id="38867" momento="PJ" tempo="0">Vai começar o jogo!!!</narracao>
    <video id="38896" momento="PJ" video="486045"> Veja o vídeo:  0' Confira os hinos de Equador e Alemanha!!!</video>
    <momento id="38868" momento="1ºT">Primeiro tempo</momento>
    <narracao id="38870" momento="1ºT" tempo="0">COMEÇA O JOGO!!! EQUADOR x ALEMANHA!!! Vale a liderança definitiva do Grupo A da Copa!!!</narracao>
    <narracao id="38872" momento="1ºT" tempo="1">Defesa - É MINHA!!! Valencia faz boa jogada pela direita e cruza! Lehmann faz defesa segura!</narracao>
    <video id="38897" momento="1ºT" video="486049"> Veja o vídeo:  1' PEGUEI!!! Lehmann sai bem do gol e intercepta o cruzamento de Valencia!!!</video>
    <narracao id="38874" momento="1ºT" tempo="2">O Equador vai tocando a bola!</narracao>
    <narracao id="38876" momento="1ºT" tempo="2">As duas seleções somam seis pontos! Quem vencer, será o líder do Grupo A!!!</narracao>
    <gol id="38877" momento="1ºT" atletaId="2201" tempo="3" escudo="/FlashShow/0,,9440,00.swf" contra="0"> GOL DE MIROSLAV KLOSE  GOOOOL!!! É DA ALEMANHA!!! Klose marca!!! Mertesacker cruza da esquerda! A bola passa pela área e sobra para Schweinsteiger, que toca para trás! O matador Klose chuta de primeira e manda para as redes equatorianas!!! 1 a 0 para os anfitriões!!! </gol>
    <video id="38877v" momento="1ºT" video="486047"> Veja o vídeo: Gol de Miroslav Klose.  3' GOOOOL!!! É DA ALEMANHA!!! Klose marca!!! Mertesacker cruza da esquerda! A bola passa pela área e sobra para Schweinsteiger, que toca para trás! O matador Klose chuta de primeira e manda para as redes equatorianas!!! 1 a 0 para os anfitriões!!! </video>
    <narracao id="38880" momento="1ºT" tempo="5">Valencia faz falta em Ballack! Perigo para o Equador!</narracao>
    <narracao id="38882" momento="1ºT" tempo="6">Ballack acerta a bola na barreira!!!</narracao>
    <narracao id="38884" momento="1ºT" tempo="7">Edwin Tenorio sofre falta de Klose, e não gosta! O equatoriano reclama com o alemão!</narracao>
    <narracao id="38886" momento="1ºT" tempo="9">A Alemanha vai tocando a bola!</narracao>
    <narracao id="38890" momento="1ºT" tempo="11">O Equador sentiu o gol sofrido! O time sul-americano não consegue mais atacar os alemães!</narracao>
    <narracao id="38892" momento="1ºT" tempo="12">O gol de Klose é o primeiro sofrido pelo Equador nesta Copa!</narracao>
    <video id="38912" momento="1ºT" video="486059"> Veja o vídeo:  12' PUNCH!!! Mora soca a bola na área equatoriana!</video>
    <narracao id="38894" momento="1ºT" tempo="13">Com o gol marcado, Klose é o artilheiro da Copa, com três gols. Fernando Torres, da Espanha, também tem três!</narracao>
    <video id="38914" momento="1ºT" video="486062"> Veja o vídeo:  14' QUASE!!! Klose não alcança a bola! Cuidado com o artilheiro!</video>
    <narracao id="38898" momento="1ºT" tempo="15">O jogo não tem grandes chances de gol no momento!</narracao>
    <narracao id="38901" momento="1ºT" tempo="17">Lance Feio - MAL!!! Mendez arrisca o chute e a bola passa à direita, sem assustar Lehmann!</narracao>
    <narracao id="38903" momento="1ºT" tempo="18">Lance Perigoso - NO ALTO!!! Lahm cruza da esquerda! Schneider tenta o chute de primeira e a bola sobe demais, porém assusta Mora!</narracao>
    <video id="38926" momento="1ºT" video="486071"> Veja o vídeo:  18' POR CIMA!!! Schneider chuta de primeira! A bola sobe demais!!!</video>
    <narracao id="38906" momento="1ºT" tempo="20">SEM STRESS!!! Suárez, técnico do Equador, se mostra tranqüilo, apesar da derrota parcial!</narracao>
    <narracao id="38908" momento="1ºT" tempo="21">Kaviedes leva pancada no rosto e cai no gramado! Mas já está tudo bem com o atacante equatoriano!</narracao>
    <video id="38927" momento="1ºT" video="486074"> Veja o vídeo:  21' FALTA!!! Kaviedes é atingido no rosto, por Schweinsteiger!!!</video>
    <narracao id="38910" momento="1ºT" tempo="22">STOP!!! Podolski, impedido, arrisca o chute! A bola sobe demais e sai pela linha de fundo! O auxiliar marca o impedimento!</narracao>
    <narracao id="38915" momento="1ºT" tempo="25">A torcida alemã canta e faz festa nas arquibancadas!</narracao>
    <narracao id="38917" momento="1ºT" tempo="26">Schweinsteiger derrubado por Ayovi, à esquerda da área!!! Perigo para o Equador!</narracao>
    <narracao id="38921" momento="1ºT" tempo="27">Lance Feio - FALTA!!! O grandalhão Huth atropela o lateral De la Cruz!</narracao>
    <narracao id="38924" momento="1ºT" tempo="29">Lance Perigoso - PERIGO!!! Podolski recebe passe de Ballack, e corre! Mora sai do gol e rebate a bola! Na sobra, Ballack tenta fazer o gol de cobertura! A bola sai por cima da trave!</narracao>
    <video id="38941" momento="1ºT" video="486084"> Veja o vídeo:  29' PERIGO!!! Mora chega antes de Podolski, e Ballack quase surpreende por cobertura!!!</video>
    <narracao id="38928" momento="1ºT" tempo="32">Lance Perigoso - PARA FORA!!! Klose arrisca o chute e a bola sobe demais!!!</narracao>
    <video id="38944" momento="1ºT" video="486086"> Veja o vídeo:  32' POR CIMA!!! Klose arrisca o chute, mas a bola sobe demais!!!</video>
    <narracao id="38930" momento="1ºT" tempo="33">CHUTES A GOL: 1 do Equador, 5 da Alemanha.</narracao>
    <narracao id="38931" momento="1ºT" tempo="34">A Alemanha domina o jogo! O Equador pouco incomoda o goleiro Lehmann!</narracao>
    <narracao id="38933" momento="1ºT" tempo="36">QUE SONO!!! O atacante Podolski está sumido do jogo!</narracao>
    <narracao id="38935" momento="1ºT" tempo="37">Lance Perigoso - MAL!!! Borja dá bom passe para Kaviedes! O atacante entra na área, mas chuta mal! A bola vai por cima do gol de Lehmann!</narracao>
    <video id="38951" momento="1ºT" video="486090"> Veja o vídeo:  37' NAS NUVENS!!! Borja dá bom passe, mas Kaviedes chuta mal!!!</video>
    <narracao id="38938" momento="1ºT" tempo="38">TEM QUE MELHORAR!!! O equatoriano Kaviedes também está apagado no jogo!</narracao>
    <narracao id="38942" momento="1ºT" tempo="41">Os alemães vão tocando a bola na defesa!</narracao>
    <gol id="38946" momento="1ºT" atletaId="2201" tempo="43" escudo="/FlashShow/0,,9440,00.swf" contra="0"> GOL DE MIROSLAV KLOSE  GOOOOL!!! É DA ALEMANHA!!! Klose de novo!!! Ballack dá ótimo passe para Klose, que passa pelo goleiro Mora e toca para as redes!!! 2 a 0 para a Alemanha!!! Klose é o matador!!!</gol>
    <video id="38946v" momento="1ºT" video="486096"> Veja o vídeo: Gol de Miroslav Klose.  43' GOOOOL!!! É DA ALEMANHA!!! Klose de novo!!! Ballack dá ótimo passe para Klose, que passa pelo goleiro Mora e toca para as redes!!! 2 a 0 para a Alemanha!!! Klose é o matador!!!</video>
    <narracao id="38949" momento="1ºT" tempo="45">+2 É o acréscimo do primeiro tempo!!!</narracao>
    <narracao id="38953" momento="1ºT" tempo="46">ABSOLUTO!!! Com os dois gols nesta primeira etapa, Klose é o artilheiro isolado da Copa, com quatro gols!!!</narracao>
    <narracao id="38955" momento="1ºT" tempo="47">ACABA O PRIMEIRO TEMPO!!! 2 a 0 para os alemães!!!</narracao>
    <momento id="38961" momento="I">Show do intervalo</momento>
    <narracao id="38963" momento="I" tempo="0">O Equador, bastante desfalcado, jogou muito mal neste primeiro tempo e não conseguiu segurar o ataque alemão. O técnico Luiz Fernando Suárez resolveu poupar seus principais atletas, e acabou pagando o preço por essa ação neste primeiro tempo. A Alemanha não joga um futebol brilhante, mas fez o suficiente para ter ganho a primeira etapa por 2 a 0, com gols do artilheiro Miroslav Klose. Se o Equador não voltar com outra postura, poderá ser goleado pelos germânicos na segunda etapa. </narracao>
    <narracao id="38965" momento="I" tempo="0">As duas seleções ainda estão nos vestiários!</narracao>
    <narracao id="38969" momento="I" tempo="0">As equipes vão voltando para a segunda etapa!</narracao>
    <narracao id="38970" momento="I" tempo="0">Os atletas aquecem no gramado! Vai começar o segundo tempo!!!</narracao>
    <video id="38990" momento="I" video="486127"> Veja o vídeo:  0' Assista aos melhores momentos do primeiro tempo!!!</video>
    <momento id="38972" momento="2ºT">Segundo tempo</momento>
    <substituicao id="39019" momento="2ºT" tempo="0" ico="/Portal/esportes/temporeal/swf/icos/substituicao.swf">Equador faz substituição: entra Cristian Benítez, sai Félix Borja</substituicao>
    <narracao id="38974" momento="2ºT" tempo="1">COMEÇA O SEGUNDO TEMPO!!!</narracao>
    <narracao id="38977" momento="2ºT" tempo="1">Defesa - BOA!!! Alemanha começa o segundo tempo a todo o vapor!!! Podolski, dentro da área, toca para trás! Schweinsteiger arrisca o chute rasteiro, e Mora defende com dificuldades, no canto direito!</narracao>
    <video id="38993" momento="2ºT" video="486130"> Veja o vídeo:  1' PEGUEI!!! Schweinsteiger chuta forte! Mora defende com dificuldades!!!</video>
    <narracao id="38981" momento="2ºT" tempo="3">Defesa - PEGOU!!! Edwin Tenorio arrisca o chute de longe e Lehmann espalma para escanteio, fazendo boa defesa!</narracao>
    <video id="39005" momento="2ºT" video="486134"> Veja o vídeo:  3' PEGOU!!! Edwin Tenorio chuta de longe! Lehmann faz boa defesa!!!</video>
    <narracao id="38983" momento="2ºT" tempo="5">NA MÃO!!! Espinoza mata a bola com a mão, dentro da área alemã! O juiz marca a infração!</narracao>
    <cartao id="38986" momento="2ºT" atletaId="7558" tempo="6" ico="/Portal/esportes/temporeal/swf/icos/cartao_amarelo.swf" cor="amarelo">Valencia - AMARELO FOI POUCO!!! Valencia dá entrada criminosa em Ballack, e o juiz alivia, dando só o amarelo para o equatoriano!!!</cartao>
    <video id="39010" momento="2ºT" video="486141"> Veja o vídeo:  6' CRIMINOSO!!! O amarelo foi pouco para Valencia!!!</video>
    <narracao id="38989" momento="2ºT" tempo="7">Lance Perigoso - NÃO DESENCANTA!!! Lahm faz ótima jogada, na esquerda, e toca para Podolski! O atacante chuta rasteiro! A bola raspa a trave esquerda de Mora! Podolski segue sem fazer gols na Copa!!!</narracao>
    <video id="39032" momento="2ºT" video="486152"> Veja o vídeo:  8' UHHH!!! Schweinsteiger chuta e quase marca!!!</video>
    <narracao id="38996" momento="2ºT" tempo="10">O Equador joga um pouco melhor!</narracao>
    <narracao id="38994" momento="2ºT" tempo="11">Defesa - DEFENDE!!! Mendez arrisca o chute de longe! Lehmann espalma, fazendo boa defesa!!!</narracao>
    <gol id="38995" momento="2ºT" atletaId="6857" tempo="11" escudo="/FlashShow/0,,9440,00.swf" contra="0"> GOL DE LUKAS PODOLSKI  GOOOOL!!! É DA ALEMANHA!!! DESENCANTOU!!! Podolski marca!!! Schneider cruza, da direita, e Podolski toca de primeira! A bola entra no canto direito de Mora!!! É o primeiro gol de Podolski na Copa!!! 3 a 0!!!</gol>
    <video id="38995v" momento="2ºT" video="486148"> Veja o vídeo: Gol de Lukas Podolski.  11' GOOOOL!!! É DA ALEMANHA!!! DESENCANTOU!!! Podolski marca!!! Schneider cruza, da direita, e Podolski toca de primeira! A bola entra no canto direito de Mora!!! É o primeiro gol de Podolski na Copa!!! 3 a 0!!!</video>
    <video id="39033" momento="2ºT" video="486153"> Veja o vídeo:  11' DEIXA COMIGO!!! Lehmann espalma um bom chute de Mendez!!!</video>
    <narracao id="38998" momento="2ºT" tempo="13">Defesa - QUASE!!! Klose cruza para trás e Podolski chuta! Mora faz boa defesa! A Alemanha quer golear!!!</narracao>
    <video id="39036" momento="2ºT" video="486156"> Veja o vídeo:  14' MORA NA BOLA!!! Podolski chuta e o goleiro Mora faz boa defesa!</video>
    <narracao id="39001" momento="2ºT" tempo="16">Os alemães seguem tocando a bola!</narracao>
    <video id="39043" momento="2ºT" video="486159"> Veja o vídeo:  16' PARA FORA!!! Ballack arrisca o chute, com perigo!!!</video>
    <substituicao id="39020" momento="2ºT" tempo="17" ico="/Portal/esportes/temporeal/swf/icos/substituicao.swf">Equador faz substituição: entra Lara, sai Valencia</substituicao>
    <narracao id="39006" momento="2ºT" tempo="18">Os equatorianos estão perdidos em campo!</narracao>
    <narracao id="39012" momento="2ºT" tempo="20">Lance Perigoso - Lara arrisca o chute e a bola passa à direita de Lehmann, que se assusta!</narracao>
    <substituicao id="39027" momento="2ºT" tempo="20" ico="/Portal/esportes/temporeal/swf/icos/substituicao.swf">Alemanha faz substituição: entra Borowski, sai Frings</substituicao>
    <substituicao id="39028" momento="2ºT" tempo="20" ico="/Portal/esportes/temporeal/swf/icos/substituicao.swf">Alemanha faz substituição: entra Neuville, sai Klose</substituicao>
    <video id="39044" momento="2ºT" video="486163"> Veja o vídeo:  20' FORA!!! Lara arrisca o chute, que passa à direita do gol de Lehmann!!!</video>
    <narracao id="39017" momento="2ºT" tempo="21">VALEU!!! Klose e Frings saem muito aplaudidos de campo!!!</narracao>
    <substituicao id="39021" momento="2ºT" tempo="23" ico="/Portal/esportes/temporeal/swf/icos/substituicao.swf">Equador faz substituição: entra Patrício Urrutia, sai Ayoví</substituicao>
    <narracao id="39024" momento="2ºT" tempo="24">O técnico Suárez permanece tranqüilo, mas com uma fisionomia fechada no banco de reservas!</narracao>
    <narracao id="39025" momento="2ºT" tempo="25">TUDO É FESTA!!! Torcidas fazem a ola nas arquibancadas!</narracao>
    <narracao id="39026" momento="2ºT" tempo="26">Lance Perigoso - UHHH!!! Mendez cobra uma falta e a bola passa raspando o travessão do goleiro Lehmann!!!</narracao>
    <video id="39046" momento="2ºT" video="486165"> Veja o vídeo:  26' UHHH!!! Mendez cobra falta com muito perigo!!!</video>
    <substituicao id="39029" momento="2ºT" tempo="27" ico="/Portal/esportes/temporeal/swf/icos/substituicao.swf">Alemanha faz substituição: entra Asamoah, sai Schneider</substituicao>
    <cartao id="39034" momento="2ºT" atletaId="7635" tempo="29" ico="/Portal/esportes/temporeal/swf/icos/cartao_amarelo.swf" cor="amarelo">Tim Borowski - SUJOU!!! Por fazer falta em Kaviedes, Borowski recebe o amarelo!</cartao>
    <video id="39065" momento="2ºT" video="486173"> Veja o vídeo:  29' AMARELOU!!! Borowski faz falta em Kaviedes, e recebe o cartão!</video>
    <video id="39067" momento="2ºT" video="486175"> Veja o vídeo:  30' É MINHA!!! Asamoah chuta fraco! Mora faz defesa segura!</video>
    <narracao id="39038" momento="2ºT" tempo="31">Defesa - É MINHA!!! Asamoah arrisca o chute, mas a bola vai fraca! Mora faz defesa segura!</narracao>
    <narracao id="39040" momento="2ºT" tempo="31">Lance Perigoso - QUASE!!! Ballack arrisca o chute de longe e a bola passa perto do travessão de um assustado goleiro Mora!</narracao>
    <video id="39070" momento="2ºT" video="486177"> Veja o vídeo:  31' UHHH!!! Ballack chuta forte e quase marca!!!</video>
    <narracao id="39047" momento="2ºT" tempo="34">A Alemanha vai administrando o ótimo resultado!</narracao>
    <narracao id="39054" momento="2ºT" tempo="36">A torcida alemã faz a festa nas arquibancadas!</narracao>
    <narracao id="39062" momento="2ºT" tempo="39">Os alemães vão tocando a bola e o Equador só cerca!</narracao>
    <narracao id="39064" momento="2ºT" tempo="39">Defesa - PEGOU!!! Schweinsteiger chuta forte! Mora espalma, fazendo boa defesa!!! </narracao>
    <video id="39082" momento="2ºT" video="486186"> Veja o vídeo:  39' PEGOU!!! Schweinsteiger solta a bomba! Mora defende com dificuldades!!!</video>
    <narracao id="39069" momento="2ºT" tempo="41">Defesa - QUASE!!! Ballack chuta forte! Mora defende em dois tempos, salvando o Equador!!!</narracao>
    <video id="39088" momento="2ºT" video="486189"> Veja o vídeo:  41' EM DOIS TEMPOS!!! Ballack solta a bomba e Mora defende com dificuldades!!!</video>
    <narracao id="39072" momento="2ºT" tempo="43">+2 É o acréscimo do jogo!!!</narracao>
    <narracao id="39074" momento="2ºT" tempo="44">A Alemanha vai se classificando como líder do Grupo A da Copa do Mundo!!!</narracao>
    <narracao id="39076" momento="2ºT" tempo="44">A ÚLTIMA CHANCE!!! Ambrossi sofre falta de Huth! Perigo para a Alemanha!!!</narracao>
    <video id="39091" momento="2ºT" video="486192"> Veja o vídeo:  44' FALTA!!! De Huth em Ambrossi!</video>
    <narracao id="39078" momento="2ºT" tempo="45">Lance Feio - MAL!!! Kaviedes cobra mal a falta!!!</narracao>
    <narracao id="39080" momento="2ºT" tempo="46">Vai acabar o jogo!!!</narracao>
    <narracao id="39081" momento="2ºT" tempo="47">ACABA O JOGO!!! EQUADOR 0 x 3 ALEMANHA!!!</narracao>
    <narracao id="39085" momento="2ºT" tempo="47">A Alemanha é a primeira colocada do Grupo A e enfrenta o segundo lugar do Grupo B, nas oitavas-de-final! O Equador fica com a segunda colocação no Grupo A e enfrentará o líder do Grupo B na próxima fase!</narracao>
    <momento id="39092" momento="E">Final de jogo</momento>
    <narracao id="39093" momento="E" tempo="0">A Alemanha goleou o Equador por 3 a 0 e provou que é um dos candidatos ao título da Copa. O time alemão foi bem superior ao misto equatoriano, e mereceu a goleada e a classificação em primeiro lugar no Grupo A. Já o Equador mostrou que, sem os titulares, não fará muita coisa nesta Copa. O Equador se classificou em segundo lugar no grupo.    </narracao>
  </lances>
</lancealance>
