<?xml version="1.0" encoding="UTF-8"?>
<lancealance cobertura="1067" leitura="0">
  <placar>
    <equipe id="001" url="" nome="Atlético-PR" escudo="/FlashShow/0,,6584,00.swf" resultado="2" abreviacao="APR"/>
    <equipe id="002" url="" nome="Palmeiras" escudo="/FlashShow/0,,7255,00.swf" resultado="0" abreviacao="PAL"/>
  </placar>
  <lances>
    <narracao id="34188" momento="PJ" tempo="0">Atlético-PR e Palmeiras se enfrentam às 16h na Arena da Baixada!</narracao>
    <momento id="34189" momento="PJ">Pré-jogo</momento>
    <narracao id="34190" momento="PJ" tempo="0">O time da casa nunca perdeu para o adversário jogando na Arena. Foram duas vitórias e dois empates. </narracao>
    <narracao id="34193" momento="PJ" tempo="0">No Furacão, Dênis Marques volta ao time titular, mas Dagoberto e Ivan estão vetados pelo departamento médico. Ferreira foi poupado do último treino e não está confirmado. Evando é o possível substituto.  </narracao>
    <narracao id="34194" momento="PJ" tempo="0">No Verdão, Edmundo está barrado por indisciplina pelo técnico Tite. Alex Afonso entra em seu lugar. O zagueiro Daniel, recuperado de lesão, estréia no Brasileiro. Paulo Baier está suspenso. Juninho, Ilsinho e Francis, machucados também não jogam.</narracao>
    <narracao id="34192" momento="PJ" tempo="0">As duas equipes não fazem boas campanhas. O Atlético-PR está em 14° lugar com 10 pontos. Para evitar o ingresso na zona perigosa, a equipe precisa da vitória. A situação do Palmeiras é bem mais complicada. Com apenas quatro pontos ganhos, a equipe, que perdeu os últimos três jogos, precisa de uma vitória para não correr riscos de passar a Copa do Mundo na lanterna.</narracao>
    <narracao id="34214" momento="PJ" tempo="0">ROLA A BOLA NA ARENA DA BAIXADA!</narracao>
    <momento id="34215" momento="1ºT">Primeiro tempo</momento>
    <narracao id="34220" momento="1ºT" tempo="1">Falta perigosa! Jancarlos ganha a frente do zagueiro pela ponta direita e é derrubado.</narracao>
    <narracao id="34223" momento="1ºT" tempo="2">Falta cobrada no primeiro pau, Paulo André desvia de cabeça e a bola passa por cima.</narracao>
    <narracao id="34226" momento="1ºT" tempo="3">Alex Afonso bate muito bem no canto direito de Cléber. O goleiro espalma para escanteio.</narracao>
    <narracao id="34229" momento="1ºT" tempo="5">Falta de Moreno em Wendel na intermediária do Atlético...</narracao>
    <narracao id="34233" momento="1ºT" tempo="6">... Alceu tenta a batida direta. A bola passa sem perigo à direita do gol.</narracao>
    <narracao id="34236" momento="1ºT" tempo="7">Moreno cruza rasteiro, a zaga corta.</narracao>
    <narracao id="34241" momento="1ºT" tempo="8">Enílton ajeita de cabeça para Alex Afonso. O atacante chega antes do zagueiro e cabeceia à gol para defesa segura de Cléber. O atacante sente dividida com zagueiro e leva a pior na jogada. </narracao>
    <narracao id="34244" momento="1ºT" tempo="10">Jogo é reiciado após dois minutos de paralisação.</narracao>
    <narracao id="34248" momento="1ºT" tempo="12">Danilo recua com Cléber, que sai jogando mal. Márcio careca tenta surpreender batendo de longe, mas a bola é desviada.</narracao>
    <cartao id="34253" momento="1ºT" atletaId="3347" tempo="13" ico="/Portal/esportes/temporeal/swf/icos/cartao_amarelo.swf" cor="amarelo">Alceu - Punido por reclamação.</cartao>
    <cartao id="34273" momento="1ºT" atletaId="6487" tempo="13" ico="/Portal/esportes/temporeal/swf/icos/cartao_amarelo.swf" cor="amarelo">Danilo - Punido por avançar na barreira.</cartao>
    <narracao id="34254" momento="1ºT" tempo="14">Michael bate falta nas mãos de Cléber.</narracao>
    <video id="34357" momento="1ºT" video="473365"> Veja o vídeo:  14' Michael bate falta nas mãos do goleiro Cléber.</video>
    <narracao id="34256" momento="1ºT" tempo="16">Ferreira arma cruzamento, a bola desvia em Tiago Gomes e bate na rede pelo lado de fora.</narracao>
    <narracao id="34260" momento="1ºT" tempo="17">Córner cobrado no segundo pau na cabeça de Ferreira. O meia joga no meio da área, a bola bate no zagueiro, volta nele e sai pela linha de fundo.</narracao>
    <narracao id="34267" momento="1ºT" tempo="18">Enilton rouba bola e toca para Amaral. O lateral tenta o chute a gol, a bola vai rasteira e fraca para as mãos de Sérgio.</narracao>
    <narracao id="34270" momento="1ºT" tempo="20">Fabrício bate, com força, falta no meio do gol. Sérgio espalma errado e quase desvia para as próprias redes. </narracao>
    <cartao id="34271" momento="1ºT" atletaId="11904" tempo="21" ico="/Portal/esportes/temporeal/swf/icos/cartao_amarelo.swf" cor="amarelo">Alex Fraga - O zagueiro chega atrasado e acerta o joelho do adversário.</cartao>
    <narracao id="34281" momento="1ºT" tempo="23">BOMBARDEIO! Bola na área do Furacão, Enílton domina sozinho e bate para linda defesa de Cléber. No rebote, Michael tenta de cabeça e Cléber novamente espalma. Enílton pega outro rebote e a bola desvia na zaga.</narracao>
    <video id="34361" momento="1ºT" video="473370"> Veja o vídeo:  23' Enílton chuta com muito perigo.</video>
    <narracao id="34285" momento="1ºT" tempo="25">Bola cruzada rasteira para Fabrício, dentro da grande área. O meia domina livre, mas bate em cima do goleiro.</narracao>
    <narracao id="34286" momento="1ºT" tempo="26">O zagueiro Tiago Gomes fura o carrinho pela ponta esquerda, possibilitando o cruzamento para a área. A zaga desvia para escanteio.</narracao>
    <cartao id="34295" momento="1ºT" atletaId="3599" tempo="31" ico="/Portal/esportes/temporeal/swf/icos/cartao_amarelo.swf" cor="amarelo">Michael - O jogador simula falta na entrada da área</cartao>
    <narracao id="34299" momento="1ºT" tempo="33">Alceu arrisca uma pedrada de direita de muito longe. A bola bate na rede pelo lado de fora.</narracao>
    <narracao id="34301" momento="1ºT" tempo="34">Um perde e ganha danado na meia cancha...</narracao>
    <narracao id="34305" momento="1ºT" tempo="36">Erandir tenta de fora. A bola passa por cima do gol de Sérgio.</narracao>
    <narracao id="34309" momento="1ºT" tempo="37">Paulo André alcança bola na linha de fundo e cruza para desvio de Roger.</narracao>
    <narracao id="34313" momento="1ºT" tempo="37">Ferreira invade a área pelo lado direito e tenta o cruzamento para a pequena área. A bola desvia na zaga. Outro escanteio para o Furacão.</narracao>
    <narracao id="34324" momento="1ºT" tempo="43">Falta perigosa para o Atlético-PR...</narracao>
    <gol id="34331" momento="1ºT" atletaId="2942" tempo="44" escudo="/FlashShow/0,,6584,00.swf" contra="0"> GOL DE ALAN BAHIA  ... É DO ATLÈTICO-PR!! Fabrício bate falta com violência, Sérgio não consegue segurar e o meia empurra para o gol no rebote.</gol>
    <video id="34331v" momento="1ºT" video="473374"> Veja o vídeo: Gol de Alan Bahia.  44' ... É DO ATLÈTICO-PR!! Fabrício bate falta com violência, Sérgio não consegue segurar e o meia empurra para o gol no rebote.</video>
    <narracao id="34337" momento="1ºT" tempo="45">Michael recebe no meio e arrisca chute bem colocado de fora da área. Cléber se estica e espalma para escanteio.</narracao>
    <narracao id="34341" momento="1ºT" tempo="46">Termina o primeiro tempo na Arena da Baixada!</narracao>
    <momento id="34347" momento="I">Show do intervalo</momento>
    <narracao id="34350" momento="I" tempo="0">Em jogo tenso, pela situação das equipes no campeonato, o Atlético-PR conseguiu abrir o placar em lance de bola parada, em um primeiro tempo muito corrido e equilibrado. As duas equipes criaram chances de gol, mas o Furacão foi mais eficiente. </narracao>
    <momento id="34365" momento="2ºT">Segundo tempo</momento>
    <narracao id="34367" momento="2ºT" tempo="0">ROLA A BOLA NO SEGUNDO TEMPO!
</narracao>
    <narracao id="34370" momento="2ºT" tempo="2">Moreno passa por Amaral entra na área pelo lado esquerdo e tenta bater direto. A bola desvia na zaga e vai para escanteio.</narracao>
    <narracao id="34374" momento="2ºT" tempo="3">Alex Afonso avança pelo lado esquerdo da área e bate cruzado. A bola passa rente à trave.</narracao>
    <narracao id="34380" momento="2ºT" tempo="6">Michael bate falta na cabeça de Tiago Gomes. O zagueiro desvia para o gol, mas Cléber defende firme.</narracao>
    <video id="34414" momento="2ºT" video="473383"> Veja o vídeo:  6' Tiago Gomes tenta de cabeça.</video>
    <narracao id="34382" momento="2ºT" tempo="8">Enílton recebe bola na entrada da área, tenta jogada individual e, travado pela zaga, bate cruzado sem perigo. Ele pede escanteio, mas o árbitro confirma tiro de meta. </narracao>
    <narracao id="34385" momento="2ºT" tempo="9">Michael está caído em campo, com fortes dores nas costas.</narracao>
    <narracao id="34391" momento="2ºT" tempo="10">Alex toca de cabeça para Enílton. O atacante tenta cabeçada para o gol, mas a bola sai fraca.</narracao>
    <substituicao id="34486" momento="2ºT" tempo="11" ico="/Portal/esportes/temporeal/swf/icos/substituicao.swf">Palmeiras faz substituição: entra Roger, sai Michael</substituicao>
    <narracao id="34395" momento="2ºT" tempo="12">O árbitro marca falta para o Palmeiras...</narracao>
    <narracao id="34399" momento="2ºT" tempo="13">Alceu pega muito forte na bola. A bola passa perto do canto direito de Cléber.</narracao>
    <video id="34440" momento="2ºT" video="473389"> Veja o vídeo:  13' Alceu bate falta com perigo.</video>
    <narracao id="34404" momento="2ºT" tempo="14">QUE PERIGO! Falta cobrada no segundo pau, Roger pega de primeira e Cléber desvia com os pés.</narracao>
    <substituicao id="34434" momento="2ºT" tempo="15" ico="/Portal/esportes/temporeal/swf/icos/substituicao.swf">Atlético-PR faz substituição: entra Pedro Oldoni, sai Fabrício</substituicao>
    <substituicao id="34487" momento="2ºT" tempo="15" ico="/Portal/esportes/temporeal/swf/icos/substituicao.swf">Palmeiras faz substituição: entra Wilian, sai Enílton</substituicao>
    <narracao id="34411" momento="2ºT" tempo="16">Pressão do Verdão! Wilian recebe na marca do penâlti, para mais uma bela defesa de Cléber. </narracao>
    <narracao id="34421" momento="2ºT" tempo="19">Amaral passa para Roger dentro da grande área. O jogador pega de primeira para boa defesa do goleiro atleticano.</narracao>
    <narracao id="34424" momento="2ºT" tempo="21">Atlético-PR troca passes no campo de ataque.</narracao>
    <narracao id="34428" momento="2ºT" tempo="22">Wilian pega uma sobra da zaga e emenda chute para o gol. A bola sai por cima.</narracao>
    <narracao id="34432" momento="2ºT" tempo="24">Roger finta o zagueiro e bate a gol. Mais uma vez Cléber segura firme. A torcida atléticana grita o nome do goleiro.</narracao>
    <substituicao id="34435" momento="2ºT" tempo="26" ico="/Portal/esportes/temporeal/swf/icos/substituicao.swf">Atlético-PR faz substituição: entra Evandro, sai Dênis Marques</substituicao>
    <narracao id="34447" momento="2ºT" tempo="28">NO TRAVESSÂO! Cabeçada de Alan Bahia após escanteio cobrado por Jancarlos.</narracao>
    <narracao id="34456" momento="2ºT" tempo="29">Bola cruzada para Wilian no segundo pau. O atacante cai pedindo penâlti.</narracao>
    <gol id="34462" momento="2ºT" atletaId="6560" tempo="31" escudo="/FlashShow/0,,6584,00.swf" contra="0"> GOL DE EVANDRO  É DO FURACÃO! Ferreira assiste Evandro na grande área. O atacante bate a gol e Sérgio espalma. No rebote, ele manda cruzado no ângulo.</gol>
    <cartao id="34472" momento="2ºT" atletaId="2942" tempo="36" ico="/Portal/esportes/temporeal/swf/icos/cartao_amarelo.swf" cor="amarelo">Alan Bahia - Por retardar o jogo.</cartao>
    <narracao id="34485" momento="2ºT" tempo="39">Pedro Oldoni desarma Alceu e bate forte no canto esquerdo de Sérgio, que espalma para escanteio.</narracao>
    <substituicao id="34488" momento="2ºT" tempo="40" ico="/Portal/esportes/temporeal/swf/icos/substituicao.swf">Palmeiras faz substituição: entra Reinaldo, sai Roger</substituicao>
    <narracao id="34492" momento="2ºT" tempo="41">Reinaldo cabeceia a gol e Cléber espalma para escanteio.</narracao>
    <narracao id="34497" momento="2ºT" tempo="42">Márcio Careca bate escanteio no segundo pau, mas nenhum companheiro alcança.</narracao>
    <narracao id="34501" momento="2ºT" tempo="43">Reinaldo cruza rasteiro para a área. Roger tenta colocar no ângulo, mas pega mal na bola.</narracao>
    <cartao id="34508" momento="2ºT" atletaId="9966" tempo="45" ico="/Portal/esportes/temporeal/swf/icos/cartao_amarelo.swf" cor="amarelo">Cléber - O goleiro faz cera no tiro de meta.</cartao>
    <narracao id="34512" momento="2ºT" tempo="46">Dois minutos de acréscimo.</narracao>
    <narracao id="34517" momento="2ºT" tempo="47">Jogo paralisado. Mais dois minutos de acréscimo.</narracao>
    <narracao id="34521" momento="2ºT" tempo="49">FIM DE PARTIDA NA ARENA DA BAIXADA!</narracao>
    <momento id="34525" momento="E">Final de jogo</momento>
    <narracao id="34532" momento="E" tempo="0">A fase realmente não é boa para o Verdão. O Palmeiras teve as melhores oportunidades, mas esbarrou no paredão chamado Cléber. O Furacão aproveitou o desespero palmeirense com eficiência, em dois gols com bolas rebatidas pelo goleiro Sérgio. Agora o Atlético-PR respira e o Palmeiras se afunda na vice-lanterna.</narracao>
  </lances>
</lancealance>
