<?xml version="1.0" encoding="UTF-8"?>
<lancealance cobertura="1278" leitura="0">
  <placar>
    <equipe id="001" url="" nome="Flamengo" escudo="/FlashShow/0,,13453,00.swf" resultado="0" abreviacao="FLA"/>
    <equipe id="002" url="" nome="Ponte Preta" escudo="/FlashShow/0,,7275,00.swf" resultado="0" abreviacao="PON"/>
  </placar>
  <lances>
    <momento id="49536" momento="PJ">Pré-jogo</momento>
    <narracao id="49733" momento="PJ" tempo="0">Flamengo e Ponte Preta medem forças, daqui a pouco, no Maracanã pela 16ª rodada do Brasileirão. O duelo virou motivo de piada  dos torcedores por ser o encontro do pior ataque (o rubro-negro com 13 gols) com a defesa mais vazada da competição (a Macaca sofreu 31 gols).   </narracao>
    <narracao id="49734" momento="PJ" tempo="0">O "Mais Querido do Brasil" ocupa a 15ª colocação, com 17 pontos, enquanto o time de Campinas está em 12º lugar, com 18.
</narracao>
    <narracao id="49735" momento="PJ" tempo="0">Com a vitória, o Rubro-negro se afasta da zona de rebaixamento. Já um triunfo da Macaca coloca a equipe do técnico Marco Aurélio no páreo por uma vaga na Copa Sul-Americana do ano que vem.</narracao>
    <narracao id="49739" momento="PJ" tempo="0">O técnico Ney Franco aposta no esquema 3-5-2 e conta com a categoria de Sávio no ataque. Mas perdeu o meio-campo Jônatas, negociado com o Espanyol, da Espanha. Além disso, o volante Léo e os meias Peralta e Walter Minhoca estão vetados pelo departamento médico.
</narracao>
    <narracao id="49740" momento="PJ" tempo="0">Na Macaca, o técnico Marco Aurélio vai manter parte do time que bateu o Fluminense por 3 a 0. O atacante Tuto, recuperado de uma virose, volta ao time. Para piorar, a Macaca nunca conseguiu uma vitória no Maracanã. A equipe conquistou apenas quatro empates. 
</narracao>
    <narracao id="49742" momento="PJ" tempo="0">Tudo pronto para o início do jogo.</narracao>
    <momento id="49744" momento="1ºT">Primeiro tempo</momento>
    <narracao id="49745" momento="1ºT" tempo="0">Um minuto de silêncio no Maracanã em homenagem ao jogador do São Paulo morto em acidente automobilístico.</narracao>
    <narracao id="49753" momento="1ºT" tempo="0">Início da partida!!!</narracao>
    <narracao id="49756" momento="1ºT" tempo="3">Sávio faz boa jogada pelo lado esquerdo, mas não consegue concluir.</narracao>
    <narracao id="49758" momento="1ºT" tempo="3">Primeira chance do Flamengo. Renato chuta da entrada da área, mas o goleiro Aranha estava bem colocado e pegou firme. </narracao>
    <video id="49768" momento="1ºT" video="520616"> Veja o vídeo:  3' Ataque rubro-negro em chute rasteiro de Renato.</video>
    <narracao id="49762" momento="1ºT" tempo="5">Juan tenta lançamento para Sávio, que não consegue chegar na bola antes dela sair</narracao>
    <narracao id="49764" momento="1ºT" tempo="8">Luís Mário manda bola para área, mas a zaga do Fla afasta o perigo.</narracao>
    <cartao id="49765" momento="1ºT" atletaId="3420" tempo="9" ico="/Portal/esportes/temporeal/swf/icos/cartao_amarelo.swf" cor="amarelo">Leonardo Moura - Lateral é punido com o primeiro cartão do jogo.</cartao>
    <narracao id="49766" momento="1ºT" tempo="11">Pressão do Flamengo em cobrança de escanteio.</narracao>
    <narracao id="49770" momento="1ºT" tempo="14">Leo Moura tabela com Luizão e chuta forte, mas sem direção.</narracao>
    <video id="49778" momento="1ºT" video="520621"> Veja o vídeo:  14' Boa chegada do Mengão com Leo Moura</video>
    <narracao id="49773" momento="1ºT" tempo="16">Renato Silva lança Leo Moura, que não consegue dominar a bola.</narracao>
    <narracao id="49775" momento="1ºT" tempo="18">Tuto demora a chutar e é desarmado por Renato Silva na entrada da área.</narracao>
    <video id="49799" momento="1ºT" video="520627"> Veja o vídeo:  20' Luís Mário chuta por cima do gol.</video>
    <narracao id="49780" momento="1ºT" tempo="22">Sávio se livra da zaga da Ponte e cruza bola para área, mas ninguém chega para concluir.</narracao>
    <narracao id="49782" momento="1ºT" tempo="24">Escateio para a Ponte. Diego não consegue segurar firme, mas Juan chega para dominar a bola.</narracao>
    <narracao id="49784" momento="1ºT" tempo="25">Sávio tenta colocar Luizão na cara do gol, mas Preto interrompe a jogada.</narracao>
    <narracao id="49788" momento="1ºT" tempo="29">Pressão da Ponte!!! Macaca toca bola na área rubro-negra como quer até Tuto chutar para fora.</narracao>
    <narracao id="49793" momento="1ºT" tempo="32">Carlinhos faz falta em Sávio na linha de fundo. Boa oportunidade para o Mengão!!!</narracao>
    <narracao id="49794" momento="1ºT" tempo="34">Luís Mário puxa contra-ataque, mas erra no último passe e o Fla afasta o perigo.</narracao>
    <video id="49814" momento="1ºT" video="520640"> Veja o vídeo:  35' Renato cabeceia para a bela defesa de Aranha.</video>
    <narracao id="49797" momento="1ºT" tempo="36">Ronaldo Angelim dá chapéu em jogador da Ponte Preta. </narracao>
    <narracao id="49802" momento="1ºT" tempo="40">Árbitro marca impedimento, que não houve, de Luís Mário. </narracao>
    <video id="49821" momento="1ºT" video="520645"> Veja o vídeo:  40' Árbitro vê impedimento que não acnoteceu</video>
    <narracao id="49804" momento="1ºT" tempo="41">Falta da entrada da área. Sávio bate em cima da barreira.</narracao>
    <narracao id="49806" momento="1ºT" tempo="42">Bonita arrancada de Leo Moura, que cruza na área para a conclusão prensada de Sávio. A bola espirra na zaga da Ponte e vai para fora.</narracao>
    <narracao id="49809" momento="1ºT" tempo="44">QUASE O MENGÃO CHEGA LÁ!!!! Zaga da Ponte chuta bola em cima de Luizão, mas Aranha se antecipa e evita finalização de Luizão.</narracao>
    <video id="49822" momento="1ºT" video="520647"> Veja o vídeo:  44' Bate-rebate na área da Ponte e quase que o Luizão abre o placar</video>
    <narracao id="49810" momento="1ºT" tempo="46">Fim de primeiro tempo!!!</narracao>
    <momento id="49815" momento="I">Show do intervalo</momento>
    <narracao id="49820" momento="I" tempo="0">Flamengo e Ponte Preta não conseguem acertar o último passe. E falta criatividade ao meio-de-campo dos dois times. Tanto Luizão quanto o atacante Luís Mário não tiveram chances claras de gol. As melhores chances do Rubro-Negro saíram dos pés de Leo Moura. Enquanto a Macaca joga na base do contra-ataque. Ora com Almir, ora com Luís Mário.</narracao>
    <momento id="49823" momento="2ºT">Segundo tempo</momento>
    <narracao id="49827" momento="2ºT" tempo="0">Tudo pronto para começar o jogão.</narracao>
    <narracao id="49828" momento="2ºT" tempo="0">Ponte vai dar a saída de bola</narracao>
    <narracao id="49829" momento="2ºT" tempo="0">Começa o segundo tempo.</narracao>
    <narracao id="49832" momento="2ºT" tempo="1">Torcida grita Obina, Obina, Obina!!!!</narracao>
    <video id="49852" momento="2ºT" video="520655"> Veja o vídeo:  1' Almir chuta por cima do gol</video>
    <cartao id="49836" momento="2ºT" atletaId="12862" tempo="4" ico="/Portal/esportes/temporeal/swf/icos/cartao_amarelo.swf" cor="amarelo">Wellington - Lateral é punido pelo árbitro</cartao>
    <narracao id="49839" momento="2ºT" tempo="4">Luizão cabeceia na pequena área, mas a bola sai prensada e vai para fora.</narracao>
    <video id="49858" momento="2ºT" video="520656"> Veja o vídeo:  4' Luizão desperdiça ótima oportunidade</video>
    <narracao id="49837" momento="2ºT" tempo="5">Toró vem aí!!!</narracao>
    <substituicao id="49906" momento="2ºT" tempo="7" ico="/Portal/esportes/temporeal/swf/icos/substituicao.swf">Flamengo faz substituição: entra Toró, sai Renato Augusto</substituicao>
    <substituicao id="49907" momento="2ºT" tempo="7" ico="/Portal/esportes/temporeal/swf/icos/substituicao.swf">Flamengo faz substituição: entra Obina, sai Ronaldo Angelim</substituicao>
    <narracao id="49849" momento="2ºT" tempo="8">Flamengo ameaça em cobrança de escanteio. </narracao>
    <narracao id="49854" momento="2ºT" tempo="11">Boa chegada do Mengão!!! Obina enche o pé da entrada da área, mas a bola desvia na zaga da Ponte e vai para fora.</narracao>
    <narracao id="49860" momento="2ºT" tempo="15">Bola levantada na área da Ponte, mas Obina cabeceia para o alto e longe do gol.</narracao>
    <narracao id="49862" momento="2ºT" tempo="16">Dez finalizações do Flamengo contra três chutes a gol da Ponte Preta.</narracao>
    <narracao id="49864" momento="2ºT" tempo="17">Vem aí Jean!!!</narracao>
    <narracao id="49866" momento="2ºT" tempo="18">Juan foi quem mais errou passes pelo Fla: oito no total
</narracao>
    <narracao id="49869" momento="2ºT" tempo="18">Luís Mário deu sete passes errados.</narracao>
    <substituicao id="49887" momento="2ºT" tempo="19" ico="/Portal/esportes/temporeal/swf/icos/substituicao.swf">Ponte Preta faz substituição: entra Vélber, sai Luís Mário</substituicao>
    <substituicao id="49888" momento="2ºT" tempo="19" ico="/Portal/esportes/temporeal/swf/icos/substituicao.swf">Ponte Preta faz substituição: entra Jean Carlos, sai Tuto</substituicao>
    <narracao id="49874" momento="2ºT" tempo="21">Boa chegada do Fla com Sávio, que cruzou bola venenosa na area, para a difícil defesa do goleiro Aranha.</narracao>
    <video id="49886" momento="2ºT" video="520664"> Veja o vídeo:  21' Sávio assuta o goleiro da Ponte</video>
    <narracao id="49879" momento="2ºT" tempo="25">Sávio está muito marcado. Mal pega na bola e recebe falta.</narracao>
    <cartao id="49880" momento="2ºT" atletaId="5154" tempo="26" ico="/Portal/esportes/temporeal/swf/icos/cartao_amarelo.swf" cor="amarelo">Carlinhos - Meio-campo faz falta em Toró e é punido pelo árbitro.</cartao>
    <narracao id="49882" momento="2ºT" tempo="26">Renato bate falta longe do gol. A bola sobe muito e não assusta o goleiro Aranha.</narracao>
    <video id="49912" momento="2ºT" video="520667"> Veja o vídeo:  28' Leonardo Moura arrisca de fora da área.

</video>
    <substituicao id="49889" momento="2ºT" tempo="29" ico="/Portal/esportes/temporeal/swf/icos/substituicao.swf">Ponte Preta faz substituição: entra Iran, sai Almir</substituicao>
    <narracao id="49895" momento="2ºT" tempo="32">Árbitro marca impedimento do atacante Vélber.</narracao>
    <narracao id="49896" momento="2ºT" tempo="34">PRA CIMA DELES MENGÃO!!! Fabiano Oliveira vem aí</narracao>
    <narracao id="49898" momento="2ºT" tempo="35">Boa oportunidade para a Ponte em falta na linha de fundo.</narracao>
    <narracao id="49900" momento="2ºT" tempo="36">Wellington está caido em campo.</narracao>
    <substituicao id="49908" momento="2ºT" tempo="38" ico="/Portal/esportes/temporeal/swf/icos/substituicao.swf">Flamengo faz substituição: entra Fabiano Oliveira, sai Paulinho</substituicao>
    <narracao id="49905" momento="2ºT" tempo="39">Ponte está recuada e joga no contra-ataque.</narracao>
    <narracao id="49915" momento="2ºT" tempo="43">Flamengo erra muitos passes. Agora, com Toró.</narracao>
    <narracao id="49918" momento="2ºT" tempo="44">Árbitro dá três minutos de acréscimo.</narracao>
    <narracao id="49920" momento="2ºT" tempo="45">Quase a Ponte marca. Diego faz bela defesa.</narracao>
    <narracao id="49922" momento="2ºT" tempo="46">Falta a favor do Fla na linha de fundo.</narracao>
    <narracao id="49925" momento="2ºT" tempo="46">Zaga da Macaca afasta o perigo.</narracao>
    <narracao id="49926" momento="2ºT" tempo="46">Ponte pede pênalti em confusão na área rubro-negra.</narracao>
    <narracao id="49927" momento="2ºT" tempo="48">Fim de jogo!!!</narracao>
    <momento id="49928" momento="E">Final de jogo</momento>
  </lances>
</lancealance>
