<?xml version="1.0" encoding="UTF-8"?>
<lancealance cobertura="1157" leitura="0">
  <placar>
    <equipe id="001" url="" nome="Alemanha" escudo="/FlashShow/0,,9440,00.swf" resultado="3" abreviacao="ALE"/>
    <equipe id="002" url="" nome="Portugal" escudo="/FlashShow/0,,9464,00.swf" resultado="1" abreviacao="POR"/>
  </placar>
  <lances>
    <momento id="42929" momento="PJ">Pré-jogo</momento>
    <narracao id="42930" momento="PJ" tempo="0">Alemanha e Portugal se enfrentam, daqui a pouco, na disputa do terceiro lugar da Copa do Mundo 2006. O jogo, que acontece no estádio Gottlieb-Daimler, em Stuttgart, será arbitrado pelo japonês Toru Kamikawa, auxiliado por Yoshikazu Hiroshima e Dae Young Kim, ambos também do Japão.</narracao>
    <video id="42938" momento="PJ" video="499581"> Veja o vídeo:  0' Confira a campanha alemã nesta Copa do Mundo!</video>
    <video id="42939" momento="PJ" video="499583"> Veja o vídeo:  0' Confira a campanha portuguesa nesta Copa do Mundo! </video>
    <video id="42940" momento="PJ" video="499584"> Veja o vídeo:  0' Fique de olho na chegada da seleção da Alemanha ao estádio Gottlieb-Daimler!</video>
    <video id="42941" momento="PJ" video="499590"> Veja o vídeo:  0' Não perca também a chegada da delegação de Portugal!</video>
    <video id="42943" momento="PJ" video="499592"> Veja o vídeo:  0' Confira as escalações de Alemanha e Portugal!</video>
    <narracao id="42931" momento="PJ" tempo="0">As duas equipes tentam se despedir do Mundial com vitória e a honrosa terceira colocação garantida. Ambas as seleções também têm dúvidas em suas escalações para o jogo de hoje. Na Alemanha, o artilheiro Klose, com dores na panturrilha direita, pode ceder o lugar a Oliver Neuville. Já na seleção portuguesa, o craque Figo, com cansaço muscular, pode ser substituído por Petit ou Tiago. O atacante Pauleta também pode dar lugar a Postiga.</narracao>
    <narracao id="42945" momento="PJ" tempo="0">Além das dúvidas, as duas equipes também terão desfalques consideráveis no jogo de hoje. Na Alemanha, o capitão Ballack, com dores no joelho esquerdo, está vetado. Hitzlsperger deve ser o substituto. Em Portugal, o bom lateral-direito Miguel também está fora, devido a um estiramento na coxa. Paulo Ferreira deve jogar na direita.</narracao>
    <narracao id="42946" momento="PJ" tempo="0">A Alemanha, que começou a Copa desacreditada, conquistou a torcida e a imprensa do país devido à garra e às boas exibições durante o Mundial. Portanto, o time deve ter uma grande torcida a favor em Stuttgart. O técnico Klinsmann, muito criticado antes da competição, se transformou em herói nacional. Se conseguir levar a Alemanha ao terceiro lugar, o treinador cairá definitivamente nas graças do torcedor germânico. Para isso, Klinsmann conta com a volta do polêmico goleiro Oliver Kahn para o jogo de hoje. Lehmann, o titular do gol alemão, resolveu ceder sua vaga ao rival na despedida dos anfitriões da Copa.</narracao>
    <narracao id="42947" momento="PJ" tempo="0">Em Portugal, o técnico brasileiro Luiz Felipe Scolari tenta o feito de levar os lusos ao terceiro lugar de uma Copa, pela segunda vez em sua história. A primeira foi no Mundial de 1966, na Inglaterra, sob o comando do também brasileiro Otto Glória. Felipão, inclusive, tem ótima recordação de um duelo com os alemães. Treinando o Brasil na Copa de 2002, o técnico foi campeão mundial com uma vitória por 2 a 0 sobre a Alemanha na decisão. Hoje, com o habilidoso Cristiano Ronaldo confirmado no ataque, Felipão tentará a vitória para conseguir aumentar seu prestígio, que já é grande, junto à torcida e à imprensa portuguesa.</narracao>
    <narracao id="42948" momento="PJ" tempo="0">As duas seleções têm tradição no futebol. Porém, o currículo alemão é muito mais vasto do que o lusitano. Os germânicos são tricampeões mundiais: 1954, 1974 e 1990. Já os portugueses, apesar de serem respeitados no cenário do futebol internacional, nunca chegaram a uma decisão de Copa.</narracao>
    <narracao id="42949" momento="PJ" tempo="0">Despedida com vitória. É tudo o que os treinadores Klinsmann e Felipão querem. Que vença o melhor!!!</narracao>
    <narracao id="42950" momento="PJ" tempo="0">CONFIRMADO!!! Klose e Pauleta jogam!</narracao>
    <narracao id="42951" momento="PJ" tempo="0">CURIOSIDADE: Nunca uma decisão de terceiro lugar de Copa deixou de ter gols! As redes sempre balançaram!</narracao>
    <narracao id="42952" momento="PJ" tempo="0">O tempo é bom em Stuttgart! Os termômetros marcam 23 graus! O público também é bom para o duelo Alemanha x Portugal!</narracao>
    <narracao id="42953" momento="PJ" tempo="0">ALEGRIA!!! A torcida alemã canta em Stuttgart!</narracao>
    <narracao id="42954" momento="PJ" tempo="0">Ó PÁ!!! A torcida portuguesa também marca presença no estádio Gottlieb-Daimler!</narracao>
    <narracao id="42955" momento="PJ" tempo="0">Joseph Blatter, presidente da Fifa, e os ex-craques Eusébio, de Portugal, e Platini, da França, estão presentes no estádio!</narracao>
    <narracao id="42956" momento="PJ" tempo="0">As seleções se preparam para a entrada no gramado!</narracao>
    <narracao id="42957" momento="PJ" tempo="0">ENTRAM EM CAMPO!!! As equipes estão perfiladas e com as bandeiras à frente!</narracao>
    <narracao id="42958" momento="PJ" tempo="0">Os alemães estão vestidos com a tradicional camisa branca e calções negros! Os portugueses estão com camisas e calções da cor vinho!</narracao>
    <narracao id="42959" momento="PJ" tempo="0">OS PATRÍCIOS!!! Hino português é executado! </narracao>
    <narracao id="42960" momento="PJ" tempo="0">OS ANFITRIÕES!!! O hino alemão ecoa em Stuttgart!</narracao>
    <narracao id="42961" momento="PJ" tempo="0">O ex-craque alemão Franz Beckenbauer também está presente no estádio!</narracao>
    <narracao id="42962" momento="PJ" tempo="0">Os jogadores se cumprimentam! Os técnicos Klinsmann e Felipão também! Os capitães Kahn e Pauleta se confraternizam! Vai começar o jogo!!! </narracao>
    <video id="42968" momento="PJ" video="499611"> Veja o vídeo:  0' Confira a história das disputas de terceiro lugar em Copas!</video>
    <video id="42976" momento="PJ" video="499612"> Veja o vídeo:  0' Fique de olho nos hinos de Alemanha e Portugal!</video>
    <momento id="42963" momento="1ºT">Primeiro tempo</momento>
    <narracao id="42964" momento="1ºT" tempo="0">COMEÇA O JOGO!!! ALEMANHA x PORTUGAL!!!</narracao>
    <narracao id="42965" momento="1ºT" tempo="0">A saída de bola é portuguesa!</narracao>
    <narracao id="42966" momento="1ºT" tempo="0">JÁ??? Schweinsteiger em Cristiano Ronaldo! É a primeira falta do jogo!</narracao>
    <video id="42977" momento="1ºT" video="499613"> Veja o vídeo:  0' Começa o jogo!</video>
    <narracao id="42967" momento="1ºT" tempo="1">Os portugueses vão tocando a bola!</narracao>
    <narracao id="42969" momento="1ºT" tempo="3">Schneider, da direita, vai levantar a bola na área portuguesa! Chance para os alemães!!!</narracao>
    <narracao id="42971" momento="1ºT" tempo="4">Lance Perigoso - UHHH!!! Schneider cruza, Metzelder ajeita a bola de cabeça e Kehl, livre, chuta bem! A bola bate no braço de Fernando Meira e sai, rente à trave esquerda de Ricardo! Alemães pedem pênalti! O juiz não marca!</narracao>
    <video id="42981" momento="1ºT" video="499617"> Veja o vídeo:  4' QUASE!!! Kehl chuta bem e assusta Ricardo!</video>
    <narracao id="42972" momento="1ºT" tempo="5">A zaga lusa afasta o perigo!</narracao>
    <cartao id="42973" momento="1ºT" atletaId="7344" tempo="6" ico="/Portal/esportes/temporeal/swf/icos/cartao_amarelo.swf" cor="amarelo">Torsten Frings - SUJOU!!! Frings faz falta dura em Deco! O alemão recebe o cartão amarelo!</cartao>
    <narracao id="42974" momento="1ºT" tempo="8">Lance Perigoso - QUASE!!! Klose arrisca o chute da entrada da área! A bola sai, com perigo, à direita do gol português!</narracao>
    <video id="42984" momento="1ºT" video="499620"> Veja o vídeo:  8' PARA FORA!!! Klose arrisca o chute!</video>
    <narracao id="42975" momento="1ºT" tempo="9">MAL!!! Frings chuta, fraco, sem perigo para o goleiro Ricardo, que observa a bola saindo à sua esquerda!</narracao>
    <narracao id="42978" momento="1ºT" tempo="11">Portugal vai tocando a bola na entrada da área alemã!</narracao>
    <narracao id="42979" momento="1ºT" tempo="12">ESCANTEIO! Nowotny desarma Simão!</narracao>
    <narracao id="42980" momento="1ºT" tempo="13">Defesa - É MINHA!!! Kahn sai do gol e faz a defesa!</narracao>
    <video id="42985" momento="1ºT" video="499625"> Veja o vídeo:  13' PEGUEI!!! Kahn sai do gol e faz defesa segura!</video>
    <narracao id="42982" momento="1ºT" tempo="14">Defesa - PERDEU!!! Pauleta recebe passe de Deco e, livre, entra na área! O atacante luso chuta rasteiro, e Kahn faz bela defesa, espalmando a bola!!! </narracao>
    <video id="42988" momento="1ºT" video="499628"> Veja o vídeo:  14' MILAGRE!!! Kahn faz defesa excelente, em chute de Pauleta! </video>
    <narracao id="42983" momento="1ºT" tempo="16">Os portugueses começam a pressionar!</narracao>
    <video id="42992" momento="1ºT" video="499632"> Veja o vídeo:  18' PERIGO!!! Deco chuta e a bola explode na zaga germânica!</video>
    <narracao id="42986" momento="1ºT" tempo="19">Os alemães têm dificuldades para tocar a bola no meio-campo!</narracao>
    <narracao id="42987" momento="1ºT" tempo="19">Defesa - UHHH!!! Kehl faz boa finta em Maniche, na entrada da área, e chuta por cobertura! Ricardo se estica e faz ótima defesa, espalmando a bola!</narracao>
    <video id="42994" momento="1ºT" video="499633"> Veja o vídeo:  19' QUASE!!! Kehl faz boa jogada e chuta! Ricardo se estica e faz ótima defesa!</video>
    <narracao id="42989" momento="1ºT" tempo="22">Lance Perigoso - SUSTO!!! Schweinsteiger levanta a bola na área portuguesa! Ela desvia em Metzelder e sai à esquerda, assustando Ricardo! </narracao>
    <video id="43000" momento="1ºT" video="499635"> Veja o vídeo:  22' FORA!!! Schweinsteiger arrisca o chute!</video>
    <cartao id="42990" momento="1ºT" atletaId="7151" tempo="23" ico="/Portal/esportes/temporeal/swf/icos/cartao_amarelo.swf" cor="amarelo">Ricardo Costa - AMARELOU!!! Por fazer falta em Klose, o zagueiro Ricardo Costa recebe o cartão!</cartao>
    <narracao id="42991" momento="1ºT" tempo="24">Defesa - BOA!!! Podolski solta a bomba, em cobrança de falta! A bola passa pela barreira e Ricardo a espalma, fazendo ótima defesa!</narracao>
    <video id="43003" momento="1ºT" video="499636"> Veja o vídeo:  24' UHHH!!! Podolski chuta, Ricardo defende!</video>
    <narracao id="42993" momento="1ºT" tempo="26">A Alemanha aperta os portugueses, com jogadas de bola aérea!</narracao>
    <narracao id="42995" momento="1ºT" tempo="28">Lance Feio - NAS NUVENS!!! Schneider arrisca um chute de fora da área! A bola sobe demais, sem sustos para Ricardo!</narracao>
    <video id="43008" momento="1ºT" video="499639"> Veja o vídeo:  29' MAL!!! Schneider chuta! A bola sobe demais!</video>
    <narracao id="42996" momento="1ºT" tempo="30">Lance Perigoso - QUASE!!! Deco recebe a bola na área alemã! O meia luso-brasileiro gira e chuta! A bola sai pelo alto, à esquerda do gol de Kahn!</narracao>
    <video id="43005" momento="1ºT" video="499638"> Veja o vídeo:  30' POR CIMA!!! Deco assusta o goleiro Kahn!</video>
    <cartao id="42997" momento="1ºT" atletaId="7" tempo="32" ico="/Portal/esportes/temporeal/swf/icos/cartao_amarelo.swf" cor="amarelo">Costinha - Perigo para Portugal! Costinha puxa Kehl na entrada da área lusa! O meia português recebe o amarelo! Schneider ajeita a bola!</cartao>
    <narracao id="42998" momento="1ºT" tempo="33">NO ALTO!!! Frings cobra a falta! A bola sobe demais! Tiro de meta para Portugal!</narracao>
    <video id="43009" momento="1ºT" video="499643"> Veja o vídeo:  33' NO ALTO!!! Frings chuta, e a bola sobe demais! Sem sustos para Ricardo!</video>
    <narracao id="42999" momento="1ºT" tempo="34">CHUTES A GOL: 7 da Alemanha, 3 de Portugal.</narracao>
    <narracao id="43001" momento="1ºT" tempo="35">ESCANTEIOS: 2 para a Alemanha, 2 para Portugal.</narracao>
    <narracao id="43002" momento="1ºT" tempo="35">Lance Perigoso - QUASE!!! Deco cobra escanteio da esquerda! A bola passa por toda a área alemã, e Costinha quase marca de peixinho!</narracao>
    <narracao id="43004" momento="1ºT" tempo="37">Defesa - SEGURO!!! Simão cruza da direita! Kahn faz a defesa, sem dar rebote!</narracao>
    <narracao id="43006" momento="1ºT" tempo="38">QUE FALTA DE HUMOR!!! Felipão reclama muito, a cada erro dos jogadores de Portugal!</narracao>
    <narracao id="43007" momento="1ºT" tempo="39">POSSE DE BOLA: 43% para a Alemanha, 57% para Portugal.</narracao>
    <narracao id="43011" momento="1ºT" tempo="41">O jogo é equilibrado!</narracao>
    <narracao id="43010" momento="1ºT" tempo="42">TRAVADO!!! Frings arrisca o chute da entrada da área, e a bola bate em Ricardo Costa!</narracao>
    <narracao id="43012" momento="1ºT" tempo="44">Polêmica - LEVANTA LOGO!!! Cristiano Ronaldo dribla três alemães e cai na entrada da área! O juiz japonês manda o luso se levantar! O jogo segue!</narracao>
    <narracao id="43013" momento="1ºT" tempo="45">Lance Feio - ISOLOU!!! Maniche arrisca o chute da entrada da área! A bola vai longe do gol de Kahn!</narracao>
    <narracao id="43014" momento="1ºT" tempo="45">+1 É o acréscimo do primeiro tempo!</narracao>
    <video id="43021" momento="1ºT" video="499651"> Veja o vídeo:  45' POR CIMA!!! Maniche arrisca o chute e isola a bola!</video>
    <narracao id="43015" momento="1ºT" tempo="46">ACABA O PRIMEIRO TEMPO!!! 0 a 0!!!</narracao>
    <momento id="43016" momento="I">Show do intervalo</momento>
    <narracao id="43017" momento="I" tempo="0">Em um primeiro tempo equilibrado, os goleiros se sobressaíram. Ricardo e Oliver Kahn fizeram boas defesas e evitaram que o placar saísse do 0 a 0. Os alemães são perigosos nas bolas aéreas, e os lusitanos trocam bons passes na entrada da área germânica. Mas nenhum dos dois times conseguiu vencer o goleiro rival. O segundo tempo promete emoções fortes, pois as duas seleções estão buscando o ataque. </narracao>
    <video id="43020" momento="I" video="499652"> Veja o vídeo:  0' Confira os melhores momentos do primeiro tempo!</video>
    <narracao id="43022" momento="I" tempo="0">As seleções vão voltando para o segundo tempo! Klinsmann e Felipão conversam e se confraternizam! Vai começar a etapa final!!!</narracao>
    <video id="43047" momento="I" video="499686"> Veja o vídeo:  0' BONITO!!! Klinsmann e Felipão se confraternizam!</video>
    <momento id="43023" momento="2ºT">Segundo tempo</momento>
    <narracao id="43025" momento="2ºT" tempo="0">COMEÇA O SEGUNDO TEMPO!!!</narracao>
    <narracao id="43026" momento="2ºT" tempo="0">A saída de bola é alemã!!!</narracao>
    <video id="43032" momento="2ºT" video="499666"> Veja o vídeo:  0' Começa a segunda etapa!</video>
    <substituicao id="43054" momento="2ºT" tempo="0" ico="/Portal/esportes/temporeal/swf/icos/substituicao.swf">Portugal faz substituição: entra Petit, sai Costinha</substituicao>
    <narracao id="43027" momento="2ºT" tempo="1">Os germânicos começam o segundo tempo pressionando os portugueses!</narracao>
    <narracao id="43028" momento="2ºT" tempo="3">Defesa - É MINHA!!! Kehl faz boa jogada e toca para Jansen! O lateral cruza rasteiro, da esquerda, e Ricardo sai do gol para fazer boa defesa!</narracao>
    <narracao id="43029" momento="2ºT" tempo="4">PERIGO!!! Schweinsteiger faz falta em Maniche, na entrada da área! Simão ajeita a bola para a cobrança!</narracao>
    <narracao id="43030" momento="2ºT" tempo="5">Lance Perigoso - NO ALTO!!! Simão cobra a falta! A bola sobe demais e passa por cima do travessão de Kahn!</narracao>
    <video id="43040" momento="2ºT" video="499670"> Veja o vídeo:  5' POR CIMA!!! Simão cobra falta para fora!</video>
    <narracao id="43031" momento="2ºT" tempo="7">Defesa - PERDEU!!! Pauleta, dentro da área, faz boa jogada em cima de Metzelder e chuta! Só que a bola vai fraca, até as mãos de Kahn! Portugal perde boa chance!</narracao>
    <video id="43041" momento="2ºT" video="499673"> Veja o vídeo:  7' PERDEU!!! Pauleta desperdiça boa chance para Portugal!</video>
    <narracao id="43033" momento="2ºT" tempo="9">QUE ATOR!!! Cristiano Ronaldo tenta cavar faltas e irrita a torcida alemã!</narracao>
    <gol id="43034" momento="2ºT" atletaId="8115" tempo="11" escudo="/FlashShow/0,,9440,00.swf" contra="0"> GOL DE BASTIAN SCHWEINSTEIGER  GOOOOL!!! É DA ALEMANHA!!! Schweinsteiger marca um golaço!!! Kehl toca para o apoiador, que corta da esquerda para o meio e, da entrada da área, solta a bomba! A bola faz uma curva, engana Ricardo e entra com força no meio gol português! Belo gol de Schweinsteiger!!! Alemanha faz 1 a 0!!!  </gol>
    <video id="43034v" momento="2ºT" video="499674"> Veja o vídeo: Gol de Bastian Schweinsteiger.  11' GOOOOL!!! É DA ALEMANHA!!! Schweinsteiger marca um golaço!!! Kehl toca para o apoiador, que corta da esquerda para o meio e, da entrada da área, solta a bomba! A bola faz uma curva, engana Ricardo e entra com força no meio gol português! Belo gol de Schweinsteiger!!! Alemanha faz 1 a 0!!!  </video>
    <narracao id="43035" momento="2ºT" tempo="14">Lance Bonito - BELO LANCE!!! Klose cruza da esquerda e a bola sobra para Lahm, que arrisca o chute de primeira! A bola assusta Ricardo, mas vai pela linha de fundo!</narracao>
    <video id="43042" momento="2ºT" video="499679"> Veja o vídeo:  14' LEGAL!!! Lahm tenta um belo chute de primeira!</video>
    <cartao id="43038" momento="2ºT" atletaId="5" tempo="15" ico="/Portal/esportes/temporeal/swf/icos/cartao_amarelo.swf" cor="amarelo">Paulo Ferreira - SUJOU!!! Por segurar Podolski, o lateral Paulo Ferreira recebe o amarelo!</cartao>
    <gol id="43036" momento="2ºT" atletaId="8353" tempo="15" escudo="/FlashShow/0,,9440,00.swf" contra="1"> GOL CONTRA DE PETIT  GOOOOL!!! É DA ALEMANHA!!! Petit marca contra!!! Schweinsteiger cruza da esquerda! A bola desvia em Petit e engana Ricardo, que não consegue evitar o gol!!! Alemanha faz 2 a 0!!!</gol>
    <video id="43036v" momento="2ºT" video="499682"> Veja o vídeo: Gol contra de Petit.  15' GOOOOL!!! É DA ALEMANHA!!! Petit marca contra!!! Schweinsteiger cruza da esquerda! A bola desvia em Petit e engana Ricardo, que não consegue evitar o gol!!! Alemanha faz 2 a 0!!!</video>
    <narracao id="43037" momento="2ºT" tempo="17">Defesa - BOA!!! Deco arrisca o chute e Kahn, no canto esquerdo, espalma a bola, fazendo bela defesa!</narracao>
    <substituicao id="43059" momento="2ºT" tempo="19" ico="/Portal/esportes/temporeal/swf/icos/substituicao.swf">Alemanha faz substituição: entra Neuville, sai Klose</substituicao>
    <narracao id="43043" momento="2ºT" tempo="21">Os lusos tentam diminuir o placar!</narracao>
    <narracao id="43046" momento="2ºT" tempo="23">Os alemães se encolhem na defesa e exploram os contra-ataques!</narracao>
    <substituicao id="43055" momento="2ºT" tempo="24" ico="/Portal/esportes/temporeal/swf/icos/substituicao.swf">Portugal faz substituição: entra Nuno Gomes, sai Nuno Valente</substituicao>
    <substituicao id="43060" momento="2ºT" tempo="25" ico="/Portal/esportes/temporeal/swf/icos/substituicao.swf">Alemanha faz substituição: entra Hanke, sai Podolski</substituicao>
    <narracao id="43050" momento="2ºT" tempo="26">POSSE DE BOLA: 42% para a Alemanha, 58% para Portugal.</narracao>
    <narracao id="43051" momento="2ºT" tempo="27">Defesa - PEGUEI!!! Cristiano Ronaldo cruza da esquerda, e Kahn sai do gol para fazer defesa segura!</narracao>
    <narracao id="43052" momento="2ºT" tempo="28">HEPTACAMPEÃO PRESTIGIA!!! O alemão Michael Schumacher, piloto mais vencedor da história da Fórmula-1, está acompanhando o jogo em Stuttgart!</narracao>
    <narracao id="43053" momento="2ºT" tempo="30">Figo se aquece para entrar no jogo!</narracao>
    <substituicao id="43056" momento="2ºT" tempo="31" ico="/Portal/esportes/temporeal/swf/icos/substituicao.swf">Portugal faz substituição: entra Figo, sai Pauleta</substituicao>
    <narracao id="43062" momento="2ºT" tempo="31">Defesa - KAHN SALVADOR!!! Portugal faz boa tabela na entrada da área alemã! Cristiano Ronaldo chuta forte, e Kahn espalma, fazendo ótima defesa!</narracao>
    <video id="43065" momento="2ºT" video="499700"> Veja o vídeo:  31' É DA DEFESA!!! Maniche arrisca o chute! A zaga alemã afasta o perigo!</video>
    <gol id="43057" momento="2ºT" atletaId="8115" tempo="32" escudo="/FlashShow/0,,9440,00.swf" contra="0"> GOL DE BASTIAN SCHWEINSTEIGER  GOOOOL!!! É DA ALEMANHA!!! Schweinsteiger marca outro golaço!!! O alemão corta da esquerda para o meio, e solta a bomba da entrada da área! A bola entra no ângulo esquerdo de Ricardo, que nada pôde fazer!!! 3 a 0 para os donos da casa!!!</gol>
    <video id="43069" momento="2ºT" video="499701"> Veja o vídeo:  32' GOOOL!!! Schweinsteiger marca o terceiro gol alemão!!!</video>
    <cartao id="43058" momento="2ºT" atletaId="8115" tempo="33" ico="/Portal/esportes/temporeal/swf/icos/cartao_amarelo.swf" cor="amarelo">Bastian Schweinsteiger - AMARELO!!! Na comemoração do gol, Schweinsteiger recebe o cartão!</cartao>
    <substituicao id="43061" momento="2ºT" tempo="33" ico="/Portal/esportes/temporeal/swf/icos/substituicao.swf">Alemanha faz substituição: entra Hitzlsperger , sai Schweinsteiger</substituicao>
    <narracao id="43064" momento="2ºT" tempo="35">Portugal pressiona os alemães!</narracao>
    <video id="43071" momento="2ºT" video="499703"> Veja o vídeo:  36' QUE SUSTO!!! Metzelder quase marca contra!</video>
    <narracao id="43063" momento="2ºT" tempo="37">Defesa - QUE BOMBA!!! Cristiano Ronaldo enche o pé, e Kahn espalma novamente, fazendo grande defesa! </narracao>
    <video id="43076" momento="2ºT" video="499704"> Veja o vídeo:  37' SANTO KAHN!!! Goleiro alemão faz excelente defesa, em chute de Cristiano Ronaldo! </video>
    <narracao id="43066" momento="2ºT" tempo="39">Lance Perigoso - NO ALTO!!! Hitzlsperger faz boa jogada e cruza da esquerda! Neuville tenta o chute de primeira! A bola sobe demais!</narracao>
    <narracao id="43068" momento="2ºT" tempo="41">A Alemanha explora os contra-ataques!</narracao>
    <gol id="43067" momento="2ºT" atletaId="7726" tempo="42" escudo="/FlashShow/0,,9464,00.swf" contra="0"> GOL DE NUNO GOMES  GOOOOL!!! É DE PORTUGAL!!! Nuno Gomes marca!!! Figo cruza da direita, a bola passa por toda a zaga alemã e sobra para Nuno Gomes que, de peixinho, diminui o placar para os lusos!!! 3 a 1 para a Alemanha!!!</gol>
    <video id="43067v" momento="2ºT" video="499706"> Veja o vídeo: Gol de Nuno Gomes.  42' GOOOOL!!! É DE PORTUGAL!!! Nuno Gomes marca!!! Figo cruza da direita, a bola passa por toda a zaga alemã e sobra para Nuno Gomes que, de peixinho, diminui o placar para os lusos!!! 3 a 1 para a Alemanha!!!</video>
    <narracao id="43070" momento="2ºT" tempo="44">Lance Feio - MAL!!! Figo erra o passe na área alemã!</narracao>
    <narracao id="43072" momento="2ºT" tempo="45">+2 É o acréscimo do jogo!!!</narracao>
    <narracao id="43073" momento="2ºT" tempo="46">Vai acabar o jogo!!!</narracao>
    <narracao id="43074" momento="2ºT" tempo="47">TERMINA O JOGO!!! ALEMANHA 3 x 1 PORTUGAL!!!</narracao>
    <narracao id="43075" momento="2ºT" tempo="47">A Alemanha faz a festa da torcida, e termina como terceira colocada da Copa do Mundo!!!</narracao>
    <momento id="43077" momento="E">Final de jogo</momento>
    <narracao id="43078" momento="E" tempo="0">A Alemanha aproveitou as oportunidades que teve na segunda etapa e acabou marcando três gols, vencendo o jogo e garantindo a justa terceira colocação! </narracao>
    <narracao id="43079" momento="E" tempo="0">PREMIAÇÃO EM CAMPO!!! Alguns árbitros vão sendo premiados pela Fifa! A seleção alemã também será premiada por ter acabado a Copa em terceiro lugar!   </narracao>
    <narracao id="43080" momento="E" tempo="0">A RECOMPENSA!!! Membros da seleção alemã recebem as medalhas de bronze das mãos de ex-jogadores e dirigentes da Fifa, no gramado!!!</narracao>
    <narracao id="43081" momento="E" tempo="0">FESTA!!! Jogadores alemães se juntam e comemoram a terceira colocação do Mundial! Vários fogos explodem no céu, e a torcida faz a festa!</narracao>
    <narracao id="43082" momento="E" tempo="0">Os alemães estão de parabéns! E amanhã... que venha a final da Copa!!! Itália x França!!!</narracao>
  </lances>
</lancealance>
