<?xml version="1.0" encoding="UTF-8"?>
<lancealance cobertura="1124" leitura="0">
  <placar>
    <equipe id="001" url="" nome="Espanha" escudo="/FlashShow/0,,9452,00.swf" resultado="3" abreviacao="ESP"/>
    <equipe id="002" url="" nome="Tunísia" escudo="/FlashShow/0,,9471,00.swf" resultado="1" abreviacao="TUN"/>
  </placar>
  <lances>
    <narracao id="38732" momento="PJ" tempo="0">Espanha e Tunísia se enfrentam às 16h (de Brasília).</narracao>
    <momento id="38733" momento="PJ">Pré-jogo</momento>
    <narracao id="38734" momento="PJ" tempo="0">Neste ano, a Tunísia disputou 10 partidas oficiais, com 5 vitórias (1x0 Líbia; 2x0 Gana; 4x1 Zâmbia; 2x0 África do Sul; 3x0 Bielorússia), 3 empates (1x1 Nigéria; 0x0 Uruguai; 2x2 Arábia Saudita) e duas derrotas (0x3 Guinea; 0x1 Sérvia e Montenegro), com 15 gols a favor e 8 contra.</narracao>
    <narracao id="38735" momento="PJ" tempo="0">Disputando seu 4º Mundial, a Tunísia fez boa campanha apenas em sua primeira Copa. Na sua estréia em 1978 na Argentina, a Tunísia foi a sensação da competição. A equipe venceu uma partida (3x1 México), empatou uma (0x0 Alemanha, na época atual campeã mundial) e perdeu uma vez (0x1 Polônia, na época 3º colocada da Copa de 74 e campeã olímpica). Já no 2º Mundial em 1998, a Tunísia perdeu duas partidas e empatou uma (0x2 Inglaterra; 0x1 Colômbia e 1x1 Romênia). No último Mundial, em 2002, a Tunísia novamente perdeu duas partidas (0x2 Japão; 0x2 Rússia) e empatou uma (1x1 Bélgica), terminando na 22ª colocação.</narracao>
    <narracao id="38736" momento="PJ" tempo="0">Diferentemente de 2002, quando era considera a mais fraca das 5 seleções africanas que disputavam a Copa, a Tunísia este ano talvez esteja abaixo apenas da Costa do Marfim. Gana, Togo e Angola estão no mesmo nível ou até inferiores aos tunisianos.</narracao>
    <narracao id="38737" momento="PJ" tempo="0">Primeira seleção africana a vencer uma partida na história das Copas do Mundo (3x1 México, dia 02/06/78, Rosário, Argentina), a Tunísia já não chega tão fraca à Copa do Mundo como em Mundiais anteriores.</narracao>
    <narracao id="38738" momento="PJ" tempo="0">A Espanha está invicta há 2 anos (ou 23 partidas oficiais). Nesses 23 jogos disputados, a Fúria obteve 15 vitórias e 8 empates, com 48 gols a favor e apenas 12 contra. A última derrota sofrida pelos espanhóis aconteceu na Eurocopa 2004, diante de Portugal (0x1, dia 20/06/2004, em Lisboa).</narracao>
    <narracao id="38739" momento="PJ" tempo="0">Depois desta última derrota, a Espanha atuou mais 8 vezes em Mundiais, com 5 vitórias e três derrotas. Na Copa de 2002, a Fúria foi eliminada nos pênaltis pela Coréia do Sul, depois do empate de 0x0 (4ª de finais).
</narracao>
    <narracao id="38740" momento="PJ" tempo="0">Das 32 seleções que estão disputando a Copa de 2006, a Espanha é a que está há mais tempo sem perder em Mundiais. A última derrota espanhola em Copas do Mundo aconteceu no dia 13/06/98: 2x3 Nigéria, 1ª rodada da Copa de 98, Nantes.</narracao>
    <narracao id="38741" momento="PJ" tempo="0">Classificada para a disputa de seu 12º Mundial, esta é a 8º Copa consecutiva com a presença espanhola. Desde a Copa da Argentina em 78, a Espanha vem disputando todos os Mundiais. O último Mundial que não contou com a presença espanhola foi em 74 na Alemanha Ocidental. </narracao>
    <momento id="38742" momento="1ºT">Primeiro tempo</momento>
    <narracao id="38743" momento="1ºT" tempo="1">ROLA A BOLA EM STUTTGART!</narracao>
    <narracao id="38744" momento="1ºT" tempo="1">PRIMEIRO ATAQUE DA FÚRIA! O meia Xavi cobra falta da intermediária de ataque e levanta para a área da Tunísia. O zagueiro Jaidi sobe bem e corta para escanteio...</narracao>
    <video id="38746" momento="1ºT" video="485416"> Veja o vídeo:  1' Perfil de David Villa, da Espanha.</video>
    <video id="38749" momento="1ºT" video="485418"> Veja o vídeo:  1' Os hinos de Espanha e Tunísia.</video>
    <narracao id="38745" momento="1ºT" tempo="2">Lance Perigoso - ...UUUUUH! Após cobrança de escanteio para a área da Tunísia, o meia Luis Garcia aparece bem no primeiro pau e testa. A bola sai por pouco!</narracao>
    <video id="38752" momento="1ºT" video="485425"> Veja o vídeo:  2' Luis Garcia quase marca de cabeça.</video>
    <narracao id="38747" momento="1ºT" tempo="4">PAROU! O atacante Namouchi recebe lançamento longo e domina na área da Espanha. O árbitro pára o lance e marca a posição de impedimento.</narracao>
    <narracao id="38748" momento="1ºT" tempo="5">Lance Perigoso - POR POUCO! Xavi domina no campo de defesa e descola lançamento longo para Luis Garcia. O meia ajeita para chute de David Villa da entrada da área. O atacante chuta forte e a bola sai tirando tinta da trave!</narracao>
    <video id="38753" momento="1ºT" video="485427"> Veja o vídeo:  5' David Villa chuta muito perto do gol.</video>
    <gol id="38750" momento="1ºT" atletaId="12264" tempo="7" escudo="/FlashShow/0,,9471,00.swf" contra="0"> GOL DE MNARI  É GOOOOOOOOOL! Jaziri recebe lançamento longo na ponta direita, invade a área da Espanha, passa por três marcadores e rola para Mnari. O meia chuta e Cassilas solta, no rebote, Mnari manda para o fundo do gol espanhol. TUNÍSIA NA FRENTE!</gol>
    <video id="38750v" momento="1ºT" video="485433"> Veja o vídeo: Gol de Mnari.  7' É GOOOOOOOOOL! Jaziri recebe lançamento longo na ponta direita, invade a área da Espanha, passa por três marcadores e rola para Mnari. O meia chuta e Cassilas solta, no rebote, Mnari manda para o fundo do gol espanhol. TUNÍSIA NA FRENTE!</video>
    <narracao id="38751" momento="1ºT" tempo="9">BOUMNIJEL! David Villa cobra falta do lado esquerdo de ataque e solta a bomba. O bola vai forte e no alta, mas Boumnijel espalma.</narracao>
    <video id="38758" momento="1ºT" video="485436"> Veja o vídeo:  9' Boumnijel faz boa defesa.</video>
    <narracao id="38754" momento="1ºT" tempo="12">Luis Garcia recebe lançamento longo, domina na área da Tunísia e tenta cruzamento. O zagueiro Haggui aparece bem e usa a cabeça para afastar o perigo.</narracao>
    <narracao id="38755" momento="1ºT" tempo="14">FALTA PERIGOSA PARA A ESPANHA! Luis Garcia recebe no lado esquerdo de ataque e é derrubado por Mnari. É chance de cruzamento para a área da Tunísia!</narracao>
    <narracao id="38756" momento="1ºT" tempo="15">POR CIMA! Xavi cobra a falta e cruza para a área. O lateral Sergio Ramos sobe bem, mas testa por cima.</narracao>
    <video id="38760" momento="1ºT" video="485441"> Veja o vídeo:  15' Sergio Ramos testa por cima.</video>
    <narracao id="38757" momento="1ºT" tempo="17">NÃO DOMINOU! Fernando Torres recebe na entrada da área e rola de primeira para Luis Garcia. O meia tenta dominar de cara para o gol, mas não consegue.</narracao>
    <narracao id="38759" momento="1ºT" tempo="21">PARA FORA! Fernando Torres recebe passe longo, invade a área da Tunísia pelo lado direito e chuta. A bola sai à esquerda de Boumnijel.</narracao>
    <video id="38764" momento="1ºT" video="485445"> Veja o vídeo:  21' Fernando Torres chuta para fora.</video>
    <narracao id="38761" momento="1ºT" tempo="24">POSSE DE BOLA: Espanha 60% - Tunísia 40%</narracao>
    <narracao id="38762" momento="1ºT" tempo="25">Xavi cobra escanteio pelo lado direito. Sergio Ramos sobe, desvia de cabeça, e a bola sai à direita de Boumnijel.</narracao>
    <narracao id="38763" momento="1ºT" tempo="25">NADA! David Villa domina na intermediária de ataque e descola enfiada para Fernando Torres na área da Tunísia. O atacante divide com zagueiro e fica pedindo o pênalti. O árbitro Carlos Eugênio Simon não marca nada.</narracao>
    <narracao id="38765" momento="1ºT" tempo="29">OPA! Trabelsi domina na entrada da área da Espanha, tenta passar por Puyol, mas é derrubado. É falta perigosa para a Tunísia!</narracao>
    <cartao id="38766" momento="1ºT" atletaId="8634" tempo="29" ico="/Portal/esportes/temporeal/swf/icos/cartao_amarelo.swf" cor="amarelo">Carles Puyol - Zagueiro Puyol faz falta dura e é punido com o cartão amarelo.</cartao>
    <video id="38772" momento="1ºT" video="485451"> Veja o vídeo:  29' Puyol leva o amarelo.</video>
    <narracao id="38767" momento="1ºT" tempo="30">Ayari cobra a falta no meio do gol e o goleiro Cassilas faz defesa fácil.</narracao>
    <video id="38774" momento="1ºT" video="485452"> Veja o vídeo:  30' Ayari cobra falta em cima de Cassilas.</video>
    <cartao id="38768" momento="1ºT" atletaId="12254" tempo="32" ico="/Portal/esportes/temporeal/swf/icos/cartao_amarelo.swf" cor="amarelo">Ayari - Lateral Ayari faz falta dura e acaba punido com o cartão amarelo.</cartao>
    <narracao id="38769" momento="1ºT" tempo="34">PAROU! Fernando Torres recebe no lado esquerdo de ataque, domina de costas para o gol e é derrubado. É chance de cruzamento para a área da Tunísia!</narracao>
    <narracao id="38770" momento="1ºT" tempo="35">Xavi cobra a falta para a área. Ninguém consegue a conclusão e a bola acaba saindo pela linha de fundo.</narracao>
    <narracao id="38771" momento="1ºT" tempo="37">SAIU BEM! Sergio Ramos apoia pelo lado direito e descola o cruzamento para a área da Tunísia. O goleiro Boumnijel sai bem do gol e recupera.</narracao>
    <cartao id="38773" momento="1ºT" atletaId="10793" tempo="39" ico="/Portal/esportes/temporeal/swf/icos/cartao_amarelo.swf" cor="amarelo">Trabelsi - O lateral Trabelsi comete falta dura e é punido com o cartão amarelo.</cartao>
    <narracao id="38775" momento="1ºT" tempo="41">Trabelsi domina no lado direito de ataque e cruza. O goleiro Casilas sai bem do gol e defende.</narracao>
    <narracao id="38776" momento="1ºT" tempo="42">CHOVE FORTE EM STUTTGART!</narracao>
    <narracao id="38777" momento="1ºT" tempo="43">Lance Perigoso - UUUUUH! Fernando Torres domina na entrada da área e solta a bomba. A bola desvia na zaga e sai por pouco. É escanteio para a Fúria...</narracao>
    <video id="38783" momento="1ºT" video="485462"> Veja o vídeo:  43' Fernando Torres chuta por cima.</video>
    <narracao id="38778" momento="1ºT" tempo="44">Lance Perigoso - ... DE CIMA DA LINHA! Após cobrança de escanteio para a área da Tunísia, o meia Xabi Alonso testa forte e o lateral Ayari salva de cima da linha! QUASE O EMPATE! </narracao>
    <narracao id="38779" momento="1ºT" tempo="45">MAIS DOIS! O árbitro aponta dois minutos de acréscimo no primeiro tempo.</narracao>
    <narracao id="38780" momento="1ºT" tempo="47">TERMINA O PRIMEIRO TEMPO!</narracao>
    <momento id="38781" momento="I">Show do intervalo</momento>
    <narracao id="38782" momento="I" tempo="0">Um primeiro tempo muito bom em Stuttgart. A Espanha domina o jogo, mas a Tunísia leva muito perigo nos contra-ataques. O gol marcado por Mnari aumentou ainda mais a fúria espanhola, mas mesmo atacando muito, o time não conseguiu o empate. A chuva forte que cai sobre o campo só aumenta a emoção da partida. O SEGUNDO TEMPO PROMETE MUITO!</narracao>
    <momento id="38784" momento="2ºT">Segundo tempo</momento>
    <substituicao id="38793" momento="2ºT" tempo="0" ico="/Portal/esportes/temporeal/swf/icos/substituicao.swf">Espanha faz substituição: entra Fábregas, sai Marcos Senna</substituicao>
    <substituicao id="38794" momento="2ºT" tempo="0" ico="/Portal/esportes/temporeal/swf/icos/substituicao.swf">Espanha faz substituição: entra Raúl, sai Luis García</substituicao>
    <narracao id="38788" momento="2ºT" tempo="1">ROLA A BOLA PARA O SEGUNDO TEMPO!</narracao>
    <video id="38800" momento="2ºT" video="485478"> Veja o vídeo:  1' Rola a bola para o segundo tempo.</video>
    <narracao id="38789" momento="2ºT" tempo="3">Lance Perigoso - BOUMNIJEL! David Villa recebe na área da Tunísia e ajeita para chute de Fábregas da meia-lua. O meia pega muito forte, e o goleiro Boumnijel faz grande defesa! </narracao>
    <video id="38797" momento="2ºT" video="485476"> Veja o vídeo:  3' Grande defesa de Boumnijel.</video>
    <narracao id="38790" momento="2ºT" tempo="4">BOA CHANCE PARA A FÚRIA! Xabi Alonso domina no lado esquerdo de ataque e é derrubado pr Jaidi. É falta perigosa para a seleção espanhola.</narracao>
    <narracao id="38791" momento="2ºT" tempo="5">Xabi Alonso cobra a falta para a entrada da área e o meia Fábregas aparece para concluir. O chute é forte, mas a bola bate na zaga.</narracao>
    <narracao id="38792" momento="2ºT" tempo="8">MUITO FORTE! Bouazizi domina no meio e tenta lançamento longo para Namouchi. A bola sai muito forte, e o atacante não alcança.</narracao>
    <substituicao id="38795" momento="2ºT" tempo="10" ico="/Portal/esportes/temporeal/swf/icos/substituicao.swf">Espanha faz substituição: entra Joaquín, sai David Villa</substituicao>
    <substituicao id="38812" momento="2ºT" tempo="11" ico="/Portal/esportes/temporeal/swf/icos/substituicao.swf">Tunísia faz substituição: entra Ghodhbane, sai Bouazizi</substituicao>
    <substituicao id="38813" momento="2ºT" tempo="12" ico="/Portal/esportes/temporeal/swf/icos/substituicao.swf">Tunísia faz substituição: entra Yahya, sai Ayari</substituicao>
    <narracao id="38801" momento="2ºT" tempo="14">TIRA A ZAGA! O lateral Sergio Ramos desce pelo lado direito e tenta cruzamento rasteiro para a área da Tunísia. O zagueiro Jaidi aparece bem e corta com os pés.</narracao>
    <narracao id="38802" momento="2ºT" tempo="15">Lance Perigoso - UUUUUH! O lateral Pernía recebe no lado esquerdo de ataque e chuta rasteiro e cruzado. A bola sai por muito pouco!</narracao>
    <narracao id="38803" momento="2ºT" tempo="19">MAAAAL! Fernando Torres recebe ótimo passe em profundidade, invade a área pelo lado esquerdo, tenta um drible no zagueiro, mas é desarmado.</narracao>
    <video id="38809" momento="2ºT" video="485502"> Veja o vídeo:  19' Fernando Torres é desarmado na área da Tunísia.</video>
    <narracao id="38804" momento="2ºT" tempo="20">Lance Feio - LONGE! O lateral Pernía domina na intermediária de ataque e arrisca para o gol. O chute é muito ruim e a bola sai longe do gol de Boumnijel.</narracao>
    <narracao id="38805" momento="2ºT" tempo="21">POR CIMA! O atacante Fernando Torres recebe no lado direito de ataque, arrisca o chute e manda por cima!</narracao>
    <narracao id="38806" momento="2ºT" tempo="22">FINALIZAÇÕES: Espanha 17 - Tunísia 3</narracao>
    <cartao id="38807" momento="2ºT" atletaId="7962" tempo="24" ico="/Portal/esportes/temporeal/swf/icos/cartao_amarelo.swf" cor="amarelo">Jaidi - O lateral Jaidi faz falta dura e acaba punido com o cartão amarelo.</cartao>
    <gol id="38808" momento="2ºT" atletaId="8631" tempo="26" escudo="/FlashShow/0,,9452,00.swf" contra="0"> GOL DE RAÚL  É GOOOOOOOOOL! Fábregas chuta da entrada da área e o goleiro Boumnijel solta. O atacante Raúl mostra oportunismo e aparece para concluir em gol. TUDO IGUAL!</gol>
    <video id="38808v" momento="2ºT" video="485519"> Veja o vídeo: Gol de Raúl.  26' É GOOOOOOOOOL! Fábregas chuta da entrada da área e o goleiro Boumnijel solta. O atacante Raúl mostra oportunismo e aparece para concluir em gol. TUDO IGUAL!</video>
    <narracao id="38810" momento="2ºT" tempo="30">Fábregas recebe no lado direito de ataque e chuta forte. O goleiro Boumnijel defende com os pés!</narracao>
    <video id="38816" momento="2ºT" video="485527"> Veja o vídeo:  30' Fábregas chuta para a defesa de Boumnijel.</video>
    <gol id="38811" momento="2ºT" atletaId="8908" tempo="31" escudo="/FlashShow/0,,9452,00.swf" contra="0"> GOL DE FERNANDO TORRES  É GOOOOOOL!!!! Fernando Torres recebe ótimo passe de Fábregas, em profundidade, dribla o goleiro Boumnijel e manda para as redes da Tunísia. VIRADA DA FÚRIA!</gol>
    <video id="38811v" momento="2ºT" video="485530"> Veja o vídeo: Gol de Fernando Torres.  31' É GOOOOOOL!!!! Fernando Torres recebe ótimo passe de Fábregas, em profundidade, dribla o goleiro Boumnijel e manda para as redes da Tunísia. VIRADA DA FÚRIA!</video>
    <substituicao id="38814" momento="2ºT" tempo="34" ico="/Portal/esportes/temporeal/swf/icos/substituicao.swf">Tunísia faz substituição: entra Haykel Guemamdia, sai Chedli</substituicao>
    <narracao id="38815" momento="2ºT" tempo="36">PAROU! Raúl recebe ótimo passe de Fábregas e domina livre na área da Tunísia. O árbitro pára o lance e marca a posição de impedimento do atacante.</narracao>
    <narracao id="38817" momento="2ºT" tempo="40">O atacante Jaziri recebe ótimo passe na área da Fúria, mas não consegue dominar.</narracao>
    <narracao id="38818" momento="2ºT" tempo="43">Lance Perigoso - PERDEU! Fernando Torres recebe lançamento de Fábregas e domina de frente para Boumnijel. O atacante tenta o drible, mas o goleiro consegue o desarme.</narracao>
    <video id="38826" momento="2ºT" video="485544"> Veja o vídeo:  43' Fernando Torres perde gol cara-a-cara.</video>
    <narracao id="38819" momento="2ºT" tempo="44">É PÊNALTI!!!! Após cruzamento para a área da Tunísia, o atacante Fernando Torres sobe para a cabeçada e é puxado pelo zagueiro Yahya. O árbitro Carlos Eugênio Simon acerta e marca o pênalti.</narracao>
    <gol id="38820" momento="2ºT" atletaId="8908" tempo="45" escudo="/FlashShow/0,,9452,00.swf" contra="0"> GOL DE FERNANDO TORRES  É GOOOOOOOL! O atacante Fernando Torres cobra forte e no meio. O goleiro Boumnijel chega a tocar na bola, mas não impede o terceiro gol da Espanha. É A FÚRIA!</gol>
    <video id="38820v" momento="2ºT" video="485551"> Veja o vídeo: Gol de Fernando Torres.  45' É GOOOOOOOL! O atacante Fernando Torres cobra forte e no meio. O goleiro Boumnijel chega a tocar na bola, mas não impede o terceiro gol da Espanha. É A FÚRIA!</video>
    <cartao id="38821" momento="2ºT" atletaId="12264" tempo="47" ico="/Portal/esportes/temporeal/swf/icos/cartao_amarelo.swf" cor="amarelo">Mnari - Mnari puxa Sergio Ramos pela camisa e é punido com o cartão amarelo.</cartao>
    <narracao id="38822" momento="2ºT" tempo="49">POR CIMA! Fernando Torres recebe lançamento longo, domina na área da Tunísia e chuta forte. A bola sai por cima do gol de Boumnijel.</narracao>
    <narracao id="38823" momento="2ºT" tempo="49">TERMINA O JOGO!</narracao>
    <momento id="38824" momento="E">Final de jogo</momento>
    <narracao id="38825" momento="E" tempo="0">A Espanha mereceu a vitória. O time dominou o jogo inteiro e chutou muitas bolas para o gol de Boumnijel. A Fúria continua mostrando um ótimo futebol nesta Copa e já está classificada para a próxima fase.</narracao>
  </lances>
</lancealance>
