<?xml version="1.0" encoding="UTF-8"?>
<lancealance cobertura="1420" leitura="0">
  <placar>
    <equipe id="001" url="" nome="Paraná" escudo="/FlashShow/0,,6598,00.swf" resultado="1" abreviacao="PAR"/>
    <equipe id="002" url="" nome="Atlético-PR" escudo="/FlashShow/0,,6584,00.swf" resultado="3" abreviacao="APR"/>
  </placar>
  <lances>
    <momento id="56779" momento="PJ">Pré-jogo</momento>
    <momento id="56780" momento="1ºT">Primeiro tempo</momento>
    <gol id="56760" momento="1ºT" atletaId="12015" tempo="4" escudo="/FlashShow/0,,6598,00.swf" contra="0"> GOL DE CRISTIANO  GOOOOOOOOOOOL! Após falha do zagueiro João Leonardo, atacante abre o placar para o Paraná.</gol>
    <gol id="56752" momento="1ºT" atletaId="4528" tempo="7" escudo="/FlashShow/0,,6584,00.swf" contra="0"> GOL DE CRISTIAN  GOOOOOOOOOL! Meio-campo do Furacão arrisca da entrada da área e no bate-rebate a bola acaba entrando. Clássico empatado!</gol>
    <narracao id="56750" momento="1ºT" tempo="10">CLÁSSICO EMPATADO! Paraná e Atlético Paranaense seguem no um a um em partida movimentada!</narracao>
    <cartao id="56753" momento="1ºT" atletaId="4774" tempo="12" ico="/Portal/esportes/temporeal/swf/icos/cartao_amarelo.swf" cor="amarelo">Beto - Meio-campo do Paraná é punido após falta dura.</cartao>
    <narracao id="56754" momento="1ºT" tempo="16">UUUUUUUUHHHHHHH! Marcus Aurélio cobra falta da entrada da área do Paraná e a bola se perde por cima do gol de Flávio.</narracao>
    <narracao id="56755" momento="1ºT" tempo="17">Ângelo, lateral do Paraná, recebe em profundidade e não consegue evitar a saída de bola.</narracao>
    <narracao id="56757" momento="1ºT" tempo="21">Cristian tenta a tabela no campo de ataque e o passe sai forte pela linha de fundo.</narracao>
    <narracao id="56758" momento="1ºT" tempo="23">FUROU! Dênis Marques recebe excelente cruzamento do lado direito, tenta de voleio, mas erra a bola. Perde boa chance para o Atlético Paranaense.</narracao>
    <gol id="56759" momento="1ºT" atletaId="12049" tempo="25" escudo="/FlashShow/0,,6584,00.swf" contra="0"> GOL DE MARCOS AURÉLIO  GOOOOOOOOOOOOL! Após excelente jogada de Ferreira pela esquerda, atacante escora cruzamento na pequena área e vira o jogo para o Furacão!</gol>
    <narracao id="56761" momento="1ºT" tempo="29">Maicosuel sofre falta dura de João Leonardo na direita de ataque do Paraná...</narracao>
    <narracao id="56762" momento="1ºT" tempo="30">...Ângelo cobra no segundo pau e Cristian chega para cortar, de cabeça, para o Atlético Pranaense.</narracao>
    <narracao id="56763" momento="1ºT" tempo="31">O GRAMADO É MUITO RUIM, DIFICULTANDO O BOM FUTEBOL!</narracao>
    <narracao id="56764" momento="1ºT" tempo="32">A ZAGA DO PARANÁ ESTÁ VACILANDO! Bola recuada na "fogueira" para o goleiro Flávio, que dá um chutão para a lateral...</narracao>
    <narracao id="56765" momento="1ºT" tempo="33">Tentativa de jogada do ataque do Paraná pelo meio. Marcelo Silva chega cortando para o Furacão.</narracao>
    <narracao id="56766" momento="1ºT" tempo="35">Escanteio para o Paraná. Ângelo cobra no primeiro pau, Cristiano cabeceia junto com Erandir e a zaga afasta o perigo.</narracao>
    <narracao id="56768" momento="1ºT" tempo="35">De novo o lateral do Paraná. Ângelo tenta bater cruzado de fora da área e carimba a zaga.</narracao>
    <narracao id="56767" momento="1ºT" tempo="36">PERDE UM GOL INCRÍVEL! Cristian avança na velocidade, penetra na área do Paraná e chuta por cima, na saída do goleiro Flávio.</narracao>
    <narracao id="56769" momento="1ºT" tempo="38">BOMBA! Ângelo cobra falta de muito longe para o Paraná. A bola sai à esquerda do gol de Cléber.</narracao>
    <narracao id="56770" momento="1ºT" tempo="41">MARCAÇÃO NA SAÍDA DE BOLA! O Furacão dificulta para o Paraná.</narracao>
    <narracao id="56771" momento="1ºT" tempo="43">ACRÉSCIMOS! Árbitro assinala mais um minuto neste primeiro tempo.</narracao>
    <narracao id="56772" momento="1ºT" tempo="43">BOA BOLA! Marcus Aurélio recebe excelente lançamento na direita, mata no peito, gira e cruza rasteiro. Ferreira não chega e a zaga do Paraná afasta o perigo.</narracao>
    <narracao id="56773" momento="1ºT" tempo="45">Ângelo cruza bola da direita no segundo pau. A zaga do Atlético Paranaense afasta o perigo.</narracao>
    <narracao id="56774" momento="1ºT" tempo="46">UUUUUUHHHHH! Jancarlos lança Marcus Aurélio sozinho na área do Paraná. Atacante cruza rasteiro e a zaga afasta o perigo.</narracao>
    <narracao id="56775" momento="1ºT" tempo="46">FIM DE PRIMEIRO TEMPO! O Atlético Paranaense segue derrotando o Paraná, de virada, por 2 a 1.</narracao>
    <momento id="56776" momento="I">Show do intervalo</momento>
    <narracao id="56778" momento="I" tempo="0">Logo aos 4 minutos, Cristiano abriu o placar para o Paraná após falha do zagueiro João Leonardo. Quando parecia que o Paraná ia dominar o primeiro tempo, Cristian e Marcus Aurélio viraram o jogo para o Furacão. As jogadas pelo meio e com o lateral Ângelo não estão dando certo para o Paraná, enquanto o Atlético Paranaense marca na saída de bola e sai com perigo nos contra-ataques. </narracao>
    <momento id="56781" momento="2ºT">Segundo tempo</momento>
    <substituicao id="56816" momento="2ºT" tempo="0" ico="/Portal/esportes/temporeal/swf/icos/substituicao.swf">Paraná faz substituição: entra Peter, sai Ângelo</substituicao>
    <substituicao id="56825" momento="2ºT" tempo="0" ico="/Portal/esportes/temporeal/swf/icos/substituicao.swf">Atlético-PR faz substituição: entra Alan Bahia, sai Marcelo Silva</substituicao>
    <narracao id="56784" momento="2ºT" tempo="1">COMEÇA O SEGUNDO TEMPO! As duas equipes retornam com uma alteração cada.</narracao>
    <narracao id="56785" momento="2ºT" tempo="2">Maicosuel cobra falta na área do Atlético Paranaense. Cléber sai do gol e tira de soco.</narracao>
    <cartao id="56786" momento="2ºT" atletaId="12049" tempo="2" ico="/Portal/esportes/temporeal/swf/icos/cartao_amarelo.swf" cor="amarelo">Marcos Aurélio - Atacante do Atlético Paranaense é punido após falta dura.</cartao>
    <narracao id="56787" momento="2ºT" tempo="3">MAL! Neguete chuta forte de longe, mas não pega bem na bola, que se perde pela linha de fundo. É tiro de meta para o Atlético Paranaense.</narracao>
    <narracao id="56788" momento="2ºT" tempo="4">Michel faz boa jogada pela esquerda, tenta penetrar na área do Paraná e sofre a falta...</narracao>
    <narracao id="56789" momento="2ºT" tempo="5">...UUUUUUHHHHHH! Após cobrança de falta, a zaga do Paraná afasta parcialmente. A bola bate em Dênis Marques, que quase marca o terceiro para o Atlético Parananese.</narracao>
    <cartao id="56790" momento="2ºT" atletaId="4774" tempo="6" ico="/Portal/esportes/temporeal/swf/icos/cartao_vermelho.swf" cor="vermelho">Beto - Meio-campo do Paraná é expulso após entrada dura no colombiano Ferreira.</cartao>
    <narracao id="56791" momento="2ºT" tempo="7">Bom cruzamento rasteiro de Peter, na área do Atlético Paranaense. A zaga se antecipa e afasta o perigo.</narracao>
    <narracao id="56792" momento="2ºT" tempo="8">Maicosuel cobra falta da intermediária e a bola explode na barreira do Atlético Paranaense.</narracao>
    <narracao id="56793" momento="2ºT" tempo="10">O PARANÁ, COM MENOS UM, MARCA A SAÍDA DE BOLA DO ATLÉTICO PARANAENSE!</narracao>
    <narracao id="56794" momento="2ºT" tempo="11">Jancarlos cruza bola da direita na área do Paraná. Marcus Aurélio tenta o domínio e a zaga se antecipa para afastar o perigo.</narracao>
    <narracao id="56795" momento="2ºT" tempo="12">QUASE! Neguete, zagueiro do Paraná, se complica na saída de bola e quase perde a bola para o colombiano Fereira, do Atlético Paranaense.</narracao>
    <narracao id="56796" momento="2ºT" tempo="13">IMPEDIDO! Dênis Marques, atacante do Atlético Paranaense, está em posição irregular.</narracao>
    <narracao id="56799" momento="2ºT" tempo="15">OPÁ! Maicosuel tabela na entrada da área do Atlético Paranaense, penetra e cai na tentativa de cavar um pênalti. Árbitro manda seguir o jogo.</narracao>
    <substituicao id="56826" momento="2ºT" tempo="15" ico="/Portal/esportes/temporeal/swf/icos/substituicao.swf">Atlético-PR faz substituição: entra Fabrício, sai Cristian</substituicao>
    <narracao id="56800" momento="2ºT" tempo="17">ERROU! Jancarlos dá um "drible da vaca" em Neguete e é derrubado na direita. Árbitro não marca a falta para o Atlético Paranaense.</narracao>
    <narracao id="56801" momento="2ºT" tempo="18">UUUUUUHHHHH! Peter cruza bola perigosa na área do Atlético Paranaense. A zaga afasta o perigo de cabeça.</narracao>
    <cartao id="56805" momento="2ºT" atletaId="8797" tempo="19" ico="/Portal/esportes/temporeal/swf/icos/cartao_amarelo.swf" cor="amarelo">João Leonardo - Zagueiro do Atlético Paranaense é punido após falta dura em Cristiano.</cartao>
    <narracao id="56809" momento="2ºT" tempo="19">UUUUUHHHHH! Maicosuel cobra falta da ponta direita na área do Atlético Paranaense. A zaga corta para escanteio.</narracao>
    <gol id="56812" momento="2ºT" atletaId="6984" tempo="21" escudo="/FlashShow/0,,6584,00.swf" contra="0"> GOL DE FERREIRA  GOOOOOOOOOOOOOL! Após belo passe de Fabrício, colombiano domina, gira, escapa pelo meio da área, penetra e finaliza no canto esquerdo do gol de Flávio!</gol>
    <substituicao id="56817" momento="2ºT" tempo="23" ico="/Portal/esportes/temporeal/swf/icos/substituicao.swf">Paraná faz substituição: entra Henrique, sai Sandro</substituicao>
    <narracao id="56815" momento="2ºT" tempo="24">INACREDITÁVEL! Dênis Marques recebe cara a cara com o goleiro Flávio. Dribla e consegue chutar para fora, com o gol vazio! </narracao>
    <substituicao id="56818" momento="2ºT" tempo="25" ico="/Portal/esportes/temporeal/swf/icos/substituicao.swf">Paraná faz substituição: entra Batista, sai Edinho</substituicao>
    <narracao id="56819" momento="2ºT" tempo="27">PANORAMA! Permanecendo o resultado, o Paraná necessita de uma vitória por 3 a 0, na Arena da Baixada, para passar de fase.</narracao>
    <narracao id="56820" momento="2ºT" tempo="30">Peter cruza bola rasteira na área do Atlético Paranaense. A zaga se antecipa e consegue cortar.</narracao>
    <narracao id="56821" momento="2ºT" tempo="31">Alan Bahia põe Dênis Marques na corrida, pelo meio. Atacante divide com o zagueiro Neguete na área do Paraná e o goleiro Flávio se antecipa para fazer a defesa.</narracao>
    <narracao id="56822" momento="2ºT" tempo="33">PÊNALTI PARA O PARANÁ! João Leonardo derruba Cristiano dentro da área.</narracao>
    <cartao id="56823" momento="2ºT" atletaId="8797" tempo="34" ico="/Portal/esportes/temporeal/swf/icos/cartao_vermelho.swf" cor="vermelho">João Leonardo - Zagueiro do Atlético Paranaense é expulso após falta dura em Cristiano, dentro da área.</cartao>
    <narracao id="56824" momento="2ºT" tempo="35">CLÉBER! Goleiro do Atlético Paranaense cai no canto direito e defende a cobrança de Pênalti, de Emerson.</narracao>
    <substituicao id="56827" momento="2ºT" tempo="36" ico="/Portal/esportes/temporeal/swf/icos/substituicao.swf">Atlético-PR faz substituição: entra César, sai Marcos Aurélio</substituicao>
    <cartao id="56828" momento="2ºT" atletaId="6487" tempo="40" ico="/Portal/esportes/temporeal/swf/icos/cartao_amarelo.swf" cor="amarelo">Danilo - Zagueiro do Atlético Paranaense entra duro em Henrique e é punido pelo árbitro.</cartao>
    <narracao id="56829" momento="2ºT" tempo="41">Pierre tenta Henrique na área do Atlético Paranaense. César se antecipa na jogada e afasta o perigo.</narracao>
    <narracao id="56830" momento="2ºT" tempo="43">ACRÉSCIMOS! Árbitro assinala mais dois minutos neste segundo tempo.</narracao>
    <narracao id="56831" momento="2ºT" tempo="44">O PARANÁ TENTA DIMINUIR A VANTAGEM, MAS ESBARRA NO BOM POSICIONAMENTO DA DEFESA DO ATLÉTICO PARANAENSE.</narracao>
    <narracao id="56832" momento="2ºT" tempo="47">FIM DE JOGO! O Atlético Paranaense consegue um excelente resultado, derrotando o Paraná por 3 a 1, fora de casa.</narracao>
    <momento id="56833" momento="E">Final de jogo</momento>
    <narracao id="56834" momento="E" tempo="0">A partida de volta será na próxima quarta-feira, dia 13, desta vez, às 19h15m, na Arena da Baixada. O vencedor desse confronto, encara o River Plate, da Argentina, na próxima fase da Copa Sul-Americana. </narracao>
  </lances>
</lancealance>
