<?xml version="1.0" encoding="UTF-8"?>
<lancealance cobertura="1156" leitura="0">
  <placar>
    <equipe id="001" url="" nome="Portugal" escudo="/FlashShow/0,,9464,00.swf" resultado="0" abreviacao="POR"/>
    <equipe id="002" url="" nome="França" escudo="/FlashShow/0,,9454,00.swf" resultado="1" abreviacao="FRA"/>
  </placar>
  <lances>
    <narracao id="42822" momento="PJ" tempo="0">Portugal e França se enfrentam às 16h (de Brasília).</narracao>
    <momento id="42823" momento="PJ">Pré-jogo</momento>
    <narracao id="42824" momento="PJ" tempo="0">O experiente goleiro da seleção francesa, Fabien Barthez, está prestes a alcançar mais uma marca histórica. Ao entrar em campo contra Portugal, nesta quarta-feira, ele será o recordista de partidas com a camisa dos "Bleus". Contra o Brasil, Barthez havia igualado a marca de Máximo Bossis, com 15 jogos. </narracao>
    <narracao id="42825" momento="PJ" tempo="0">A seleção francesa enfrentará Portugal vestindo novamente o uniforme branco, que vem dando sorte à seleção. Vestindo sua segunda camisa, os franceses já conseguiram eliminar a Espanha, nas oitavas-de-final, e o Brasil, nas quartas.</narracao>
    <narracao id="42826" momento="PJ" tempo="0">O técnico Raymond Domenech vai repetir a mesma escalação das partidas contra Espanha e Brasil.</narracao>
    <narracao id="42827" momento="PJ" tempo="0">A França enfrenta pela terceira vez consecutiva uma seleção com 100% de aproveitamento na primeira fase do Mundial. Os outros adversário foram a Espanha e o Brasil.</narracao>
    <narracao id="42828" momento="PJ" tempo="0">A França completa hoje a marca de 50 jogos em Copas do Mundo. Caso vença a equipe do técnico brasileiro Luiz Felipe Scolari, os Bleus enfrentarão a Itália na decisão do Mundial, dia 9, em Berlim. A seleção disputou seu primeiro jogo em uma Copa do Mundo em 13 de julho de 1930 em Montevidéu. Na ocasião, bateu o México por 4 a 1.</narracao>
    <narracao id="42829" momento="PJ" tempo="0">O presidente de Portugal, Aníbal Cavaco Silva, enviou uma mensagem de apoio à seleção de seu país. Cavaco diz em sua mensagem que a seleção proporcionou grandes alegrias aos portugueses.</narracao>
    <narracao id="42830" momento="PJ" tempo="0">Portugal é o único semifinalista comandado por um técnico estrangeiro. Se for campeão, Scolari se tornará o primeiro treinador a ganhar uma Copa do Mundo com dois países diferentes. </narracao>
    <narracao id="42831" momento="PJ" tempo="0">Depois da ótima atuação de Zidane contra o Brasil, o técnico Luis Felipe Scolari vai colocar o meia Costinha para marcar o craque individualmente durante toda a partida.</narracao>
    <narracao id="42832" momento="PJ" tempo="0">Um trio uruguaio foi escalado para a partida. O árbitro Jorge Larrionda apita o jogo com Walter Rial e Pablo Fandiono como assistentes. </narracao>
    <narracao id="42833" momento="PJ" tempo="0">Portugal chega pela segunda vez em uma semifinal de Copa do Mundo. Em 1966, os portugueses perderam a vaga na final para a Inglaterra, mas conseguiram terminar o Mundial na terceira colocação. A França disputa a sua 12ª Copa do Mundo. A melhor colocação foi o primeiro lugar em 1998.</narracao>
    <narracao id="42837" momento="PJ" tempo="0">No caso de Zidane e Thuram, um cartão amarelo significará ainda mais. O zagueiro se despede da seleção depois da Copa e pode disputar hoje a sua última partida com a camisa francesa. Já o meia, anunciou que não joga mais depois do Mundial. Portanto, se receber o cartão, Zidane disputa hoje o seu último jogo oficial.</narracao>
    <narracao id="42836" momento="PJ" tempo="0">Os portugueses Maniche, Nuno Valente, Ricardo Carvalho, Ricardo e Figo estão pendurados e se despedem do Mundial se forem punidos com o cartão amarelo. Na França, Ribéry, Vieira, Zidane, Saha, Sagnol e Thuram também já receberam o cartão na segunda fase da Copa.</narracao>
    <narracao id="42834" momento="PJ" tempo="0">Do duelo de 2000, dez jogadores ainda permanecem nas seleções. Pela França, Fabien Barthez, Lilian Thuram, Patrick Vieira, Zinedine Zidane, Sylvain Wiltord, Thierry Henry e David Trezeguet. Por Portugal, Costinha, Luis Figo e Nuno Gomes. </narracao>
    <narracao id="42835" momento="PJ" tempo="0">Portugal e França já se enfrentaram 21 vezes. Os franceses somam 15 vitórias e os portugueses apenas cinco. Somente duas dessas partidas foram em competições oficiais, ambas em semifinais da Eurocopa. Em 1984, a França venceu por 3 a 2, na prorrogação, com Michel Platini marcando o gol da vitória. Em 2000, os franceses também venceram na prorrogação. Depois de um empate por 1 a 1 no tempo normal, Zinedine Zidane marcou o gol de ouro. Nas duas ocasiões, os "Bleus" acabaram campeões do torneio.</narracao>
    <video id="42838" momento="PJ" video="496926"> Veja o vídeo:  0' O vestiário da França.</video>
    <video id="42839" momento="PJ" video="496927"> Veja o vídeo:  0' Portugal chega ao estádio.</video>
    <video id="42840" momento="PJ" video="496928"> Veja o vídeo:  0' A França chega ao estádio.</video>
    <video id="42841" momento="PJ" video="496929"> Veja o vídeo:  0' Reconhecimento do gramado das duas seleções.</video>
    <momento id="42842" momento="1ºT">Primeiro tempo</momento>
    <narracao id="42843" momento="1ºT" tempo="1">BOLA ROLANDO EM MUNIQUE!</narracao>
    <narracao id="42844" momento="1ºT" tempo="1">PRIMEIRO ATAQUE DA FRANÇA! Malouda recebe lançamento longo e domina no lado direito de ataque. O meia tenta chute cruzado, mas manda à esquerda do gol de Ricardo.</narracao>
    <video id="42845" momento="1ºT" video="496944"> Veja o vídeo:  1' Os jogadores se preparam para entrar em campo.</video>
    <video id="42847" momento="1ºT" video="496948"> Veja o vídeo:  1' Rola a bola em Munique.</video>
    <video id="42851" momento="1ºT" video="496951"> Veja o vídeo:  1' Malouda chuta para fora.</video>
    <narracao id="42846" momento="1ºT" tempo="3">Lance Perigoso - UUUUUUH! Cristiano Ronaldo recebe no lado esquerdo de ataque e descobre Deco livre na entrada da área. O meia chuta rasteiro e Barthez bate roupa. Nenhum português aparece para o rebote.</narracao>
    <video id="42853" momento="1ºT" video="496953"> Veja o vídeo:  3' Deco arrisca de fora da área.</video>
    <narracao id="42848" momento="1ºT" tempo="6">MAL! Deco recebe na intermediária de ataque, tenta enfiada para Pauleta, mas manda nos pés de Gallas.</narracao>
    <narracao id="42849" momento="1ºT" tempo="7">NADA! Ribéry apoia pelo lado esquerdo, recebe a marcação e cai pedindo falta. O árbitro não marca nada e manda o jogo seguir.</narracao>
    <narracao id="42850" momento="1ºT" tempo="8">Lance Perigoso - Cristiano Ronaldo recebe na intermediária e descola passe de calcanhar para Maniche. O meia chuta forte de fora da área e a bola passa rente ao travessão! QUASE!</narracao>
    <video id="42858" momento="1ºT" video="496954"> Veja o vídeo:  8' Maniche solta a bomba!</video>
    <video id="42859" momento="1ºT" video="496955"> Veja o vídeo:  9' Figo cruza e a zaga corta.</video>
    <narracao id="42852" momento="1ºT" tempo="11">Figo recebe no lado direito de ataque, mas demora muito com a bola nos pés e acaba desarmado.</narracao>
    <narracao id="42854" momento="1ºT" tempo="13">Ribéry descola bom passe para Abidal na ponta esquerda. O lateral cruza rasteiro, mas o atacante Henry não consegue alcançar.</narracao>
    <video id="42861" momento="1ºT" video="496956"> Veja o vídeo:  13' Cruzamento de Abidal cruza a área e ninguém alcança.</video>
    <narracao id="42855" momento="1ºT" tempo="15">DEFENDEU! O meia Figo recebe na intermediária de ataque e chuta forte e rasteiro. O goleiro Barthez cai bem e encaixa.</narracao>
    <narracao id="42856" momento="1ºT" tempo="15">JOGO PARADO! O meia Figo ficou caído após o chute e está sendo retirado de maca...</narracao>
    <video id="42865" momento="1ºT" video="496959"> Veja o vídeo:  15' Figo chuta para a defesa de Barthez.</video>
    <narracao id="42857" momento="1ºT" tempo="17">... Tudo ok com Figo. A bola está rolando novamente.</narracao>
    <narracao id="42860" momento="1ºT" tempo="20">NA ZAGA! Ribéry recebe no lado direito de ataque e rola para Henry na entrada da área. O meia corta para o lado e chuta forte, mas a bola explode nas costas de Nuno Valente e sai pela lateral.</narracao>
    <narracao id="42862" momento="1ºT" tempo="23">Depois de uma longa troca de passes de Portugal, o atacante Pauleta recebe no lado esquerdo de ataque e cruza para a área. A bola é muito forte e sai pela linha de fundo.</narracao>
    <narracao id="42863" momento="1ºT" tempo="25">TIRA A ZAGA! Zidane recebe na ponta direita e descola cruzamento para a área de Portugal. O zagueiro Meira aparece bem e corta com os pés.</narracao>
    <narracao id="42864" momento="1ºT" tempo="26">NADA! Zidane recebe na entrada da área, não consegue passar por adversário e cai pedindo a falta. O árbitro não marca nada e manda o jogo seguir.</narracao>
    <video id="42869" momento="1ºT" video="496969"> Veja o vídeo:  26' Zidane cai pedindo falta, mas árbitro não marca.</video>
    <narracao id="42866" momento="1ºT" tempo="27">FRACO! Henry recebe no lado esquerdo de ataque, dá um lindo drible em Miguel e fica de frente para Ricardo. O atacante chuta fraco e o goleiro faz defesa fácil.</narracao>
    <video id="42871" momento="1ºT" video="496971"> Veja o vídeo:  27' Henry faz jogada individual, mas chuta fraco.</video>
    <video id="42880" momento="1ºT" video="497018"> Veja o vídeo:  29' Os dois técnicos discutem na beira do campo.</video>
    <narracao id="42867" momento="1ºT" tempo="30">É PÊNALTI!! O atacante Henry recebe na área de Portugal, dá um lindo corte em Ricardo Carvalho e é derrubado. O árbitro acerta e marca o pênalti para a França.</narracao>
    <video id="42873" momento="1ºT" video="496976"> Veja o vídeo:  30' Pênalti para a França!</video>
    <gol id="42868" momento="1ºT" atletaId="1428" tempo="32" escudo="/FlashShow/0,,9454,00.swf" contra="0"> GOL DE ZIDANE  É GOOOOOOOOOOL! Zidane cobra forte e no canto esquerdo. O goleiro Ricardo chega a tocar na bola, mas não impede o primeiro gol francês. A FRANÇA SAI NA FRENTE!</gol>
    <video id="42868v" momento="1ºT" video="496981"> Veja o vídeo: Gol de Zidane.  32' É GOOOOOOOOOOL! Zidane cobra forte e no canto esquerdo. O goleiro Ricardo chega a tocar na bola, mas não impede o primeiro gol francês. A FRANÇA SAI NA FRENTE!</video>
    <narracao id="42870" momento="1ºT" tempo="35">Maniche recebe na intermediária de ataque e arrisca de longe. A bola sai forte e rasteira, mas Barthez encaixa.</narracao>
    <video id="42881" momento="1ºT" video="497010"> Veja o vídeo:  36' Cristiano Ronaldo é derrubado na área e Felipão pede o pênalti.</video>
    <narracao id="42872" momento="1ºT" tempo="37">LONGE! Figo recebe livre no lado direito de ataque e tenta o chute. O meia pega muito mal na bola e manda longe do gol de Barthez.</narracao>
    <video id="42877" momento="1ºT" video="496989"> Veja o vídeo:  38' Cristiano Ronaldo faz boa jogada e assusta a zaga da França.</video>
    <narracao id="42874" momento="1ºT" tempo="40">OPA! Ribéry recebe no lado direito de ataque, passa por dois adversários e é derrubado. O árbitro erra e não marca falta perigosa para a França.</narracao>
    <narracao id="42875" momento="1ºT" tempo="43">MAIS UM! O árbitro aponta um minuto de acréscimo no primeiro tempo.</narracao>
    <narracao id="42876" momento="1ºT" tempo="46">TERMINA O PRIMEIRO TEMPO!</narracao>
    <momento id="42878" momento="I">Show do intervalo</momento>
    <narracao id="42879" momento="I" tempo="0">Portugal começou melhor o jogo. A equipe de Luis Felipe Scolari tomou a iniciativa da partida e conseguiu maior posse de bola nos primeiros 15 minutos. Aos poucos, a França foi melhorando e equilibrando o jogo. Após o gol da França, depois de um pênalti bem marcado de Ricardo Carvalho sobre Henry, o jogo ficou mais corrido. Prenúncio de um segundo tempo muito disputado e emocionante.</narracao>
    <momento id="42882" momento="2ºT">Segundo tempo</momento>
    <narracao id="42883" momento="2ºT" tempo="1">ROLA A BOLA PARA O SEGUNDO TEMPO!</narracao>
    <video id="42887" momento="2ºT" video="497048"> Veja o vídeo:  1' Bola rolando para o segundo tempo.</video>
    <narracao id="42884" momento="2ºT" tempo="2">Lance Perigoso - UUUUUUH! Costinha vacila no meio e entrega nos pés de Henry. O atacante carrega para o ataque, pelo lado esquerdo, ganha na velocidade de Meira e chuta forte. O goleiro Ricardo espalma e a bola sai pela linha de fundo.</narracao>
    <video id="42889" momento="2ºT" video="497052"> Veja o vídeo:  2' Henry chuta e Ricardo salva Portugal.</video>
    <video id="42890" momento="2ºT" video="497055"> Veja o vídeo:  3' Ribéry chuta de fora e Ricardo defende em dois tempos.</video>
    <narracao id="42885" momento="2ºT" tempo="6">Lance Perigoso - POR POUCO! O atacante Pauleta recebe na área da França, dá um giro em cima de Thuram e chuta forte. A bola passa muito perto e vai na rede pelo lado de fora. QUASE O EMPATE! </narracao>
    <video id="42893" momento="2ºT" video="497070"> Veja o vídeo:  6' Pauleta chuta na rede pelo lado de fora.</video>
    <narracao id="42886" momento="2ºT" tempo="9">MAL! O lateral Miguel recebe na ponta direita de ataque, demora muito com a bola nos pés e erra passe de calcanhar para Maniche.</narracao>
    <video id="42896" momento="2ºT" video="497073"> Veja o vídeo:  9' Zidane erra passe perto da área de Portugal.</video>
    <narracao id="42888" momento="2ºT" tempo="12">OPA! Miguel recebe no lado direito de ataque e rola para Pauleta na área da França. O atacante devolve de calcanhar, mas o lateral é derrubado antes de alcançar a bola. O árbitro ignora a falta e manda o jogo seguir.</narracao>
    <narracao id="42891" momento="2ºT" tempo="15">NÃO DÁ MAIS! O lateral Miguel sai de campo sentindo uma contusão e pede para ser substituído.</narracao>
    <substituicao id="42905" momento="2ºT" tempo="16" ico="/Portal/esportes/temporeal/swf/icos/substituicao.swf">Portugal faz substituição: entra Paulo Ferreira, sai Miguel</substituicao>
    <narracao id="42894" momento="2ºT" tempo="18">SAIU BEM! O lateral Paulo Ferreira recebe na ponta direita e tenta cruzamento para Pauleta na área da França. O goleiro Barthez sai bem do gol e recupera. </narracao>
    <narracao id="42895" momento="2ºT" tempo="19">NA ZAGA! Cristiano Ronaldo recebe no lado esquerdo de ataque, carrega para o meio e chuta forte. A bola explode em Thuram e não chega ao gol de Barthez.</narracao>
    <substituicao id="42906" momento="2ºT" tempo="23" ico="/Portal/esportes/temporeal/swf/icos/substituicao.swf">Portugal faz substituição: entra Simão, sai Pauleta</substituicao>
    <substituicao id="42915" momento="2ºT" tempo="23" ico="/Portal/esportes/temporeal/swf/icos/substituicao.swf">França faz substituição: entra Wiltord, sai Malouda</substituicao>
    <narracao id="42900" momento="2ºT" tempo="25">Cristiano Ronaldo domina na ponta esquerda e recebe a marcação de três adversários. O atacante tenta cruzamento para a área, a bola bate na zaga e sai para escanteio...</narracao>
    <video id="42912" momento="2ºT" video="497088"> Veja o vídeo:  25' Barthez sai bem do gol.</video>
    <narracao id="42901" momento="2ºT" tempo="26">... TIRA A ZAGA! Após cobrança de escanteio para a área da França, a zaga afasta de cabeça.</narracao>
    <substituicao id="42916" momento="2ºT" tempo="27" ico="/Portal/esportes/temporeal/swf/icos/substituicao.swf">França faz substituição: entra Govou, sai Franck Ribéry</substituicao>
    <narracao id="42904" momento="2ºT" tempo="28">Figo recebe no lado direito de ataque e tenta cruzamento para Cristiano Ronaldo. O zagueiro Thuram sobe bem e tira mais uma da área francesa.</narracao>
    <substituicao id="42907" momento="2ºT" tempo="29" ico="/Portal/esportes/temporeal/swf/icos/substituicao.swf">Portugal faz substituição: entra Postiga, sai Costinha</substituicao>
    <narracao id="42908" momento="2ºT" tempo="29">O atacante Govou recebe no lado direito de ataque, chega bem à linha de fundo e descola o cruzamento para a área de Portugal. A bola sai muito forte e ninguém alcança.</narracao>
    <video id="42914" momento="2ºT" video="497093"> Veja o vídeo:  30' Portugal pede mais um pênalti e o árbitro não marca.</video>
    <narracao id="42909" momento="2ºT" tempo="32">Lance Perigoso - INACREDITÁVEL! O atacante Cristiano Ronaldo bate falta de longe e solta a bomba. O goleiro Barthez bate roupa e a bola sobra para Figo na pequena área. O meia testa para o gol vazio, mas consegue mandar por cima!</narracao>
    <video id="42925" momento="2ºT" video="497101"> Veja o vídeo:  32' Figo perde gol inacreditável!</video>
    <narracao id="42910" momento="2ºT" tempo="34">FALTA PERIGOSA PARA PORTUGAL! O atacante Cristiano Ronaldo apoia pelo lado esquerdo e sofre a falta. O árbitro marca a falta e é chance de cruzamento para a área da França.</narracao>
    <narracao id="42911" momento="2ºT" tempo="35">TIRA A ZAGA! Figo cobra a falta para a área da França e o meia Vieira sobe bem e afasta de cabeça.</narracao>
    <cartao id="42913" momento="2ºT" atletaId="5965" tempo="37" ico="/Portal/esportes/temporeal/swf/icos/cartao_amarelo.swf" cor="amarelo">Ricardo Carvalho - O zagueiro Ricardo Carvalho faz falta dura em Wiltord e é punido com o cartão amarelo.</cartao>
    <substituicao id="42917" momento="2ºT" tempo="39" ico="/Portal/esportes/temporeal/swf/icos/substituicao.swf">França faz substituição: entra Louis Saha, sai Henry</substituicao>
    <cartao id="42918" momento="2ºT" atletaId="7578" tempo="41" ico="/Portal/esportes/temporeal/swf/icos/cartao_amarelo.swf" cor="amarelo">Louis Saha - O atacante Louis Saha entra forte em Figo e é punido com o cartão amarelo.</cartao>
    <narracao id="42919" momento="2ºT" tempo="42">MAL! O meia Figo apoia pelo lado direito, mas não consegue passar por adversário e acaba cruzando para fora.</narracao>
    <narracao id="42920" momento="2ºT" tempo="44">Figo recebe no lado direito de ataque, tenta cruzamento para a área da França, mas manda nas mãos do goleiro Barthez. </narracao>
    <narracao id="42921" momento="2ºT" tempo="45">MAIS QUATRO! O árbitro aponta quatro minutos de acréscimo no segundo tempo!</narracao>
    <narracao id="42922" momento="2ºT" tempo="46">INCRÍVEL! Após levantamento para a área da França, o atacante Simão ajeita para Meira livre na entrada da área. O meia chuta forte e a bola sai por cima do gol de Barthez!</narracao>
    <narracao id="42923" momento="2ºT" tempo="48">SAIU!!! O meia Figo apoia pelo lado esquerdo e cruza para a área da França. O goleiro Bathez sai bem do gol e recupera para a França. Pode ter sido o último ataque do jogo!</narracao>
    <narracao id="42924" momento="2ºT" tempo="49">TERMINA O JOGO! FRANÇA NA FINAL!</narracao>
    <momento id="42926" momento="E">Final de jogo</momento>
    <narracao id="42927" momento="E" tempo="0">A França vai disputar a final da Copa do Mundo de 2006, contra a Itália, na próximo domingo, às 15h (de Brasília). O técnico Luis Felipe Scolari saiu de campo reclamando muito do árbitro. </narracao>
  </lances>
</lancealance>
