<?xml version="1.0" encoding="UTF-8"?>
<lancealance cobertura="1309" leitura="0">
  <placar>
    <equipe id="001" url="" nome="Palmeiras" escudo="/FlashShow/0,,7255,00.swf" resultado="1" abreviacao="PAL"/>
    <equipe id="002" url="" nome="Juventude" escudo="/FlashShow/0,,6595,00.swf" resultado="1" abreviacao="JUV"/>
  </placar>
  <lances>
    <momento id="51432" momento="PJ">Pré-jogo</momento>
    <narracao id="51433" momento="PJ" tempo="0">Palmeiras e Juventude se enfrentam, daqui a pouco, pela 17ª rodada do Campeonato Brasileiro. O jogo, que acontecerá no estádio Palestra Itália, será arbitrado pelo mineiro Álvaro Azeredo Quelhas, auxiliado por Guilherme Dias Camilo e Helberth Costa Andrade, ambos também de Minas Gerais.</narracao>
    <narracao id="51434" momento="PJ" tempo="0">Os dois times ocupam a zona intermediária da tabela do Brasileirão. O Palmeiras é o décimo segundo colocado, com 20 pontos ganhos. Já o Juventude faz campanha um pouco melhor: é o décimo primeiro lugar, com 21 pontos somados. Portanto, o Verdão está logo atrás do time gaúcho. Caso vença hoje, o Palmeiras ultrapassará o Juventude na tabela do campeonato. Se a vitória for do time de Caxias do Sul, o Palmeiras voltará a rondar a temida zona do rebaixamento. A equipe paulista está a apenas três pontos do "grupo da morte".</narracao>
    <narracao id="51435" momento="PJ" tempo="0">Para conseguir mais uma vitória que confirme de vez a ótima fase, o time palmeirense conta com o apoio da torcida no jogo de hoje. O Verdão tem a melhor campanha entre todas as equipes do campeonato, após o intervalo da Copa do Mundo. Com cinco vitórias e apenas um empate nos últimos jogos, os jogadores sabem que um tropeço contra os gaúchos pode estragar um trabalho construído com muito esforço e união do elenco.</narracao>
    <narracao id="51436" momento="PJ" tempo="0">O técnico Tite manterá o mesmo esquema defensivo com três zagueiros. Como não poderá contar com Daniel, que sentiu uma contratura muscular na coxa esquerda no jogo contra o Fortaleza, a zaga será formada por Nem, Alceu e Dininho.</narracao>
    <narracao id="51437" momento="PJ" tempo="0">Com a suspensão do volante Wendel, dono da posição desde a disputa da Libertadores, Tite treinou diversas formações durante a semana e optou por Francis e Marcelo Costa para formar a dupla de volantes no meio-campo, deixando Marcinho Guerreiro como opção no banco de reservas. O goleiro Marcos, se recuperando de contusão, permanece fora do time.</narracao>
    <narracao id="51438" momento="PJ" tempo="0">O provável time do Palmeiras para o jogo de hoje, é o seguinte: Diego; Nem, Alceu e Dininho; Paulo Baier, Francis, Marcelo Costa, Juninho Paulista e Michael; Edmundo e Enílton.</narracao>
    <narracao id="51439" momento="PJ" tempo="0">A equipe palmeirense vem de uma vitória no Brasileirão: 3 a 1 sobre o Botafogo, no Maracanã.</narracao>
    <narracao id="51440" momento="PJ" tempo="0">No Juventude, o técnico Ivo Wortmann deve mudar a formação tática para o 3-5-2. Será a terceira mudança tática desde que assumiu a equipe na parada do Brasileirão, durante a Copa do Mundo. A novidade do time gaúcho será o ala-esquerda João Paulo, que foi contratado ao Brasil de Pelotas.</narracao>
    <narracao id="51441" momento="PJ" tempo="0">O maior problema do Juventude são os péssimos resultados fora de casa. Foram sete jogos e seis derrotas. Para a equipe permanecer na zona de classificação para a Copa Sul-Americana, terá que pontuar nas próximas rodadas.</narracao>
    <narracao id="51450" momento="PJ" tempo="0">O provável time do Juventude para o jogo de hoje, é o seguinte: André; Igor, Antônio Carlos e Fabrício; Wellington, Renan, Walker, Alexandre e João Paulo; Leandrinho e Christian.</narracao>
    <narracao id="51451" momento="PJ" tempo="0">O Juventude vem de um empate no Brasileirão: 0 a 0 com o Vasco, em Caxias do Sul.</narracao>
    <narracao id="51452" momento="PJ" tempo="0">Palmeiras x Juventude!!! Um duelo de Alviverdes!!! Que vença o melhor!!!</narracao>
    <narracao id="51454" momento="PJ" tempo="0">É FORÇA DO SUL!!! O Juventude entra em campo!!!</narracao>
    <narracao id="51455" momento="PJ" tempo="0">OLÊ PORCO!!! O Palmeiras entra no gramado!!!</narracao>
    <narracao id="51457" momento="PJ" tempo="0">Os times aquecem no campo!!! Vai começar o jogo!!!</narracao>
    <momento id="51458" momento="1ºT">Primeiro tempo</momento>
    <narracao id="51459" momento="1ºT" tempo="0">COMEÇA O JOGO!!! PALMEIRAS x JUVENTUDE!!!</narracao>
    <narracao id="51461" momento="1ºT" tempo="0">A saída de bola é gaúcha!!!</narracao>
    <video id="51478" momento="1ºT" video="524092"> Veja o vídeo:  0' POR CIMA!!! Leandrinho arrisca o primeiro chute do jogo!</video>
    <cartao id="51463" momento="1ºT" atletaId="12920" tempo="1" ico="/Portal/esportes/temporeal/swf/icos/cartao_amarelo.swf" cor="amarelo">João Paulo - SUJOU!!! Por fazer falta em Paulo Baier, o ala do time gaúcho recebe o amarelo!</cartao>
    <narracao id="51464" momento="1ºT" tempo="2">O Palmeiras joga com camisa verde, calção branco e meião verde! O Juventude atua com camisa branca, calção verde e meião branco!</narracao>
    <narracao id="51466" momento="1ºT" tempo="3">Defesa - É MINHA!!! Michael arrisca o chute da entrada da área! André defende, no meio do gol, com segurança!!!</narracao>
    <narracao id="51468" momento="1ºT" tempo="4">Defesa - PEGUEI!!! Leandrinho, do Juventude, tenta cabecear a bola, dentro da área! Diego faz defesa segura!!!</narracao>
    <video id="51482" momento="1ºT" video="524094"> Veja o vídeo:  4' ELE DE NOVO!!! Leandrinho cabeceia bem! Diego Cavalieri faz a defesa!</video>
    <narracao id="51470" momento="1ºT" tempo="6">O público é bom no Palestra Itália! A torcida apóia o Verdão!!!</narracao>
    <narracao id="51472" momento="1ºT" tempo="6">Defesa - BOA!!! Fabrício solta a bomba, em cobrança de falta! Diego espalma a bola, no canto esquerdo, fazendo grande defesa!!!</narracao>
    <narracao id="51473" momento="1ºT" tempo="8">FALTAS COMETIDAS: 3 pelo Palmeiras, 4 pelo Juventude.</narracao>
    <cartao id="51475" momento="1ºT" atletaId="3871" tempo="8" ico="/Portal/esportes/temporeal/swf/icos/cartao_amarelo.swf" cor="amarelo">Enílton - PUNIDO!!! Por fazer falta em Lauro, o atacante palmeirense recebe o cartão!</cartao>
    <narracao id="51480" momento="1ºT" tempo="10">O Juventude, surpreendentemente, se lança ao ataque no início do jogo!</narracao>
    <narracao id="51481" momento="1ºT" tempo="12">PASSES ERRADOS: 3 do Palmeiras, 6 do Juventude.</narracao>
    <narracao id="51484" momento="1ºT" tempo="14">O Juventude segue melhor em campo!</narracao>
    <narracao id="51486" momento="1ºT" tempo="15">Lance Perigoso - NÃO VALE!!! Christian, impedido, cabeceia forte! Diego faz a defesa! O auxiliar pára o lance, marcando a infração do atacante do Juventude!!!</narracao>
    <narracao id="51488" momento="1ºT" tempo="17">ROUBADAS DE BOLA: 6 pelo Palmeiras, 7 pelo Juventude.</narracao>
    <video id="51503" momento="1ºT" video="524100"> Veja o vídeo:  18' BOA!!! Enílton invade a área e chuta forte! André faz ótima defesa!</video>
    <narracao id="51490" momento="1ºT" tempo="18">Defesa - SENSACIONAL!!! Enílton entra na área e chuta forte! André espalma no susto, fazendo grande defesa!!!</narracao>
    <narracao id="51494" momento="1ºT" tempo="20">O Palmeiras começa a tomar conta da partida! O Juventude vai se complicando nas saídas de bola!</narracao>
    <narracao id="51496" momento="1ºT" tempo="22">TEM QUE SER ASSIM!!! Tite pede que o time do Palmeiras troque passes e evite os lançamentos para o ataque!</narracao>
    <narracao id="51498" momento="1ºT" tempo="23">Lance Feio - MAL!!! Antônio Carlos, livre, tenta cabecear! A bola passa muito longe do gol palmeirense!!!</narracao>
    <narracao id="51500" momento="1ºT" tempo="24">Defesa - BOA!!! Edmundo dá ótimo passe para Michael! O ala-esquerdo entra na área e chuta forte! André sai do gol, fazendo grande defesa!!!</narracao>
    <video id="51515" momento="1ºT" video="524105"> Veja o vídeo:  24' SÃO ANDRÉ!!! O goleiro do Juventude faz ótima defesa, em chute de Michael!</video>
    <narracao id="51504" momento="1ºT" tempo="26">O Palmeiras segue melhor no jogo! A pressão é do time da casa!</narracao>
    <narracao id="51505" momento="1ºT" tempo="28">FINALIZAÇÕES: 4 do Palmeiras, 3 do Juventude.</narracao>
    <narracao id="51508" momento="1ºT" tempo="30">Lance Perigoso - PERDEU!!! Leandrinho cruza rasteiro, da direita! Christian, livre na área, vai marcar! O atacante chuta a bola e carimba Alceu, que salva o Palmeiras!!!</narracao>
    <video id="51521" momento="1ºT" video="524106"> Veja o vídeo:  30' QUASE!!! Christian perde boa chance para o Juventude!</video>
    <narracao id="51512" momento="1ºT" tempo="32">O jogo é equilibrado e de muita marcação!</narracao>
    <narracao id="51513" momento="1ºT" tempo="33">FALTAS COMETIDAS: 15 pelo Palmeiras, 10 pelo Juventude.</narracao>
    <narracao id="51514" momento="1ºT" tempo="35">O Palmeiras vai tocando a bola!</narracao>
    <narracao id="51517" momento="1ºT" tempo="37">Lance Feio - MAL!!! Edmundo arrisca o chute, em cobrança de falta! A bola sobe demais, sem perigo para André!!!</narracao>
    <video id="51543" momento="1ºT" video="524117"> Veja o vídeo:  37' TEM QUE CALIBRAR!!! Edmundo cobra mal a falta!</video>
    <narracao id="51518" momento="1ºT" tempo="39">Os dois times marcam bem! E os goleiros também vão fazendo um bom trabalho!</narracao>
    <narracao id="51522" momento="1ºT" tempo="41">O Juventude vai trocando passes!</narracao>
    <narracao id="51525" momento="1ºT" tempo="43">VAMOS CORRER!!! O juiz apita os lances de muito longe! Os atletas reclamam! </narracao>
    <narracao id="51527" momento="1ºT" tempo="44">O Palmeiras vai pressionando o Juventude, neste fim de primeiro tempo!</narracao>
    <narracao id="51528" momento="1ºT" tempo="45">+1 É o acréscimo da primeira etapa!</narracao>
    <cartao id="51529" momento="1ºT" atletaId="1874" tempo="46" ico="/Portal/esportes/temporeal/swf/icos/cartao_amarelo.swf" cor="amarelo">Juninho Paulista - SUJOU!!! Por fazer falta em João Paulo, o meia palmeirense recebe o amarelo!</cartao>
    <narracao id="51530" momento="1ºT" tempo="47">TERMINA O PRIMEIRO TEMPO!!! 0 A 0!!!</narracao>
    <momento id="51537" momento="I">Show do intervalo</momento>
    <narracao id="51539" momento="I" tempo="0">Em um primeiro tempo equilibrado e de muita marcação, Palmeiras e Juventude ficaram no 0 a 0. Os dois times criaram oportunidades de gol, porém as defesas cumpriram um bom papel, e os goleiros também atuaram com destaque. Na segunda etapa, as equipes devem buscar mais o gol para que, enfim, o zero saia do placar! </narracao>
    <narracao id="51544" momento="I" tempo="0">Os dois times vão voltando para o segundo tempo!</narracao>
    <narracao id="51545" momento="I" tempo="0">As equipes aquecem no gramado! Vai começar a segunda etapa!!!</narracao>
    <video id="51553" momento="I" video="524124"> Veja o vídeo:  0' TEM QUE MOLHAR!!! Edmundo reclama do gramado do estádio Palestra Itália!</video>
    <momento id="51546" momento="2ºT">Segundo tempo</momento>
    <narracao id="51547" momento="2ºT" tempo="0">COMEÇA O SEGUNDO TEMPO!!!</narracao>
    <narracao id="51548" momento="2ºT" tempo="0">A saída de bola é do Palmeiras!!!</narracao>
    <narracao id="51549" momento="2ºT" tempo="1">O Palmeiras vai tocando a bola!</narracao>
    <narracao id="51550" momento="2ºT" tempo="2">O PRIMEIRO DUELO!!! Palmeiras e Juventude se enfrentaram pela primeira vez, em 1995! O placar da partida foi 1 a 1! Antônio Carlos, que hoje atua pelo Juventude, marcou contra, a favor do time gaúcho! Rivaldo fez o gol palmeirense!</narracao>
    <video id="51570" momento="2ºT" video="524126"> Veja o vídeo:  2' E AÍ??? Juninho tenta o chute, cai na área e pede o pênalti!</video>
    <narracao id="51551" momento="2ºT" tempo="4">Lance Perigoso - O Palmeiras começa melhor o segundo tempo! Edmundo divide a bola com o goleiro André! Na sobra, Juninho toca para o gol! Fabrício corta de cabeça, e salva o Juventude!!!</narracao>
    <video id="51572" momento="2ºT" video="524128"> Veja o vídeo:  4' QUASE!!! Fabrício, de cabeça, salva o Juventude!</video>
    <narracao id="51555" momento="2ºT" tempo="6">PRESSÃO TOTAL!!! O Palmeiras vai para cima do Juventude!</narracao>
    <narracao id="51556" momento="2ºT" tempo="8">O Juventude se fecha na defesa!</narracao>
    <narracao id="51557" momento="2ºT" tempo="10">Nervoso, o time gaúcho vai errando muitos passes!</narracao>
    <narracao id="51560" momento="2ºT" tempo="11">Lance Feio - QUE HORROR!!! Juninho Paulista corre pela direita, e tenta cruzar a bola para a área! Ela pega curva e sai pela linha de fundo, longe do gol do Juventude!!!</narracao>
    <video id="51589" momento="2ºT" video="524131"> Veja o vídeo:  12' POR CIMA!!! Paulo Baier arrisca o chute!</video>
    <narracao id="51562" momento="2ºT" tempo="13">PASSES ERRADOS: 30 do Palmeiras, 22 do Juventude.</narracao>
    <cartao id="51564" momento="2ºT" atletaId="12920" tempo="13" ico="/Portal/esportes/temporeal/swf/icos/cartao_vermelho.swf" cor="vermelho">João Paulo - RUA!!! Por colocar a mão na bola, o ala do Juventude recebe o segundo amarelo e é expulso de campo!!!</cartao>
    <video id="51596" momento="2ºT" video="524134"> Veja o vídeo:  13' AO CHUVEIRO!!! João Paulo é expulso de campo!</video>
    <cartao id="51566" momento="2ºT" atletaId="5191" tempo="14" ico="/Portal/esportes/temporeal/swf/icos/cartao_amarelo.swf" cor="amarelo">Renan - SUJOU!!! Por reclamar com o juiz, o meia do time gaúcho recebe o amarelo!</cartao>
    <narracao id="51568" momento="2ºT" tempo="16">Com um homem a mais em campo, o Palmeiras parte para cima do Juventude!</narracao>
    <substituicao id="51621" momento="2ºT" tempo="18" ico="/Portal/esportes/temporeal/swf/icos/substituicao.swf">Juventude faz substituição: entra Éder Ceccon, sai Christian</substituicao>
    <narracao id="51577" momento="2ºT" tempo="19">Lance Perigoso - PERDEU!!! Michael corre pela esquerda, e cruza para trás! Paulo Baier entra na área, chutando forte! A bola sai à direita do gol de André!!!</narracao>
    <video id="51611" momento="2ºT" video="524135"> Veja o vídeo:  19' QUASE!!! Paulo Baier perde boa chance para o Palmeiras!</video>
    <narracao id="51578" momento="2ºT" tempo="21">FINALIZAÇÕES: 12 do Palmeiras, 4 do Juventude.</narracao>
    <narracao id="51582" momento="2ºT" tempo="22">Lance Perigoso - MAL!!! Éder Ceccon puxa o contra-ataque, se enrola com a bola e arrisca o chute da entrada da área! A bola sai, fraca, à esquerda de Diego!!!</narracao>
    <substituicao id="51605" momento="2ºT" tempo="24" ico="/Portal/esportes/temporeal/swf/icos/substituicao.swf">Palmeiras faz substituição: entra Roger, sai Enílton</substituicao>
    <substituicao id="51606" momento="2ºT" tempo="24" ico="/Portal/esportes/temporeal/swf/icos/substituicao.swf">Palmeiras faz substituição: entra Marcinho, sai Marcelo Costa</substituicao>
    <narracao id="51590" momento="2ºT" tempo="26">O Juventude tenta surpreender nos contra-ataques!</narracao>
    <narracao id="51592" momento="2ºT" tempo="28">JOGO AÉREO: 19 do Palmeiras, 12 do Juventude.</narracao>
    <gol id="51597" momento="2ºT" atletaId="11256" tempo="30" escudo="/FlashShow/0,,6595,00.swf" contra="0"> GOL DE ALEXANDRE  GOOOOL!!! É DO JUVENTUDE!!! Alexandre marca!!! Dininho erra o passe para Nen! Alexandre domina a bola, entra na área e enche o pé!!! Diego nada pôde fazer!!! 1 a 0 para o Juventude!!!</gol>
    <video id="51597v" momento="2ºT" video="524141"> Veja o vídeo: Gol de Alexandre.  30' GOOOOL!!! É DO JUVENTUDE!!! Alexandre marca!!! Dininho erra o passe para Nen! Alexandre domina a bola, entra na área e enche o pé!!! Diego nada pôde fazer!!! 1 a 0 para o Juventude!!!</video>
    <gol id="51603" momento="2ºT" atletaId="2633" tempo="31" escudo="/FlashShow/0,,7255,00.swf" contra="0"> GOL DE EDMUNDO  GOOOOL!!! É DO PALMEIRAS!!! Edmundo marca!!! Marcinho faz boa jogada pela direita, e cruza! André sai mal do gol, e Edmundo, livre no meio da área, manda para as redes!!! É o empate do Palmeiras!!! 1 a 1!!!</gol>
    <video id="51603v" momento="2ºT" video="524142"> Veja o vídeo: Gol de Edmundo.  31' GOOOOL!!! É DO PALMEIRAS!!! Edmundo marca!!! Marcinho faz boa jogada pela direita, e cruza! André sai mal do gol, e Edmundo, livre no meio da área, manda para as redes!!! É o empate do Palmeiras!!! 1 a 1!!!</video>
    <substituicao id="51607" momento="2ºT" tempo="33" ico="/Portal/esportes/temporeal/swf/icos/substituicao.swf">Palmeiras faz substituição: entra Rosembrick, sai Michael</substituicao>
    <narracao id="51609" momento="2ºT" tempo="35">PRESSÃO TOTAL!!! O Palmeiras encurrala o Juventude, em busca da virada!</narracao>
    <narracao id="51612" momento="2ºT" tempo="36">Lance Feio - QUE HORROR!!! Alceu arrisca o chute da entrada da área! A bola sobe demais, sem perigo algum para André!!!</narracao>
    <narracao id="51614" momento="2ºT" tempo="38">Defesa - PEGUEI!!! Rosembrick domina a bola na área, e chuta! A bola sai rasteira! André faz a defesa!!!</narracao>
    <narracao id="51615" momento="2ºT" tempo="39">LINHA DE FUNDO: 14 do Palmeiras, 2 do Juventude.</narracao>
    <cartao id="51620" momento="2ºT" atletaId="6356" tempo="39" ico="/Portal/esportes/temporeal/swf/icos/cartao_amarelo.swf" cor="amarelo">Lauro - PUNIDO!!! Por fazer falta em Marcinho, o meia do Juventude recebe o cartão!</cartao>
    <substituicao id="51622" momento="2ºT" tempo="41" ico="/Portal/esportes/temporeal/swf/icos/substituicao.swf">Juventude faz substituição: entra Rafael, sai Alexandre</substituicao>
    <narracao id="51623" momento="2ºT" tempo="41">Lance Feio - RUMO À LUA!!! Roger aproveita uma falha da defesa gaúcha, e tenta o chute! A bola vai muito, muito longe do gol de André!!! Faltou categoria!!!</narracao>
    <narracao id="51624" momento="2ºT" tempo="43">FINALIZAÇÕES: 21 do Palmeiras, 7 do Juventude.</narracao>
    <cartao id="51628" momento="2ºT" atletaId="9711" tempo="44" ico="/Portal/esportes/temporeal/swf/icos/cartao_amarelo.swf" cor="amarelo">Fabrício - SUJOU!!! Por fazer falta em Juninho, o zagueiro do Juventude recebe o amarelo! </cartao>
    <narracao id="51632" momento="2ºT" tempo="45">+3 É o acréscimo do jogo!!!</narracao>
    <narracao id="51635" momento="2ºT" tempo="47">Vai acabar o jogo!!!</narracao>
    <narracao id="51639" momento="2ºT" tempo="48">TERMINA O JOGO!!! PALMEIRAS 1 x 1 JUVENTUDE!!!</narracao>
    <momento id="51641" momento="E">Final de jogo</momento>
    <narracao id="51645" momento="E" tempo="0">Apesar da pressão no segundo tempo, a defesa bobeou e o time do Palmeiras não conseguiu vencer o Juventude. O resultado de 1 a 1 foi justo, devido à luta da equipe gaúcha, que fez um bom primeiro tempo e se superou com um jogador a menos em campo, na etapa final. O Palmeiras foi melhor na partida, mas não conseguiu traduzir o volume de jogo, em gols. Portanto, o empate foi o resultado mais coerente para o duelo de Alviverdes! </narracao>
  </lances>
</lancealance>
