<?xml version="1.0" encoding="UTF-8"?>
<lancealance cobertura="1154" leitura="0">
  <placar>
    <equipe id="001" url="" nome="Brasil" escudo="/FlashShow/0,,9446,00.swf" resultado="0" abreviacao="BRA"/>
    <equipe id="002" url="" nome="França" escudo="/FlashShow/0,,9454,00.swf" resultado="1" abreviacao="FRA"/>
  </placar>
  <lances>
    <narracao id="42466" momento="PJ" tempo="0">Brasil e França se enfrentam às 16h (horário de Brasília), no Commerzbank Arena (Frankfurt), pelas quartas-de-final da Copa do Mundo. Apita o jogo Luis Medina Cantalejo (Espanha). Auxiliado por Victoriano Giraldez (Espanha) e Pedro Medina Hernandez (Espanha).</narracao>
    <momento id="42467" momento="PJ">Pré-jogo</momento>
    <narracao id="42468" momento="PJ" tempo="0">Brasil e França já se enfrentaram 12 vezes, com 5 vitórias da seleção brasileira, 3 vitórias da França e 4 empates. Entretanto, a única vez que o Brasil derrotou a França em Copas do Mundo, aconteceu no Mundial de 1958. Uma goleada por por 5 a 2 nas semifinais.</narracao>
    <narracao id="42469" momento="PJ" tempo="0">As duas equipes já se encontraram em outras três oportunidades em Copas do Mundo. A mais recente aconteceu no Mundial de 1998, quando os franceses derrotaram os brasileiros por 3 a 0 e conquistaram o primeiro e único título mundial. Na Copa de 1986, A França eliminou o Brasil na decisão por pênaltis nas quartas-de-final. O mais recente encontro entre essas duas seleções aconteceu no dia 20 de maio de 2004, em partida amistosa que terminou empatada por 0 a 0.</narracao>
    <narracao id="42470" momento="PJ" tempo="0">O Brasil é a única seleção a disputar todas as Copas do Mundo, 18ª participação. E também a única a conquistar cinco vezes o torneio (1958, 1962, 1970, 1994 e 2002). Contra Gana, a seleção brasileira conseguiu a sua 11ª vitória seguida em Copas do Mundo estabelecendo um recorde. Caso o Brasil vença mais dois jogos, iguala o recorde de todos os tempos de 13 vitórias seguidas em Mundiais, conseguido entre 1958 e 1966.</narracao>
    <narracao id="42471" momento="PJ" tempo="0">A vitória por 3 a 0 contra o Brasil e conseqüentemente a conquista do título mundial em 1998 foi o melhor resultado da França em 11 paticipações em Copas do Mundo. Nas últimas sete partidas, os franceses venceram cinco e empataram duas.</narracao>
    <narracao id="42472" momento="PJ" tempo="0">No Brasil, o zagueiro Juan e o atacante Adriano estão pendurados e se levarem cartão amarelo, desfalcarão o time caso chegue até as semifinais. Com o gol marcado contra Gana, Ronaldo se tornou o maior artilheiro em Copas do Mundo com 15 gols, batendo o recorde que até então pertencia ao alemão Gerd Müller com 14.</narracao>
    <narracao id="42473" momento="PJ" tempo="0">Na França, o atacante Franck Ribery, o volante Patrick Vieira e o meio-campo Zinedine Zidane estão pendurados e se levarem cartão amarelo, desfalcarão o time caso chegue até as semifinais. O goleiro Fabien Barthez disputa a sua 15ª partida em Copas do Mundo, igualando a marca de Maxime Bossis, ex-zagueiro da seleção francesa. O atacante Thierry Henry é o artilheiro do atual elenco com 35 gols.</narracao>
    <narracao id="42474" momento="PJ" tempo="0">Esta será o 20ª partida do técnico Carlos Alberto Parreira em Copas do Mundo, se tornando o segundo técnico da história com mais partidas em Mundiais. O recorde pertence ao alemão Helmut Schon com 25 entre 1966 e 1978.</narracao>
    <video id="42476" momento="PJ" video="494201"> Veja o vídeo:  0' A chegada da seleção brasileira ao estádio.</video>
    <narracao id="42477" momento="PJ" tempo="0">Os jogadores da França terminam o trabalho de aquecimento no gramado, enquanto os jogadores da seleção brasileira já estão no vestiário.</narracao>
    <video id="42478" momento="PJ" video="494213"> Veja o vídeo:  0' O goleiro Júlio César fala sobre as expectativas para o jogo de daqui a pouco contra a França.</video>
    <video id="42479" momento="PJ" video="494214"> Veja o vídeo:  0' Os jogadores de Brasil e França fazem aquecimento no gramado.</video>
    <narracao id="42480" momento="PJ" tempo="0">Os jogadores das duas equipes estão preparados para entrar no gramado.</narracao>
    <narracao id="42481" momento="PJ" tempo="0">Neste momento os jogadores das duas equipes entram em campo e se alinham para a execução dos respectivos hinos nacionais.</narracao>
    <narracao id="42482" momento="PJ" tempo="0">Franz Beckenbauer, Jacques Chirac, Michael Platini,... Personalidades do esporte e do mundo político estão presentes na tribuna de honra do estádio.</narracao>
    <narracao id="42483" momento="PJ" tempo="0">Neste momento o hino nacional brasileiro é executado.</narracao>
    <narracao id="42484" momento="PJ" tempo="0">Neste momento é executado o hino nacional francês.</narracao>
    <narracao id="42485" momento="PJ" tempo="0">Os jogadores se cumprimentam e está tudo pronto para a bola rolar!</narracao>
    <video id="42495" momento="PJ" video="494224"> Veja o vídeo:  0' As seleções de Brasil e França entram em campo.</video>
    <video id="42496" momento="PJ" video="494226"> Veja o vídeo:  0' Os hinos de Brasil e França.</video>
    <momento id="42486" momento="1ºT">Primeiro tempo</momento>
    <narracao id="42487" momento="1ºT" tempo="0">BOLA ROLANDO! Começa Brasil x França.</narracao>
    <narracao id="42488" momento="1ºT" tempo="0">ZIDANE! com menos de um minuto, craque francês ganha dividida de Zé Roberto na intermediária, deixa quatro para trás e lança... A bola se perde no campo de defesa brasileiro.</narracao>
    <video id="42494" momento="1ºT" video="494228"> Veja o vídeo:  0' Começa o jogo!</video>
    <narracao id="42489" momento="1ºT" tempo="1">QUASE! Bola espirrada na área francesa, Ronaldo não consegue dominar.</narracao>
    <narracao id="42490" momento="1ºT" tempo="2">Ronaldinho Gaúcho faz boa jogada, prende bola na entrada da área e consegue a falta...</narracao>
    <narracao id="42491" momento="1ºT" tempo="3">...NA BARREIRA! Juninho Pernambucano cobra falta e ganha o escanteio. Na seqüência a zaga francesa afasta o perigo.</narracao>
    <video id="42500" momento="1ºT" video="494229"> Veja o vídeo:  3' Juninho cobra falta a bola desvia na barreira.</video>
    <narracao id="42492" momento="1ºT" tempo="4">Zidane comete falta em Juninho na intermediária.</narracao>
    <narracao id="42493" momento="1ºT" tempo="4">Juninho cobra falta na área francesa, mas árbitro já parava o lance marcando impedimento do zagueiro Juan.</narracao>
    <video id="42503" momento="1ºT" video="494230"> Veja o vídeo:  5' Juan chuta por cima do gol, mas está impedido.</video>
    <narracao id="42497" momento="1ºT" tempo="7">BELA ARRANCADA! De Zé roberto pela intermediária, mas é desarmado na entrada da meia-lua da granse área francesa.</narracao>
    <narracao id="42498" momento="1ºT" tempo="8">Roberto Carlos ganha o escanteio pela esquerda...</narracao>
    <narracao id="42499" momento="1ºT" tempo="8">... Após a cobrança, Roberto Carlos recebe na ponta e chuta forte, por cima do gol de Barthez.</narracao>
    <video id="42508" momento="1ºT" video="494233"> Veja o vídeo:  8' Roberto Carlos chuta por cima do gol.</video>
    <narracao id="42501" momento="1ºT" tempo="10">UUUUHHH! Ronaldinho Gaúcho cobra falta no segundo pau e Ronaldo cabeceia por cima do gol de Barthez.</narracao>
    <video id="42510" momento="1ºT" video="494234"> Veja o vídeo:  10' Ronaldo cabeceia com perigo.</video>
    <narracao id="42502" momento="1ºT" tempo="11">LUCIO! Zagueiro faz belo desarme e afasta o perigo da área brasileira.</narracao>
    <narracao id="42504" momento="1ºT" tempo="12">Roberto Carlos joga de zagueiro e afasta o perigo na pequena área após chute de Henry.</narracao>
    <narracao id="42505" momento="1ºT" tempo="13">PRESSÃO DA FRANÇA! Na área brasileira. É escanteio...</narracao>
    <narracao id="42506" momento="1ºT" tempo="13">... Zidane cobra e Dida espalma, na seqüência Ribéry chuta por cima do gol.</narracao>
    <narracao id="42507" momento="1ºT" tempo="14">UUUUHHHH! Ronaldo recebe no limite direito da área e cruza rasteiro. Kaká fechava pelo meio, mas não consegue completar para o gol.</narracao>
    <video id="42513" momento="1ºT" video="494235"> Veja o vídeo:  14' Ribéry chuta por cima do gol.</video>
    <video id="42515" momento="1ºT" video="494236"> Veja o vídeo:  14' Ronaldo cruza para Kaká, mas meia não alcança.</video>
    <narracao id="42509" momento="1ºT" tempo="15">Ronaldinho Gaúcho estica bola muito forte para Kaká na direita. Meia não alcança e é tiro de meta para Barthez.</narracao>
    <narracao id="42511" momento="1ºT" tempo="16">Sagnol tenta o cruzamento da direita, a bola vai direto para o gol e Dida faz boa defesa.</narracao>
    <video id="42519" momento="1ºT" video="494237"> Veja o vídeo:  16' Sagnol cruza e Dida defende com segurança.</video>
    <narracao id="42512" momento="1ºT" tempo="17">UUUHHH! Ronaldinho Gaúcho estica boa bola para Ronaldo na velocidade. A zaga francesa se antecipa e sai jogando.</narracao>
    <video id="42521" momento="1ºT" video="494238"> Veja o vídeo:  17' Ronaldinho Gaúcho lança muito forte e Ronaldo não chega.</video>
    <narracao id="42514" momento="1ºT" tempo="19">IMPEDIDO! Sagnol lança Henry, mas atacante francês estava em posição irregular.</narracao>
    <video id="42522" momento="1ºT" video="494243"> Veja o vídeo:  19' Henry é lançado em impedimento.</video>
    <narracao id="42516" momento="1ºT" tempo="21">Escanteio para a França. Malouda cobra e Lucio afasta o perigo...</narracao>
    <narracao id="42517" momento="1ºT" tempo="21">... Na seqüência, Cafu erra o lançamento para Ronaldo, desperdiçando belo contra-ataque.</narracao>
    <narracao id="42518" momento="1ºT" tempo="22">Malouda pedala na frente de Cafu na direita e cruza pela linha de fundo.</narracao>
    <cartao id="42520" momento="1ºT" atletaId="3345" tempo="24" ico="/Portal/esportes/temporeal/swf/icos/cartao_amarelo.swf" cor="amarelo">Cafu - Cafu, lateral-direito do Brasil, é punido após falta dura em Abidal.</cartao>
    <video id="42526" momento="1ºT" video="494244"> Veja o vídeo:  24' Cartão amarelo para Cafu.</video>
    <video id="42530" momento="1ºT" video="494246"> Veja o vídeo:  25' Lucio faz sua primeira falta na Copa.</video>
    <narracao id="42523" momento="1ºT" tempo="26">Zidane cobra falta da intermediária, por cima do gol de Dida.</narracao>
    <video id="42529" momento="1ºT" video="494245"> Veja o vídeo:  26' Zidane cobra falta por cima do gol de Dida.</video>
    <narracao id="42524" momento="1ºT" tempo="27">FRANÇA MELHOR NO JOGO NESTE MOMENTO! roberto cArlos corta a bola no segundo pau e é escanteio. Na seqüência, Gallas cabeceia no primeiro pau e a zaga brasileira afasta o perigo.</narracao>
    <narracao id="42525" momento="1ºT" tempo="28">BELA TABELA! Entre Ronaldinho Gaúcho e Ronaldo na intermediária. Fenômeno recebe na frente e chuta em cima da zaga francesa.</narracao>
    <video id="42533" momento="1ºT" video="494247"> Veja o vídeo:  29' Ronaldo chuta e a bola explode na zaga francesa.</video>
    <narracao id="42527" momento="1ºT" tempo="30">Malouda cobra escanteio da direita e Dida sobe para tirar de soco.</narracao>
    <narracao id="42528" momento="1ºT" tempo="31">ESCANTEIOS: 2 - Brasil / 4 - França</narracao>
    <narracao id="42531" momento="1ºT" tempo="33">Falta cobrada na área brasileira. Thuram cabeceia e a zaga afasta o perigo.</narracao>
    <video id="42536" momento="1ºT" video="494248"> Veja o vídeo:  33' Juan corta lançamento perigoso na área.</video>
    <narracao id="42532" momento="1ºT" tempo="34">A seleção francesa diminui os espaços, dificultando a troca de passes da seleção brasileira.</narracao>
    <video id="42539" momento="1ºT" video="494239"> Veja o vídeo:  35' Kaká lança Ronaldo, mas a zaga francesa corta.</video>
    <narracao id="42534" momento="1ºT" tempo="37">Cafu segura Malouda quase que na entrada da área. É falta para a França...</narracao>
    <narracao id="42535" momento="1ºT" tempo="37">... Zidane cobra na cabeça de Malouda que coloca por cima do gol de Dida.</narracao>
    <video id="42540" momento="1ºT" video="494250"> Veja o vídeo:  37' Malouda cabeceia por cima do gol de Dida.</video>
    <narracao id="42537" momento="1ºT" tempo="40">A SELEÇÃO BRASILEIRA NÃO CONSEGUE JOGAR! Cafu cruza para ninguém da direita e a bola se perde pela linha de fundo.</narracao>
    <narracao id="42538" momento="1ºT" tempo="41">PERIGO! Malouda gira para cima de Lucio, avança e cruza rasteiro. Juan corta para lateral.</narracao>
    <video id="42546" momento="1ºT" video="494251"> Veja o vídeo:  41' Juan corta cruzamento perigoso. </video>
    <cartao id="42541" momento="1ºT" atletaId="44" tempo="44" ico="/Portal/esportes/temporeal/swf/icos/cartao_amarelo.swf" cor="amarelo">Juan - Juan, zagueiro do Brasil, é punido após falta por trás em Vieira.</cartao>
    <video id="42547" momento="1ºT" video="494252"> Veja o vídeo:  44' Juan recebe o cartão amarelo.</video>
    <narracao id="42542" momento="1ºT" tempo="45">ACRÉSCIMOS! Árbitro assinala mais um minuto neste primeiro tempo. Porém, com a seqüência de faltas, acrescentou um minuto.</narracao>
    <video id="42550" momento="1ºT" video="494255"> Veja o vídeo:  46' Ronaldo recebe cartão amarelo.</video>
    <narracao id="42543" momento="1ºT" tempo="46">Henry cobra falta da entrada da meia-lua da grande área e juiz marca toque de mão de Ronaldo.</narracao>
    <cartao id="42544" momento="1ºT" atletaId="1754" tempo="46" ico="/Portal/esportes/temporeal/swf/icos/cartao_amarelo.swf" cor="amarelo">Ronaldo   - Ronaldo, atacante do Brasil, é punido após colocar a mão na bola.</cartao>
    <narracao id="42545" momento="1ºT" tempo="47">Zidane cobra a falta e a bola explode na barreira brasileira. No bate-rebate, a zaga afasta o perigo e o árbitro encerra o primeiro tempo.</narracao>
    <momento id="42548" momento="I">Show do intervalo</momento>
    <narracao id="42549" momento="I" tempo="0">FALTA MOVIMENTAÇÃO! A seleção brasileira está estática em campo e com dificuldades de trocar dois, três passes. Os franceses marcam a saída de bola, diminuem os espaços e dominam a partida.</narracao>
    <video id="42552" momento="I" video="494257"> Veja o vídeo:  0' Melhores momentos do primeiro tempo.</video>
    <momento id="42551" momento="2ºT">Segundo tempo</momento>
    <narracao id="42553" momento="2ºT" tempo="0">BOLA ROLANDO! Para o segundo tempo.</narracao>
    <narracao id="42554" momento="2ºT" tempo="0">Com menos de um minuto neste segundo tempo, Juan comete falta em Zidane...</narracao>
    <narracao id="42555" momento="2ºT" tempo="0">... Zidane cobra na área. Vieira sobe de cabeça e coloca à direita do gol de Dida.</narracao>
    <video id="42559" momento="2ºT" video="494259"> Veja o vídeo:  0' Começa o segundo tempo.</video>
    <narracao id="42556" momento="2ºT" tempo="1">Vieira comete falta dura em Juninho. Árbitro marca, mas ignora o cartão amarelo para o francês.</narracao>
    <video id="42563" momento="2ºT" video="494260"> Veja o vídeo:  1' Henry cabeceia para fora.</video>
    <narracao id="42557" momento="2ºT" tempo="2">UUUHHHH! Zé Roberto cruza bola da direita e Barthez bate-roupa.</narracao>
    <video id="42564" momento="2ºT" video="494261"> Veja o vídeo:  2' Zé Roberto cruza e Barthez espalma.</video>
    <narracao id="42558" momento="2ºT" tempo="3">Juninho Pernambucano tenta jogada com Ronaldo, mas atacante não consegue dominar na entrada da área.</narracao>
    <narracao id="42560" momento="2ºT" tempo="4">Abidal cruza na área e Lucio afasta de cabeça.</narracao>
    <narracao id="42561" momento="2ºT" tempo="7">Escanteio para a França. Juan tira de cabeça na pequena área.</narracao>
    <narracao id="42562" momento="2ºT" tempo="8">IMPEDIDO! Henry conclui para o gol, mas em posição irregular.</narracao>
    <video id="42569" momento="2ºT" video="494262"> Veja o vídeo:  8' Juan corta passe perigoso na área.</video>
    <video id="42570" momento="2ºT" video="494263"> Veja o vídeo:  8' Gol anulado da França.</video>
    <narracao id="42565" momento="2ºT" tempo="10">Kaká perde bola para Thuram na esquerda e arma o contra-ataque francês.</narracao>
    <narracao id="42566" momento="2ºT" tempo="10">BALÃOZINHO! De Zidane em Ronaldo no meio-de-campo.</narracao>
    <gol id="42567" momento="2ºT" atletaId="2179" tempo="11" escudo="/FlashShow/0,,9454,00.swf" contra="0"> GOL DE THIERRY HENRY  Zidane cobra falta da esquerda no segundo pau, ninguém marcou Henry. Atacante só escora para o fundo do gol de Dida!</gol>
    <video id="42567v" momento="2ºT" video="494264"> Veja o vídeo: Gol de Thierry Henry.  11' Zidane cobra falta da esquerda no segundo pau, ninguém marcou Henry. Atacante só escora para o fundo do gol de Dida!</video>
    <narracao id="42568" momento="2ºT" tempo="12">ZIDANE BRINCA NO GRAMADO! Não bastasse o balão em Ronaldo, desta vez foi em Gilberto Silva.</narracao>
    <video id="42574" momento="2ºT" video="494265"> Veja o vídeo:  12' Zidane dá um chapéu em Ronaldo.</video>
    <narracao id="42571" momento="2ºT" tempo="15">UUUUHHHH! Ribéry faz bela jogada sobre a marcação de Lucio e cruza rasteiro na área. A bola desvia em Juan e quase acontece um gol-contra.</narracao>
    <video id="42575" momento="2ºT" video="494267"> Veja o vídeo:  15' Quase gol contra de Juan.</video>
    <video id="42577" momento="2ºT" video="494268"> Veja o vídeo:  17' Sai Juninho entra Adriano.</video>
    <substituicao id="42589" momento="2ºT" tempo="17" ico="/Portal/esportes/temporeal/swf/icos/substituicao.swf">Brasil faz substituição: entra Adriano , sai Juninho Pernambucano</substituicao>
    <narracao id="42573" momento="2ºT" tempo="20">Ronaldo e Gilberto Silva tentam tabelar na entrada da área, mas a zaga francesa faz o desarme.</narracao>
    <video id="42581" momento="2ºT" video="494271"> Veja o vídeo:  20' Kaká toca para Zé Roberto e goleiro defende.</video>
    <narracao id="42576" momento="2ºT" tempo="22">POSSE DE BOLA: 48% - Brasil / 52% - França.</narracao>
    <narracao id="42578" momento="2ºT" tempo="24">QUASE! A França faz o segundo com Ribéry. Dida sai nos pés do atacante e espalma.</narracao>
    <video id="42587" momento="2ºT" video="494273"> Veja o vídeo:  24' Dida corta lançamento perigoso.</video>
    <narracao id="42579" momento="2ºT" tempo="25">OLÉ! Os franceses colocam os brasileiros na roda em Frankfurt.</narracao>
    <narracao id="42580" momento="2ºT" tempo="26">Henry chuta forte de fora da área e Dida defende com segurança.</narracao>
    <video id="42588" momento="2ºT" video="494274"> Veja o vídeo:  26' Henry chuta e dida defende.</video>
    <cartao id="42582" momento="2ºT" atletaId="8110" tempo="28" ico="/Portal/esportes/temporeal/swf/icos/cartao_amarelo.swf" cor="amarelo">Willy Sagnol - Sagnol, lateral-direito da França, é punido é punido após falta dura em Kaká.</cartao>
    <cartao id="42583" momento="2ºT" atletaId="593" tempo="29" ico="/Portal/esportes/temporeal/swf/icos/cartao_amarelo.swf" cor="amarelo">Lúcio - Lucio, zagueiro do Brasil, é punido após carrinho em Zidane.</cartao>
    <video id="42596" momento="2ºT" video="494275"> Veja o vídeo:  29' Lúcio recebe cartão amarelo após carrinho em Zidane.</video>
    <substituicao id="42590" momento="2ºT" tempo="30" ico="/Portal/esportes/temporeal/swf/icos/substituicao.swf">Brasil faz substituição: entra Cicinho, sai Cafu</substituicao>
    <substituicao id="42598" momento="2ºT" tempo="31" ico="/Portal/esportes/temporeal/swf/icos/substituicao.swf">França faz substituição: entra Govou, sai Franck Ribéry</substituicao>
    <video id="42610" momento="2ºT" video="494279"> Veja o vídeo:  31' Sai Cafu entra Cicinho.</video>
    <substituicao id="42591" momento="2ºT" tempo="33" ico="/Portal/esportes/temporeal/swf/icos/substituicao.swf">Brasil faz substituição: entra Robinho, sai Kaká</substituicao>
    <video id="42601" momento="2ºT" video="494276"> Veja o vídeo:  33' Sai Kaká entra Robinho.</video>
    <narracao id="42592" momento="2ºT" tempo="34">PRESSÃO BRASILEIRA EM BUSCA DO EMPATE! Toda a França recuada no campo de defesa.</narracao>
    <substituicao id="42599" momento="2ºT" tempo="35" ico="/Portal/esportes/temporeal/swf/icos/substituicao.swf">França faz substituição: entra Wiltord, sai Malouda</substituicao>
    <video id="42602" momento="2ºT" video="494278"> Veja o vídeo:  35' Robinho chuta para fora.</video>
    <narracao id="42595" momento="2ºT" tempo="36">Henry comete falta em Cicinho no campo de defesa brasileiro.</narracao>
    <narracao id="42597" momento="2ºT" tempo="39">Ronaldo arrisca chute de fora da área. A bola sai à esquerda do gol de Barthez.</narracao>
    <substituicao id="42600" momento="2ºT" tempo="39" ico="/Portal/esportes/temporeal/swf/icos/substituicao.swf">França faz substituição: entra Louis Saha, sai Henry</substituicao>
    <video id="42611" momento="2ºT" video="494281"> Veja o vídeo:  39' Ronaldo chuta para fora.</video>
    <video id="42612" momento="2ºT" video="494282"> Veja o vídeo:  40' Lucio chuta por cima do gol.</video>
    <narracao id="42603" momento="2ºT" tempo="41">UUUUHHHH! Após cobrança de escanteio da esquerda. Lucio pega de primeira no segundo pau. a bola se perde por cima do gol de Barthez.</narracao>
    <cartao id="42604" momento="2ºT" atletaId="7578" tempo="41" ico="/Portal/esportes/temporeal/swf/icos/cartao_amarelo.swf" cor="amarelo">Louis Saha - Louis Saha, atacante francês é punido após toque de mão.</cartao>
    <cartao id="42605" momento="2ºT" atletaId="2182" tempo="42" ico="/Portal/esportes/temporeal/swf/icos/cartao_amarelo.swf" cor="amarelo">Lilian Thuram - Thuram, zagueiro francês, é punido após falta dura em Ronaldo.</cartao>
    <video id="42613" momento="2ºT" video="494283"> Veja o vídeo:  42' Ronaldo sofre falta perigosa perto da grande área.</video>
    <narracao id="42606" momento="2ºT" tempo="43">Ronaldinho Gaúcho cobra falta da entrada da área... Por cima do gol de Barthez.</narracao>
    <narracao id="42607" momento="2ºT" tempo="44">DIDA! Goleiro evita o segundo gol francês no chute de Saha.</narracao>
    <narracao id="42608" momento="2ºT" tempo="45">BARTHEZ! Goleiro evita o gol de empate da seleção no chute de Ronaldo.</narracao>
    <video id="42614" momento="2ºT" video="494284"> Veja o vídeo:  45' Barthez defende chute da intermediária.</video>
    <video id="42615" momento="2ºT" video="494285"> Veja o vídeo:  45' Zé Roberto chuta para fora.</video>
    <video id="42617" momento="2ºT" video="494287"> Veja o vídeo:  47' Barthez corta cruzamento perigoso.</video>
    <narracao id="42609" momento="2ºT" tempo="48">TERMINA O JOGO! ASSIM COMO EM 1998 A FRANÇA ELIMINA O BRASIL DA COPA DO MUNDO!</narracao>
    <momento id="42616" momento="E">Final de jogo</momento>
  </lances>
</lancealance>
