<?xml version="1.0" encoding="UTF-8"?>
<lancealance cobertura="1303" leitura="0">
  <placar>
    <equipe id="001" url="" nome="Goiás" escudo="/FlashShow/0,,7681,00.swf" resultado="2" abreviacao="GOI"/>
    <equipe id="002" url="" nome="Botafogo" escudo="/FlashShow/0,,7240,00.swf" resultado="2" abreviacao="BOT"/>
  </placar>
  <lances>
    <momento id="50760" momento="PJ">Pré-jogo</momento>
    <narracao id="50765" momento="PJ" tempo="0">O jogo desta noite marca a volta de Geninho ao comando do Goiás. Após uma conturbada passagem pelo Corinthians, ele retorna depois da saída do técnico Antônio Lopes, na última segunda-feira.</narracao>
    <narracao id="50768" momento="PJ" tempo="0">O Esmeraldino não vence há sete rodadas e ocupa o 13° lugar na classificação do Brasileiro, com 19 pontos ganhos. Depois da Copa do Mundo, o time tem a pior campanha do campeonato - em seis jogos, marcou apenas dois pontos (quatro derrotas e dois empates). Fabiano, Danilo Portugal e Souza estão de volta, após cumprirem suspensão contra o São Paulo.</narracao>
    <narracao id="50770" momento="PJ" tempo="0">Já o Botafogo está pior na tabela do Brasileirão. Ocupa a zona de rebaixamento, em 17° lugar, com 17 pontos. No último domingo, perdeu para o Palmeiras, por 3 a 1, em pleno Maracanã.</narracao>
    <narracao id="50771" momento="PJ" tempo="0">O técnico Cuca poderá contar com o atacante Jéfferson Feijão que já está com a documentação regularizada. O Glorioso entra em campo com o esquema 4-4-2. Junior César volta ao time para a saída de Alê; Juninho substitui o capitão Scheidt, que ficará parado por 40 dias, devido a uma lesão.</narracao>
    <narracao id="50774" momento="PJ" tempo="0">Quem terá uma nova chance no gol do Botafogo será o goleiro Max. Ele entra no lugar de Lopes, que sofreu uma queimadura no rosto, nos vestiários do Maracanã, após o jogo contra o Palmeiras.</narracao>
    <narracao id="50762" momento="PJ" tempo="0">Quem apita o confronto é o árbitro da FIFA Paulo César Oliveira (SP), auxiliado por Válter José dos Reis (FIFA/SP) e Aline Lopes Lambert (SP).</narracao>
    <narracao id="50759" momento="PJ" tempo="0">O Goiás recebe o Botafogo, às 20h30m (horário de Brasília), no Serra Dourada, pela 17° rodada do Campeonato Brasileiro. Os dois times não estão bem na competição e vem de derrotas no último domingo.</narracao>
    <narracao id="50834" momento="PJ" tempo="0">Harlei, machucado, não defende o gol do Goiás. Calaça veste a camisa 1 do Esmeraldino.</narracao>
    <narracao id="50846" momento="PJ" tempo="0">Os dois times já estão no campo do Serra Dourada!!!</narracao>
    <narracao id="50847" momento="PJ" tempo="0">A BOLA VAI ROLAR PELO BRASILEIRÃO!!!!</narracao>
    <momento id="50848" momento="1ºT">Primeiro tempo</momento>
    <narracao id="50850" momento="1ºT" tempo="0">BOLA ROLANDO NO SERRA DOURADA!!! GOIÁS E BOTAFOGO, BOTAFOGO E GOIÁS!!!!</narracao>
    <narracao id="50852" momento="1ºT" tempo="1">O Goiás já tem o primeiro escanteio do jogo!!!</narracao>
    <narracao id="50853" momento="1ºT" tempo="1">Luciano Almeida cobra, a zaga do Fogão tira!!!</narracao>
    <narracao id="50859" momento="1ºT" tempo="1">Falta de muito longe para o Esmeraldino!!! Luciano Almeida se prepara para cobrar!!!</narracao>
    <narracao id="50861" momento="1ºT" tempo="2">Bateuuuuuuu.... e a bola passa ao lado da trave de Max!!!</narracao>
    <narracao id="50865" momento="1ºT" tempo="4">Goiás mais uma vez no ataque!! Luciano Almeida tenta o cruzamento e a bola bate na mão de Ruy!!!</narracao>
    <narracao id="50868" momento="1ºT" tempo="4">Luciano Almeida cobra a falta rasteira e Claiton tira a bola da área!!!</narracao>
    <narracao id="50871" momento="1ºT" tempo="6">Bola com o Botafogo! O time carioca tenta descer pela lateral esquerda, mas é parado com falta!!</narracao>
    <narracao id="50886" momento="1ºT" tempo="9">No primeiro minuto de jogo, Luciano Almeida cobra falta perigosa para o gol do Fogão!!!</narracao>
    <narracao id="50891" momento="1ºT" tempo="10">Botafogo no ataque!!! Ruy tenta de longe e obriga o goleiro Calaça fazer boa defesa!!!!</narracao>
    <narracao id="50894" momento="1ºT" tempo="12">Botafogo chega mais uma vez ao ataque!! Marcelinho recebe na área do Goiás e chuta cruzado, mas muito fraco. É só tiro de meta.</narracao>
    <narracao id="50896" momento="1ºT" tempo="13">Goiás tenta sair no contra-ataque, mas perde a bola para Joílson que sofre falta de Danilo Portugal. falta para o Botafogo.</narracao>
    <narracao id="50901" momento="1ºT" tempo="14">UHHHHHHH!!!! MUITO PERTO!!!! O zagueiro Juninho cobra a falta que tira tinta da trave esmeraldina!!!!</narracao>
    <gol id="50905" momento="1ºT" atletaId="6852" tempo="15" escudo="/FlashShow/0,,7240,00.swf" contra="0"> GOL DE ZÉ ROBERTO  Contra-ataque fulminante do Botafogo!!!!! Tabelinha Zé Roberto e Reinaldo. O atacante fica na cara do gol e marca o primeiro do Fogão!!!!!!!!!!!!</gol>
    <video id="50905v" momento="1ºT" video="523310"> Veja o vídeo: Gol de Zé Roberto.  15' Contra-ataque fulminante do Botafogo!!!!! Tabelinha Zé Roberto e Reinaldo. O atacante fica na cara do gol e marca o primeiro do Fogão!!!!!!!!!!!!</video>
    <narracao id="50909" momento="1ºT" tempo="17">O Goiás tenta responder, mas a zaga alvinegra tira o perigo!!!</narracao>
    <video id="50914" momento="1ºT" video="523306"> Veja o vídeo:  19' Aos dez minutos de jogo, Ruy arrisca para boa defesa de Calaça!!!</video>
    <narracao id="50919" momento="1ºT" tempo="20">Falta para o Goiás!!! Bola alçada na área, Leonardo ajeita a bola de cabeça para Souza, mas o goleiro Max está esperto e defende.</narracao>
    <narracao id="50924" momento="1ºT" tempo="22">Goiás tenta partir para o ataque!!! Mas Diguinho e Rafael Marques param Souza com falta!!! Pior para Diguinho que sai de maca do campo.</narracao>
    <narracao id="50926" momento="1ºT" tempo="23">Romerito lança a bola na área para ninguém. É só tiro de meta para Max!!!</narracao>
    <video id="50929" momento="1ºT" video="523308"> Veja o vídeo:  24' Aos 14 minutos da primeira etapa, Juninho cobra falta perigosa para o Bota!!!</video>
    <narracao id="50930" momento="1ºT" tempo="25">HORRÍVELLLL!!!! Bola na área do Botafogo, Leonardo cabeceia para trás e Rogério Corrêa isola a bola!!!!</narracao>
    <narracao id="50933" momento="1ºT" tempo="26">Contra-ataque do Fogão. ruy chega pela lateral, mas o pé alto do lateral já está marcado!!!</narracao>
    <video id="50938" momento="1ºT" video="523313"> Veja o vídeo:  28' Welliton cabeceia perigosamente para o Goiás!!!</video>
    <narracao id="50944" momento="1ºT" tempo="29">Falta no capitão do Goiás Romerito!!</narracao>
    <narracao id="50945" momento="1ºT" tempo="30">Já cobrada, o time do Goiás perde a bola e dá o contra-ataque para o Bota.</narracao>
    <narracao id="50954" momento="1ºT" tempo="32">Goiás não consegue furar a marcação do Botafogo!!</narracao>
    <narracao id="50957" momento="1ºT" tempo="33">UHHHHH!!!!!!!! Zé Roberto bate da entrada da área e o goleiro Calaça faz linda defesa!!!!</narracao>
    <video id="50962" momento="1ºT" video="523321"> Veja o vídeo:  35' Aos 25 da primeira etapa, Rogério Corrêa isola a bola!!!</video>
    <narracao id="50967" momento="1ºT" tempo="35">Vítor bate a falta na área do Bota e a zaga alvinegra tira o perigo!!!</narracao>
    <narracao id="50969" momento="1ºT" tempo="36">UHHHHH!!!!!!! Contra-ataque do Fogão. A bola sobra para claiton que chuta uma bomba para nova defesa do goleiro Calaça!!!!!!</narracao>
    <video id="51032" momento="1ºT" video="523340"> Veja o vídeo:  36' Aos 36 minutos da primeira etapa, Claiton obriga Calaça a fazer um milagre!!!</video>
    <narracao id="50970" momento="1ºT" tempo="37">RODRIGO CALAÇA SALVA O GOIÁS MAIS UMA VEZ!!!!</narracao>
    <narracao id="50971" momento="1ºT" tempo="37">O Goiás não desiste!!! Welliton puxa o contra-ataque, encobre o goleiro max que derruba o atacante esmeraldino!!!!!!!!!!</narracao>
    <narracao id="50972" momento="1ºT" tempo="38">PÊNALTIIIIII PARA O GOIÁS!!!!!</narracao>
    <narracao id="50977" momento="1ºT" tempo="38">Muita reclamação dos jogadores do Botafogo!!!!!!</narracao>
    <narracao id="50981" momento="1ºT" tempo="40">Romerito parte para a bola...</narracao>
    <cartao id="50988" momento="1ºT" atletaId="485" tempo="40" ico="/Portal/esportes/temporeal/swf/icos/cartao_amarelo.swf" cor="amarelo">Max - Após a confusão, o goleiro do Botafogo recebe o cartão amarelo.</cartao>
    <gol id="50986" momento="1ºT" atletaId="5035" tempo="40" escudo="/FlashShow/0,,7681,00.swf" contra="0"> GOL DE ROMERITO  ... tá lá!!!!!!!! O capitão do Goiás empata o jogo!!!!!</gol>
    <video id="50986v" momento="1ºT" video="523339"> Veja o vídeo: Gol de Romerito.  40' ... tá lá!!!!!!!! O capitão do Goiás empata o jogo!!!!!</video>
    <narracao id="50993" momento="1ºT" tempo="41">Goiás se anima!!!!! E sua torcida também!!!!</narracao>
    <narracao id="50995" momento="1ºT" tempo="42">No momento só dá Goiás!!!!!</narracao>
    <narracao id="51001" momento="1ºT" tempo="43">Botafogo tenta reagir com Joílson, que puxa o ataque do alvinegro!!!</narracao>
    <narracao id="51006" momento="1ºT" tempo="45">Botafogo chega com perigo!!! Ruy chuta, a bola bate na zaga e vai para escanteio!!!</narracao>
    <video id="51011" momento="1ºT" video="523332"> Veja o vídeo:  45' Aos 33, Zé Roberto dá trabalho para o goleiro Calaça!!!</video>
    <narracao id="51013" momento="1ºT" tempo="46">Paulo César Oliveira apita o final do primeiro tempo!!</narracao>
    <momento id="51014" momento="I">Show do intervalo</momento>
    <narracao id="51016" momento="I" tempo="0">FIM DA PRIMEIRA ETAPA!!! GOIÁS 1 X 1 BOTAFOGO!!!</narracao>
    <narracao id="51018" momento="I" tempo="0">ZÉ ROBERTO MARCOU PARA O BOTAFOGO E ROMERITO EMPATOU PARA O GOIÁS!!!</narracao>
    <narracao id="51038" momento="I" tempo="0">A polêmica do primeiro tempo foi o pênalti discutível marcado para o Goiás!!!!</narracao>
    <narracao id="51053" momento="I" tempo="0">O nome do jogo até agora é o goleiro do Goiás Rodrigo Calaça. O camisa 1 substitui Harlei, machucado, e faz milagre no Serra Dourada!!!!!</narracao>
    <narracao id="51054" momento="I" tempo="0">O capitão do Goiás Romerito diz que time ficou devendo na primeira etapa.</narracao>
    <narracao id="51056" momento="I" tempo="0">JOGOS DAS 19h30m ENCERRADOS: PONTE PRETA 1 X 3 FORTALEZA; VASCO 1 X 2 SÃO CAETANO E SANTA CRUZ 2 X 4 GRÊMIO</narracao>
    <momento id="51057" momento="2ºT">Segundo tempo</momento>
    <narracao id="51058" momento="2ºT" tempo="0">BOLA ROLANDO NO SEGUNDO TEMPO!!! 45 MINUTOS FINAIS!!!</narracao>
    <narracao id="51060" momento="2ºT" tempo="1">Os dois times se estudam no início da segunda etapa.</narracao>
    <gol id="51061" momento="2ºT" atletaId="103" tempo="3" escudo="/FlashShow/0,,7681,00.swf" contra="0"> GOL DE SOUZA  TÁ LÁ!!!!! Luciano Almeida cruza na área do Bota, Welliton desvia de cabeça para trás e Souza completa marcando o segundo do Goiás!!!!!!!!!</gol>
    <video id="51061v" momento="2ºT" video="523361"> Veja o vídeo: Gol de Souza.  3' TÁ LÁ!!!!! Luciano Almeida cruza na área do Bota, Welliton desvia de cabeça para trás e Souza completa marcando o segundo do Goiás!!!!!!!!!</video>
    <cartao id="51063" momento="2ºT" atletaId="5237" tempo="4" ico="/Portal/esportes/temporeal/swf/icos/cartao_amarelo.swf" cor="amarelo">Fabiano - O zagueiro fabiano recebe a punição por falta dura.</cartao>
    <narracao id="51064" momento="2ºT" tempo="6">Botafogo tenta atacar o Goiás, mas pára na marcação esmeraldina!!!</narracao>
    <narracao id="51065" momento="2ºT" tempo="8">Falta para o Bota. Joílson levanta a bola na área, reinaldo cabeceia, mas é só tiro de meta.</narracao>
    <cartao id="51079" momento="2ºT" atletaId="6584" tempo="8" ico="/Portal/esportes/temporeal/swf/icos/cartao_amarelo.swf" cor="amarelo">Danilo Portugal - Falta que pára a jogada do Bota.</cartao>
    <narracao id="51066" momento="2ºT" tempo="9">UHHHHH!!!!! Juninho tenta pelo meio para o Fogão, corta o zagueiro e chuta com perigo para boa defesa de Calaça!!!!</narracao>
    <narracao id="51067" momento="2ºT" tempo="10">Joílson desce pela lateral, cruza para trás para Marcelinho que chuta em cima da zaga do Goiás!!!</narracao>
    <cartao id="51069" momento="2ºT" atletaId="12085" tempo="10" ico="/Portal/esportes/temporeal/swf/icos/cartao_amarelo.swf" cor="amarelo">Hugo Leonardo - Falta e punição para o meia do Goiás.</cartao>
    <gol id="51068" momento="2ºT" atletaId="6852" tempo="11" escudo="/FlashShow/0,,7240,00.swf" contra="0"> GOL DE ZÉ ROBERTO  GOLAÇOOOOO!!!!! Zé Roberto cobra a falta no ângulo do Rodrigo Calaça e empata a partida!!!!</gol>
    <video id="51068v" momento="2ºT" video="523371"> Veja o vídeo: Gol de Zé Roberto.  11' GOLAÇOOOOO!!!!! Zé Roberto cobra a falta no ângulo do Rodrigo Calaça e empata a partida!!!!</video>
    <narracao id="51070" momento="2ºT" tempo="14">Vítor chega pela esquerda e tenta cruzamento. A zaga do Botafogo tira para escanteio.</narracao>
    <narracao id="51073" momento="2ºT" tempo="15">Escanteio para o Goiás. A bola sobra para Hugo Leonardo que cruza para Romerito. Ele cabeceia nas mãos de Max.</narracao>
    <cartao id="51075" momento="2ºT" atletaId="241" tempo="16" ico="/Portal/esportes/temporeal/swf/icos/cartao_amarelo.swf" cor="amarelo">Luciano Almeida - O lateral pára a jogada com falta e é punido!!</cartao>
    <substituicao id="51181" momento="2ºT" tempo="17" ico="/Portal/esportes/temporeal/swf/icos/substituicao.swf">Goiás faz substituição: entra Jhonson, sai Hugo Leonardo</substituicao>
    <narracao id="51081" momento="2ºT" tempo="19">Botafogo ataca pela lateral com Ruy. Ele sofre falta do zagueiro Fabiano.</narracao>
    <narracao id="51087" momento="2ºT" tempo="20">Zé Roberto levanta na área, mas a zaga do Goiás tira o perigo!!</narracao>
    <video id="51090" momento="2ºT" video="523368"> Veja o vídeo:  21' Boa defesa de Calaça aos oito minutos da segunda etapa.</video>
    <narracao id="51091" momento="2ºT" tempo="22">Contra-ataque do Goiás. Romerito tenta avançar, mas a bola já tinha saído pela lateral.</narracao>
    <narracao id="51096" momento="2ºT" tempo="24">Cuca chama Jéfferson Feijão!!!!! Pode ser a estréia dele pelo Bota!!!!</narracao>
    <narracao id="51103" momento="2ºT" tempo="25">Feijão já recebe a bola em sua primeira participação na partida!!!!</narracao>
    <substituicao id="51153" momento="2ºT" tempo="25" ico="/Portal/esportes/temporeal/swf/icos/substituicao.swf">Botafogo faz substituição: entra Jéfferson Feijão, sai Marcelinho</substituicao>
    <narracao id="51106" momento="2ºT" tempo="26">UHHHHH!!!!! Luciano Almeida corta para o meio e chuta forte na trave de Max!!!!!!!!</narracao>
    <narracao id="51108" momento="2ºT" tempo="26">Quase o terceiro do Goiás!!!!!</narracao>
    <video id="51109" momento="2ºT" video="523373"> Veja o vídeo:  27' Max faz boa defesa para o Bota!!!</video>
    <substituicao id="51182" momento="2ºT" tempo="27" ico="/Portal/esportes/temporeal/swf/icos/substituicao.swf">Goiás faz substituição: entra Cléber Gaúcho, sai Romerito</substituicao>
    <narracao id="51114" momento="2ºT" tempo="28">Goiás cobra falta na área do Botafogo, mas a bola passa por todo mundo e o Bota desce no contra-ataque...</narracao>
    <narracao id="51118" momento="2ºT" tempo="28">... Feijão com a bola pelo Bota. A zaga do Goiás aperta e consegue afastar o perigo.</narracao>
    <video id="51121" momento="2ºT" video="523376"> Veja o vídeo:  29' Souza cabeceia com muito perigo para o gol de Max.</video>
    <narracao id="51124" momento="2ºT" tempo="30">Luciano Almeida faz falta dura em Diguinho. O juiz não dá cartão para o jogador do Goiás.</narracao>
    <narracao id="51126" momento="2ºT" tempo="30">Juninho parte para a bola, é de muito longe...</narracao>
    <narracao id="51127" momento="2ºT" tempo="31">UHHHHH!!!!! QUE BOMBA!!!!!! Bela defesa do goleiro Calaça!!!!</narracao>
    <narracao id="51129" momento="2ºT" tempo="31">Mais uma falta para o Botafogo!!! Zé Roberto vai alçar a bola na área...</narracao>
    <narracao id="51130" momento="2ºT" tempo="31">... mas prefere só rolar para Joílson, que bate a bola rente à trave de Calaça!!!!!</narracao>
    <video id="51133" momento="2ºT" video="523379"> Veja o vídeo:  32' Reinaldo cabeceia por cima do gol do Goiás.</video>
    <narracao id="51137" momento="2ºT" tempo="33">Goiás chega com Vítor pela lateral, ele cruza e a zaga tira para escanteio.</narracao>
    <narracao id="51144" momento="2ºT" tempo="36">BOLA NA ÁREA DO BOTA!!! MAIS UM ESCANTEIO PARA O GOIÁS!!!</narracao>
    <narracao id="51148" momento="2ºT" tempo="37">Escanteio cobrado e o Goiás perde a bola.</narracao>
    <substituicao id="51154" momento="2ºT" tempo="38" ico="/Portal/esportes/temporeal/swf/icos/substituicao.swf">Botafogo faz substituição: entra Sérgio Manoel, sai Zé Roberto</substituicao>
    <substituicao id="51155" momento="2ºT" tempo="38" ico="/Portal/esportes/temporeal/swf/icos/substituicao.swf">Botafogo faz substituição: entra Felipe Adão, sai Joílson</substituicao>
    <narracao id="51158" momento="2ºT" tempo="38">Cuca coloca o time do Botafogo para frente!!!!</narracao>
    <narracao id="51162" momento="2ºT" tempo="39">UHHHH!!!! Bola na área do Bota, a zaga tenta fazer a linha de impedimento, erra e Souza tenta de cobertura. Mas é só tiro de meta.</narracao>
    <cartao id="51164" momento="2ºT" atletaId="6540" tempo="39" ico="/Portal/esportes/temporeal/swf/icos/cartao_amarelo.swf" cor="amarelo">Ruy - Por reclamação, Ruy é punido.</cartao>
    <video id="51166" momento="2ºT" video="523388"> Veja o vídeo:  41' Luciano Almeida chuta na trave de Max!!!!</video>
    <video id="51168" momento="2ºT" video="523394"> Veja o vídeo:  42' Aos 30 minutos, Calaça espalma chute de Juninho.</video>
    <narracao id="51170" momento="2ºT" tempo="42">Falta perigosa para o Goiás!!!!!</narracao>
    <video id="51173" momento="2ºT" video="523401"> Veja o vídeo:  43' Aos 31, Joílson é parado por Calaça.</video>
    <narracao id="51177" momento="2ºT" tempo="43">INCRÍVELLLL!!!!! Falta cobrada pelo Goiás, a bola passa no meio da barreira e sobra para Rogério Corrêa que isola a bola, perdendo um gol incrível!!!!</narracao>
    <substituicao id="51183" momento="2ºT" tempo="44" ico="/Portal/esportes/temporeal/swf/icos/substituicao.swf">Goiás faz substituição: entra Nonato, sai Welliton</substituicao>
    <narracao id="51184" momento="2ºT" tempo="45">Paulo César Oliveira informa três minutos de acréscimo!!!!</narracao>
    <narracao id="51188" momento="2ºT" tempo="46">Parte da torcida protesta no Serra Dourada!!!!</narracao>
    <narracao id="51190" momento="2ºT" tempo="46">A torcida grita "Queremos jogador"</narracao>
    <narracao id="51194" momento="2ºT" tempo="47">O Botafogo tenta um último ataque!!!</narracao>
    <narracao id="51197" momento="2ºT" tempo="48">Mas é tarde, Paulo César Oliveira apita o final da partida!!!!</narracao>
    <momento id="51199" momento="E">Final de jogo</momento>
    <narracao id="51200" momento="E" tempo="0">FIM DE JOGO NO SERRA DOURA!!! GOIÁS 2 X 2 BOTAFOGO!!!!</narracao>
    <narracao id="51203" momento="E" tempo="0">O TÉCNICO CUCA, DO BOTAFOGO, RECLAMA MUITO DA ARBITRAGEM DE PAULO CÉSAR OLIVEIRA!!!!</narracao>
  </lances>
</lancealance>
