<?xml version="1.0" encoding="UTF-8"?>
<lancealance cobertura="1126" leitura="0">
  <placar>
    <equipe id="001" url="" nome="Costa Rica" escudo="/FlashShow/0,,9449,00.swf" resultado="1" abreviacao="CTR"/>
    <equipe id="002" url="" nome="Polônia" escudo="/FlashShow/0,,9463,00.swf" resultado="2" abreviacao="POL"/>
  </placar>
  <lances>
    <narracao id="38838" momento="PJ" tempo="0">Costa Rica e Polônia se enfrentam às 11h (horário de Brasília), no Fifa World Cup Stadium (Hannover), pelo Grupo A. Esta será a terceira partida das duas equipes na Copa do Mundo. Apita o jogo Shamsul Maidin (Singapura). Auxiliado por Prachya Permpanich (Tailândia) e Eisa Ghuloum (Emirados Árabes).</narracao>
    <momento id="38839" momento="PJ">Pré-jogo</momento>
    <narracao id="38840" momento="PJ" tempo="0">Costa Rica e Polônia já se enfrentaram em três oportunidades, todas elas partidas amistosas e os poloneses venceram as três. Entretanto, a primeira vez, em 1983, não é considerado uma partida oficial. No último encontro entre essas duas seleções, em 1990, a Polônia venceu por dois a zero.</narracao>
    <narracao id="38841" momento="PJ" tempo="0">Já eliminada do Mundial, a Costa Rica espera se despedir com uma vitória e manter o tabu de nunca ter deixado de vencer em uma Copa do Mundo. o técnico brasileiro Alexandre Guimarães deve repetir a mesma escalação da derrota para o Equador por três a zero.  </narracao>
    <narracao id="38842" momento="PJ" tempo="0">Também eliminada, a Polônia apenas cumpre tabela. O técnico Pawel Janas pode estar deixando o comando da seleção caso aconteça uma nova derrota frente aos costarriquenhos, mas garante que não está se sentindo pressionado. O meia Radoslaw Sobolewski cumpre suspensão e o zagueiro Bartosz Bosacki é dúvida, caso não vá para o jogo, o lateral Mariusz Jop é a opção.</narracao>
    <narracao id="38843" momento="PJ" tempo="0">A Costa Rica está jogando a sua terceira Copa do Mundo, as outras duas foram em 1990 e 2002. Os costarriquenhos perderam os últimos quatro jogos em mundiais. A vitória mais recente em Copas do Mundo aconteceu no jogo de estréia no Mundial da Coréia do Sul/Japão em 2002, dois a zero contra a China. Jamais um jogador costarriquenho foi recebeu cartão vermelho em Mundiais.</narracao>
    <narracao id="38844" momento="PJ" tempo="0">Assim como neste Mundial, a Polônia foi eliminada na fase de grupos na Copa do Mundo de 2002 ficando na última posição. Os poloneses perderam seis dos últimos sete jogos que disputaram em Mundiais. A última vitória aconteceu contra os Estados Unidos, três a um, em 2002. Também não marcam em sete dos últimos nove jogos que disputaram em Mundiais.</narracao>
    <narracao id="38845" momento="PJ" tempo="0">Na Costa Rica, Danny Fonseca, Luis Marin e Mauricio Solis estão prontos para o jogo. O atacante Paul Wanchope, maior artilheiro da Costa Rica com 45 gols, se tornou o primeiro costarriquenho a fazer dois gols em uma partida de Copa do Mundo, foi na derrota para a Alemanha por quatro a dois. Junto com Ronald Gomez também está marcado na história do país por ter feito mais de um gol em uma Copa do Mundo.</narracao>
    <narracao id="38846" momento="PJ" tempo="0">Na Polônia, Ebi Smolarek, Artur Boruc e Jacek Krzynowek estão prontos para o jogo. Curiosamente, o técnico Pawel Janas, na sua época de jogador, jogou todos os sete jogos que a Polônia disputou na Copa do Mundo de 1982.</narracao>
    <narracao id="38859" momento="PJ" tempo="0">Neste momento as duas equipes entram no gramado e se alinham para a execução dos respectivos hinos nacionais.</narracao>
    <narracao id="38864" momento="PJ" tempo="0">Os jogadores se cumprimentam e está tudo pronto para a bola rolar.</narracao>
    <video id="38888" momento="PJ" video="486038"> Veja o vídeo:  0' VÍDEO: O hino nacional da Costa Rica.</video>
    <video id="38889" momento="PJ" video="486040"> Veja o vídeo:  0' VÍDEO: O hino da Polônia.</video>
    <momento id="38866" momento="1ºT">Primeiro tempo</momento>
    <narracao id="38869" momento="1ºT" tempo="0">BOLA ROLANDO EM HANNOVER! Começa Costa Rica x Polônia.</narracao>
    <video id="38895" momento="1ºT" video="486043"> Veja o vídeo:  0' VÍDEO: Começa Costa Rica x Polônia.</video>
    <narracao id="38871" momento="1ºT" tempo="1">Miroslaw Szymkowiak já tenta o primeiro lançamento para a ponta esquerda, Badilla se antecipa na jogada e corta para o meio-de-campo.</narracao>
    <narracao id="38873" momento="1ºT" tempo="1">Smolarek comete a primeira falta do jogo em Centeno, na intermediária da Costa Rica.</narracao>
    <narracao id="38875" momento="1ºT" tempo="2">Costa Rica com dificuldades de sair para o jogo. Os poloneses marcam a saída de bola.</narracao>
    <narracao id="38878" momento="1ºT" tempo="4">Wanchope arrisca chute fraco de fora da área. Boruc defende sem dificuldades.</narracao>
    <narracao id="38879" momento="1ºT" tempo="5">Cobrança de lateral rápida na direita para Jelen. Lateral avança na linha de fundo e ganha o escanteio...</narracao>
    <narracao id="38881" momento="1ºT" tempo="6">... Escanteio para a Polônia no segundo pau. O zagueiro Bartosz Bosacki tenta de cabeça, mas não alcança a bola.</narracao>
    <narracao id="38883" momento="1ºT" tempo="7">Arkadiusz Radomski comete falta em Centeno na intermediária da Polônia. Gómez solta a bomba, a bola desvia na barreira e sai para escanteio...</narracao>
    <narracao id="38885" momento="1ºT" tempo="8">... Escanteio para a Costa Rica. Centeno cobra no primeiro pau e Umana desvia de cabeça pela linha de fundo.</narracao>
    <narracao id="38887" momento="1ºT" tempo="10">A Costa Rica começa a sair para o jogo. Bola da direita na área polonesa, Gomez escora de cabeça pela linha de fundo.</narracao>
    <video id="38909" momento="1ºT" video="486057"> Veja o vídeo:  10' VÍDEO: Cabeçada de Gómez passa perto do gol polonês.</video>
    <narracao id="38891" momento="1ºT" tempo="12">Jelen avança pela direita e cruza da linha de fundo e ganha o escanteio...</narracao>
    <narracao id="38893" momento="1ºT" tempo="12">... Bola na área da Costa Rica, a zaga se antecipa e corta para a intermediária.</narracao>
    <cartao id="38899" momento="1ºT" atletaId="12129" tempo="16" ico="/Portal/esportes/temporeal/swf/icos/cartao_amarelo.swf" cor="amarelo">Umana - Umana, zagueiro da Costa Rica, é punido após falta em Jelen na ponta esquerda.</cartao>
    <narracao id="38900" momento="1ºT" tempo="16">Lance Perigoso - Maciej Zurawski cobra falta direta, a  bola sai com perigo, por cima do gol de Porras.</narracao>
    <cartao id="38902" momento="1ºT" atletaId="12175" tempo="17" ico="/Portal/esportes/temporeal/swf/icos/cartao_amarelo.swf" cor="amarelo">Radomski - Radomski, meia da Polônia, é punido após falta dura em Solis.</cartao>
    <video id="38916" momento="1ºT" video="486065"> Veja o vídeo:  17' VÍDEO: Zurawski cobra falta por cima do gol de Porras.</video>
    <narracao id="38904" momento="1ºT" tempo="19">Michal Zewlakow avança pela esquerda e cruza da linha de fundo... Para ninguém. É tiro de meta para o goleiro Porras.</narracao>
    <narracao id="38905" momento="1ºT" tempo="20">Gonzalez comete falta dura em Zurawski na direita do meio-de-campo.</narracao>
    <narracao id="38907" momento="1ºT" tempo="21">Lance Perigoso - Escanteio da direita para a Polônia. Porras sai mal do gol, a bola sobra para Bak. Lateral tenta o chute, mas é desarmado.</narracao>
    <cartao id="38911" momento="1ºT" atletaId="2418" tempo="23" ico="/Portal/esportes/temporeal/swf/icos/cartao_amarelo.swf" cor="amarelo">Jacek Bak - Bak, lateral da polônia, é punido após falta dura em Wanchope na entrada da área.</cartao>
    <gol id="38913" momento="1ºT" atletaId="2697" tempo="23" escudo="/FlashShow/0,,9449,00.swf" contra="0"> GOL DE RONALD GÓMEZ  GOOOOOOL! Ronald Gómez cobra falta soltando a bomba de canhota. A bola passa no meio da barreira polonesa e o goleiro Boruc não pode fazer nada. </gol>
    <video id="38913v" momento="1ºT" video="486076"> Veja o vídeo: Gol de Ronald Gómez.  23' GOOOOOOL! Ronald Gómez cobra falta soltando a bomba de canhota. A bola passa no meio da barreira polonesa e o goleiro Boruc não pode fazer nada. </video>
    <narracao id="38918" momento="1ºT" tempo="26">Jervis Drummond comete pé alto no campo de defesa da Costa Rica e árbitro pára o lance marcando a falta.</narracao>
    <narracao id="38920" momento="1ºT" tempo="28">Jacek Krzynowek cruza bola da esquerda, mas a zaga corta de cabeça.</narracao>
    <cartao id="38922" momento="1ºT" atletaId="2402" tempo="28" ico="/Portal/esportes/temporeal/swf/icos/cartao_amarelo.swf" cor="amarelo">Michal Zewlakow - Zewlakow, zagueiro da Polônia, é punido após falta dura em Bolanos.</cartao>
    <narracao id="38923" momento="1ºT" tempo="29">Lance Perigoso - Smolarek recebe belo lançamento sozinho na área, mas não consegue dominar e perde a chance do empate.</narracao>
    <video id="38957" momento="1ºT" video="486089"> Veja o vídeo:  29' VÍDEO: Miroslaw Szymkowiak chuta forte e a defesa corta.</video>
    <narracao id="38925" momento="1ºT" tempo="31">Wanchope recebe cruzamento rasteiro da direita na entrada da área, mas chuta fraco e Boruc defende sem dificuldades.</narracao>
    <video id="38943" momento="1ºT" video="486085"> Veja o vídeo:  31' VÍDEO: Wanchope chuta fraco para adefesa de Boruc.</video>
    <gol id="38929" momento="1ºT" atletaId="12617" tempo="32" escudo="/FlashShow/0,,9463,00.swf" contra="0"> GOL DE BARTOSZ BOSACKI  GOOOOOL! Após cobrança de escanteio da esquerda de Maciej Zurawski, o goleiro Porras sai mal e sofre a falta. Árbitro não marca e Bosacki escora para empatar em Hannover!</gol>
    <video id="38929v" momento="1ºT" video="486086"> Veja o vídeo: Gol de Bartosz Bosacki.  32' GOOOOOL! Após cobrança de escanteio da esquerda de Maciej Zurawski, o goleiro Porras sai mal e sofre a falta. Árbitro não marca e Bosacki escora para empatar em Hannover!</video>
    <narracao id="38932" momento="1ºT" tempo="35">FINALIZAÇÕES: 6 - Costa Rica / 2 - Polônia.</narracao>
    <narracao id="38934" momento="1ºT" tempo="36">Jelen tenta tabela com Zurawski na entrada da área, mas Drummond chega para cortar e goleiro Porras faz a defesa. jogadores poloneses reclamam recuo de bola, mas árbitro corretamente manda seguir o jogo.</narracao>
    <narracao id="38936" momento="1ºT" tempo="38">Jacek Krzynowek faz bela jogada pela esquerda, chega na linha de fundo e ganha o escanteio...</narracao>
    <narracao id="38937" momento="1ºT" tempo="38">... Bola na área da Costa Rica, no bate-rebate a zaga consegue chutar para a lateral.</narracao>
    <narracao id="38939" momento="1ºT" tempo="39">Radomscki cruza bola da esquerda na área, Marin se antecipa e corta para escanteio...</narracao>
    <narracao id="38940" momento="1ºT" tempo="39">... Bola na área da Costa Rica, a zaga afasta para o meio. Zewlakow pega o rebote e Porras defende sem dificuldades.</narracao>
    <video id="38958" momento="1ºT" video="486092"> Veja o vídeo:  41' VÍDEO: Wanchope é lançado, mas Boruc se antecipa.</video>
    <narracao id="38945" momento="1ºT" tempo="42">Lance Bonito - Zurawski recebe belo lançamento de Jelen na velocidade, corta um, dois jogadores costarriquenhos... Mas na hora de chutar para o gol é desarmado.</narracao>
    <video id="38959" momento="1ºT" video="486095"> Veja o vídeo:  42' VÍDEO: Jacek Krzynowek chuta forte e a defesa corta.</video>
    <narracao id="38947" momento="1ºT" tempo="43">Ireneusz Jelen cruza rasteiro do lado esquerd na área da Costa Rica. Smolarek se estica todo, mas não consegue chegar na bola.</narracao>
    <narracao id="38948" momento="1ºT" tempo="44">ACRÉSCIMOS! Árbitro assinala mais dois minutos neste primeiro tempo.</narracao>
    <narracao id="38950" momento="1ºT" tempo="45">Lance Perigoso - UUUHHHH! Após cobrança de falta ensaiada, Gómez chuta forte de fora da área e a bola desvia na zaga polonesa.</narracao>
    <video id="38964" momento="1ºT" video="486111"> Veja o vídeo:  45' VÍDEO: Gómez, atacante da Costa Rica, chuta forte de fora da área.</video>
    <cartao id="38952" momento="1ºT" atletaId="10633" tempo="46" ico="/Portal/esportes/temporeal/swf/icos/cartao_amarelo.swf" cor="amarelo">Marín - Marín, lateral da Costa Rica, é punido após puxar Jelen pela camisa.</cartao>
    <narracao id="38954" momento="1ºT" tempo="47">Lance Perigoso - Jacek Krzynowek cobra falta da ponta direita e Porras espalma para escanteio. Na seqüência, árbitro encerra o primeiro tempo.</narracao>
    <cartao id="38956" momento="1ºT" atletaId="2697" tempo="47" ico="/Portal/esportes/temporeal/swf/icos/cartao_amarelo.swf" cor="amarelo">Ronald Gómez - Ronald Gómez, Atacante da Costa Rica, é punido após reclamar com o árbitro ni fim deste primeiro tempo.</cartao>
    <video id="38966" momento="1ºT" video="486115"> Veja o vídeo:  47' VÍDEO: Porras defende cobrança de falta de Jacek Krzynowek.</video>
    <momento id="38960" momento="I">Show do intervalo</momento>
    <narracao id="38962" momento="I" tempo="0">A Polônia teve mais posse de bola e dominou a maior parte deste primeiro tempo. Porém, quem abriu o placar foi a Costa Rica, após bela cobrança de falta de Gómez aos 24 minutos. Os poloneses não sentiram o gol e continuaram em cima dos costarriquenhos que, postados na defesa, tentavam sair nos contra ataques. Aos 32, Zurawski cobra escanteio do lado esquerdo, Porras sai mal e sofre falta. Árbitro não marca nada e Bosacki completa para empatar o jogo. </narracao>
    <video id="38982" momento="I" video="486120"> Veja o vídeo:  0' VÍDEO: Os melhores momentos do primeiro tempo de Costa Rica x Polônia.</video>
    <momento id="38967" momento="2ºT">Segundo tempo</momento>
    <narracao id="38971" momento="2ºT" tempo="0">BOLA ROLANDO EM HANNOVER! Começa o segundo tempo de Costa Rica 1 x 1 Polônia.</narracao>
    <substituicao id="39059" momento="2ºT" tempo="0" ico="/Portal/esportes/temporeal/swf/icos/substituicao.swf">Polônia faz substituição: entra Brozek, sai Zurawski</substituicao>
    <narracao id="38975" momento="2ºT" tempo="1">Smolarek sofre falta de González na direita, que já foi cobrada rápidamente.</narracao>
    <narracao id="38976" momento="2ºT" tempo="2">Lance Perigoso - Jelen chuta forte de direita, da entrada da meia-lua da grand área. A bola sai à esquerda do gol de Porras.</narracao>
    <video id="39016" momento="2ºT" video="486143"> Veja o vídeo:  2' VÍDEO: Jelen chuta forte de fora da área.</video>
    <narracao id="38978" momento="2ºT" tempo="3">González cruza da esquerda no segundo pau para Wanchope. Atacante tenta a cabeçada, mas se atrapalha com a bola.</narracao>
    <narracao id="38979" momento="2ºT" tempo="4">Bolaños recebe belo lançamento na área, tenta encobrir Boruc, mas goleiro salta para fazer a defesa.</narracao>
    <narracao id="38980" momento="2ºT" tempo="4">Smolarek arrisca um chutaço da intermediária. A bola se perde por cima do gol de Porras.</narracao>
    <video id="39022" momento="2ºT" video="486145"> Veja o vídeo:  4' VÍDEO: Bolanõs é lançado, mas não consegue dominar a bola.</video>
    <video id="39023" momento="2ºT" video="486147"> Veja o vídeo:  5' VÍDEO: Miroslaw Szymkowiak chuta por cima do gol.</video>
    <narracao id="38984" momento="2ºT" tempo="6">Bolaños tenta tabela com Drummond no lado direito, mas é desarmado.</narracao>
    <narracao id="38985" momento="2ºT" tempo="7">Smolarek chuta fraco da entrada da área e Porras cai para fazer a defesa.</narracao>
    <narracao id="38987" momento="2ºT" tempo="8">Lance Bonito - Jelen arranca desde o meio-campo, faz fila nazaga da Costa Rica mas... Sofre o desarme na hora do passe para Brozek.</narracao>
    <narracao id="38988" momento="2ºT" tempo="9">Marcin Baszczynski cruza bola do lado direito na linha de fundo. Marín corta para a lateral.</narracao>
    <cartao id="38991" momento="2ºT" atletaId="8945" tempo="10" ico="/Portal/esportes/temporeal/swf/icos/cartao_amarelo.swf" cor="amarelo">Badilla - Badilla, zagueiro da Costa Rica, é punido após falta dura na intermediária.</cartao>
    <narracao id="38992" momento="2ºT" tempo="11">Centeno levanta bola da direita na área procurando Wanchope. Marcin Baszczynski se antecipa e corta de cabeça.</narracao>
    <narracao id="38997" momento="2ºT" tempo="13">Lance Bonito - Wanchope dá um chapéu em Smolarek na entrada da área e na hora de finalizar a jogada é desarmado por Radomski.</narracao>
    <cartao id="38999" momento="2ºT" atletaId="12164" tempo="15" ico="/Portal/esportes/temporeal/swf/icos/cartao_amarelo.swf" cor="amarelo">Baszczynski - Marcin Baszczynski, zagueiro da Polônia é punido após falta dura na intermediária em Wanchope.</cartao>
    <video id="39039" momento="2ºT" video="486160"> Veja o vídeo:  15' VÍDEO: Wanchope cabeceia para fora.</video>
    <narracao id="39000" momento="2ºT" tempo="16">Lance Bonito - Na entrada da área Centeno domina com a canhota, tira Miroslaw Szymkowiak dá jogada e chuta forte de direita. A bola sai com perigo, pela linha de fundo.</narracao>
    <substituicao id="39060" momento="2ºT" tempo="18" ico="/Portal/esportes/temporeal/swf/icos/substituicao.swf">Polônia faz substituição: entra Lewandowski, sai Radomski</substituicao>
    <narracao id="39009" momento="2ºT" tempo="19">Lance Perigoso - Jacek Krzynowek chuta forte de fora da área e Porras espalma para escanteio...</narracao>
    <video id="39037" momento="2ºT" video="486158"> Veja o vídeo:  19' VÍDEO: Jacek Krzynowek chuta forte de fora da área e Porras espalma para escanteio.</video>
    <gol id="39011" momento="2ºT" atletaId="12617" tempo="20" escudo="/FlashShow/0,,9463,00.swf" contra="0"> GOL DE BARTOSZ BOSACKI  ... GOOOOL! Após cobrança de escanteio da direita, Bosacki sobe de cabeça no segundo pau e coloca a Polônia em vantagem!</gol>
    <video id="39011v" momento="2ºT" video="486157"> Veja o vídeo: Gol de Bartosz Bosacki.  20' ... GOOOOL! Após cobrança de escanteio da direita, Bosacki sobe de cabeça no segundo pau e coloca a Polônia em vantagem!</video>
    <substituicao id="39055" momento="2ºT" tempo="24" ico="/Portal/esportes/temporeal/swf/icos/substituicao.swf">Costa Rica faz substituição: entra Wallace, sai Jervis Drummond</substituicao>
    <narracao id="39030" momento="2ºT" tempo="27">Brozek comete falta em Umana no campo de defesa da Costa Rica. Puxa a camisa do adversáario e árbitro ignora o cartão amarelo para o polonês.</narracao>
    <narracao id="39031" momento="2ºT" tempo="28">Solis recebe excelente bola na área, mata com a direita, gira e tenta toque para Wanchope... Mas é desarmado.</narracao>
    <video id="39058" momento="2ºT" video="486170"> Veja o vídeo:  29' VÍDEO: Solis chuta e a bola explode na zaga.</video>
    <cartao id="39035" momento="2ºT" atletaId="5504" tempo="30" ico="/Portal/esportes/temporeal/swf/icos/cartao_amarelo.swf" cor="amarelo">Leonardo González - González, lateral da Costa Rica, é punido após atingir Smolarek com uma entrada por trás.</cartao>
    <substituicao id="39056" momento="2ºT" tempo="32" ico="/Portal/esportes/temporeal/swf/icos/substituicao.swf">Costa Rica faz substituição: entra Saborio, sai Bolaños</substituicao>
    <narracao id="39045" momento="2ºT" tempo="35">FALTAS COMETIDAS: 12 - Costa Rica / 18 - Polônia.</narracao>
    <narracao id="39048" momento="2ºT" tempo="35">Gómez cobra falta da intermediária. A bola explode na barreira e a zaga corta para a lateral.</narracao>
    <substituicao id="39057" momento="2ºT" tempo="36" ico="/Portal/esportes/temporeal/swf/icos/substituicao.swf">Costa Rica faz substituição: entra Hernandez, sai Ronald Gómez</substituicao>
    <video id="39084" momento="2ºT" video="486180"> Veja o vídeo:  37' VÍDEO: Wanchope tem gol anulado.</video>
    <video id="39086" momento="2ºT" video="486182"> Veja o vídeo:  38' VÍDEO: Boruc defende bela cabeçada.</video>
    <substituicao id="39061" momento="2ºT" tempo="39" ico="/Portal/esportes/temporeal/swf/icos/substituicao.swf">Polônia faz substituição: entra Rasiak, sai Smolarek</substituicao>
    <narracao id="39063" momento="2ºT" tempo="40">Rasiak entra duro em Solis, mas árbitro faz vista grossa e não marca a falta.</narracao>
    <narracao id="39066" momento="2ºT" tempo="41">Lance Perigoso - Rasiak ganha bola na esquerda e cruza para a área. Brozek tenta de peixinho, mas não alcança.</narracao>
    <narracao id="39068" momento="2ºT" tempo="42">Centeno estica para Wanchope na linha de fundo. Atacante consegue evitar a saída de bola, mas árbitro marca tiro de meta para o goleiro Boruc.</narracao>
    <video id="39087" momento="2ºT" video="486187"> Veja o vídeo:  42' VÍDEO: Brozek tenta de peixinho, mas não alcança a bola.</video>
    <narracao id="39073" momento="2ºT" tempo="44">Lance Perigoso - Jelen arranca pela direita e cruza da linha de fundo. Marcin Baszczynski escora na área e Brozek completa fraquinho de cabeça. Porras defende com segurança.</narracao>
    <video id="39089" momento="2ºT" video="486188"> Veja o vídeo:  44' VÍDEO: Brozek cabeceia e goleiro defende.</video>
    <narracao id="39075" momento="2ºT" tempo="45">Lance Feio - Hernandez cobra muito mal a falta da intermediária. A bola se perde por cima do gol de Boruc.</narracao>
    <narracao id="39077" momento="2ºT" tempo="46">ACRÉSCIMOS! Árbitro assinala mais três minutos neste primeiro tempo.</narracao>
    <narracao id="39079" momento="2ºT" tempo="47">Hernandez entra duro em Marcin Baszczynski no lado direito do meio-de-campo.</narracao>
    <narracao id="39083" momento="2ºT" tempo="48">FIM DE JOGO EM HANNOVER! As duas seleções completam suas respectivas participações na Copa do Mundo da Alemanha. Melhor para a Polônia, que venceu, garantindo o emprego do técnico Pavel Janas. Já a Costa Rica se despede com três derrotas e o técnico brasileiro Alexandre Guimarães segue ameaçado.</narracao>
    <momento id="39090" momento="E">Final de jogo</momento>
  </lances>
</lancealance>
