<?xml version="1.0" encoding="UTF-8"?>
<lancealance cobertura="1205" leitura="0">
  <placar>
    <equipe id="001" url="" nome="Flamengo" escudo="/FlashShow/0,,13453,00.swf" resultado="2" abreviacao="FLA"/>
    <equipe id="002" url="" nome="Vasco" escudo="/FlashShow/0,,13442,00.swf" resultado="0" abreviacao="VAS"/>
  </placar>
  <lances>
    <narracao id="45446" momento="PJ" tempo="0">Flamengo e Vasco entram em campo às 21h45m para decidir a Copa do Brasil 2006.</narracao>
    <momento id="45447" momento="PJ">Pré-jogo</momento>
    <narracao id="45452" momento="PJ" tempo="0">O atacante Edílson, maior esperança de gols para o time do Vasco no primeiro jogo decisão, disse que vai comemorar normalmente seus gols. O jogador já atuou pelo clube da Gávea, mas não vê problema algum em festejar com seus companheiros, caso balance a rede no clássico.</narracao>
    <narracao id="45453" momento="PJ" tempo="0">Em seus tempos de jogador, Renato ficava ansioso nas vésperas dos jogos, mas sabia que, dentro de campo, ele poderia resolver os problemas do time. Agora no papel de treinador, ele revela que o nervosismo é muito maior e admite que vem sendo difícil colocar a cabeça no travesseiro e pegar no sono.</narracao>
    <narracao id="45454" momento="PJ" tempo="0">Cerca de 50 torcedores compareceram ao treino do Vasco desta terça fazendo bastante barulho. Foram instaladas duas caixas de som em um tripé na arquibancada atrás do gol. Um DJ comandou a festa da torcida tocando de funk a hip hop e pagode.</narracao>
    <narracao id="45455" momento="PJ" tempo="0">Com 16 títulos em sua carreira, o atacante Luizão tem consciência de que tem estrela quando chega o momento de decidir uma competição. Garantido no time rubro-negro que enfrentará o Vasco, o jogador espera levantar a sua 17ª taça.</narracao>
    <narracao id="45457" momento="PJ" tempo="0">Desde que chegou ao Flamengo, Ney Franco comandou o time em nove partidas. Foram quatro vitórias, dois empates e três derrotas. As partidas desta quarta-feira e da próxima, pela final da Copa do Brasil, serão as mais importantes desta pequena história do treinador no Flamengo.</narracao>
    <narracao id="45459" momento="PJ" tempo="0">O técnico do Flamengo, Ney Franco, admite que está ansioso com a decisão. O  treinador reconhece a importância de um título nacional para o clube, 14 anos depois da última conquista (o título brasileiro de 92), ainda mais se a conquista acontecer sobre o Vasco, maior rival do Rubro-Negro.</narracao>
    <narracao id="45461" momento="PJ" tempo="0">O torcedor do Flamengo ficará ainda mais orgulhoso nesta quarta-feira à noite. Um dos patrocinadores do clube produziu uma enorme bandeira, que é considerada a maior do mundo, e homenageará os rubro-negros no Maracanã. A bandeira gigante tem 120 metros de largura por 42 metros de altura (totalizando 5.040 metros quadrados).</narracao>
    <narracao id="45462" momento="PJ" tempo="0">No Flamengo, Ronaldo Angelim, Juan e Renato estão pendurados com dois cartões amarelos. No Vasco, são quatro os pendurados, sendo que dois deles, são os principais jogadores do time: Morais e Edílson. Wágner Diniz e Fábio Braz também estão com dois cartões amarelos. Em entrevista ao programa Redação Sportv, Leonardo Gaciba afirmou que não economizará nos cartões.</narracao>
    <narracao id="45463" momento="PJ" tempo="0">Foi preciso mais de um século para que o duelo de maior rivalidade do Rio de Janeiro pudesse decidir uma competição nacional. Essa é a primeira final entre os dois times decidindo uma competição com clubes de outros estados.</narracao>
    <narracao id="45466" momento="PJ" tempo="0">Na hora da decisão, vale tudo para levantar a taça. Vasco e Flamengo vivem os momentos que antecedem a primeira partida da final da Copa do Brasil, nesta quarta-feira, às 21h45, no Maracanã. Na Colina, os dirigentes baixaram algumas normas e foi proíbido o uso de celulares. Além disso, os jornais foram filtrados pela assessoria de imprensa. Na Gávea, nada muito pesado. Os celulares estão desligados desde às 19h10m. </narracao>
    <narracao id="45502" momento="PJ" tempo="0">MENGÃO NO GRAMADO DO MARACANÃ!</narracao>
    <narracao id="45504" momento="PJ" tempo="0">O VASCO ENTRA EM CAMPO!</narracao>
    <narracao id="45507" momento="PJ" tempo="0">Muita gente no gramado do Maracanã! O jogo já está cinco minutos atrasado.</narracao>
    <momento id="45510" momento="1ºT">Primeiro tempo</momento>
    <narracao id="45511" momento="1ºT" tempo="1">BOLA ROLANDO NO MARACANÃ!</narracao>
    <narracao id="45515" momento="1ºT" tempo="3">Flamengo troca passes no campo de ataque. O Vasco está recuado.</narracao>
    <narracao id="45518" momento="1ºT" tempo="4">Léo Moura domina na entrada da área, tenta tabela com Renato Augusto, mas Andrade aparece bem para cortar o passe.</narracao>
    <narracao id="45520" momento="1ºT" tempo="6">POR POUCO! Edílson desce pelo lado direito, chega bem à linha de fundo e cruza rasteiro. O atacante Valdiram aparece para concluir, mas é travado por Renato Silva!</narracao>
    <narracao id="45521" momento="1ºT" tempo="6">Luizão recebe na ponta esquerda e tenta cruzamento para a área do Vasco. O goleiro Cássio sai bem e recupera.</narracao>
    <narracao id="45524" momento="1ºT" tempo="7">MAAAL! O lateral Juan domina na entrada da área e arrisca. O chute sai muito ruim e a bola vai longe do gol de Cássio.</narracao>
    <narracao id="45527" momento="1ºT" tempo="9">UUUUUH! Andrade cobra falta de muito longe e solta a bomba. A bola desvia na zaga e sai rente à trave do gol de Diego!</narracao>
    <narracao id="45528" momento="1ºT" tempo="10">PASSES ERRADOS: Flamengo 6 - Vasco 6</narracao>
    <narracao id="45531" momento="1ºT" tempo="12">FALTA PERIGOSA PARA O VASCO! Morais desce pelo lado esquerdo e é derrubado por Jônatas. O árbitro marca a falta e é chance de cruzamento para a área do Flamengo.</narracao>
    <narracao id="45532" momento="1ºT" tempo="13">TIRA A ZAGA! Ramon cobra a falta para a área do Fla e o zagueiro Renato Silva aparece bem para cortar.</narracao>
    <narracao id="45534" momento="1ºT" tempo="15">JOGO PARADO! O lateral Diego sofreu uma entrada dura de Toró e está caído no gramado recebendo atendimento médico...</narracao>
    <narracao id="45537" momento="1ºT" tempo="16">... O jogador foi retirado de maca e a bola rola novamente.</narracao>
    <narracao id="45539" momento="1ºT" tempo="18">Luizão recebe de Toró na entrada da área, de costas para o gol, e é desarmado por Jorge Luiz.</narracao>
    <narracao id="45541" momento="1ºT" tempo="20">Ronaldo Angelim desce pelo lado esquerdo e cruza muito mal. A bola sai direto pela linha de fundo.</narracao>
    <narracao id="45544" momento="1ºT" tempo="22">Juan recebe de Léo Moura na lateral esquerda, tenta passar por Wágner Diniz, mas acaba desarmado.</narracao>
    <narracao id="45546" momento="1ºT" tempo="23">Jônatas recebe no meio, faz boa jogada individual e rola para Renato Augusto na área do Vasco. O passe é muito forte e a zaga chega antes.</narracao>
    <narracao id="45548" momento="1ºT" tempo="24">FALTAS COMETIDAS: Flamengo 6 - Vasco 3</narracao>
    <narracao id="45551" momento="1ºT" tempo="26">Renato recebe na intermediária de ataque, tabela com Luizão e invade a área do Vasco. O meia tenta a finalização, mas Jorge Luiz chega antes e corta para escanteio...</narracao>
    <narracao id="45552" momento="1ºT" tempo="27">... Após cobrança de escanteio para a área do Vasco, o goleiro Cássio sai bem do gol e tira de soco.</narracao>
    <cartao id="45554" momento="1ºT" atletaId="2725" tempo="28" ico="/Portal/esportes/temporeal/swf/icos/cartao_amarelo.swf" cor="amarelo">Ramon - Meia comete falta dura em Juan e é punido com o cartão amarelo.</cartao>
    <narracao id="45556" momento="1ºT" tempo="29">Renato Augusto recebe no lado esquerdo de ataque, dá um bonito giro na marcação e chega à linha de fundo. O zagueiro Fábio Braz chega bem e corta para escanteio...</narracao>
    <narracao id="45558" momento="1ºT" tempo="30">... POR CIMA! Após cobrança de escanteio para a área do Vasco, o zagueiro Ronaldo Angelim sobe bem, mas testa por cima do gol de Cássio.</narracao>
    <narracao id="45561" momento="1ºT" tempo="32">UUUUUUUH! O lateral Juan chega bem na ponta esquerda e descola cruzamento para a área. O atacante Luizão aparece bem e testa rente à trave de Cássio!</narracao>
    <narracao id="45563" momento="1ºT" tempo="33">POR POUCO! Renato desarma Fábio Braz no campo de ataque rubro-negro e rola para Renato Augusto na entrada da área. O meia ajeita para chute de primeira de Juan. A bola sai por muito pouco!</narracao>
    <narracao id="45564" momento="1ºT" tempo="35">FINALIZAÇÕES: Flamengo 3 - Vasco 2.</narracao>
    <narracao id="45566" momento="1ºT" tempo="36">FALTA PERIGOSA PARA O VASCO! O meia Morais recebe na ponta esquerda e é derrubado por Jônatas. Chance de cruzamento para a área do Flamengo...</narracao>
    <narracao id="45568" momento="1ºT" tempo="37">... POR CIMA! O meia Ramon cobra a falta direto para o gol e manda por cima do gol de Diego.</narracao>
    <cartao id="45570" momento="1ºT" atletaId="6839" tempo="39" ico="/Portal/esportes/temporeal/swf/icos/cartao_amarelo.swf" cor="amarelo">Andrade - Meia dá entrada dura em Renato e é punido com o cartão amarelo.</cartao>
    <narracao id="45572" momento="1ºT" tempo="40">Toró recebe passe na ponta direita e cruza para trás. Luizão tenta finalização de voleio. A bola desvia na zaga e sai pela linha de fundo...</narracao>
    <narracao id="45574" momento="1ºT" tempo="41">... POR CIMA! Após cobrança de escanteio para a área do Vasco, o atacante Luizão sobe bem e testa por cima do gol de Cássio.</narracao>
    <narracao id="45576" momento="1ºT" tempo="43">Jônatas recebe de Léo Moura na entrada da área do Vasco e arrisca. O chute é forte, mas a bola sai por cima do gol.</narracao>
    <narracao id="45578" momento="1ºT" tempo="44">ESCANTEIOS: Flamengo 6 - Vasco 1 </narracao>
    <narracao id="45581" momento="1ºT" tempo="46">TERMINA O PRIMEIRO TEMPO!</narracao>
    <momento id="45582" momento="I">Show do intervalo</momento>
    <narracao id="45584" momento="I" tempo="0">Edílson: "Se agente ficar rifando a bola vai ser o jogo que o Flamengo quer".</narracao>
    <narracao id="45585" momento="I" tempo="0">Andrade: "Temos que marcar a saída de bola do Flamengo"</narracao>
    <narracao id="45586" momento="I" tempo="0">Toró: "No segundo tempo o Flamengo vai aproveitar melhor as chances"</narracao>
    <narracao id="45587" momento="I" tempo="0">O jogo foi equilibrado no primeiro tempo. Os dois times parecem preocupados em sair para o ataque e demonstram cautela. O Flamengo tem mais a posse de bola, enquanto o Vasco está recuado e buscando surpreender nos contra-ataques. O SEGUNDO TEMPO PROMETE!</narracao>
    <momento id="45590" momento="2ºT">Segundo tempo</momento>
    <narracao id="45592" momento="2ºT" tempo="1">BOLA ROLANDO PARA O SEGUNDO TEMPO!</narracao>
    <narracao id="45595" momento="2ºT" tempo="2">Renato recebe de Léo Moura na intermediária de ataque e arrisca de longe. A bola sai à direita do gol de Cássio.</narracao>
    <cartao id="45597" momento="2ºT" atletaId="6723" tempo="3" ico="/Portal/esportes/temporeal/swf/icos/cartao_amarelo.swf" cor="amarelo">Ives - Meia reclama com o árbitro e é punido com o cartão amarelo.</cartao>
    <narracao id="45599" momento="2ºT" tempo="4">Valdiram recebe lançamento longo e domina na ponta direita. O atacante tenta passar por Renato Silva, mas o zagueiro corta para escanteio...</narracao>
    <narracao id="45600" momento="2ºT" tempo="5">... SAIU! Após cobrança de escanteio para a área do Flamengo, o goleiro Diego sai bem e recupera.</narracao>
    <narracao id="45602" momento="2ºT" tempo="6">Ives invade a área do Fla pelo lado direito e tenta cruzamento rasteiro. O zagueiro Fernando aparece bem e corta.</narracao>
    <narracao id="45606" momento="2ºT" tempo="7">Renato cobra falta de muito longe e solta a bomba. O chute é forte, mas a bola sai por cima do gol de Cássio.</narracao>
    <substituicao id="45648" momento="2ºT" tempo="9" ico="/Portal/esportes/temporeal/swf/icos/substituicao.swf">Vasco faz substituição: entra Abedi, sai Ramon</substituicao>
    <narracao id="45610" momento="2ºT" tempo="10">SENTIU! O zagueiro Renato Silva sente uma contusão e cai no gramado do Maracanã. Não dá mais para ele!</narracao>
    <substituicao id="45633" momento="2ºT" tempo="11" ico="/Portal/esportes/temporeal/swf/icos/substituicao.swf">Flamengo faz substituição: entra Obina, sai Renato Silva</substituicao>
    <narracao id="45615" momento="2ºT" tempo="12">Renato Augusto recebe na ponta esquerda e cruza. O goleiro Cássio falha, mas Renato não aproveita e perde grande chance para o Fla!</narracao>
    <gol id="45616" momento="2ºT" atletaId="3464" tempo="14" escudo="/FlashShow/0,,13453,00.swf" contra="0"> GOL DE OBINA  É GOOOOOOOOOOOOOOOOOOOOOOOOOOOOOOOOOOOOOOOOOOOL! Após cobrança de escanteio, a zaga vascaína corta para o meio da área e o atacante emenda de primeira. A bola entra no ângulo!</gol>
    <gol id="45620" momento="2ºT" atletaId="1876" tempo="17" escudo="/FlashShow/0,,13453,00.swf" contra="0"> GOL DE LUIZÃO  É GOOOOOOOOOOOOOOOOOOOOOOOOOOOL! Léo Moura recebe na ponta direita e descola cruzamento para a área. O atacante aparece bem no segundo pau e testa para o fundo da rede vascaína. O FLAMENGO FAZ 2 A 0!</gol>
    <narracao id="45623" momento="2ºT" tempo="19">QUE CHANCE! O meia Abedi invade a área pelo lado esquerdo e tenta driblar Diego. O goleiro sai muito bem do gol e salva o Flamengo!</narracao>
    <narracao id="45624" momento="2ºT" tempo="21">Obina recebe no lado esquerdo de ataque e descola o cruzamento. A bola passa perto de Luizão, mas o atacante não alcança!</narracao>
    <narracao id="45627" momento="2ºT" tempo="24">FALTA PERIGOSA PARA O VASCO! O atacante Valdiram recebe na entrada da área e é derrubado por Fernando.</narracao>
    <narracao id="45629" momento="2ºT" tempo="24">NA TRAVE!!!! O meia Andrade cobra a falta e solta a boma com o peito do pé. A bola explode no travessão de Diego!</narracao>
    <substituicao id="45634" momento="2ºT" tempo="26" ico="/Portal/esportes/temporeal/swf/icos/substituicao.swf">Flamengo faz substituição: entra Júnior, sai Toró</substituicao>
    <substituicao id="45635" momento="2ºT" tempo="26" ico="/Portal/esportes/temporeal/swf/icos/substituicao.swf">Flamengo faz substituição: entra Rodrigo Arroz, sai Renato Augusto</substituicao>
    <narracao id="45636" momento="2ºT" tempo="26">Andrade desce pelo lado esquerdo e é derrubado por Júnior. O árbitro marca a falta e é chance de cruzamento para a área do Fla.</narracao>
    <cartao id="45639" momento="2ºT" atletaId="5782" tempo="27" ico="/Portal/esportes/temporeal/swf/icos/cartao_amarelo.swf" cor="amarelo">Júnior - Meia comete falta em Andrade e é punido com o cartão amarelo.</cartao>
    <narracao id="45640" momento="2ºT" tempo="28">PARA FORA! Andrade tenta direto para o gol e manda à esquerda.</narracao>
    <cartao id="45642" momento="2ºT" atletaId="3863" tempo="29" ico="/Portal/esportes/temporeal/swf/icos/cartao_amarelo.swf" cor="amarelo">Ronaldo Angelim - Zagueiro comete falta dura e é punido com o cartão amarelo.</cartao>
    <narracao id="45646" momento="2ºT" tempo="31">Obina recebe bom passe de Jônatas e apoia pelo lado direito. O atacante tenta cruzamento para Luizão, mas o zagueiro Jorge Luiz corta.</narracao>
    <substituicao id="45649" momento="2ºT" tempo="33" ico="/Portal/esportes/temporeal/swf/icos/substituicao.swf">Vasco faz substituição: entra Ernane, sai Valdiram</substituicao>
    <narracao id="45651" momento="2ºT" tempo="35">Juan recebe de Rodrigo Arroz na ponta esquerda e cruza. O atacante Luizão aparece bem no segundo pau, mas cruza quando deveria chutar. A zaga vascaína afasta.</narracao>
    <narracao id="45653" momento="2ºT" tempo="36">PASSES ERRADOS: Flamengo 26 - Vasco 33</narracao>
    <narracao id="45657" momento="2ºT" tempo="37">Juan recebe ótimo lançamento de Jônatas e domina na ponta esqueda. O lateral tenta chegar à linha de fundo, mas acaba desarmado por Fábio Braz.</narracao>
    <narracao id="45663" momento="2ºT" tempo="39">Edílson recebe de Wágner Diniz na ponta direita e cruza rasteiro. O zagueiro Fernando dá um carrinho o corta para o Fla.</narracao>
    <narracao id="45665" momento="2ºT" tempo="41">FALTAS COMETIDAS: Flamengo 22 - Vasco 9</narracao>
    <narracao id="45666" momento="2ºT" tempo="42">POR CIMA! O meia Andrade cobra falta da intermediária e solta a bomba. A bola sai por cima do gol de Diego!</narracao>
    <narracao id="45668" momento="2ºT" tempo="44">MAIS TRÊS! O árbitro aponta três minutos de acréscimo no segundo tempo.</narracao>
    <narracao id="45670" momento="2ºT" tempo="45">Juan desce pela ponta esquerda e cruza. O goleiro Cássio sai muito bem do gol e defende.</narracao>
    <narracao id="45672" momento="2ºT" tempo="48">TERMINA A PARTIDA!!!!!!!!!!!!!!!!!!!</narracao>
    <momento id="45673" momento="E">Final de jogo</momento>
  </lances>
</lancealance>
