<?xml version="1.0" encoding="UTF-8"?>
<lancealance cobertura="1118" leitura="0">
  <placar>
    <equipe id="001" url="" nome="Itália" escudo="/FlashShow/0,,9459,00.swf" resultado="1" abreviacao="ITA"/>
    <equipe id="002" url="" nome="Estados Unidos" escudo="/FlashShow/0,,9453,00.swf" resultado="1" abreviacao="EUA"/>
  </placar>
  <lances>
    <narracao id="38036" momento="PJ" tempo="0">Itália e Estados Unidos se enfrentam às 16h (horário de Brasília), no Fritz-Walter Stadion, em Kaiserslautern, pelo grupo E. Este é o segundo jogo das duas equipes nesta primeira fase. Apita Jorge Larrionda (URU), auxiliado por Walter Rial (URU) e Pablo Fandino (URU).</narracao>
    <momento id="38037" momento="PJ">Pré-jogo</momento>
    <narracao id="38038" momento="PJ" tempo="0">Estas equipes já se enfrentaram sete vezes ao longo da história, com cinco vitórias para os italianos e dois empates. Em Mundiais, já se enfrentaram duas vezes e os dois jogos aconteceram em Roma, capital italiana. Em 1934, A Azzurra goleou por 7 a 1 e em 1990, graças a um gol de Giuseppe Gianini, meia-atacante do Roma na época, os italianos venceram por um a zero. O último jogo entre as duas seleções aconteceu em 2002, um amistoso que a Itália venceu por um a zero, gol de Alessandro Del Piero. </narracao>
    <narracao id="38040" momento="PJ" tempo="0">Os Estados Unidos precisam de uma vitória para continuar na briga por uma vaga nas oitavas-de-final, já que perderam na estréia para a República Tcheca. O técnico Bruce Arena deve escalar o atacante Eddie Johnson no ataque ao lado de Brian McBride. Landon Donovan volta ao meio-de-campo ao lado de John O'Brien.</narracao>
    <narracao id="38041" momento="PJ" tempo="0">Os Estados Unidos faz parte de um seleto grupo de sete seleções que vém disputando regularmente todos os Mundiais desde 1990. O zagueiro Oguchi Onyewu e o capitão Claudio Reyna estão pendurados com cartão amarelo e caso sejam punidos, terão que cumprir suspensão automática contra Gana.</narracao>
    <narracao id="38042" momento="PJ" tempo="0">O veterano atacante Brian McBride pode se tornar o primeiro americano a marcar em três Mundiais diferentes e o volante Pablo Mastroeni, caso os Estados Unidos derrotem a Itália, completará a sua qüinquagésima vitória pela seleção.</narracao>
    <narracao id="38039" momento="PJ" tempo="0">A Itália não se classifica para a próxima fase mesmo se vencer os Estados Unidos, pois a República Tcheca perdeu para Gana por dois a zero. Gianluca Zambrotta pode ser a novidade no time. O lateral está recuperado de contusão e poderá estrear na Copa. Zaccardo ou Grosso, um destes deve começar no banco. Totti e Gattuso sentiram o joelho e a perna respectivamente, mas não devem ser problemas para a partida.</narracao>
    <narracao id="38043" momento="PJ" tempo="0">Na Azzurra, os volantes Daniele De Rossi e Mauro Camoranesi, além do atacante Vincenzo Iaquinta estão pendurados com cartão amarelo e caso sejam punidos na partida de hoje, terão que cumprir suspensão automática contra a República Tcheca.</narracao>
    <narracao id="38044" momento="PJ" tempo="0">O atacante Filippo Inzaghi pode completar sua qüinquagésima vitória pela seleção italiana. Com 32 anos, já marcou 21 gols em 49 jogos pela Azzurra e de quebra, pode se tornar o segundo jogador italiano mais velho a marcar em uma Copa do Mundo. O recorde pertence a Daniele Massaro, ex-atacante do Milan, que no Mundial de 1994 estava com 33 anos.</narracao>
    <video id="38045" momento="PJ" video="484080"> Veja o vídeo:  0' VÍDEO: A estréia dos Estados Unidos na Copa 2006.</video>
    <video id="38046" momento="PJ" video="484078"> Veja o vídeo:  0' VÍDEO: A estréia da Itália na Copa 2006.</video>
    <narracao id="38047" momento="PJ" tempo="0">Neste momento as duas equipes netram no gramado do Fritz-Walter Stadion.</narracao>
    <narracao id="38048" momento="PJ" tempo="0">Jogadores das duas equipes perfilados para a execução dos respectivos hinos nacionais.</narracao>
    <video id="38056" momento="PJ" video="484115"> Veja o vídeo:  0' VÍDEO: Os hinos de Estados Unidos e Itália.</video>
    <momento id="38049" momento="1ºT">Primeiro tempo</momento>
    <narracao id="38050" momento="1ºT" tempo="0">BOLA ROLANDO! Começa Itália e Estados Unidos.</narracao>
    <narracao id="38051" momento="1ºT" tempo="0">Com menos de um minuto árbitro já marca duas faltas para a Itália.</narracao>
    <video id="38057" momento="1ºT" video="484116"> Veja o vídeo:  0' VÍDEO: Começa Itália x Estados Unidos.</video>
    <narracao id="38052" momento="1ºT" tempo="1">Lance Perigoso - Perrotta cruza bola da direita na cabeça de Luca Toni. Atacante não alcança e a bola se perde pelo lado esquerdo do campo de defesa americano.</narracao>
    <narracao id="38053" momento="1ºT" tempo="4">Luca Toni sofre falta de Onyewu no meio-de-campo.</narracao>
    <video id="38069" momento="1ºT" video="484122"> Veja o vídeo:  4' VÍDEO: Cartão amarelo para Totti, meia da Itália.</video>
    <cartao id="38054" momento="1ºT" atletaId="2246" tempo="5" ico="/Portal/esportes/temporeal/swf/icos/cartao_amarelo.swf" cor="amarelo">Francesco Totti - Totti, meia da Itália, é punido após falta dura em Dempsey.</cartao>
    <narracao id="38055" momento="1ºT" tempo="5">Com cinco minutos, sete faltas e um cartão amarelo.</narracao>
    <narracao id="38058" momento="1ºT" tempo="7">Cruzamento da direita na área italiana. Donovan tromba com Zaccardo, cai e pede o pênalti. Árbitro manda seguir o jogo.</narracao>
    <narracao id="38059" momento="1ºT" tempo="9">Os Estados Unidos pressionam os italianos em seu campo de defesa.</narracao>
    <video id="38070" momento="1ºT" video="484124"> Veja o vídeo:  9' VÍDEO: Gilardino é lançado, mas está impedido.</video>
    <narracao id="38060" momento="1ºT" tempo="11">Convey cruza rastiero da direita. A zaga italiana afasta o perigo.</narracao>
    <narracao id="38061" momento="1ºT" tempo="11">Pirlo lança Luca Toni na frente. Atacante tenta passar por Onyewu, mas é desarmado na área americana.</narracao>
    <narracao id="38062" momento="1ºT" tempo="12">Lance Bonito - Zambrotta arranca desde o seu campo de defesa e é parado com falta por Convey...</narracao>
    <video id="38071" momento="1ºT" video="484126"> Veja o vídeo:  12' VÍDEO: Gilardino, atacante da Itália, cabeceia com perigo.</video>
    <narracao id="38063" momento="1ºT" tempo="13">Lance Perigoso - ... Falta cobrada na área dos Estados Unidos. Gilardino escora de cabeça e a bola sai pela linha de fundo.</narracao>
    <narracao id="38064" momento="1ºT" tempo="14">FALTA PERIGOSA PARA OS ESTADOS UNIDOS! Nesta derruba Convey na entrada da área...</narracao>
    <narracao id="38065" momento="1ºT" tempo="14">... Convey cobra de canhota, a bola desvia na barreira e sai para escanteio...</narracao>
    <narracao id="38066" momento="1ºT" tempo="15">... Convey cobra escanteio da esquerda no segundo pau e a zaga italiana afasta o perigo.</narracao>
    <video id="38075" momento="1ºT" video="484127"> Veja o vídeo:  15' VÍDEO: Convey, meio-campo dos Estados Unidos, chuta com perigo, por cima do gol de Buffon.</video>
    <narracao id="38067" momento="1ºT" tempo="16">Lance Perigoso - SÓ DÁ CONVEY! Após cruzamento da direita de Dempsey, a bola sobra para o meio-campo na pequena área que chuta por cima do gol de Buffon.</narracao>
    <narracao id="38068" momento="1ºT" tempo="17">Lance Perigoso - Mastroeni recebe na entrada da área italiana, gira e chuta de direita. A bola sai rasteira, à direita do gol de Buffon.</narracao>
    <video id="38077" momento="1ºT" video="484130"> Veja o vídeo:  17' VÍDEO: Dempsey, meio-campo dos Estados Unidos, chuta com perigo.</video>
    <cartao id="38072" momento="1ºT" atletaId="2536" tempo="20" ico="/Portal/esportes/temporeal/swf/icos/cartao_amarelo.swf" cor="amarelo">Pope - Pope, zagueiro dos Estados Unidos, é punido após falta dura em Gilardino.</cartao>
    <gol id="38073" momento="1ºT" atletaId="7697" tempo="21" escudo="/FlashShow/0,,9459,00.swf" contra="0"> GOL DE ALBERTO GILARDINO  Após cobrança de falta de Pirlo pela direita, Gilardino mergulha de peixinho e abre o placar para os italianos!</gol>
    <video id="38073v" momento="1ºT" video="484135"> Veja o vídeo: Gol de Alberto Gilardino.  21' Após cobrança de falta de Pirlo pela direita, Gilardino mergulha de peixinho e abre o placar para os italianos!</video>
    <narracao id="38074" momento="1ºT" tempo="22">Reyna cruza bola da direita na área para Donovan. Atacante não alcança e Buffon tira de soco.</narracao>
    <narracao id="38076" momento="1ºT" tempo="25">Perrotta comete falta em Mastroeni na direita. Na seqüência, Convey inverte o jogo e erra o passe.</narracao>
    <gol id="38078" momento="1ºT" atletaId="11146" tempo="26" escudo="/FlashShow/0,,9453,00.swf" contra="1"> GOL CONTRA DE CRISTIAN ZACCARDO  Após cobrança de falta de Convey da direita, Zaccardo fura a bola e joga contra sua própria meta.</gol>
    <video id="38078v" momento="1ºT" video="484137"> Veja o vídeo: Gol contra de Cristian Zaccardo.  26' Após cobrança de falta de Convey da direita, Zaccardo fura a bola e joga contra sua própria meta.</video>
    <cartao id="38079" momento="1ºT" atletaId="5733" tempo="27" ico="/Portal/esportes/temporeal/swf/icos/cartao_vermelho.swf" cor="vermelho">Daniele De Rossi - De Rossi, volante italiano, é expulso direto. Por uma cotovelada criminosa em McBride.</cartao>
    <video id="38087" momento="1ºT" video="484138"> Veja o vídeo:  28' VÍDEO: De Rossi, volante da Itália, é expulso após cotovelada em McBride.</video>
    <narracao id="38080" momento="1ºT" tempo="30">Lance Perigoso - UUUHHHHH! Após receber belo passe de Pirlo na área, Luca Toni chuta muito mal de canhota, pela linha de fundo.</narracao>
    <narracao id="38081" momento="1ºT" tempo="31">Lance Perigoso - Escanteio para os Estados Unidos. Bocanegra sobe de cabeça e coloca por cima do gol de Buffon.</narracao>
    <video id="38097" momento="1ºT" video="484139"> Veja o vídeo:  32' VÍDEO: Bocanegra, zagueiro dos Estados Unidos, cabeceia por cima do gol de Buffon.</video>
    <narracao id="38082" momento="1ºT" tempo="33">Pope comete falta em Luca Toni no campo de defesa da Itália.</narracao>
    <substituicao id="38124" momento="1ºT" tempo="35" ico="/Portal/esportes/temporeal/swf/icos/substituicao.swf">Itália faz substituição: entra Gattuso, sai Totti</substituicao>
    <narracao id="38085" momento="1ºT" tempo="36">FALTAS COMETIDAS: 7 - Itália / 13 - Estados Unidos.</narracao>
    <narracao id="38086" momento="1ºT" tempo="37">Nesta arrisca lançamento para Luca Toni no campo de ataque. A bola sai muito forte e se perde pela lateral.</narracao>
    <narracao id="38088" momento="1ºT" tempo="39">Reyna comete falta em Gattuso.</narracao>
    <narracao id="38089" momento="1ºT" tempo="39">FINALIZAÇÕES: 3 - Itália / 4 - Estados Unidos.</narracao>
    <narracao id="38090" momento="1ºT" tempo="40">Onyewu lança McBride na ponta esquerda. Nesta chega na cobertura e recomeça para a Azzurra.</narracao>
    <narracao id="38091" momento="1ºT" tempo="41">Lance Perigoso - CHUTAÇO! Mastroeni arrisca com o pé direito da intermediária. A bola sai com perigo, por cima do gol de Buffon.</narracao>
    <video id="38099" momento="1ºT" video="484151"> Veja o vídeo:  41' VÍDEO: Mastroeni, zagueiro dos Estador Unidos, chuta com perigo de fora da área.</video>
    <narracao id="38092" momento="1ºT" tempo="42">Lance Perigoso - QUASE! Reyna tabela com Donovan na entrada da área e chuta forte. A bola desvia em Nesta e sai para escanteio...</narracao>
    <video id="38098" momento="1ºT" video="484150"> Veja o vídeo:  42' VÍDEO: Reyna, capitão dos Estados unidos, chuta com perigo, a bola desvia na zaga italiana e sai para escanteio.</video>
    <narracao id="38093" momento="1ºT" tempo="43">... Bola na área italiana, a zaga afasta o perigo.</narracao>
    <cartao id="38094" momento="1ºT" atletaId="2517" tempo="43" ico="/Portal/esportes/temporeal/swf/icos/cartao_vermelho.swf" cor="vermelho">Mastroeni - Mastroeni, zagueiro dos Estados Unidos, entra de carrinho em Pirlo.</cartao>
    <video id="38100" momento="1ºT" video="484153"> Veja o vídeo:  44' VÍDEO: Mastroeni, zagueiro dos Estados Unidos, é expulso após carrinho maldoso em Pirlo.</video>
    <narracao id="38095" momento="1ºT" tempo="45">Lance Bonito - Convey dribla dois e chuta cruzado. Buffon faz bela defesa.</narracao>
    <narracao id="38096" momento="1ºT" tempo="47">Após dois minutos de acréscimos, árbitro apita o fim do primeiro tempo. Itália e Estados Unidos seguem empatando por um a um, em partida violenta.</narracao>
    <momento id="38101" momento="I">Show do intervalo</momento>
    <narracao id="38102" momento="I" tempo="0">CLIMA DE GUERRA EM KAISERSLAUTERN! O que estava sendo anunciado durante a semana, ocorre no Fritz-Walter Stadion. Os jogadores das duas equipes esquecem da bola e cometem muitas faltas. De Rossi e Mastroeni foram expulsos e os dois times estão com um homem a menos. Gilardino abriu o placar para os italianos aos 21, mas Zaccardo, com um gol contra, empatou para os americanos aos 26.</narracao>
    <video id="38104" momento="I" video="484158"> Veja o vídeo:  0' VÍDEO: Melhores Momentos do primeiro tempo de Itália 1 x 1 Estados Unidos.</video>
    <momento id="38103" momento="2ºT">Segundo tempo</momento>
    <narracao id="38105" momento="2ºT" tempo="0">BOLA ROLANDO! Para o segundo tempo de Itália 1 x 1 Estados Unidos.</narracao>
    <narracao id="38106" momento="2ºT" tempo="0">Com menos de um minuto, Onyewu comete falta em Gilardino.</narracao>
    <video id="38113" momento="2ºT" video="484163"> Veja o vídeo:  0' VÍDEO: Começa o segundo tempo de Itália x Estados Unidos.</video>
    <cartao id="38107" momento="2ºT" atletaId="2536" tempo="1" ico="/Portal/esportes/temporeal/swf/icos/cartao_vermelho.swf" cor="vermelho">Pope - Pope, zagueiro dos Estados Unidos, é expulso após falta por trás em Gilardino.</cartao>
    <video id="38118" momento="2ºT" video="484164"> Veja o vídeo:  1' VÍDEO: Pope, zagueiro dos Estados Unidos, é expulso após carrinho por trás em Gilardino.</video>
    <narracao id="38108" momento="2ºT" tempo="2">Lance Perigoso - UUUHHHH! Pirlo cobra falta da entrada da área. A bola sai com perigo, por cima do gol de Keller.</narracao>
    <video id="38119" momento="2ºT" video="484165"> Veja o vídeo:  2' VÍDEO: Pirlo cobra falta por cima do gol de Keller.</video>
    <narracao id="38109" momento="2ºT" tempo="5">IMPEDIDO! Luca Toni recebe lançamento em posição irregular.</narracao>
    <narracao id="38110" momento="2ºT" tempo="5">Dempsey comete falta em Gattuso.</narracao>
    <narracao id="38112" momento="2ºT" tempo="6">Na Trave - UUHHH! Pirlo cobra falta da direita na área dos Estados Unidos. Bocanegra sobre para tentar cortar e quase faz gol contra.</narracao>
    <video id="38122" momento="2ºT" video="484166"> Veja o vídeo:  6' VÍDEO: Bocanegra, zagueiro dos Estados Unidos, quase marca gol contra.</video>
    <substituicao id="38128" momento="2ºT" tempo="6" ico="/Portal/esportes/temporeal/swf/icos/substituicao.swf">Estados Unidos faz substituição: entra Conrad, sai Convey</substituicao>
    <narracao id="38114" momento="2ºT" tempo="8">Cannavaro comete falta em Dempsey.</narracao>
    <substituicao id="38125" momento="2ºT" tempo="8" ico="/Portal/esportes/temporeal/swf/icos/substituicao.swf">Itália faz substituição: entra Del Piero, sai Zaccardo</substituicao>
    <narracao id="38117" momento="2ºT" tempo="9">Donovan cobra falta da direita no segundo pau. McBride tenta a cabeçada , mas não alcança. A bola se perde pela lateral.</narracao>
    <narracao id="38120" momento="2ºT" tempo="12">Lance Bonito - Del Piero estica para Zambrotta na esquerda. Lateral cruza rasteiro para Luca Toni na pequena área, mas atacante não consegue escorar para o gol.</narracao>
    <narracao id="38121" momento="2ºT" tempo="12">Lance Perigoso - Reyna chuta forte de fora da área e a bola se perde pela linha de fundo. É tiro de meta para Buffon.</narracao>
    <narracao id="38123" momento="2ºT" tempo="14">Polêmica - Americanos reclamam toque de mão do zagueiro Nesta, na área italiana.</narracao>
    <narracao id="38127" momento="2ºT" tempo="15">Lance Perigoso - Perrotta arrisca chuteda entrada da área. A bola sai por cima do gol de Keller.</narracao>
    <video id="38135" momento="2ºT" video="484172"> Veja o vídeo:  15' VÍDEO: Perrotta, volante italiano, chuta por cima do gol de Keller.</video>
    <substituicao id="38126" momento="2ºT" tempo="16" ico="/Portal/esportes/temporeal/swf/icos/substituicao.swf">Itália faz substituição: entra Vincenzo Iaquinta, sai Luca Toni</substituicao>
    <substituicao id="38129" momento="2ºT" tempo="17" ico="/Portal/esportes/temporeal/swf/icos/substituicao.swf">Estados Unidos faz substituição: entra Beasley, sai Dempsey</substituicao>
    <narracao id="38130" momento="2ºT" tempo="17">Lance Perigoso - UUUUHHHH! Bela descida de Donovan pelo meio. Atacante abre com McBride na esquerda, que chuta com perigo, pela linha de fundo.</narracao>
    <video id="38138" momento="2ºT" video="484173"> Veja o vídeo:  17' VÍDEO: McBride, atacante dos Estados Unidos, chuta com perigo para fora.</video>
    <narracao id="38131" momento="2ºT" tempo="18">IMPEDIMENTOS: 8 - Itália / 0 - Estados Unidos.</narracao>
    <narracao id="38132" momento="2ºT" tempo="19">Polêmica - GOL ANULADO! Beasley chuta cruzado. McBride, em posição irregular, atrapalha a visão de Buffon e a bola entra. Árbitro marca o impedimento do atacante americano. </narracao>
    <video id="38139" momento="2ºT" video="484174"> Veja o vídeo:  19' VÍDEO: Gol anulado de Beasley, dos Estados Unidos.</video>
    <narracao id="38133" momento="2ºT" tempo="22">Lance Perigoso - CHUTAÇO! Zambrotta avança pela esquerda, trás para o meio e chuta forte de direita. A bola sai com perigo, à esquerda do gol de Keller.</narracao>
    <video id="38143" momento="2ºT" video="484175"> Veja o vídeo:  22' VÍDEO: Zambrotta chuta forte de fora da área. A bola sai pela linha de fundo.</video>
    <narracao id="38134" momento="2ºT" tempo="23">CHUTES A GOL: 6 - Itália / 8 - Estados Unidos.</narracao>
    <cartao id="38136" momento="2ºT" atletaId="2255" tempo="24" ico="/Portal/esportes/temporeal/swf/icos/cartao_amarelo.swf" cor="amarelo">Gianluca Zambrotta - Zambrotta, lateral-esquerdo da Itália, é punido após falta dura em Cherundolo.</cartao>
    <narracao id="38137" momento="2ºT" tempo="27">Lance Bonito - UUUUHHHH! Del Piero recebe na áre a e pega de sem-pulo. Keller espalma.</narracao>
    <video id="38146" momento="2ºT" video="484176"> Veja o vídeo:  27' VÍDEO: Keller, Goleiro dos Estados Unidos, faz bela defesa na pequena área.</video>
    <narracao id="38140" momento="2ºT" tempo="29">Del Piero comete falta dura em Cherundolo.</narracao>
    <narracao id="38141" momento="2ºT" tempo="30">Pirlo trabalha com Zambrotta na esquerda e cruza no segundo pau. A bola sai muito forte e se perde pela linha de fundo. </narracao>
    <narracao id="38142" momento="2ºT" tempo="31">Lance Feio - Gattuso chuta forte da intermediária. A bola se perde por cima do gol de Keller.</narracao>
    <narracao id="38144" momento="2ºT" tempo="33">Lance Perigoso - Cherundolo cruza bola da direita no segundo pau. McBride sobe de cabeça e coloca na rede, pelo lado de fora. Tiro de meta para Buffon.</narracao>
    <narracao id="38145" momento="2ºT" tempo="33">Lance Perigoso - É LÁ E CÁ! Del Piero chuta forte da entrada da área e Keller espalma.</narracao>
    <video id="38151" momento="2ºT" video="484178"> Veja o vídeo:  33' VÍDEO: McBride, atacante dos Estados Unidos, cabeceia na pequena área. </video>
    <narracao id="38147" momento="2ºT" tempo="35">FINALIZAÇÕES: 9 - Itália / 8 - Estados Unidos.</narracao>
    <narracao id="38148" momento="2ºT" tempo="37">Zambrotta tenta jogada sobre a marcação de Cherundolo na esquerda, mas comete a falta no lateral americano.</narracao>
    <narracao id="38149" momento="2ºT" tempo="38">Pirlo lança Iaquinta na área, mas atacante não consegue dominar e a bola fica com o goleiro Keller.</narracao>
    <narracao id="38150" momento="2ºT" tempo="39">IMPEDIDO! Pirlo abre com Perrotta na direita, mas estava em posição irregular.</narracao>
    <narracao id="38152" momento="2ºT" tempo="41">Lance Perigoso - Del Piero recebe na área e cruza rasteiro. Iaquinta fecha na pequena área e na confusão a zaga americana corta para escanteio.</narracao>
    <video id="38158" momento="2ºT" video="484180"> Veja o vídeo:  41' VÍDEO: Del Piero, atacante italiano, perde gol na pequena área.</video>
    <narracao id="38153" momento="2ºT" tempo="42">PRESSÃO ITALIANA! Iaquinta recebe na área pela direita sobre a marcação de Conrad. Gira e ganha o escanteio.</narracao>
    <narracao id="38154" momento="2ºT" tempo="44">Lance Perigoso - Nesta levanta bola da direita na cabeça de Gilardino. Atacante escora e a bola sai pela linha de fundo.</narracao>
    <video id="38159" momento="2ºT" video="484181"> Veja o vídeo:  44' VÍDEO: Gilardino, atacante italiano, cabeceia pela linha de fundo.</video>
    <narracao id="38155" momento="2ºT" tempo="45">ACRÉSCIMOS! Árbitro assinala mais três minutos neste segundo tempo.</narracao>
    <narracao id="38156" momento="2ºT" tempo="47">Perrotta cruza bola da direita e Keller sai do gol para fazer a defesa.</narracao>
    <narracao id="38157" momento="2ºT" tempo="48">FIM DE JOGO! Em partida violenta, com três expulsões, Itália e Estados Unidos empatam por um a um.</narracao>
    <momento id="38160" momento="E">Final de jogo</momento>
    <narracao id="38161" momento="E" tempo="0">UMA VERDADEIRA BATALHA CAMPAL! Itália e Estados Unidos fizeram um jogo violento, com muitas faltas e três expulsões. No final, tudo igual, empate por um a um e a classificação do Grupo E fica para ser decidida na última rodada, quinta-feira, dia 22 de junho.</narracao>
  </lances>
</lancealance>
