<?xml version="1.0" encoding="UTF-8"?>
<lancealance cobertura="1217" leitura="0">
  <placar>
    <equipe id="001" url="" nome="Fluminense" escudo="/FlashShow/0,,7236,00.swf" resultado="2" abreviacao="FLU"/>
    <equipe id="002" url="" nome="São Caetano" escudo="/FlashShow/0,,7262,00.swf" resultado="2" abreviacao="SCA"/>
  </placar>
  <lances>
    <momento id="45765" momento="PJ">Pré-jogo</momento>
    <narracao id="45929" momento="PJ" tempo="0">O Fluminense recebe o São Caetano no Maracanã às 18h10m!</narracao>
    <narracao id="45960" momento="PJ" tempo="0">O Tricolor Carioca está em quarto lugar e quer manter-se na zona de Libertadores de onde não saiu desde o início do campeonato.</narracao>
    <narracao id="45962" momento="PJ" tempo="0">O Azulão vem de vitória sobre o Santos e quer confirmar a recuperação na tabela, onde ocupa o 12°lugar. </narracao>
    <narracao id="45967" momento="PJ" tempo="0">Desde a primeira grande campanha no futebol brasileiro, na Copa João Havelange em 2000, o time do ABC costuma ser pedra no sapato do Flu. Em 13 partidas, foram sete vitórias dos paulistas e apenas três dos cariocas no confronto entre as equipes.</narracao>
    <narracao id="45968" momento="PJ" tempo="0">O Flu vem de um 4 a 4 sensacional contra o Grêmio, em que levou dois gols nos acréscimos, depois de conseguir uma virada incrível. Para seguir entre os primeiros, o Tricolor entra com uma nova dupla de ataque: Evando e Cláudio Pitbull. Roger retorna para a zaga no lugar de Gabriel Santos.
</narracao>
    <narracao id="45969" momento="PJ" tempo="0">No Azulão, Igor está confirmado no ataque. O novo contratado Diego Tardelli é opção no banco de reservas.</narracao>
    <narracao id="45978" momento="PJ" tempo="0">Com a vitória do Paraná sobre o Cruzeiro, o Fluminense precisa vencer para seguir entre os quatro primeiros. Se conseguir o resultado positivo, ultrapassa o time mineiro na tabela e alcança a vice-liderança provisória. </narracao>
    <narracao id="45979" momento="PJ" tempo="0">O time do Flu já está em campo!</narracao>
    <narracao id="45982" momento="PJ" tempo="0">Marcão está suspenso e desfalca o Tricolor. O volante completa 34 anos hoje. Romeu o substitui.</narracao>
    <narracao id="45983" momento="PJ" tempo="0">O São Caetano também já está no gramado!</narracao>
    <narracao id="45986" momento="PJ" tempo="0">O Triclor completou 104 anos neste sábado.</narracao>
    <momento id="45987" momento="1ºT">Primeiro tempo</momento>
    <narracao id="45988" momento="1ºT" tempo="0">ROLA A BOLA NO MARACA!</narracao>
    <narracao id="45992" momento="1ºT" tempo="1">Flu troca passes no campo de defesa.</narracao>
    <narracao id="45993" momento="1ºT" tempo="2">Falta de Gustavo em Marcelo na ponta esquerda do ataque tricolor...</narracao>
    <narracao id="45995" momento="1ºT" tempo="2">QUE PERIGO! Petkovic cobra na área, defesa do Azulão faz linha de impedimento equivocada e Mauro desvia para córner antes da chegada de Evando.</narracao>
    <video id="46030" momento="1ºT" video="508624"> Veja o vídeo:  2' Petkovic levanta com perigo na área, Mauro espalma para córner.</video>
    <narracao id="45997" momento="1ºT" tempo="3">SUSTO! Wellinton Amorim pega sobra por cima do gol na pequena área. Impedimento marcado.</narracao>
    <narracao id="45999" momento="1ºT" tempo="5">Arouca faz desarme providencial em Igor na área tricolor.</narracao>
    <narracao id="46002" momento="1ºT" tempo="6">Depois de boa troca de passes do São Caetano no campo de ataque, outro impedimento é marcado.</narracao>
    <narracao id="46006" momento="1ºT" tempo="8">UUUUUUHH! Juliano tabela com Evando, invade a grande área e bate forte de primeira para fora.</narracao>
    <video id="46057" momento="1ºT" video="508636"> Veja o vídeo:  8' Juliano chuta com perigo.</video>
    <narracao id="46007" momento="1ºT" tempo="10">Roger corta bola pela lateral.</narracao>
    <narracao id="46008" momento="1ºT" tempo="12">Falta em cima de Cláudio Pitbull no campo de ataque...</narracao>
    <narracao id="46010" momento="1ºT" tempo="12">... Petkovic bate com força, direto por cima do gol.</narracao>
    <narracao id="46011" momento="1ºT" tempo="14">Marcelo rouba a bola na lateral esquerda e sofre falta.</narracao>
    <narracao id="46014" momento="1ºT" tempo="15">Cláudio Pitbull dá bom passe para Rogério na ponta esquerda. O lateral finta o marcador e rola para Juliano na meia-lua, mas o meia erra o passe final.</narracao>
    <narracao id="46016" momento="1ºT" tempo="16">Juliano toca para Marcelo. Rafael Muçamba intercepta para córner a batida do lateral...</narracao>
    <narracao id="46018" momento="1ºT" tempo="16">... QUASE OLÍMPICO! Petkovic bate com efeito no primeiro pau e quase marca. O goleiro Mauro dá rebote e Cláudio pitbull emenda por cima do gol.</narracao>
    <video id="46082" momento="1ºT" video="508646"> Veja o vídeo:  16' Petkovic tenta gol olímpico, mas goleiro impede. </video>
    <narracao id="46023" momento="1ºT" tempo="18">Evando recebe lançamento, ganha a jogada na raça, finta dois adversários e rola para a meia-lua. Mas a zaga paulista consegue interceptar.</narracao>
    <narracao id="46025" momento="1ºT" tempo="19">Petkovic cobra falta na área, Evando cabeceia por cima do gol.</narracao>
    <narracao id="46027" momento="1ºT" tempo="20">Marcelo faz ótima jogada da ponta esquerda para o meio e arrisca de direita. Bola sai pela linha de fundo sem direção.</narracao>
    <narracao id="46031" momento="1ºT" tempo="22">Élton se choca com adversário e recebe atendimento no gramado.</narracao>
    <narracao id="46037" momento="1ºT" tempo="24">Petkovic cobra falta na área, a zaga do Azulão afasta de cabeça.</narracao>
    <narracao id="46038" momento="1ºT" tempo="25">Mais uma falta perigosa para o Flu, em cima de Evando...</narracao>
    <narracao id="46040" momento="1ºT" tempo="26">... Petkovic bate na barreira, Evando pega sobra e ganha escanteio. Bola passa muito perto... </narracao>
    <gol id="46090" momento="1ºT" atletaId="46" tempo="26" escudo="/FlashShow/0,,7236,00.swf" contra="0"> GOL DE PETKOVIC  ... É GOOOOOOL!! DO FLUMINENSE!! Petkovic tenta gol olímpico com batida venenosa no segundo pau, e Evando desvia com a mão para dentro do gol. Gol é confirmado para Petkovic.</gol>
    <narracao id="46044" momento="1ºT" tempo="28">POR POUCO O EMPATE! Em jogada aérea, bola desvia na zaga tricolor e não entra por muito pouco. </narracao>
    <narracao id="46046" momento="1ºT" tempo="29">Fernando Henrique sai de soco na hora certa, após desvio de cabeça na cabeça de Élton.</narracao>
    <narracao id="46047" momento="1ºT" tempo="31">QUE PRESENÇA! Thiago Silva entra de carrinho e impede cruzamento de Triguinho. É córner para o Azulão...</narracao>
    <narracao id="46049" momento="1ºT" tempo="31">... Após rebote na saída do goleiro, a zaga consegue afastar.</narracao>
    <narracao id="46051" momento="1ºT" tempo="32">Rogério não consegue dominar lançamento de Romeu após ótima saída de bola de Thiago Silva.</narracao>
    <narracao id="46052" momento="1ºT" tempo="34">FINALIZAÇÕES: Fluminense 7 x 0 São Caetano.</narracao>
    <narracao id="46054" momento="1ºT" tempo="34">Triguinho dá o primeiro chute do São Caetano. Em batida de longa distância, bola sai fraca para fácil defesa de Fernando Henrique.</narracao>
    <narracao id="46059" momento="1ºT" tempo="37">Anderson Lima bate falta por cima do gol.</narracao>
    <narracao id="46061" momento="1ºT" tempo="37">Igor cruza da direita, Roger intercepta.</narracao>
    <narracao id="46064" momento="1ºT" tempo="38">É PÊNALTI!!! Penalidade máxima duvidosa para o São Caetano. Árbitro marca empurrão de Rogério em Canindé...</narracao>
    <gol id="46065" momento="1ºT" atletaId="9382" tempo="39" escudo="/FlashShow/0,,7262,00.swf" contra="0"> GOL DE ANDERSON LIMA  ... É GOOOOL!! DO SÃO CAETANO!! Anderson Lima enche o pé no meio do gol e empata a partida.</gol>
    <video id="46065v" momento="1ºT" video="508647"> Veja o vídeo: Gol de Anderson Lima.  39' ... É GOOOOL!! DO SÃO CAETANO!! Anderson Lima enche o pé no meio do gol e empata a partida.</video>
    <narracao id="46067" momento="1ºT" tempo="41">Falta de Gustavo em Cláudio Pitbull...</narracao>
    <narracao id="46070" momento="1ºT" tempo="42">Petkovic cobra, bola amortece na barreira para Mauro defender firme.</narracao>
    <narracao id="46072" momento="1ºT" tempo="43">O primeiro tempo terá dois minutos de acréscimo.</narracao>
    <narracao id="46073" momento="1ºT" tempo="43">Rafael Muçamba arremata mal, por cima do gol.</narracao>
    <narracao id="46075" momento="1ºT" tempo="44">Wellinton Amorim finta adversário e bate fraco nas mãos de Fernando Henrique.</narracao>
    <narracao id="46077" momento="1ºT" tempo="46">FIM DE PRIMEIRO TEMPO!</narracao>
    <momento id="46078" momento="I">Show do intervalo</momento>
    <narracao id="46080" momento="I" tempo="0">Os dois gols foram duvidosos. O córner de Petkovic entrou com a ajuda da mão de Evando. O pênalti que originou o empate de Anderson Lima também não foi claro. A igualdade no placar para o intervalo é justa. O Flu começou melhor e dominou as ações até marcar o primeiro gol. Mas depois o Azulão, que jogava recuado, criou oportunidades e conseguiu o empate.</narracao>
    <narracao id="46088" momento="I" tempo="0">As equipes retornam do intervalo.</narracao>
    <momento id="46091" momento="2ºT">Segundo tempo</momento>
    <substituicao id="46139" momento="2ºT" tempo="0" ico="/Portal/esportes/temporeal/swf/icos/substituicao.swf">Fluminense faz substituição: entra Tuta, sai Evando</substituicao>
    <substituicao id="46168" momento="2ºT" tempo="0" ico="/Portal/esportes/temporeal/swf/icos/substituicao.swf">São Caetano faz substituição: entra Diego Tardelli, sai Igor</substituicao>
    <narracao id="46093" momento="2ºT" tempo="1">Petkovic bate falta com categoria, Mauro desvia para escanteio...</narracao>
    <video id="46113" momento="2ºT" video="508671"> Veja o vídeo:  1' Mauro espalma batida de falta de Pet.</video>
    <narracao id="46095" momento="2ºT" tempo="2">... Zaga corta no primeiro pau para outro córner...</narracao>
    <narracao id="46096" momento="2ºT" tempo="2">... Bola ultrapassa a linha de fundo na curva da batida, e o tiro de meta está marcado.</narracao>
    <narracao id="46098" momento="2ºT" tempo="4">Anderson Lima bate falta alta, no meio do gol. Fernando Henrique desvia para córner...</narracao>
    <video id="46123" momento="2ºT" video="508676"> Veja o vídeo:  4' Anderson Lima solta bomba em batida de falta e goleiro espalma.</video>
    <narracao id="46099" momento="2ºT" tempo="5">... Diego Tardelli desvia por cima do gol, sem perigo.</narracao>
    <narracao id="46104" momento="2ºT" tempo="7">Petkovic cruza com capricho na área, Juliano desvia pela linha de fundo.</narracao>
    <narracao id="46105" momento="2ºT" tempo="8">JOGO AÉREO: Fluminense 8 x 5 São Caetano.</narracao>
    <gol id="46109" momento="2ºT" atletaId="8615" tempo="9" escudo="/FlashShow/0,,7236,00.swf" contra="0"> GOL DE JULIANO  GOOOOOOOOL DO FLU!! Marcelo cruza da esquerda, e Juliano, da entrada da pequena área, escora para o fundo da rede.</gol>
    <video id="46109v" momento="2ºT" video="508683"> Veja o vídeo: Gol de Juliano.  9' GOOOOOOOOL DO FLU!! Marcelo cruza da esquerda, e Juliano, da entrada da pequena área, escora para o fundo da rede.</video>
    <narracao id="46111" momento="2ºT" tempo="10">Falta em Cláudio Pitbull no campo de defesa.</narracao>
    <narracao id="46114" momento="2ºT" tempo="12">Diego Tardelli finta um adversário e arrisca de longe. Bola desvia na zaga.</narracao>
    <gol id="46117" momento="2ºT" atletaId="12031" tempo="13" escudo="/FlashShow/0,,7262,00.swf" contra="0"> GOL DE WELLINGTON AMORIM  GOLAÇO DO SÃO CAETANO!! Atacante recebe belo lançamento e bate com a canhota de primeira no canto direito de Fernando Henrique.</gol>
    <video id="46117v" momento="2ºT" video="508607"> Veja o vídeo: Gol de Wellington Amorim.  13' GOLAÇO DO SÃO CAETANO!! Atacante recebe belo lançamento e bate com a canhota de primeira no canto direito de Fernando Henrique.</video>
    <cartao id="46120" momento="2ºT" atletaId="5730" tempo="14" ico="/Portal/esportes/temporeal/swf/icos/cartao_amarelo.swf" cor="amarelo">Canindé - Meia recebe cartão amarelo por puxar a camisa de rival.</cartao>
    <narracao id="46121" momento="2ºT" tempo="16">Falta de ataque de Juliano em Anderson Lima.</narracao>
    <narracao id="46125" momento="2ºT" tempo="17">Tuta recebe e tenta assistência em jogada de pivô, mas passe sai fraco.</narracao>
    <narracao id="46127" momento="2ºT" tempo="18">Cláudio Pitbull recebe de Juliano na entrada da área e bate forte no meio do gol. Mauro defende firme.</narracao>
    <narracao id="46131" momento="2ºT" tempo="19">Anderson Lima bate escanteio com força e bola sai pela linha de fundo.</narracao>
    <cartao id="46133" momento="2ºT" atletaId="6397" tempo="21" ico="/Portal/esportes/temporeal/swf/icos/cartao_amarelo.swf" cor="amarelo">Arouca - Meia puxa adversário pela camisa e recebe cartão amarelo.</cartao>
    <narracao id="46135" momento="2ºT" tempo="22">Marcelo cruza na área, bola desvia na zaga e fica com o goleiro Mauro.</narracao>
    <narracao id="46136" momento="2ºT" tempo="23">CHANCE PERDIDA! Cláudio Pitbull cruza rasteiro da ponta esquerda, zagueiro escorrega e Tuta domina livre, mas perde o tempo do chute e a bola. </narracao>
    <video id="46174" momento="2ºT" video="508701"> Veja o vídeo:  23' Tuta perde boa oportunidade.</video>
    <narracao id="46138" momento="2ºT" tempo="24">QUE DEFESA!! Diego Tardeli cruza para trás, Élton bate forte e Fernando Henrique manda para escanteio em bela defesa.</narracao>
    <video id="46179" momento="2ºT" video="508705"> Veja o vídeo:  24' Élton chuta para ótima defesa de Fernando Henrique.</video>
    <substituicao id="46140" momento="2ºT" tempo="25" ico="/Portal/esportes/temporeal/swf/icos/substituicao.swf">Fluminense faz substituição: entra Radamés, sai Rogério</substituicao>
    <substituicao id="46141" momento="2ºT" tempo="25" ico="/Portal/esportes/temporeal/swf/icos/substituicao.swf">Fluminense faz substituição: entra Lenny, sai Cláudio Pitbull</substituicao>
    <narracao id="46144" momento="2ºT" tempo="26">ROUBADAS DE BOLA: Fluminense 20 x 20 São Caetano.</narracao>
    <narracao id="46146" momento="2ºT" tempo="27">NÃO ALCANÇA! Roger cruza rasteiro da esquerda, bola passa por todo mundo e Tuta não consegue se esticar para escorar no segundo pau.</narracao>
    <substituicao id="46169" momento="2ºT" tempo="28" ico="/Portal/esportes/temporeal/swf/icos/substituicao.swf">São Caetano faz substituição: entra Leandro Lima, sai Canindé</substituicao>
    <narracao id="46150" momento="2ºT" tempo="29">Roger cruza novamente, zaga afasta pela lateral.</narracao>
    <narracao id="46152" momento="2ºT" tempo="29">Falta de ataque de Lenny em Gustavo.</narracao>
    <narracao id="46154" momento="2ºT" tempo="30">QUE LINDO! Élton aplica caneta em Radamés, mas na seqüência a equipe paulista perde a bola.</narracao>
    <narracao id="46155" momento="2ºT" tempo="31">Lenny invade a área pelo lado esquerdo e rola para Juliano. Muçamba intercepta e manda para córner.</narracao>
    <narracao id="46157" momento="2ºT" tempo="32">Diego Tardelli sofre falta no campo de ataque...</narracao>
    <narracao id="46158" momento="2ºT" tempo="33">... Radamés corta de cabeça.</narracao>
    <narracao id="46163" momento="2ºT" tempo="33">Tuta recebe cruzamento de Romeu no primeiro pau e cabeceia para fora.</narracao>
    <cartao id="46166" momento="2ºT" atletaId="11371" tempo="34" ico="/Portal/esportes/temporeal/swf/icos/cartao_amarelo.swf" cor="amarelo">Leandro Lima - Falta feia de Leandro Lima em Lenny. O meia é punido com cartão amarelo.</cartao>
    <narracao id="46167" momento="2ºT" tempo="35">Roger cruza no segundo pau, Petkovic desvia de cabeça em dividida com Élton e bola sobra para o goleiro Mauro.</narracao>
    <substituicao id="46170" momento="2ºT" tempo="36" ico="/Portal/esportes/temporeal/swf/icos/substituicao.swf">São Caetano faz substituição: entra Marabá, sai Wellinton Amorim</substituicao>
    <narracao id="46171" momento="2ºT" tempo="36">Anderson Lima cobra escanteio, a zaga afasta no primeiro pau.</narracao>
    <narracao id="46172" momento="2ºT" tempo="37">Falta para o Flu no campo de ataque...</narracao>
    <narracao id="46173" momento="2ºT" tempo="37">... Petkovic lança com força, bola vai direta para fora.</narracao>
    <narracao id="46178" momento="2ºT" tempo="40">Falta perigosa para o Azulão...</narracao>
    <narracao id="46180" momento="2ºT" tempo="40">... Élton bate forte, a zaga corta.</narracao>
    <narracao id="46183" momento="2ºT" tempo="42">O Azulão está mais presente no ataque.</narracao>
    <narracao id="46185" momento="2ºT" tempo="43">Falta em cima de Lenny na intermediária do São Caetano.</narracao>
    <narracao id="46187" momento="2ºT" tempo="43">Árbitro sinaliza três minutos de acréscimo.</narracao>
    <narracao id="46189" momento="2ºT" tempo="44">QUE PERIGO! Élton faz linda jogada pela ponta esquerda, e cruza para a área. A zaga se salva em dois tempos.</narracao>
    <cartao id="46191" momento="2ºT" atletaId="8615" tempo="44" ico="/Portal/esportes/temporeal/swf/icos/cartao_amarelo.swf" cor="amarelo">Juliano - Meia acerta Anderson Lima e recebe cartão amarelo.</cartao>
    <narracao id="46192" momento="2ºT" tempo="45">Anderson Lima arrisca para o gol, bola desvia na zaga.</narracao>
    <narracao id="46193" momento="2ºT" tempo="46">Falta em cima de Lenny...</narracao>
    <narracao id="46195" momento="2ºT" tempo="46">... QUE VACILO! Pet cobra na área, Juliano desvia de cabeça sozinho para fora.</narracao>
    <narracao id="46197" momento="2ºT" tempo="48">Marcelo levanta bola na área, nas mãos de Mauro.</narracao>
    <narracao id="46198" momento="2ºT" tempo="48">TERMINA A PARTIDA NO MARACANÃ!</narracao>
    <momento id="46203" momento="E">Final de jogo</momento>
  </lances>
</lancealance>
