<?xml version="1.0" encoding="UTF-8"?>
<lancealance cobertura="1365" leitura="0">
  <placar>
    <equipe id="001" url="" nome="Figueirense" escudo="/FlashShow/0,,6591,00.swf" resultado="2" abreviacao="FIG"/>
    <equipe id="002" url="" nome="Santa Cruz" escudo="/FlashShow/0,,7166,00.swf" resultado="0" abreviacao="Santa Cruz"/>
  </placar>
  <lances>
    <momento id="54133" momento="PJ">Pré-jogo</momento>
    <narracao id="54138" momento="PJ" tempo="0">O Figueirense recebe o Santa Cruz no Orlando Scarpelli às 18h10m!</narracao>
    <narracao id="54140" momento="PJ" tempo="0">O Alvinegro de Florianópolis busca retomar as posições perdidas, após os empates como mandante contra Flamengo e Atlético-PR e a derrota para o Vasco no Rio. A equipe ocupa a nona colocação e quer voltar a se aproximar da zona que classifica para a Libertadores. 
</narracao>
    <narracao id="54141" momento="PJ" tempo="0">O Tricolor de Recife quer escapar da incômoda lanterna do campeonato. Após um ótimo recomeço depois do intervalo para a Copa do Mundo em que venceu quatro vezes seguidas, a equipe conseguiu apenas dois empates e duas derrotas nos últimos jogos e voltou para a última posição.</narracao>
    <narracao id="54165" momento="PJ" tempo="0">O Figueira tem 27 pontos. </narracao>
    <narracao id="54166" momento="PJ" tempo="0">O Santa tem 18 pontos.
</narracao>
    <narracao id="54168" momento="PJ" tempo="0">O baiano Lourival Dias Filho apita a partida.</narracao>
    <momento id="54320" momento="1ºT">Primeiro tempo</momento>
    <narracao id="54321" momento="1ºT" tempo="0">BOLA ROLANDO NO ORLANDO SCARPELLI!</narracao>
    <narracao id="54328" momento="1ºT" tempo="3">Bola na área do Santa Cruz, Soares desvia de cabeça e Chicão bate em cima da zaga.</narracao>
    <narracao id="54329" momento="1ºT" tempo="4">PRIMEIRA GRANDE CHANCE! Soares recebe de Cícero e bate forte da entrada da área. Guto defende em dois tempos.</narracao>
    <video id="54345" momento="1ºT" video="529266"> Veja o vídeo:  4' Guto defende chute de Soares.</video>
    <narracao id="54332" momento="1ºT" tempo="5">MANDOU MAL! Schwenck recebe na área, tenta ajeitar com o peito e mete a mão na bola. </narracao>
    <narracao id="54335" momento="1ºT" tempo="6">RESPOSTA TRICOLOR! Nenê recebe bola alta na área e cabeceia no canto, Andrey faz boa defesa.</narracao>
    <video id="54352" momento="1ºT" video="529268"> Veja o vídeo:  6' Andrei faz bela defesa em cabeçada de Nenê.</video>
    <narracao id="54336" momento="1ºT" tempo="7">NOVA CHEGADA DO FIGUEIRA! Chicão faz bom lançamento, Soares cruza no segundo pau e Cícero bate de primeira para fora.</narracao>
    <narracao id="54339" momento="1ºT" tempo="9">Soares sofre falta de Sidraílson na ponta direita...</narracao>
    <narracao id="54340" momento="1ºT" tempo="9">... O árbitro marca falta de ataque.</narracao>
    <narracao id="54343" momento="1ºT" tempo="11">Soares pega de primeira para fora.</narracao>
    <narracao id="54348" momento="1ºT" tempo="13">SÓ DÁ FIGUEIRA! Soares rola para Carlos Alberto na entrada da área. O meia bate de primeira e Guto faz outra boa defesa.</narracao>
    <video id="54366" momento="1ºT" video="529280"> Veja o vídeo:  13' Guto defende chute de Carlos Alberto.</video>
    <narracao id="54350" momento="1ºT" tempo="14">Carlos Alberto e Júnior Maranhão disputam bola, se chocam de cabeça e recebem atendimento médico. </narracao>
    <narracao id="54356" momento="1ºT" tempo="18">Nenê tenta cruzamento, Flávio tira de cabeça.</narracao>
    <narracao id="54362" momento="1ºT" tempo="22">PASSOU PERTO! Bola na área do Santa, Cícero cabeceia rente a trave.</narracao>
    <video id="54406" momento="1ºT" video="529296"> Veja o vídeo:  22' Cabeçada perigosa de Cícero.</video>
    <narracao id="54368" momento="1ºT" tempo="25">Córner para o Santa...</narracao>
    <narracao id="54370" momento="1ºT" tempo="26">... Cícero corta de cabeça no primeiro pau.</narracao>
    <narracao id="54373" momento="1ºT" tempo="28">Chicão corta outro escanteio do Santa Cruz.</narracao>
    <narracao id="54375" momento="1ºT" tempo="29">Valença toca de cabeça pela linha de fundo. Córner para o Figueira...</narracao>
    <narracao id="54376" momento="1ºT" tempo="30">... A zaga tricolor corta no primeiro pau.</narracao>
    <narracao id="54379" momento="1ºT" tempo="31">Júnior Maranhão tira de carrinho pela linha de fundo...</narracao>
    <narracao id="54382" momento="1ºT" tempo="32">... Bola é levantada na área após rebote da zaga e a falta de ataque é marcada. </narracao>
    <narracao id="54384" momento="1ºT" tempo="33">NA FOGUEIRA! Henrique recua para Andrey tirar da área com dificuldade.</narracao>
    <video id="54422" momento="1ºT" video="529306"> Veja o vídeo:  33' Zagueiro Henrique se enrola com goleiro Andrey. </video>
    <narracao id="54386" momento="1ºT" tempo="34">Nenê dá caneta em adversário, passa pelo segundo marcador e ganha escanteio...</narracao>
    <narracao id="54387" momento="1ºT" tempo="34">... Falta no goleiro Andrey.</narracao>
    <narracao id="54388" momento="1ºT" tempo="35">MUITA FORÇA! Carlos Alberto cruza direto pela lateral.</narracao>
    <cartao id="54394" momento="1ºT" atletaId="11866" tempo="36" ico="/Portal/esportes/temporeal/swf/icos/cartao_amarelo.swf" cor="amarelo">Cícero - Cícero acerta Augusto Recife e recebe primeiro cartão da partida. </cartao>
    <narracao id="54398" momento="1ºT" tempo="37">INACREDITÁVEL! Em contra-ataque, Carlos Alberto invade a área e bate na saída de Guto. Bola desvia no goleiro, Váldson tenta cortar e Soares bate por cima do gol, sem goleiro.</narracao>
    <narracao id="54399" momento="1ºT" tempo="40">Nenê bate forte e rasteiro de fora da área, Andrey defende no meio do gol.</narracao>
    <cartao id="54400" momento="1ºT" atletaId="11716" tempo="41" ico="/Portal/esportes/temporeal/swf/icos/cartao_amarelo.swf" cor="amarelo">Osmar - Osmar faz falta dura e sofre punição do árbitro.</cartao>
    <narracao id="54402" momento="1ºT" tempo="42">Soares cruza, bola bate em Váldson e sai pela linha de fundo...</narracao>
    <narracao id="54405" momento="1ºT" tempo="42">... Zaga afasta, bola é tocada novamente para a área e Guto defende fácil.</narracao>
    <narracao id="54410" momento="1ºT" tempo="43">Mais um córner para o Figueira...</narracao>
    <narracao id="54411" momento="1ºT" tempo="44">... A zaga afasta a bola da área em dois tempos.</narracao>
    <narracao id="54413" momento="1ºT" tempo="45">Em contra-ataque, Cássio lança Osmar na área, mas o lateral se atrapalha e perde a bola.</narracao>
    <narracao id="54414" momento="1ºT" tempo="45">Flávio cruza na área, a zaga afasta.</narracao>
    <narracao id="54419" momento="1ºT" tempo="46">Júnior Maranhão solta bomba de fora da área. Bola bate em Rodrigo Souto.</narracao>
    <narracao id="54420" momento="1ºT" tempo="47">FIM DE PRIMEIRO TEMPO!</narracao>
    <momento id="54424" momento="I">Show do intervalo</momento>
    <narracao id="54425" momento="I" tempo="0">Jogo fraco em Florianópolis. Poucas chances de gol para os dois lados.</narracao>
    <momento id="54435" momento="2ºT">Segundo tempo</momento>
    <narracao id="54437" momento="2ºT" tempo="0">COMEÇA O SEGUNDO TEMPO!</narracao>
    <substituicao id="54543" momento="2ºT" tempo="0" ico="/Portal/esportes/temporeal/swf/icos/substituicao.swf">Figueirense faz substituição: entra Rodrigo Paulista, sai Henrique</substituicao>
    <narracao id="54441" momento="2ºT" tempo="1">Soares consegue escanteio... </narracao>
    <narracao id="54442" momento="2ºT" tempo="2">... A zaga do Santa afasta a bola da área.</narracao>
    <narracao id="54443" momento="2ºT" tempo="3">Washington faz jogada individual e bate em cima de Carlos Alberto.</narracao>
    <narracao id="54449" momento="2ºT" tempo="6">Zaga tricolor não consegue sair jogando e bola sai pela lateral.</narracao>
    <narracao id="54453" momento="2ºT" tempo="7">Nenê tenta lançamento para Júnior Maranhão, Vinícius corta em dois tempos.</narracao>
    <narracao id="54456" momento="2ºT" tempo="8">Chicão salva o Figueira ao cortar cruzamento de Márcio Mixirica para Júnior Maranhão.</narracao>
    <narracao id="54457" momento="2ºT" tempo="9">Flávio sofre falta perigosa...</narracao>
    <narracao id="54460" momento="2ºT" tempo="9">... Schwenck bate forte por cima do gol.</narracao>
    <video id="54485" momento="2ºT" video="529332"> Veja o vídeo:  9' Schwenck bate falta por cima do gol.</video>
    <narracao id="54463" momento="2ºT" tempo="10">Mais uma falta para o Figueira... </narracao>
    <narracao id="54464" momento="2ºT" tempo="11">Cícero bate rasteiro e bola passa pelo meio da barreira. Guto defende sem problemas. </narracao>
    <narracao id="54466" momento="2ºT" tempo="12">Sidraílson recupera bem bola na defesa.</narracao>
    <narracao id="54468" momento="2ºT" tempo="13">Carlos Alberto bate cruzado, Guto encaixa a bola.</narracao>
    <narracao id="54470" momento="2ºT" tempo="14">Cássio bate fraco da entrada da área, bola passa rente à trave.</narracao>
    <video id="54505" momento="2ºT" video="529337"> Veja o vídeo:  14' Cássio chuta perto do gol.</video>
    <narracao id="54474" momento="2ºT" tempo="15">A MELHOR CHANCE! Schwenck bate em cima de Sidraílson, e rola para Rodrigo Paulista no rebote. Quase da pequena área, o lateral bate de primeira para fora, bem perto da trave direita.</narracao>
    <video id="54500" momento="2ºT" video="529340"> Veja o vídeo:  15' Rodrigo Paulista chuta com perigo.</video>
    <narracao id="54476" momento="2ºT" tempo="18">Em contra-ataque com superioridade númerica, o ataque do Santa erra o último passe para o gol.</narracao>
    <substituicao id="54544" momento="2ºT" tempo="19" ico="/Portal/esportes/temporeal/swf/icos/substituicao.swf">Figueirense faz substituição: entra Diego, sai Schwenck</substituicao>
    <narracao id="54482" momento="2ºT" tempo="20">Carlos Alberto bate da entrada da área para fora sem levar perigo.</narracao>
    <narracao id="54484" momento="2ºT" tempo="21">INCRÍVEL DEFESA! Após cobrança de córner, Henrique cabeceia no canto e Guto espalma a bola. Diego manda o rebote por cima do gol.</narracao>
    <substituicao id="54528" momento="2ºT" tempo="22" ico="/Portal/esportes/temporeal/swf/icos/substituicao.swf">Santa Cruz faz substituição: entra Zada, sai Washington</substituicao>
    <cartao id="54489" momento="2ºT" atletaId="12621" tempo="23" ico="/Portal/esportes/temporeal/swf/icos/cartao_amarelo.swf" cor="amarelo">Cássio - Lateral recebe primeiro cartão do Tricolor de Pernambuco.</cartao>
    <gol id="54497" momento="2ºT" atletaId="6738" tempo="25" escudo="/FlashShow/0,,6591,00.swf" contra="0"> GOL DE SOARES  GOOOOOOOL!!!!!! É DO FIGUEIRENSE!!!!!!! Um balaço de Soares! O atacante recebe na grande área passe de Rodrigo Souto, ajeita girando o corpo e estufa a rede adversária com um chute alto e forte. </gol>
    <video id="54497v" momento="2ºT" video="529351"> Veja o vídeo: Gol de Soares.  25' GOOOOOOOL!!!!!! É DO FIGUEIRENSE!!!!!!! Um balaço de Soares! O atacante recebe na grande área passe de Rodrigo Souto, ajeita girando o corpo e estufa a rede adversária com um chute alto e forte. </video>
    <substituicao id="54529" momento="2ºT" tempo="27" ico="/Portal/esportes/temporeal/swf/icos/substituicao.swf">Santa Cruz faz substituição: entra Edson Di, sai Márcio Mixirica</substituicao>
    <narracao id="54510" momento="2ºT" tempo="29">Júnior Maranhão tabela com Nenê e bate a gol. Bola desvia na zaga e sai para córner...</narracao>
    <narracao id="54513" momento="2ºT" tempo="29">... Chicão tira a bola da área.</narracao>
    <narracao id="54515" momento="2ºT" tempo="30">QUASE O SEGUNDO! Soares cruza nos pés de Diego, o atacante bate de primeira e Guto salva com ótima defesa. </narracao>
    <gol id="54521" momento="2ºT" atletaId="11866" tempo="31" escudo="/FlashShow/0,,6591,00.swf" contra="0"> GOL DE CÍCERO  GOOOOOOOL!!!!!! É DO FIGUEIRENSE!!!!!!!! Cícero se aproveita de falha da zaga após escanteio e só precisa completar para o gol. O meia atinge nove gols e se transforma em um dos artilheiros do campeonato.</gol>
    <narracao id="54523" momento="2ºT" tempo="34">Édson Di sofre falta bem perto da área...</narracao>
    <narracao id="54525" momento="2ºT" tempo="35">... Bola na área do Figueira, Valença toca de cabeça e Andrey salva com a ponta dos dedos. </narracao>
    <substituicao id="54530" momento="2ºT" tempo="37" ico="/Portal/esportes/temporeal/swf/icos/substituicao.swf">Santa Cruz faz substituição: entra Mirandinha, sai Junior Maranhão</substituicao>
    <narracao id="54536" momento="2ºT" tempo="38">Marquinhos Paraná bate forte de fora da área, Guto dá rebote, Soares desloca o goleiro e perde gol feito. O árbitro já marcava impedimento do atacante.</narracao>
    <narracao id="54539" momento="2ºT" tempo="40">Cássio bate falta, bola desvia na barreira e vai para fora...</narracao>
    <narracao id="54541" momento="2ºT" tempo="41">... A zaga dá rebote, Cássio levanta na área de novo e Andrey defende firme.</narracao>
    <substituicao id="54545" momento="2ºT" tempo="42" ico="/Portal/esportes/temporeal/swf/icos/substituicao.swf">Figueirense faz substituição: entra Edson, sai Rodrigo Paulista</substituicao>
    <narracao id="54550" momento="2ºT" tempo="43">Cássio passa bem para Edson Di, o atacante bate sem direção.</narracao>
    <narracao id="54557" momento="2ºT" tempo="47">FIM DE PARTIDA! O Figueira volta a vencer! O Santa continua em último!</narracao>
    <momento id="54573" momento="E">Final de jogo</momento>
  </lances>
</lancealance>
