<?xml version="1.0" encoding="UTF-8"?>
<lancealance cobertura="1148" leitura="0">
  <placar>
    <equipe id="001" url="" nome="Suíça" escudo="/FlashShow/0,,9468,00.swf" resultado="0" abreviacao="SUI"/>
    <equipe id="002" url="" nome="Ucrânia" escudo="/FlashShow/0,,9472,00.swf" resultado="0" abreviacao="UCR"/>
  </placar>
  <lances>
    <momento id="41448" momento="PJ">Pré-jogo</momento>
    <narracao id="41447" momento="PJ" tempo="0">Suíça e Ucrânia se enfrentam às 16h (de Brasília). Quem vencer o jogo pega a Itália nas quartas-de-final.</narracao>
    <narracao id="41449" momento="PJ" tempo="0">Shevchenko, que acaba de se transferir para o Chelsea, afirmou que o time não está nervoso para a partida histórica.

- É obviamente um jogo muito importante, mas o nosso objetivo mesmo era passar de fase e nós conseguimos. Agora não temos mais nada a perder. Podemos atuar com tranqüilidade - diz o atacante.</narracao>
    <narracao id="41450" momento="PJ" tempo="0">Os zagueiros Rusol e Svidersky levaram o segundo cartão amarelo na vitória sobre a Tunísia e cumprirão suspensão automática. O time terá nova defesa, mas todos os olhos estarão no ataque. O craque Shevchenko já marcou duas vezes e terá mais uma chance.</narracao>
    <narracao id="41451" momento="PJ" tempo="0">No primeiro Mundial da história como país independente da ex-União Soviética, a Ucrânia é, ao lado de Gana, um dos únicos estreantes classificados para a segunda fase. Em um torneio de poucas surpresas, a equipe ficou em segundo no Grupo H.</narracao>
    <narracao id="41452" momento="PJ" tempo="0">O zagueiro Senderos deslocou o ombro e está fora da Copa do Mundo. O jogador do Arsenal vai ficar seis meses sem jogar. Johan Djorou entra no time.</narracao>
    <narracao id="41453" momento="PJ" tempo="0">A Suíça é a única seleção que ainda não levou gol neste Mundial. A equipe passou de fase como primeira do Grupo G. Os suíços venceram Coréia do Sul e Togo, por 2 a 0, e empataram sem gols com a França.</narracao>
    <narracao id="41454" momento="PJ" tempo="0">A Suíça disputa a sua oitava Copa do Mundo. As melhores campanhas foram em 1934, 1938 e 1954, quando chegaram nas quartas-de-final. Portanto, se vencer a Ucrânia, os suíços igualam o seu melhor desempenho na história das Copas.</narracao>
    <narracao id="41455" momento="PJ" tempo="0">As duas seleções nunca se enfrentaram antes.</narracao>
    <momento id="41456" momento="1ºT">Primeiro tempo</momento>
    <narracao id="41457" momento="1ºT" tempo="1">BOLA ROLANDO EM COLÔNIA!</narracao>
    <video id="41461" momento="1ºT" video="491304"> Veja o vídeo:  1' Os hinos das duas seleções.</video>
    <video id="41463" momento="1ºT" video="491305"> Veja o vídeo:  1' Bola rolando em Colônia!</video>
    <narracao id="41458" momento="1ºT" tempo="2">DESARMADO! Kalinichenko recebe na entrada da área suíça, mas é cercado por quatro adversários e acaba desarmado.</narracao>
    <narracao id="41459" momento="1ºT" tempo="4">Lance Perigoso - BOA CHANCE! Magnin recebe passe em profundidade, invade a área da Ucrânia pelo lado direito e cruza rasteiro. O zagueiro Vashchuk aparece muito bem e corta.</narracao>
    <narracao id="41460" momento="1ºT" tempo="6">PRIMEIRO CHUTE! O meia Yakin recebe na intermediária e arrisca de longe. O chute sai forte, mas a bola vai no meio do gol. Shovkovskiy encaixa.</narracao>
    <video id="41467" momento="1ºT" video="491315"> Veja o vídeo:  6' Yakin arrisca de longe.</video>
    <narracao id="41464" momento="1ºT" tempo="10">TIRA A ZAGA! Shevchenko recebe no lado direito de ataque e levanta para a área da Suíça. O zagueiro Degen aparece bem e corta para escanteio...</narracao>
    <video id="41470" momento="1ºT" video="491325"> Veja o vídeo:  10' Degen sobe para afastar de cabeça.</video>
    <narracao id="41465" momento="1ºT" tempo="11">... SAIU! Após cobrança de escanteio para a área da Suíça, o goleiro Zuberbühler sai bem do gol e recupera. </narracao>
    <narracao id="41466" momento="1ºT" tempo="12">Lance Perigoso - UUUUUUUH! O meia Wicky domina no lado esquerdo de ataque e chuta forte. A bola vai no ângulo esquerdo e o goleiro Shovkovskiy se estica todo para fazer grande defesa!</narracao>
    <video id="41475" momento="1ºT" video="491333"> Veja o vídeo:  12' Wicky quase marca!</video>
    <narracao id="41468" momento="1ºT" tempo="15">Lance Feio - MAL! Barnetta recebe lançamento longo e domina na entrada da área da Ucrânia. O meia tenta passe curto para Frei, mas manda nos pés do adversário.</narracao>
    <narracao id="41471" momento="1ºT" tempo="18">FALTA PERIGOSA PARA A UCRÂNIA! O atacante Voronin recebe na ponta esquerda e é derrubado por Djourou. O árbitro marca a falta e é chance de cruzamento para a área da Suíça!</narracao>
    <narracao id="41472" momento="1ºT" tempo="19">Na Trave - POR POUCO! Kalinichenko cobra a falta para a área da Suíça. O atacante Shevchenko se antecipa muito bem aos marcadores e finaliza de cabeça. A bola bate na trave do gol de Zuberbühler!</narracao>
    <video id="41478" momento="1ºT" video="491341"> Veja o vídeo:  19' Shev testa na trave!</video>
    <narracao id="41473" momento="1ºT" tempo="23">BOA CHANCE! Barnetta recebe na intermediária de ataque e é derrubado por Shelayev. O árbitro marca a falta e é grande chance para a Suíça!</narracao>
    <narracao id="41474" momento="1ºT" tempo="24">Na Trave - UUUUUUH! O atacante Frei cobra muito bem a falta. A bola vai em direção ao ângulo esquerdo, mas bate na trave do gol de Shovkovskiy! </narracao>
    <video id="41479" momento="1ºT" video="491347"> Veja o vídeo:  24' Frei cobra falta na trave!</video>
    <narracao id="41476" momento="1ºT" tempo="26">PARA FORA! Voronin recebe no lado esquerdo de ataque e tenta chute colocado. O atacante não pega bem e manda à esquerda do gol de Zuberbühler.</narracao>
    <video id="41482" momento="1ºT" video="491352"> Veja o vídeo:  26' Voronin tenta chute colocado, mas manda para fora.</video>
    <narracao id="41477" momento="1ºT" tempo="28">POR CIMA! Shelayev recebe na entrada da área e chuta forte. A bola explode nas costas do zagueiro e volta para ele. O meia arrisca mais uma, mas pega mal. A bola sai por cima do gol de Zuberbühler.</narracao>
    <video id="41484" momento="1ºT" video="491355"> Veja o vídeo:  28' Shelayev chuta por cima.</video>
    <narracao id="41480" momento="1ºT" tempo="31">O zagueiro Müller recebe no campo de ataque e tenta a finalização de longe. O chute sai fraco e o goleiro Shovkovskiy faz defesa fácil.</narracao>
    <video id="41485" momento="1ºT" video="491360"> Veja o vídeo:  31' Müller chuta fraco!</video>
    <substituicao id="41558" momento="1ºT" tempo="33" ico="/Portal/esportes/temporeal/swf/icos/substituicao.swf">Suíça faz substituição: entra Grichting, sai Djourou</substituicao>
    <narracao id="41483" momento="1ºT" tempo="36">Lance Feio - MAAAL! Magnin apoia pelo lado esquerdo e tenta cruzamento para a área. O lateral pega muito forte e manda direto pela linha de fundo.</narracao>
    <video id="41489" momento="1ºT" video="491367"> Veja o vídeo:  36' Magnin erra cruzamento.</video>
    <narracao id="41486" momento="1ºT" tempo="40">NADA! Kalinichenko cobra falta do lado esquerdo de ataque e levanta para a área da Suíça. O zagueiro Degen sobe bem e corta mais uma.</narracao>
    <narracao id="41487" momento="1ºT" tempo="42">Yakin cobra falta do lado direito de ataque e manda direto para o gol. O chute sai forte e o goleiro Shovkovskiy tira de soco.</narracao>
    <video id="41493" momento="1ºT" video="491373"> Veja o vídeo:  42' Shovkovskiy afasta o perigo.</video>
    <narracao id="41488" momento="1ºT" tempo="44">MAIS UM! O árbitro aponta um minuto de acréscimo no primeiro tempo.</narracao>
    <narracao id="41490" momento="1ºT" tempo="46">TERMINA O PRIMEIRO TEMPO EM COLÔNIA!</narracao>
    <momento id="41491" momento="I">Show do intervalo</momento>
    <narracao id="41492" momento="I" tempo="0">Um primeiro tempo muito equilibrado em Colônia, mas as duas equipes criam muito pouco. As grandes chances da etapa inicial saíram de bolas paradas. Após falta cobrada da ponta esquerda, Shev testou na trave. Frei cobrou falta da intermediária de ataque e mandou na trave também. No mais, pouco aconteceu. O SEGUNDO TEMPO É DECISIVO!</narracao>
    <momento id="41494" momento="2ºT">Segundo tempo</momento>
    <narracao id="41495" momento="2ºT" tempo="1">BOLA ROLANDO PARA O SEGUNDO TEMPO!</narracao>
    <narracao id="41496" momento="2ºT" tempo="2">Lance Perigoso - UUUUUH! Gusev apoia pelo lado direito e cruza para a área da Suíça. O meia Tymoschuk aparece bem e testa. A bola sai à direita do gol de Zuberbühler! </narracao>
    <video id="41499" momento="2ºT" video="491379"> Veja o vídeo:  2' Voronin testa para fora.</video>
    <narracao id="41497" momento="2ºT" tempo="5">NA ZAGA! O meia Cabañas recebe na entrada da área e ajeita de calcanhar para chute de Vogel. O meia pega forte, mas a bola explode na zaga! </narracao>
    <narracao id="41498" momento="2ºT" tempo="7">O atacante Voronin recebe no lado direito de ataque e arrisca chute de longe. A bola sai forte e rasteira e o goleiro Zuberbühler defende.</narracao>
    <video id="41504" momento="2ºT" video="491381"> Veja o vídeo:  7' Voronin chuta para a defesa de Zuberbühler.</video>
    <narracao id="41500" momento="2ºT" tempo="10">TIROU! Vorobyey recebe na ponta direita e cruza. O zagueiro Magnin aparece bem e corta com os pés.</narracao>
    <narracao id="41501" momento="2ºT" tempo="11">NÃO DOMINOU! O atacante Frei recebe lançamento longo na área da Ucrânia, mas não consegue dominar e perde boa chance.</narracao>
    <narracao id="41502" momento="2ºT" tempo="13">PAROU! Nesmachniy recebe no lado esquerdo de ataque, tenta invadir a área da Suíça, mas é derrubado por Barnetta. O árbitro marca a falta e é grande chance para a Ucrânia!</narracao>
    <cartao id="41505" momento="2ºT" atletaId="8031" tempo="13" ico="/Portal/esportes/temporeal/swf/icos/cartao_amarelo.swf" cor="amarelo">Tranquillo Barnetta - O meia Barnetta comete falta dura e é punido com o cartão amarelo.</cartao>
    <video id="41511" momento="2ºT" video="491385"> Veja o vídeo:  13' Barnetta recebe o cartão amarelo.</video>
    <narracao id="41503" momento="2ºT" tempo="14">NA BARREIRA! O atacante Shevchenko cobra a falta na barreira.</narracao>
    <video id="41512" momento="2ºT" video="491386"> Veja o vídeo:  14' Shev cobra falta na barreira.</video>
    <substituicao id="41559" momento="2ºT" tempo="17" ico="/Portal/esportes/temporeal/swf/icos/substituicao.swf">Suíça faz substituição: entra Streller, sai Yakin</substituicao>
    <narracao id="41508" momento="2ºT" tempo="20">POR CIMA! Após cruzamento para a área da Suíça, o atacante Voronin sobe bem, mas testa por cima do gol de Zuberbühler.  </narracao>
    <narracao id="41509" momento="2ºT" tempo="21">Lance Perigoso - UUUUUUUH! Shevchenko recebe lançamento longo e domina na entrada da área da Suíça. O atacante dá um bonito corte no zagueiro e chuta forte. A bola passa perto, mas sai à esquerda de Zuberbühler! QUASE!</narracao>
    <video id="41515" momento="2ºT" video="491388"> Veja o vídeo:  21' Shev chuta com muito perigo.</video>
    <narracao id="41513" momento="2ºT" tempo="26">MAAAAL! O meia Magnin cobra falta de muito longe e tenta direto para o gol. A bola é muito alta e sai pela linha de fundo.</narracao>
    <video id="41517" momento="2ºT" video="491390"> Veja o vídeo:  26' Magnin chuta por cima.</video>
    <narracao id="41514" momento="2ºT" tempo="29">Lance Perigoso - UUUUUUH! Após cobrança de escanteio para a área da Suíça, o meia  Gusin sobe muiro bem e testa para o gol. A bola sai, por muito pouco, à esquerda do gol de Zuberbühler! QUASE O PRIMEIRO!</narracao>
    <video id="41519" momento="2ºT" video="491391"> Veja o vídeo:  29' Gusin quase marca de cabeça.</video>
    <substituicao id="41547" momento="2ºT" tempo="30" ico="/Portal/esportes/temporeal/swf/icos/substituicao.swf">Ucrânia faz substituição: entra Rotan, sai Kalinichenko</substituicao>
    <narracao id="41516" momento="2ºT" tempo="33">PAROU! O meia Barnetta recebe passe na entrada da área, não consegue dominar e divide com o zagueiro Vashchuk. O árbitro pára o lance e marca a falta de ataque.</narracao>
    <narracao id="41518" momento="2ºT" tempo="37">SAIU BEM! Após levantamento para a área da Ucrânia, o goleiro Shovkovskiy sobe muito bem e afasta de soco!</narracao>
    <narracao id="41520" momento="2ºT" tempo="40">JOGO PARADO! O zagueiro Magnin recebeu uma entrada dura e está caído no gramado recebendo atendimento...</narracao>
    <narracao id="41521" momento="2ºT" tempo="41">... O zagueiro é retirado de maca e a bola está rolando novamente.</narracao>
    <narracao id="41522" momento="2ºT" tempo="43">Nesmachniy desce pelo lado direito e descola cruzamento para a área. A zaga suíça corta para escanteio...</narracao>
    <narracao id="41523" momento="2ºT" tempo="44">... SAIU! Após cobrança de escanteio para a área da Suíça, o goleiro Zuberbühler sai bem do gol e tira de soco.</narracao>
    <narracao id="41524" momento="2ºT" tempo="45">MAIS TRÊS! O árbitro aponta três minutos de acréscimo no segundo tempo!</narracao>
    <narracao id="41526" momento="2ºT" tempo="48">TERMINA O SEGUNDO TEMPO! VAMOS PARA A PRORROGAÇÃO!</narracao>
    <momento id="41527" momento="AP">Aguardando prorrogação</momento>
    <narracao id="41528" momento="AP" tempo="0">O segundo tempo foi muito ruim. Os dois times têm muita dificuldade em criar oportunidades de gol e o jogo não poderia ter terminado com outro placar. 0 a 0! Teremos agora mais dois tempos de 15 minutos cada um!</narracao>
    <momento id="41531" momento="1ºTP">Primeiro tempo da prorrogação</momento>
    <narracao id="41532" momento="1ºTP" tempo="1">BOLA ROLANDO PARA A PRORROGAÇÃO!</narracao>
    <substituicao id="41548" momento="1ºTP" tempo="3" ico="/Portal/esportes/temporeal/swf/icos/substituicao.swf">Ucrânia faz substituição: entra Rebrov, sai Vorobyey</substituicao>
    <narracao id="41535" momento="1ºTP" tempo="5">Lance Feio - MAAAAAL! O meia Barnetta recebe no lado esquerdo de ataque e arrisca para o gol. O chute não é bom e a bola sai à direita do gol de Shovkovskiy.</narracao>
    <narracao id="41536" momento="1ºTP" tempo="6">FALTA PERIGOSA PARA A SUÍÇA! O atacante Frei recebe na intermediária de ataque e é derrubado por Shelayev. O árbitro marca a falta e é boa chance para a Suíça!</narracao>
    <narracao id="41537" momento="1ºTP" tempo="7">O atacante Frei cobra a falta na barreira!</narracao>
    <narracao id="41538" momento="1ºTP" tempo="9">NADA! Shevchenko domina na entrada da área, recebe a marcação e cai pedindo a falta. O árbitro não marca nada e manda o jogo seguir.</narracao>
    <narracao id="41539" momento="1ºTP" tempo="10">Após levantamento para a área da Ucrânia, a zaga corta nos pés de Vogel, na entrada da área. O meia arrisca de primeira e o goleiro Shovkovskiy cai bem e encaixa. </narracao>
    <video id="41551" momento="1ºTP" video="491402"> Veja o vídeo:  10' Vogel chuta para a defesa do goleiro.</video>
    <narracao id="41540" momento="1ºTP" tempo="13">PAROU! Shevchenko recebe lançamento longo e domina na entrada da área da Suíça. O árbitro pára o lance e marca a posição de impedimento do atacante! </narracao>
    <narracao id="41541" momento="1ºTP" tempo="15">TERMINA O PRIMEIRO TEMPO DA PRORROGAÇÃO! </narracao>
    <momento id="41542" momento="IP">Show do intervalo</momento>
    <momento id="41543" momento="2ºTP">Segundo tempo da prorrogação</momento>
    <narracao id="41544" momento="2ºTP" tempo="1">BOLA ROLANDO PARA A ETAPA FINAL!</narracao>
    <narracao id="41545" momento="2ºTP" tempo="3">Após cobrança de escanteio para a área da Ucrânia, o meia Degen testa para fora.</narracao>
    <narracao id="41546" momento="2ºTP" tempo="4">TIRA A ZAGA! Nesmachniy apoia pelo lado esquerdo e cruza para a área da Suíça. Magnin sobe bem e afasta de cabeça. </narracao>
    <substituicao id="41549" momento="2ºTP" tempo="5" ico="/Portal/esportes/temporeal/swf/icos/substituicao.swf">Ucrânia faz substituição: entra Milevskiy, sai Voronin</substituicao>
    <narracao id="41550" momento="2ºTP" tempo="6">TIRA A ZAGA! Milevskiy recebe na ponta direita, chega bem à linha de fundo e cruza rasteiro. O zagueiro Magnin dá um carrinho e corta o passe.</narracao>
    <video id="41561" momento="2ºTP" video="491415"> Veja o vídeo:  8' Rebrov demora e perde boa chance.</video>
    <narracao id="41552" momento="2ºTP" tempo="9">NA ZAGA! O atacante Rebrov recebe no lado direito de ataque e arrisca. A bola explode na zaga da Suíça!</narracao>
    <narracao id="41553" momento="2ºTP" tempo="10">Lance Perigoso - QUASE! Streller recebe ótimo lançamento e domina na área da Ucrânia. O atacante corta para o meio para finalizar, mas o zagueiro Gusin chega muito bem e dá um carrinho para abafar o chute!</narracao>
    <narracao id="41554" momento="2ºTP" tempo="14">O meia Vogel domina no meio e tenta lançamento para área. O zagueiro Vashchuk sobe para cortar.</narracao>
    <narracao id="41555" momento="2ºTP" tempo="15">MAIS UM! O árbitro aponta um minuto de acréscimo!</narracao>
    <substituicao id="41560" momento="2ºTP" tempo="15" ico="/Portal/esportes/temporeal/swf/icos/substituicao.swf">Suíça faz substituição: entra Lustrinelli, sai Frei</substituicao>
    <narracao id="41556" momento="2ºTP" tempo="16">TERMINA O JOGO! VAMOS PARA OS PÊNALTIS!</narracao>
    <momento id="41557" momento="P">Pênaltis</momento>
    <penalti id="41590" momento="P" equipeId="001" equipe="Suíça" gol="0" qtdPenalti="1">Marco Streller - Pênalti Perdido</penalti>
    <penalti id="41591" momento="P" equipeId="001" equipe="Suíça" gol="0" qtdPenalti="2">Tranquillo Barnetta - Pênalti Perdido</penalti>
    <penalti id="41592" momento="P" equipeId="001" equipe="Suíça" gol="0" qtdPenalti="3">Cabañas - Pênalti Perdido</penalti>
    <penalti id="41593" momento="P" equipeId="002" equipe="Ucrânia" gol="1" qtdPenalti="1">Artem Milevskiy - Pênalti Convertido</penalti>
    <penalti id="41594" momento="P" equipeId="002" equipe="Ucrânia" gol="1" qtdPenalti="2">Rebrov - Pênalti Convertido</penalti>
    <penalti id="41595" momento="P" equipeId="002" equipe="Ucrânia" gol="1" qtdPenalti="3">Oleh Gusev - Pênalti Convertido</penalti>
    <penalti id="41596" momento="P" equipeId="002" equipe="Ucrânia" gol="0" qtdPenalti="4">Andriy Shevchenko - Pênalti Perdido</penalti>
    <momento id="41597" momento="E">Final de jogo</momento>
    <video id="41599" momento="E" video="491420"> Veja o vídeo:  0' Gusev converte o último pênalti.</video>
  </lances>
</lancealance>
