<?xml version="1.0" encoding="UTF-8"?>
<lancealance cobertura="1203" leitura="0">
  <placar>
    <equipe id="001" url="" nome="Internacional" escudo="/FlashShow/0,,23002,00.swf" resultado="2" abreviacao="INT"/>
    <equipe id="002" url="" nome="LDU" escudo="/FlashShow/0,,10327,00.swf" resultado="0" abreviacao="LDU"/>
  </placar>
  <lances>
    <momento id="45384" momento="PJ">Pré-jogo</momento>
    <narracao id="45385" momento="PJ" tempo="0">Internacional e LDU se enfrentam às 19h15m (horário de Brasília), no estádio Beira-Rio (Porto Alegre/RS), pela partida de volta das quartas-de-final da Taça Libertadores da América. </narracao>
    <narracao id="45386" momento="PJ" tempo="0">O trio de arbitragem é uruguaio. O experiente Jorge Larrionda, que comandou a semifinal entre Portugal e França na Copa do Mundo, apita a partida, auxiliado por Edgardo Acosta e Maurício Espinoza.</narracao>
    <narracao id="45387" momento="PJ" tempo="0">No Internacional, há mais de um mês o técnico Abel Braga definiu o time que entrará em campo daqui a pouco, em busca de uma vaga nas semifinais da competição sul-americana, que é a prioridade do clube na temporada, pois o Colorado nunca conquistou o torneio. Precisa ganhar por 1 a 0, ou por dois gols de diferença. Caso a vitória seja por 2 a 1 (mesmo placar que sofreu em Quito) a decisão vai para as penalidades.</narracao>
    <narracao id="45388" momento="PJ" tempo="0">A LDU passa de fase com um simples empate. Além do Inter, terá que superar os problemas internos pelos quais o clube passa. O técnico Juan Oblitas afirmou que vai embora após a partida de hoje, e muitos titulares da equipe base da seleção equatoriana estão prestes a se transferir: Reasco foi contratado pelo São Paulo, Espinoza deve ir para um clube do Qatar, Mendez foi sondado pelo River Plate e Delgado pode parar na Arábia. Mesmo assim, o gerente de futebol, Patrício Torres, confia na equipe.</narracao>
    <momento id="45389" momento="1ºT">Primeiro tempo</momento>
    <narracao id="45390" momento="1ºT" tempo="0">COMEÇA A PARTIDA NO BEIRA-RIO!</narracao>
    <narracao id="45391" momento="1ºT" tempo="1">PRIMEIRA CHEGADA! Rafael Sóbis entra livre pela ponta esquerda, mas cruza a bola nas mãos do goleiro Mora.</narracao>
    <narracao id="45392" momento="1ºT" tempo="3">Falta perigosa em cima de Tinga...</narracao>
    <narracao id="45393" momento="1ºT" tempo="4">... Jorge Wagner joga a bola na área, a zaga equatoriana afasta.</narracao>
    <narracao id="45394" momento="1ºT" tempo="5">Tinga leva bola pela ponta direita até a linha de fundo, cai no gramado ao receber a marcação e pede falta. Mas está marcado o tiro de meta.</narracao>
    <narracao id="45395" momento="1ºT" tempo="7">Rafael Sóbis cruza rasteiro para a área, mas a zaga consegue cortar a bola.</narracao>
    <narracao id="45396" momento="1ºT" tempo="10">O Colorado começou a partida de modo insinuante. Este é o primeiro momento que a LDU consegue a posse de bola por algum tempo.</narracao>
    <narracao id="45397" momento="1ºT" tempo="11">Mais um corte da zaga da LDU em bola jogada na área por Rafael Sóbis.</narracao>
    <cartao id="45398" momento="1ºT" atletaId="10969" tempo="13" ico="/Portal/esportes/temporeal/swf/icos/cartao_amarelo.swf" cor="amarelo">Enrique Vera - Meia entra por trás em Jorge Wagner e recebe cartão amarelo.</cartao>
    <narracao id="45399" momento="1ºT" tempo="14">Tinga recebe bom passe no lado direito da área e rola a bola para trás, a zaga consegue afastar.</narracao>
    <narracao id="45400" momento="1ºT" tempo="15">Bolívar recua para Clemer que entrega bola para o adversário, proporcionando o primeiro chute da LDU. Bola rasteira para fora, sem perigo.</narracao>
    <cartao id="45401" momento="1ºT" atletaId="2760" tempo="16" ico="/Portal/esportes/temporeal/swf/icos/cartao_amarelo.swf" cor="amarelo">Fabiano Eller - Zagueiro dá carrinho por trás em Mendez e também leva cartão amarelo. </cartao>
    <narracao id="45403" momento="1ºT" tempo="19">O time do Inter erra passes e diminui a pressão. </narracao>
    <narracao id="45404" momento="1ºT" tempo="21">Fabiano Eller rouba a bola e puxa contra-ataque com Rafael Sóbis. A LDU se reorganiza bem e consegue recuperar a bola.</narracao>
    <narracao id="45405" momento="1ºT" tempo="23">Bola na área para Fernandão. Cabeçada do atacante é travada por zagueiro.</narracao>
    <narracao id="45406" momento="1ºT" tempo="24">Tinga invade a área, mas acaba desarmado.</narracao>
    <narracao id="45407" momento="1ºT" tempo="25">Rafael Sóbis recebe dupla marcação na ponta esquerda e ganha escanteio...</narracao>
    <narracao id="45408" momento="1ºT" tempo="25">... Zaga corta batida no primeiro pau.</narracao>
    <narracao id="45409" momento="1ºT" tempo="26">Outro escanteio para o Inter...</narracao>
    <narracao id="45410" momento="1ºT" tempo="26">... Mais um corte da defesa da LDU.</narracao>
    <narracao id="45411" momento="1ºT" tempo="27">O Inter continua com mais posse de bola, mas ainda não criou nenhuma chance real de gol.</narracao>
    <narracao id="45412" momento="1ºT" tempo="28">Bolívar corta para lateral jogada de Delgado pela ponta esquerda.</narracao>
    <narracao id="45413" momento="1ºT" tempo="30">Ambrossi faz boa jogada pala ponta esquerda e rola a bola para a entrada da área. Edinho consegue interceptar.</narracao>
    <narracao id="45414" momento="1ºT" tempo="31">Tinga faz boa jogada pela ponta direita e ganha escanteio...</narracao>
    <narracao id="45415" momento="1ºT" tempo="31">... Zaga da LDU corta mais uma.</narracao>
    <narracao id="45416" momento="1ºT" tempo="32">Falta perigosa para a LDU em mais um carrinho de Fabiano Eller, que já tem cartão amarelo...</narracao>
    <narracao id="45417" momento="1ºT" tempo="33">Bola na área, Fabiano Eller corta de cabeça.</narracao>
    <narracao id="45418" momento="1ºT" tempo="35">UUUHHH! Fernandão recebe na meia-lua, faz o giro e tenta o chute colocado. A bola sai por cima do gol, perto do ângulo esquerdo. </narracao>
    <narracao id="45419" momento="1ºT" tempo="37">MAIS UMA CHANCE! Rafael Sóbis pega de primeira em sobra de bola após jogada de Tinga, e manda por cima do gol, perto do ângulo direito.</narracao>
    <narracao id="45420" momento="1ºT" tempo="39">Reasco cruza na área colorada da ponta direita. Clemer sai do gol e defende a bola com segurança.</narracao>
    <narracao id="45421" momento="1ºT" tempo="40">Jorge Wagner bate com força da entrada da área. Bola desvia na zaga e sai para córner...</narracao>
    <narracao id="45422" momento="1ºT" tempo="41">... E mais um corte da defesa equatoriana.</narracao>
    <narracao id="45423" momento="1ºT" tempo="41">Elder Granja arrisca batida em sobra de bola de fora da área. Bola passa por cima do gol, sem assustar o goleiro.</narracao>
    <narracao id="45424" momento="1ºT" tempo="43">NÃO DEU! Edinho tenta arrancada pela ala direita, mas deixa bola ultrpassar a linha lateral.</narracao>
    <narracao id="45425" momento="1ºT" tempo="44">Rafael Sóbis avança pela ponta direita e tenta acertar o bola nas pernas do adversário para ganhar escanteio. Mas tentativa não dá certo e bola sai para tiro de meta.</narracao>
    <narracao id="45426" momento="1ºT" tempo="45">O primeiro tempo terá dois minutos de acréscimo.</narracao>
    <narracao id="45427" momento="1ºT" tempo="46">Jorge Wagner cruza para a área, em recuperação de bola de Tinga, mas bola passa por Fernandão e fica com a zaga rival.</narracao>
    <narracao id="45428" momento="1ºT" tempo="47">FIM DE PRIMEIRO TEMPO!</narracao>
    <momento id="45429" momento="I">Show do intervalo</momento>
    <narracao id="45430" momento="I" tempo="0">O Internacional tem o domínio do jogo, mas não consegue furar a retranca da LDU do Equador, que só chegou na área adverária uma única vez, em chute despretensioso. Apesar da ampla posse de bola e da necessidade da vitória, o Inter teve poucas chances claras de gol. Uma vitória de um a zero basta para a equipe colorada.</narracao>
    <narracao id="45435" momento="I" tempo="0">A equipe colorada retorna do vestiário.</narracao>
    <narracao id="45436" momento="I" tempo="0">A LDU retorna do vestiário.</narracao>
    <momento id="45437" momento="2ºT">Segundo tempo</momento>
    <narracao id="45438" momento="2ºT" tempo="0">COMEÇA O SEGUNDO TEMPO!</narracao>
    <narracao id="45439" momento="2ºT" tempo="2">INACREDITÁVEL! Jorge Wagner recebe de Rafael Sóbis pelo lado esquerdo da área e bate cruzado. Tinga, pressionado pelo zagueiro na pequena área, completa por cima e perde ótima chance de gol. </narracao>
    <narracao id="45440" momento="2ºT" tempo="4">MAIS UMA DO COLORADO! Fernandão avança pelo lado esquerdo da área, e bate cruzado e rasteiro para fora. </narracao>
    <gol id="45441" momento="2ºT" atletaId="452" tempo="6" escudo="/FlashShow/0,,23002,00.swf" contra="0"> GOL DE RAFAEL SOBIS  É GOOOOOOL!!! DO INTER!!! O atacante avança até a meia-lua com marcação de apenas um jogador, e bate forte e rasteiro no canto esquerdo.</gol>
    <narracao id="45442" momento="2ºT" tempo="8">QUASE O SEGUNDO! Fernandão domina na entrada da área e rola bola para trás, Alex bate cruzado de primeira para fora.</narracao>
    <narracao id="45443" momento="2ºT" tempo="10">Tinga demonstra estar sentindo a coxa.</narracao>
    <narracao id="45444" momento="2ºT" tempo="11">A LDU tenta bolas aéreas e tem lateral para cobrar no ataque.</narracao>
    <narracao id="45448" momento="2ºT" tempo="12">Clemer defende firme um cruzamento para a área colorada.</narracao>
    <substituicao id="45489" momento="2ºT" tempo="12" ico="/Portal/esportes/temporeal/swf/icos/substituicao.swf">Internacional faz substituição: entra Adriano, sai Tinga</substituicao>
    <narracao id="45449" momento="2ºT" tempo="13">BOA BATIDA! Fabiano Eller tabela com Rafael Sóbis, que solta bomba perigosa por cima do gol.</narracao>
    <narracao id="45450" momento="2ºT" tempo="14">Árbitro marca toque de mão de Elder Granja próximo a área colorada...</narracao>
    <narracao id="45451" momento="2ºT" tempo="15">... Mendez bate colocado, bola fica fácil para defesa de Clemer.</narracao>
    <narracao id="45456" momento="2ºT" tempo="16">QUE CHANCE! Fernandão rola na grande área para chute de Rafael Sóbis. Mora devia para córner com a ponta dos dedos... </narracao>
    <narracao id="45458" momento="2ºT" tempo="16">... A zaga afasta a bola.</narracao>
    <narracao id="45460" momento="2ºT" tempo="18">Mais um córner para o Colorado...</narracao>
    <narracao id="45464" momento="2ºT" tempo="18">... QUASE! Mora defende em dois tempos cabeçada fulminante.</narracao>
    <narracao id="45465" momento="2ºT" tempo="19">Falta em cima de Alex no campo de ataque...</narracao>
    <substituicao id="45484" momento="2ºT" tempo="19" ico="/Portal/esportes/temporeal/swf/icos/substituicao.swf">LDU faz substituição: entra Murillo, sai Obregón</substituicao>
    <narracao id="45468" momento="2ºT" tempo="20">... Alex bate direto por cima do gol.</narracao>
    <cartao id="45469" momento="2ºT" atletaId="5665" tempo="21" ico="/Portal/esportes/temporeal/swf/icos/cartao_amarelo.swf" cor="amarelo">Carlos Alberto Espínola - O lateral comete falta dura em Rafael Sóbis e recebe cartão amarelo.</cartao>
    <narracao id="45470" momento="2ºT" tempo="23">Jorge Wagner recebe passe de calcanhar na entrada da área e solta bomba por cima do gol.</narracao>
    <narracao id="45471" momento="2ºT" tempo="24">PRESSÃO COLORADA! Jorge Wagner cruza na área, Fernandão resvala na área e Mora tira de soco sob pressão de Bolívar. Na sobra, Fabiano Eller enfia uma pancada de canhota por cima do gol.</narracao>
    <narracao id="45472" momento="2ºT" tempo="27">Reasco pega sobra de primeira por cima do gol.</narracao>
    <narracao id="45473" momento="2ºT" tempo="29">Reasco divide com Jorge Wagner e recebe falta próxima a área colorada...</narracao>
    <narracao id="45474" momento="2ºT" tempo="30">Escanteio para a LDU...
</narracao>
    <narracao id="45475" momento="2ºT" tempo="30">... Espinoza cabeceia para fora.</narracao>
    <narracao id="45476" momento="2ºT" tempo="32">Falta feia em Adriano no campo de ataque colorado. O árbitro poupa a punição.</narracao>
    <narracao id="45477" momento="2ºT" tempo="33">Ambrossi cruza para a área, Bolívar corta de cabeça.</narracao>
    <narracao id="45478" momento="2ºT" tempo="34">Alex tenta cortar a bola, que sobra para Urrutia. O meia bate no peito, mas bate fraco pela linha de fundo.</narracao>
    <narracao id="45483" momento="2ºT" tempo="38">Fernandão recebe pelo alto, mata no peito e ajeita com capricho para Renteria dentro da área. O colombiano bate fraco nas mãos de Mora, em sua primeira participação na partida.</narracao>
    <substituicao id="45485" momento="2ºT" tempo="38" ico="/Portal/esportes/temporeal/swf/icos/substituicao.swf">LDU faz substituição: entra Candelario, sai Enrique Vera</substituicao>
    <substituicao id="45490" momento="2ºT" tempo="38" ico="/Portal/esportes/temporeal/swf/icos/substituicao.swf">Internacional faz substituição: entra Rentería, sai Rafael Sobis</substituicao>
    <substituicao id="45486" momento="2ºT" tempo="41" ico="/Portal/esportes/temporeal/swf/icos/substituicao.swf">LDU faz substituição: entra Ariel Graziani, sai Mendez</substituicao>
    <narracao id="45487" momento="2ºT" tempo="41">CHANCE DA LDU! Reasco cruza no segundo pau, mas Ambrossi cabeceia mal.</narracao>
    <gol id="45488" momento="2ºT" atletaId="7288" tempo="42" escudo="/FlashShow/0,,23002,00.swf" contra="0"> GOL DE RENTERÍA  GOLAÇO DO INTER!!! O atacante colombiano recebe em contra-ataque fulminante e toca por cobertura na saída de Mora.</gol>
    <substituicao id="45491" momento="2ºT" tempo="44" ico="/Portal/esportes/temporeal/swf/icos/substituicao.swf">Internacional faz substituição: entra Perdigão, sai Alex</substituicao>
    <narracao id="45492" momento="2ºT" tempo="44">NA RAÇA! Fernandão aparece na defesa e corta ataque da LDU com bico de sem pulo.</narracao>
    <narracao id="45493" momento="2ºT" tempo="45">Três minutos de acréscimo no segundo tempo.</narracao>
    <narracao id="45494" momento="2ºT" tempo="47">DE APERTAR O CORAÇÃO! Falta perigosa para a LDU! Elder Granja mete o braço na bola na risca da grande área...</narracao>
    <cartao id="45495" momento="2ºT" atletaId="10964" tempo="47" ico="/Portal/esportes/temporeal/swf/icos/cartao_amarelo.swf" cor="amarelo">Candelario - Meia recebe cartão amarelo por reclamação.</cartao>
    <narracao id="45496" momento="2ºT" tempo="48">QUE DEFESA! Candelario cobra no canto e Clemer espalma para fora.</narracao>
    <narracao id="45497" momento="2ºT" tempo="48">FIM DE JOGO NO BEIRA-RIO! O árbitro não espera pelo córner.</narracao>
    <momento id="45498" momento="E">Final de jogo</momento>
    <narracao id="45499" momento="E" tempo="0">O Colorado volta a uma semifinal de Libertadores após 17 anos!</narracao>
  </lances>
</lancealance>
