<?xml version="1.0" encoding="UTF-8"?>
<lancealance cobertura="1427" leitura="0">
  <placar>
    <equipe id="001" url="" nome="Ponte Preta" escudo="/FlashShow/0,,7275,00.swf" resultado="2" abreviacao="PON"/>
    <equipe id="002" url="" nome="Santa Cruz" escudo="/FlashShow/0,,7166,00.swf" resultado="0" abreviacao="Santa Cruz"/>
  </placar>
  <lances>
    <narracao id="57175" momento="PJ" tempo="0">O Santa Cruz é o 20º com apenas 18 pontos. O interino Ernesto Guedes será o quarto técnico do time só neste Campeonato Brasileiro - os dois primeiros foram Giba e Valdir Espinosa. Para a partida de daqui a pouco, Guedes deve optar pelo esquema 4-4-2. Novidades também na escalação, com o zagueiro estreante Adriano dos Santos no lugar de Sidraílson. A nova dupla de ataque será formada por Fabrício Ceará e Jorge Henrique, deixando Nenê e Márcio Mixirica no banco. Três jogadores estão vetados pelo departamento médico: os zagueiros Valença e Adriano, e o atacante Édson Pelé.</narracao>
    <momento id="57176" momento="PJ">Pré-jogo</momento>
    <narracao id="57177" momento="PJ" tempo="0">A Ponte Preta está na 18ª posição com 24 pontos. O retrospecto é favorável à Ponte. Em seis jogos pelo Brasileirão, foram três vitórias e três empates. No primeiro turno, houve empate em 1 x 1 no Arruda. O técnico Marco Aurélio deve escalar o time no esquema 4-4-2 e fará modificações. Na defesa, os zagueiros Preto e o volante Carlinhos entram nos lugares de Luis Carlos e Rafael Santos, e o lateral-esquerdo Iran ocupa a vaga de Wellington. No meio-campo, Thiago Carpini cede lugar ao volante Ricardo Conceição. Almir será substituído por Luís Mário. O meia Danilo ganhou a disputa com o atacante Tuto.</narracao>
    <narracao id="57178" momento="PJ" tempo="0">Ponte Preta e Santa Cruz se enfrentam às 16h (horário de Brasília), no estádio Moisés Lucarelli (Campinas/SP), pela 23ª rodada do Campeonato Brasileiro. Apita o jogo Evandro Rogério Roman/PR. Auxiliado por Gilson Bento Coutinho/PR e Faustino Vicente Lopes/PR.</narracao>
    <narracao id="57179" momento="PJ" tempo="0">O time do Santa Cruz já está no gramado. E neste momento entra o time da Ponte Preta!</narracao>
    <momento id="57180" momento="1ºT">Primeiro tempo</momento>
    <narracao id="57181" momento="1ºT" tempo="0">Após a execução do hino nacional, devido a comemoração da semana da pátria, a bola está rolando no Moisés Lucarelli!!!...</narracao>
    <narracao id="57182" momento="1ºT" tempo="0">Com menos de um minuto, Vélber arrisca de fora da área e a bola sai fraca para defesa de Guto, goleiro do Santa Cruz.</narracao>
    <narracao id="57183" momento="1ºT" tempo="1">Danilo avança pela esquerda e cruza na área do Santa Cruz. Luís Mário fecha pelo meio e escora pela linha de fundo.</narracao>
    <narracao id="57184" momento="1ºT" tempo="2">Luís Mário recebe na área de costas para a marcação, gira e chuta em cima de Zé Adriano. É escanteio para a Ponte Preta...</narracao>
    <narracao id="57185" momento="1ºT" tempo="3">... Bola fecha da na área do Santa Cruz. Guto afasta o perigo.</narracao>
    <narracao id="57186" momento="1ºT" tempo="3">Jorge Henrique avança pelo meio no contra-ataque do Santa Cruz e chuta de fora da área. Pega fraco na bola que fica com o goleiro Jean.</narracao>
    <narracao id="57187" momento="1ºT" tempo="5">Vélber é obstruído por Márcio Alemão e ganha falta para a Ponte Preta.</narracao>
    <narracao id="57188" momento="1ºT" tempo="6">Falta perigosa para o Santa na intermediária...</narracao>
    <narracao id="57189" momento="1ºT" tempo="6">... Júnior Maranhão "solta a bomba" e a bola se perde por cima do gol de Jean.</narracao>
    <video id="57197" momento="1ºT" video="536922"> Veja o vídeo:  6' Júnior Maranhão cobra falta por cima do gol de Jean, da Ponte Preta.</video>
    <narracao id="57190" momento="1ºT" tempo="8">Fabrício Ceará recebe bo bola na esquerda e cruza na área da Ponte para Jorge Henrique. Preto se antecipa e corta de cabeça.</narracao>
    <narracao id="57191" momento="1ºT" tempo="9">Júnior Maranhão arrisca de muito longe. A bola desvia no zagueiro Régis e fica com o goleiro Jean, da Ponte Preta.</narracao>
    <narracao id="57192" momento="1ºT" tempo="10">Cássio tenta jogada pela esquerda, mas fica na marcação de Nei, que arma o contra-ataque da Ponte Preta.</narracao>
    <narracao id="57193" momento="1ºT" tempo="11">VELOCIDADE! Jorge Henrique recebe na entrada da área e rapidamente inverte para Osmar, no limite da linha de fundo. A bola corre demais e sai em tiro de meta para a Ponte Preta.</narracao>
    <cartao id="57194" momento="1ºT" atletaId="5152" tempo="12" ico="/Portal/esportes/temporeal/swf/icos/cartao_amarelo.swf" cor="amarelo">Ricardo Conceição - Meio-campo é punido após cometer falta dura em Washington.</cartao>
    <video id="57205" momento="1ºT" video="536923"> Veja o vídeo:  12' Ricardo Conceição, meio-campo da POnte Preta, é punido com cartão amarelo.</video>
    <narracao id="57195" momento="1ºT" tempo="13">UUUUUHHHHH! Falta cobrada com muito perigo na área da Ponte, Jean espalma para escanteio...</narracao>
    <narracao id="57196" momento="1ºT" tempo="13">... Jorge Henrique cobra escanteio na área e Carlinhos afasta de cabeça para a Ponte Preta.</narracao>
    <video id="57206" momento="1ºT" video="536924"> Veja o vídeo:  13' Jean salva a Ponte Preta após boa cobrança de falta.</video>
    <cartao id="57198" momento="1ºT" atletaId="6485" tempo="15" ico="/Portal/esportes/temporeal/swf/icos/cartao_amarelo.swf" cor="amarelo">Augusto Recife - Volante do Santa Cruz é punido após puxar Fábio Baiano pela camisa.</cartao>
    <video id="57216" momento="1ºT" video="536925"> Veja o vídeo:  15' Augusto Recife, volante do Santa Cruz, é punido com cartão amarelo.</video>
    <narracao id="57199" momento="1ºT" tempo="16">UUUUUUUUHHHHHHH! Hiran "solta a Bomba" da intermediária e a bola sai com perigo, à direita do gol de Guto, do Santa Cruz.</narracao>
    <video id="57217" momento="1ºT" video="536926"> Veja o vídeo:  16' Iran cobra falta perigosa e quase marca para a Ponte Preta.</video>
    <narracao id="57200" momento="1ºT" tempo="17">Danilo descola bom lançamento para Vélber na esquerda, mas artacante da Ponte Preta está em posição irregular. É impedimento!</narracao>
    <narracao id="57201" momento="1ºT" tempo="19">DIVIDIDA FORTE! Wilson Surubim atinge a nuca do atacante Luís Mário, da Ponte Preta. É falta perigosa... </narracao>
    <gol id="57202" momento="1ºT" atletaId="5714" tempo="20" escudo="/FlashShow/0,,7275,00.swf" contra="0"> GOL DE DANILO  ... GOOOOOOOOOOOOOOL! Meio-campo cobra falta com categoria, de canhota, no canto esquerdo do gol de Guto, que nada pôde fazer.</gol>
    <video id="57202v" momento="1ºT" video="536927"> Veja o vídeo: Gol de Danilo.  20' ... GOOOOOOOOOOOOOOL! Meio-campo cobra falta com categoria, de canhota, no canto esquerdo do gol de Guto, que nada pôde fazer.</video>
    <narracao id="57203" momento="1ºT" tempo="22">Luís Mário avança pela entrada da área do Santa Cruz e sofre falta de Zé Adriano...</narracao>
    <narracao id="57204" momento="1ºT" tempo="23">... Após jogada ensaiada, a bola sobra para Danilo, que chuta forte. A bola explode na zaga e o lateral-direito Osmar, do Santa Cruz, fica caído no gramado. </narracao>
    <cartao id="57207" momento="1ºT" atletaId="12975" tempo="26" ico="/Portal/esportes/temporeal/swf/icos/cartao_amarelo.swf" cor="amarelo">Zé Adriano - Zagueiro do Santa Cruz é punido após falta dura em Luís Mário, na entrada da área.</cartao>
    <video id="57224" momento="1ºT" video="536928"> Veja o vídeo:  26' Zé Adriano, zagueiro do Santa Cruz, é punido com cartão amarelo.</video>
    <video id="57229" momento="1ºT" video="536931"> Veja o vídeo:  27' Fábio Baiano cobra falta com um chutaço e Iran, seu companheiro de equipe, atrapalha a jogada.</video>
    <narracao id="57208" momento="1ºT" tempo="27">INCRÍVEL! Fábio Baiano cobra falta com um chutaço de fora da área. O goleiro Guto estava "vendido" no lance, mas Iran, que fechava na pequena área, tira o gol feito da Ponte Preta.</narracao>
    <narracao id="57209" momento="1ºT" tempo="28">Jorge Henrique cobra falta da ponta esquerda para o Santa Cruz. Preto afasta o perigo na área.</narracao>
    <narracao id="57210" momento="1ºT" tempo="30">MAL! Osmar cruza da direita no segundo pau. Fabrício Ceará tenta de cabeça e a bola sobra para Cássio, na esquerda. Lateral cruza novamente... Para ninguém e Jean sobe para fazer a defesa para a Ponte Preta. </narracao>
    <narracao id="57211" momento="1ºT" tempo="32">Danilo arrisca lançamento rasteiro para Vélber. A bola corre demais e guto faz a defesa...</narracao>
    <narracao id="57212" momento="1ºT" tempo="32">... QUASE! Após errar na saída de bola, Luís Mário tenta encobrir o goleiro Guto, que se recupera e faz a defesa.</narracao>
    <video id="57230" momento="1ºT" video="536932"> Veja o vídeo:  32' Luís Mário tenta encobrir o goleiro Guto, do Santa Cruz.</video>
    <narracao id="57213" momento="1ºT" tempo="33">Osmar finaliza da entrada da área da Ponte Preta, mas é trvado por Ricardo Conceição e ganha o escanteio...</narracao>
    <narracao id="57214" momento="1ºT" tempo="34">... Jorge Henrique tenta cruzar da direita na área da Ponte e ganha mais um escanteio...</narracao>
    <narracao id="57215" momento="1ºT" tempo="35">... Bola na área da Ponte, Márcio Alemão sobe de cabeça e escora por cima do gol de Jean.</narracao>
    <narracao id="57218" momento="1ºT" tempo="38">AS DUAS EQUIPES ERRAM MUITOS PASSES NESTE MOMENTO DA PARTIDA.</narracao>
    <narracao id="57219" momento="1ºT" tempo="38">Cássio arrisca de fora da área e ganha o escanteio para o Santa Cruz...</narracao>
    <narracao id="57220" momento="1ºT" tempo="39">... Jorge Henrique cobra do lado esquerdo e Régis, de cabeça, afasta o perigo para a Ponte Preta.</narracao>
    <narracao id="57221" momento="1ºT" tempo="39">PÊNALTI PARA O SANTA CRUZ! Após chutaço de Júnior Maranhão, Jean dá o rebote e na confusão na área, Fabrício Ceará é derrubado...</narracao>
    <narracao id="57223" momento="1ºT" tempo="40">... DEFENDE JEAN! Fabrício Ceará cobra muito mal, goleiro cai no canto direito e salva a Ponte Preta.</narracao>
    <video id="57233" momento="1ºT" video="536933"> Veja o vídeo:  40' Jean defende a cobraça de pênalti de Fabrício Ceará, atacante do Santa Cruz.</video>
    <narracao id="57225" momento="1ºT" tempo="44">ACRÉSCIMOS! Árbitro assinala mais dois minutos neste primeiro tempo.</narracao>
    <narracao id="57226" momento="1ºT" tempo="45">Danilo é derrubado por Zé Adriano na intermediária. É falta perigosa para a Ponte Preta...</narracao>
    <narracao id="57227" momento="1ºT" tempo="46">... NO TRAVESSÃO! Danilo cobra falta com categoria e a bola "belisca" o ângulo esquerdo do gol de Guto.</narracao>
    <video id="57234" momento="1ºT" video="536935"> Veja o vídeo:  46' Danilo quase faz outro gol de falta para a Ponte Preta.</video>
    <narracao id="57228" momento="1ºT" tempo="47">FIM DE PRIMEIRO TEMPO! A Ponte Preta segue derrotando o Santa Cruz com um belo gol de falta do meio-campo Danilo. </narracao>
    <momento id="57231" momento="I">Show do intervalo</momento>
    <narracao id="57232" momento="I" tempo="0">Primeiro tempo movimentado. O Santa Cruz teve maior volume do jogo, aproveitando um "buraco" no meio-de-campo da Ponte Preta, mas acabou sofrendo o gol. Mesmo assim, a equipe não sentiu e partiu para cima da Ponte. Teve a chance de empatar com Fabrício Ceará em cobrança de pênalti, mas o atacante bateu muito mal e Jean fez bela defesa.</narracao>
    <momento id="57235" momento="2ºT">Segundo tempo</momento>
    <narracao id="57236" momento="2ºT" tempo="0">BOLA ROLANDO! Começa o segundo tempo. As duas equipes retornam sem alterações.</narracao>
    <narracao id="57237" momento="2ºT" tempo="1">UUUUUHHHHH! Júnior Maranhão arrisca de virada da entrada da área da Ponte. A bola sai à direita do gol de Jean.</narracao>
    <narracao id="57238" momento="2ºT" tempo="2">Nei ganha escanteio para a Ponte Preta...</narracao>
    <narracao id="57239" momento="2ºT" tempo="2">... Danilo cobra no segundo pau e Guto sobe para fazer a defesa.</narracao>
    <narracao id="57240" momento="2ºT" tempo="3">PIXOTADA! Preto tenta cortar na área da Ponte, falha e Jean sobe para fazer a defesa e consertar a "lambança".</narracao>
    <narracao id="57241" momento="2ºT" tempo="5">Vélber tenta a jogada sobre a marcação de Osmar pelo lado esquerdo e ganha o escanteio para a Ponte Preta...</narracao>
    <narracao id="57242" momento="2ºT" tempo="6">... Vélber cobra no primeiro pau e a zaga corta de cabeça. No rebote, Fábio Baiano arrisca um chutaço, por cima do gol de Guto.</narracao>
    <narracao id="57243" momento="2ºT" tempo="7">Jorge Henrique avança pela esquerda, cruza rasteiro na área e Preto corta para escanteio...</narracao>
    <narracao id="57244" momento="2ºT" tempo="8">... Bola na área da Ponte, a zaga corta e o Santa Cruz tem mais uma cobrança...</narracao>
    <narracao id="57245" momento="2ºT" tempo="8">... Bola na área da Ponte Preta, Márcio Alemão sobe de cabeça, mas árbitro pára a jogada marcando falta de ataque.</narracao>
    <video id="57262" momento="2ºT" video="536948"> Veja o vídeo:  8' Guto salva o Santa Cruz em chute de Vélber.</video>
    <narracao id="57246" momento="2ºT" tempo="9">DEFESA! Vélber recebe sozinho na área e chuta. Guto evita o segundo gol da Ponte Preta.</narracao>
    <video id="57265" momento="2ºT" video="536949"> Veja o vídeo:  9' Fábio Baiano arrisca chute forte, no travessão do gol de Guto.</video>
    <narracao id="57247" momento="2ºT" tempo="10">CHUTAÇO! Fábio Baiano "solta a bomba" e a bola explode no travessão do gol de Guto.</narracao>
    <cartao id="57248" momento="2ºT" atletaId="4306" tempo="11" ico="/Portal/esportes/temporeal/swf/icos/cartao_amarelo.swf" cor="amarelo">Wilson Surubim - Meio-campo do Santa Cruz é punido após falta dura.</cartao>
    <cartao id="57249" momento="2ºT" atletaId="5714" tempo="11" ico="/Portal/esportes/temporeal/swf/icos/cartao_amarelo.swf" cor="amarelo">Danilo - Meio-campo da Ponte Preta é punido após demorar na cobrança de falta.</cartao>
    <video id="57266" momento="2ºT" video="536952"> Veja o vídeo:  14' Guto defende o chute de Régis, zagueiro da Ponte Preta.</video>
    <narracao id="57250" momento="2ºT" tempo="15">A zaga do Santa Cruz falha mais uma vez e Vélber ganha escanteio para a Ponte Preta...</narracao>
    <narracao id="57251" momento="2ºT" tempo="15">... Régis recebe na entrada da área e "solta a bomba". Guto espalma para mais um escanteio...</narracao>
    <narracao id="57252" momento="2ºT" tempo="16">... Vélber cobra do lado direito e a zaga do Santa afasta o perigo.</narracao>
    <narracao id="57253" momento="2ºT" tempo="17">GUTO! Goleiro do Santa Cruz tira de soco após cruzamento de Luís Mário na cabeça de Vélber.</narracao>
    <video id="57269" momento="2ºT" video="536954"> Veja o vídeo:  17' Danilo chuta com perigo, por cima do gol de Guto.</video>
    <narracao id="57254" momento="2ºT" tempo="18">UUUUUUUHHHHHHH! A zaga do Santa parou pedindo impedimento. Danilo chega batendo, com perigo, por cima do gol de Guto.</narracao>
    <cartao id="57255" momento="2ºT" atletaId="11654" tempo="19" ico="/Portal/esportes/temporeal/swf/icos/cartao_amarelo.swf" cor="amarelo">Márcio Alemão - Zagueiro do Santa Cruz é punido após reclamação.</cartao>
    <cartao id="57258" momento="2ºT" atletaId="9345" tempo="20" ico="/Portal/esportes/temporeal/swf/icos/cartao_amarelo.swf" cor="amarelo">Washington - Meio-campo do Santa Cruz é punido após falta dura em Iran.</cartao>
    <substituicao id="57282" momento="2ºT" tempo="21" ico="/Portal/esportes/temporeal/swf/icos/substituicao.swf">Santa Cruz faz substituição: entra Nenê, sai Osmar</substituicao>
    <video id="57287" momento="2ºT" video="536956"> Veja o vídeo:  21' Jorge Henrique arrisca de longe, sem perigo para o gol de Jean.</video>
    <narracao id="57261" momento="2ºT" tempo="22">MAL! Jorge Henrique arrisca de fora da área e a bola sai à esquerda do gol de Jean.</narracao>
    <substituicao id="57283" momento="2ºT" tempo="22" ico="/Portal/esportes/temporeal/swf/icos/substituicao.swf">Santa Cruz faz substituição: entra Edson Di, sai Washington</substituicao>
    <narracao id="57264" momento="2ºT" tempo="24">CHUTAÇO! Após confusão na ára da Ponte, Jorge Henrique pega "de primeira", por cima do gol de Jean.</narracao>
    <substituicao id="57292" momento="2ºT" tempo="24" ico="/Portal/esportes/temporeal/swf/icos/substituicao.swf">Ponte Preta faz substituição: entra Tuto, sai Luís Mário</substituicao>
    <narracao id="57267" momento="2ºT" tempo="27">Cássio arrisca de canhota da intermediária, por cima do gol de Jean.</narracao>
    <video id="57288" momento="2ºT" video="536957"> Veja o vídeo:  27' Jean salva a Ponte após a cabeçada de Fabrício Ceará.</video>
    <narracao id="57268" momento="2ºT" tempo="28">JEAN! Goleiro da Ponte Preta espalma a cabeçada certeira do atacante Fabrício Ceará, do Santa Cruz...</narracao>
    <narracao id="57270" momento="2ºT" tempo="30">... Bola na área da Ponte Preta, Márcio Alemão tenta de cabeça, mas árbitro pára o lance marcando falta de ataque.</narracao>
    <substituicao id="57293" momento="2ºT" tempo="30" ico="/Portal/esportes/temporeal/swf/icos/substituicao.swf">Ponte Preta faz substituição: entra Almir, sai Danilo</substituicao>
    <narracao id="57280" momento="2ºT" tempo="32">PÚBLICO E RENDA: 7.677 pagantes / R$ 73.165,00.</narracao>
    <video id="57291" momento="2ºT" video="536958"> Veja o vídeo:  32' Tuto perde excelente chance para a Ponte Preta.</video>
    <narracao id="57281" momento="2ºT" tempo="33">UUUUUUUHHHHHH! Tuto invade a área pelo meio, arma para a canhota e chuta rasteiro. A bola passa "tirando tinta" da trave esquerda do gol de Guto.</narracao>
    <substituicao id="57284" momento="2ºT" tempo="35" ico="/Portal/esportes/temporeal/swf/icos/substituicao.swf">Santa Cruz faz substituição: entra Sidraílson, sai Zé Adriano</substituicao>
    <video id="57305" momento="2ºT" video="536959"> Veja o vídeo:  35' Fábio Baiano perde boa chance para a Ponte Preta.</video>
    <narracao id="57285" momento="2ºT" tempo="36">QUASE! Fabrício Ceará recebe bom cruzamento no segundo pau, mas cabeceia pela linha de fundo. É tiro de meta para a Ponte Preta.</narracao>
    <narracao id="57286" momento="2ºT" tempo="37">UUUUHHHHH! A zaga do Santa falhou. Iran recebe na frente e é desarmado, no rebote, Fábio Baiano chuta forte, rasteiro, pela linha de fundo.</narracao>
    <narracao id="57289" momento="2ºT" tempo="40">MUITO MAL! Júnior Maranhão erra feio o chute de fora da área para o Santa Cruz.</narracao>
    <narracao id="57290" momento="2ºT" tempo="41">GUTO! Fábio Baiano avança pelo meio e chuta forte de fora da área. Goleiro faz boa defesa para o Santa Cruz.</narracao>
    <substituicao id="57294" momento="2ºT" tempo="42" ico="/Portal/esportes/temporeal/swf/icos/substituicao.swf">Ponte Preta faz substituição: entra Emerson, sai Fábio Baiano</substituicao>
    <video id="57306" momento="2ºT" video="536960"> Veja o vídeo:  42' Jean faza boa defesa para a Ponte Preta.</video>
    <narracao id="57295" momento="2ºT" tempo="44">JEAN! Goleiro da Ponte espalma para escanteio o chute forte de Wilson Surubim, de fora da área.</narracao>
    <narracao id="57296" momento="2ºT" tempo="44">ACRÉSCIMOS! Árbitro assinala mais cinco minutos neste segundo tempo.</narracao>
    <narracao id="57301" momento="2ºT" tempo="47">Nei cruza bola na cabeça de tuto, na entrada da área do Santa Cruz. Guto faz a defesa e põe em jogo rapidamente.</narracao>
    <gol id="57302" momento="2ºT" atletaId="9730" tempo="48" escudo="/FlashShow/0,,7275,00.swf" contra="0"> GOL DE TUTO  GOOOOOOOOOOOOOOOOL! Após belo contra-ataque, meio-campo avança na velocidade pela esquerda, penetra na área e toca na saída do goleiro Guto.</gol>
    <video id="57302v" momento="2ºT" video="536962"> Veja o vídeo: Gol de Tuto.  48' GOOOOOOOOOOOOOOOOL! Após belo contra-ataque, meio-campo avança na velocidade pela esquerda, penetra na área e toca na saída do goleiro Guto.</video>
    <narracao id="57303" momento="2ºT" tempo="49">O SANTA CRUZ SE MANDA PARA O ATAQUE TENTANDO DIMINUIR E FALHA NA COBERTURA DOS CONTRA-ATAQUES.</narracao>
    <narracao id="57304" momento="2ºT" tempo="50">FIM DE JOGO! A Ponte Preta derrota o Santa Cruz e sai da zona de rebaixamento.</narracao>
    <momento id="57307" momento="E">Final de jogo</momento>
  </lances>
</lancealance>
