<?xml version="1.0" encoding="UTF-8"?>
<lancealance cobertura="133" leitura="0">
  <placar>
    <equipe id="001" url="" nome="Guarani" escudo="/FlashShow/0,,7245,00.swf" resultado="1" abreviacao="Guarani"/>
    <equipe id="002" url="" nome="Palmeiras" escudo="/FlashShow/0,,7255,00.swf" resultado="1" abreviacao="PAL"/>
  </placar>
  <lances>
    <narracao id="4082" momento="PJ" tempo="0">Guarani e Palmeiras se enfrentam às 20h30m.</narracao>
    <momento id="4083" momento="PJ">Pré-jogo</momento>
    <narracao id="4088" momento="PJ" tempo="0">Palmeiras tenta se recuperar da derrota de 4 a 2 para o São Paulo no clássico de domingo passado.</narracao>
    <narracao id="4089" momento="PJ" tempo="0">Time comandado por Leão é o terceiro colocado do Paulista com 15 pontos, um a menos que o Noroeste e empatado com o Corinthians. No entanto, o Alviverde tem um jogo a menos que os adversários.</narracao>
    <narracao id="4090" momento="PJ" tempo="0">O ataque do Verdão será formado por Enílton e Washington, com Edmundo atuando na criação de jogadas. </narracao>
    <narracao id="4092" momento="PJ" tempo="0">Elvis afirma que, jogando em casa e com o apoio da torcida, o Guarani tem todas as condições de conseguir a vitória. </narracao>
    <narracao id="4093" momento="PJ" tempo="0">Leão diz que o Palmeiras joga com apenas dois atacantes. </narracao>
    <momento id="4095" momento="1ºT">Primeiro tempo</momento>
    <narracao id="4096" momento="1ºT" tempo="1">Bola rolando em Campinas.</narracao>
    <video id="4097" momento="1ºT" video="1"> Veja o vídeo:  1' Adeílson solta a bomba de fora da área e Marcos afasta de soco.</video>
    <narracao id="4101" momento="1ºT" tempo="3">Palmeiras sai jogando errado. Bilu toca para Adeílson, mas Marcos se antecipa e faz a defesa.</narracao>
    <narracao id="4103" momento="1ºT" tempo="4">Guarani começa melhor e parte para cima do time comandado por Leão.</narracao>
    <narracao id="4105" momento="1ºT" tempo="5">Após cobrança de lateral e de confusão dentro da área, a bola sobra para Elvis, que bate prensado com Daniel. Marcos defende e Paulo Baier sai jogando.</narracao>
    <narracao id="4107" momento="1ºT" tempo="7">Fabiano limpa a jogada e é travado na hora da conclusão. Atacante pede falta, mas o árbitro manda o lance prosseguir.</narracao>
    <narracao id="4108" momento="1ºT" tempo="8">Bilu domina dentro da área e bate forte de canhota. Marcos faz ótima defesa.</narracao>
    <narracao id="4109" momento="1ºT" tempo="9">Elvis tabela com Bilu, entra na área e chuta. O goleiro Marcos faz a defesa com o pé.</narracao>
    <narracao id="4111" momento="1ºT" tempo="10">Lúcio cruza mal e Fernando só observa.</narracao>
    <narracao id="4112" momento="1ºT" tempo="11">Bilu recebe de Adeílson e é travado por Amaral. Bugre ganha escanteio.</narracao>
    <narracao id="4114" momento="1ºT" tempo="12">Umberto arrisca da intermediária e Marcos defende sem problemas.</narracao>
    <narracao id="4115" momento="1ºT" tempo="13">Sandro chuta forte de fora da área e Marcos só acompanha a bola sair pela linha de fundo.</narracao>
    <narracao id="4117" momento="1ºT" tempo="15">Pressionado, Gamarra escorrega e atrasa para Marcos, que tem que sair do gol para evitar o gol de Fabiano.</narracao>
    <narracao id="4118" momento="1ºT" tempo="16">Amaral vai ao fundo e cruza. Fernando se antecipa e segura a bola com firmeza.</narracao>
    <video id="4120" momento="1ºT" video="1"> Veja o vídeo:  17' Fabiano recebe ótimo passe de Bilu, invade a área sozinho e chuta em cima de Marcos, para desespero do técnico Luiz Carlos Ferreira.</video>
    <narracao id="4121" momento="1ºT" tempo="18">Zagueiro César chuta de canhota de fora da área e Marcos espalma para córner, em ótima defesa.</narracao>
    <narracao id="4122" momento="1ºT" tempo="19">Goleiro do Palmeiras cai e recebe atendimento médico no gramado.</narracao>
    <narracao id="4125" momento="1ºT" tempo="21">Guarani pressiona e Marcos é o melhor jogador em campo.</narracao>
    <narracao id="4128" momento="1ºT" tempo="23">Amaral não consegue dominar a bola, que sobra para Adeílson. Atacante bate de primeira e Marcos espalma para escanteio.</narracao>
    <narracao id="4129" momento="1ºT" tempo="25">Lúcio cruza da esquerda, a defesa só olha e Enílton sobe livre, mas cabeceia em cima de Fernando.</narracao>
    <cartao id="4132" momento="1ºT" atletaId="6834" tempo="26" ico="/Portal/esportes/temporeal/swf/icos/cartao_amarelo.swf" cor="amarelo">Amaral - Lateral faz falta dura em Elvis e recebe o amarelo.</cartao>
    <narracao id="4133" momento="1ºT" tempo="27">Rodrigo Sá chuta, a bola desvia em Gamarra e vai para córner.</narracao>
    <narracao id="4134" momento="1ºT" tempo="27">Após cobrança de escanteio, Fabiano cabeceia e Paulo Baier afasta, cedendo mais um córner.</narracao>
    <cartao id="4135" momento="1ºT" atletaId="7028" tempo="28" ico="/Portal/esportes/temporeal/swf/icos/cartao_amarelo.swf" cor="amarelo">Rodrigo Sá - Meia discute com Enílton e recebe amarelo.</cartao>
    <cartao id="4136" momento="1ºT" atletaId="3871" tempo="28" ico="/Portal/esportes/temporeal/swf/icos/cartao_amarelo.swf" cor="amarelo">Enílton - Atacante discute com Rodrigo Sá e recebe amarelo.</cartao>
    <narracao id="4138" momento="1ºT" tempo="29">Daniel bate falta com força e Fernando espalma para escanteio.</narracao>
    <narracao id="4139" momento="1ºT" tempo="32">Guarani continua sufocando o Palmeiras, que tem dificuldades de chegar ao ataque.</narracao>
    <narracao id="4141" momento="1ºT" tempo="32">Daniel cai em campo e pede substituição.</narracao>
    <narracao id="4144" momento="1ºT" tempo="35">Zagueiro Daniel sofreu uma distensão muscular.</narracao>
    <narracao id="4146" momento="1ºT" tempo="36">Ricardinho bate escanteio e, após cabeçada de Gamarra, Fernando faz defesa tranqüila.</narracao>
    <narracao id="4148" momento="1ºT" tempo="40">Ricardinho avança pela direita e bate de fora da área para fora.</narracao>
    <narracao id="4149" momento="1ºT" tempo="41">Mariano levanta na área e Fabiano cabeceia por cima do gol de Marcos.</narracao>
    <narracao id="4153" momento="1ºT" tempo="43">Adílio cruza da esquerda e Valdomiro corta com dificuldade. O Bugre pressiona e o Palmeiras está perdido em campo.</narracao>
    <cartao id="4154" momento="1ºT" atletaId="9277" tempo="44" ico="/Portal/esportes/temporeal/swf/icos/cartao_amarelo.swf" cor="amarelo">César - Zagueiro dá carrinho em Paulo Baier e recebe o amarelo.</cartao>
    <narracao id="4155" momento="1ºT" tempo="45">Dois minutos de acréscimo.</narracao>
    <narracao id="4158" momento="1ºT" tempo="47">Fim do primeiro tempo.</narracao>
    <momento id="4159" momento="I">Show do intervalo</momento>
    <narracao id="4162" momento="I" tempo="0">Marcos afirma que está feliz com sua atuação na primeira etapa e tem certeza que Leão vai arrumar o time no intervalo.</narracao>
    <narracao id="4164" momento="I" tempo="0">Adeílson diz que o Guarani precisa caprichar um pouco mais nas conclusões.</narracao>
    <narracao id="4171" momento="I" tempo="0">Repórter de rádio afirma que foi agredido por Leão na saída para o vestiário. </narracao>
    <narracao id="4174" momento="I" tempo="0">Leão volta para o gramado irritado e não fala com os repórteres. </narracao>
    <narracao id="4175" momento="I" tempo="0">Técnico do Palmeiras empurra placa de publicidade e derruba repórteres na volta para a segunda etapa.</narracao>
    <momento id="4177" momento="2ºT">Segundo tempo</momento>
    <narracao id="4178" momento="2ºT" tempo="1">Bola rolando para o segundo tempo.</narracao>
    <substituicao id="4182" momento="2ºT" tempo="1" ico="/Portal/esportes/temporeal/swf/icos/substituicao.swf">Entrou: Correa / Saiu: Amaral</substituicao>
    <substituicao id="4183" momento="2ºT" tempo="1" ico="/Portal/esportes/temporeal/swf/icos/substituicao.swf">Entrou: Cristian / Saiu: Enilton</substituicao>
    <narracao id="4184" momento="2ºT" tempo="2">Paulo Baier levanta na área e Correa cabeceia fraco, para a defesa de Fernando.</narracao>
    <gol id="4191" momento="2ºT" atletaId="74" tempo="2" escudo="/FlashShow/0,,7255,00.swf" contra="0"> GOL DE WASHINGTON  Edmundo faz boa jogada pela esquerda e cruza rasteiro. Com oportunismo, o atacante completa de carrinho para abrir o placar.</gol>
    <video id="4191v" momento="2ºT" video="1"> Veja o vídeo: Gol de Washington.  2' Edmundo faz boa jogada pela esquerda e cruza rasteiro. Com oportunismo, o atacante completa de carrinho para abrir o placar.</video>
    <narracao id="4193" momento="2ºT" tempo="4">Ricardinho dá belo chute de fora da área e Fernando espalma para córner.</narracao>
    <narracao id="4194" momento="2ºT" tempo="6">Fabiano dá belo drible e sofre falta dura na intermediária. Boa chance para o Guarani.</narracao>
    <narracao id="4195" momento="2ºT" tempo="7">Elvis bate por cima do gol de Marcos.</narracao>
    <narracao id="4198" momento="2ºT" tempo="8">Repórter agredido por Leão se chama José Henrique Semedo e trabalha na Rádio Central de Campinas. O jornalista está fazendo um boletim de ocorrência.</narracao>
    <narracao id="4199" momento="2ºT" tempo="9">Palmeiras joga muito melhor no segundo tempo e Guarani parece ter sentido o gol do Verdão.</narracao>
    <narracao id="4213" momento="2ºT" tempo="12">Elvis levanta na área, a zaga rebate e Sandro tenta uma meia-bicicleta, mas o Palmeiras ganha a jogada.</narracao>
    <cartao id="4215" momento="2ºT" atletaId="3796" tempo="14" ico="/Portal/esportes/temporeal/swf/icos/cartao_amarelo.swf" cor="amarelo">Paulo Baier - Lateral derruba Adílio e recebe amarelo.</cartao>
    <narracao id="4222" momento="2ºT" tempo="17">Guarani não consegue repetir a boa atuação da primeira etapa.</narracao>
    <narracao id="4223" momento="2ºT" tempo="18">Paulo Baier cruza e Fernando corta o perigo.</narracao>
    <narracao id="4224" momento="2ºT" tempo="18">Fabiano avança pela direita e bate fraco para a defesa de Marcos.</narracao>
    <video id="4226" momento="2ºT" video="1"> Veja o vídeo:  19' Edmundo recebe de Lúcio, dribla o goleiro do Guarani e chuta na rede pelo lado de fora, desperdiçando uma chance incrível.</video>
    <gol id="4229" momento="2ºT" atletaId="9857" tempo="20" escudo="/FlashShow/0,,7245,00.swf" contra="0"> GOL DE FABIANO  Após cobrança de escanteio, atacante domina e bate forte de canhota para empatar a partida.</gol>
    <video id="4229v" momento="2ºT" video="1"> Veja o vídeo: Gol de Fabiano.  20' Após cobrança de escanteio, atacante domina e bate forte de canhota para empatar a partida.</video>
    <narracao id="4231" momento="2ºT" tempo="22">Edmundo dá belo passe para Paulo Baier, mas o lateral está impedido.</narracao>
    <narracao id="4233" momento="2ºT" tempo="23">Sandro solta a bomba de fora da área e Marcos só observa.</narracao>
    <substituicao id="4279" momento="2ºT" tempo="24" ico="/Portal/esportes/temporeal/swf/icos/substituicao.swf">Entrou: Fabinho / Saiu: Adeílson</substituicao>
    <narracao id="4240" momento="2ºT" tempo="25">Paulo Baier vai ao fundo e cruza. Fernando defende em bela ponte.</narracao>
    <narracao id="4241" momento="2ºT" tempo="25">Fabinho levanta na área e Rodrigo Sá cabeceia, sozinho, para fora.</narracao>
    <narracao id="4242" momento="2ºT" tempo="26">Sandro chuta forte, cruzado, por cima do gol do Palmeiras. </narracao>
    <narracao id="4252" momento="2ºT" tempo="30">Fabiano toca de calcanhar para Rodrigo Sá, que é derrubado por Ricardinho quase dentro da área. Boa chance para o Bugre.</narracao>
    <narracao id="4258" momento="2ºT" tempo="31">Sandro chuta e a bola explode na barreira. Árbitro manda voltar.</narracao>
    <cartao id="4259" momento="2ºT" atletaId="2982" tempo="31" ico="/Portal/esportes/temporeal/swf/icos/cartao_amarelo.swf" cor="amarelo">Marcinho Guerreiro - Volante recebe amarelo por se antecipar à cobrança de falta.</cartao>
    <narracao id="4260" momento="2ºT" tempo="32">Elvis bate por cima do gol do Palmeiras.</narracao>
    <substituicao id="4280" momento="2ºT" tempo="32" ico="/Portal/esportes/temporeal/swf/icos/substituicao.swf">Entrou: Deyvid / Saiu: Elvis</substituicao>
    <video id="4270" momento="2ºT" video="1"> Veja o vídeo:  34' Bilu entra na área e tenta cruzar, mas Marcos faz boa defesa. Na seqüência, o meia bate rasteiro e a bola cruza toda a área do Verdão.</video>
    <narracao id="4273" momento="2ºT" tempo="35">Lúcio cai e sai de campo para receber atendimento médico.</narracao>
    <narracao id="4276" momento="2ºT" tempo="38">Deyvid recebe dentro da área e bate de virada. A bola sai pela linha de fundo.</narracao>
    <substituicao id="4281" momento="2ºT" tempo="40" ico="/Portal/esportes/temporeal/swf/icos/substituicao.swf">Entrou: Éder / Saiu: Fabiano</substituicao>
    <narracao id="4285" momento="2ºT" tempo="42">Comandante da polícia avisa Leão que o técnico terá que comparecer ao distrito policial após o jogo por causa da denúncia de agressão do repórter José Henrique Semedo.</narracao>
    <narracao id="4287" momento="2ºT" tempo="43">Bilu bate falta e Marcos espalma. No rebote, Sandro chuta caído e a bola bate na trave.</narracao>
    <narracao id="4288" momento="2ºT" tempo="44">Três minutos de acréscimo.</narracao>
    <cartao id="4294" momento="2ºT" atletaId="10130" tempo="46" ico="/Portal/esportes/temporeal/swf/icos/cartao_amarelo.swf" cor="amarelo">Éder - Atacante faz falta dura em Cristian e recebe o amarelo.</cartao>
    <narracao id="4299" momento="2ºT" tempo="47">Guarani ganha escanteio e tem a última chance da partida.</narracao>
    <narracao id="4301" momento="2ºT" tempo="48">A zaga do Palmeiras corta o cruzamento e o jogo acaba.</narracao>
    <momento id="4302" momento="E">Final de jogo</momento>
    <narracao id="4303" momento="E" tempo="0">Leão diz que só vai dar entrevista mais tarde.</narracao>
    <narracao id="4304" momento="E" tempo="0">Bilu afirma que o resultado foi bom para o Guarani.</narracao>
    <narracao id="4307" momento="E" tempo="0">Marcos diz que o Guarani tem uma grande equipe e que o resultado foi justo.</narracao>
  </lances>
</lancealance>
