<?xml version="1.0" encoding="UTF-8"?>
<lancealance cobertura="1121" leitura="0">
  <placar>
    <equipe id="001" url="" nome="França" escudo="/FlashShow/0,,9454,00.swf" resultado="1" abreviacao="FRA"/>
    <equipe id="002" url="" nome="Coreia do Sul" escudo="/FlashShow/0,,9447,00.swf" resultado="1" abreviacao="KOR"/>
  </placar>
  <lances>
    <narracao id="38455" momento="PJ" tempo="0">França e Coréia do Sul se enfrentam às 16h (de Brasília).</narracao>
    <momento id="38456" momento="PJ">Pré-jogo</momento>
    <narracao id="38457" momento="PJ" tempo="0">Ahn Jung-Hwan começa o jogo no banco de reservas. Contra o Togo, o atacante entrou no segundo tempo e marcou um gol, tornando-se o maior artilheiro da Coréia do Sul em Copas do Mundo com três gols.</narracao>
    <narracao id="38458" momento="PJ" tempo="0">Na estréia, a Coréia se tornou o segundo time a conseguir virar um placar nesta Copa. Depois de começar perdendo, os coreanos venceram o Togo por 2 a 1. Essa foi a primeira vitória dos coreanos em Copas fora do seu país. Em 2002, a seleção venceu quatro partidas, todas em território coreano.</narracao>
    <narracao id="38459" momento="PJ" tempo="0">Em 22 jogos em Copas do Mundo, a seleção coreana obteve 4 vitórias, três delas sobre países europeus (1x0 Portugal; 2x0 Polônia; 2x1 Itália), 6 empates e 12 derrotas, com 21 gols a favor e 50 contra. 
</narracao>
    <narracao id="38460" momento="PJ" tempo="0">Neste ano, a Coréia do Sul já atuou em 14 partidas oficiais, com 7 vitórias (1x0 Finlândia; 2x0 Croácia; 1x0 México; 2x1 Síria; 1x0 Angola; 2x0 Bósnia; 2x1 Togo), 3 empates (1x1 Grécia; 1x1 Senegal; 0x0 Noruega) e 4 derrotas (0x1 Emirados Árabes Unidos; 1x3 Dinamarca; 0x1 Costa Rica; 1x3 Gana), com 15 gols a favor e 121 contra.</narracao>
    <narracao id="38461" momento="PJ" tempo="0">SEGUE O SECO? A França não marca um gol há oito anos em Copas. São 360 minutos de bola rolando com o grito entalado na garganta. O último gol em Mundiais aconteceu na final da Copa de 1998, contra o Brasil. Caso não marque, a França empata com a Bolívia, que também ficou cinco jogos sem marcar, entre 1930 e 1994.</narracao>
    <narracao id="38462" momento="PJ" tempo="0">O craque Zidane não se dá bem com Raymond Domenech. O meia pediu ao técnico mais atacantes no time e não será atendido</narracao>
    <narracao id="38463" momento="PJ" tempo="0">Após o empate por 0 a 0 na estréia, contra a Suíça, Zidane e companhia ouviram tudo que não queriam. A alta média de idade da seleção, questionada desde a convocação, voltou a ser manchete. Por outro lado, o jovem Franck Ribéry, que viveu uma comoção nacional pela sua entrada, decepcionou e volta para o banco. Malouda estreará na Copa.</narracao>
    <narracao id="38464" momento="PJ" tempo="0">França e Coréia do Sul já se enfrentaram duas vezes com suas seleções principais, ambas na Coréia, com duas vitórias francesas. O primeiro jogo aconteceu no dia 30/05/01, pela Copa das Confederações. Em partida realizada na cidade de Taegu, a França aplicou uma goleada de 5x0 sobre os sul-coreanos, gols de Marlet, Vieira, Anelka, Djorkaeff e Wiltord.</narracao>
    <narracao id="38470" momento="PJ" tempo="0">As duas seleções entram em campo neste momento!</narracao>
    <momento id="38471" momento="1ºT">Primeiro tempo</momento>
    <narracao id="38472" momento="1ºT" tempo="1">ROLA A BOLA EM LEIPZIG!</narracao>
    <video id="38473" momento="1ºT" video="484577"> Veja o vídeo:  1' A seca de gols da França.</video>
    <video id="38474" momento="1ºT" video="484575"> Veja o vídeo:  1' O perfil de Jung-Hwan Ahn.</video>
    <video id="38478" momento="1ºT" video="484579"> Veja o vídeo:  1' Os hinos das duas seleções.</video>
    <narracao id="38475" momento="1ºT" tempo="3">PRIMEIRO ATAQUE DA FRANÇA! Wiltord recebe no meio e abre para Malouda na ponta direita. O meia chega bem à linha de fundo e cruza. A bola bate na zaga e sai para escanteio...</narracao>
    <narracao id="38476" momento="1ºT" tempo="4">...SAIU BEM! Malouda cobra escanteio para área e o goleiro Woon-Jae Lee sai bem e tira de soco.</narracao>
    <narracao id="38477" momento="1ºT" tempo="6">QUASE! Henry recebe na entrada da área e descola ótimo passe para Wiltord. O atacante invade pelo lado direito e fica de frente para Woon-Jae Lee. O goleiro sai muito bem e impede a finalização.</narracao>
    <video id="38482" momento="1ºT" video="484582"> Veja o vídeo:  6' Wiltord perde boa chance.</video>
    <gol id="38479" momento="1ºT" atletaId="2179" tempo="8" escudo="/FlashShow/0,,9454,00.swf" contra="0"> GOL DE THIERRY HENRY  ATÉ QUE ENFIM!!!!!!!!!!!!! Wiltord recebe na entrada da área e tenta o chute. A bola desvia no zagueiro e acaba sobrando para Henry. O atacante fica de frente para Woon-Jae Lee e toca com categoria. A FRANÇA TÁ NA FRENTE!</gol>
    <video id="38479v" momento="1ºT" video="484583"> Veja o vídeo: Gol de Thierry Henry.  8' ATÉ QUE ENFIM!!!!!!!!!!!!! Wiltord recebe na entrada da área e tenta o chute. A bola desvia no zagueiro e acaba sobrando para Henry. O atacante fica de frente para Woon-Jae Lee e toca com categoria. A FRANÇA TÁ NA FRENTE!</video>
    <cartao id="38480" momento="1ºT" atletaId="12488" tempo="10" ico="/Portal/esportes/temporeal/swf/icos/cartao_amarelo.swf" cor="amarelo">Ho Lee - O meia Ho Lee faz falta dura e é punido com o cartão amarelo.</cartao>
    <video id="38484" momento="1ºT" video="484584"> Veja o vídeo:  11' Zidane arrisca de longe.</video>
    <narracao id="38485" momento="1ºT" tempo="11">PARA FORA! O meia Zidane recebe na intermediária de ataque e arrisca de longe. O chute não é bom e a bola vai para fora.</narracao>
    <narracao id="38481" momento="1ºT" tempo="12">Wiltord recebe na intermediária de ataque e tenta enfiada para Henry. O atacante não domina e perde boa oportunidade.</narracao>
    <narracao id="38483" momento="1ºT" tempo="15">Young-Pyo Lee recebe bom passe na ponta direita, tenta chegar à linha de fundo, mas acaba desarmado por Thuram.</narracao>
    <narracao id="38486" momento="1ºT" tempo="18">DOMÍNIO! A França domina o jogo no início. O time troca passes com facilidade no campo de ataque.</narracao>
    <video id="38494" momento="1ºT" video="484588"> Veja o vídeo:  21' Gallas recua mal.</video>
    <narracao id="38487" momento="1ºT" tempo="22">Lance Feio - MAAAAL! O meia Malouda recebe bom passe no campo de ataque e arrisca. O chute sai torto e a bola sai longe do gol de Woon-Jae Lee. </narracao>
    <video id="38495" momento="1ºT" video="484589"> Veja o vídeo:  23' Malouda arranca e chuta para fora.</video>
    <narracao id="38488" momento="1ºT" tempo="25">BOA CHANCE! O atacante Henry recebe a bola na intermediária, tenta o giro, mas sofre falta de Eul-Yong Lee. Boa chance para a França!</narracao>
    <narracao id="38489" momento="1ºT" tempo="26">NA BARREIRA! O atacante Henry cobra a falta e manda na barreira.</narracao>
    <video id="38499" momento="1ºT" video="484592"> Veja o vídeo:  26' Zidane testa por cima.</video>
    <narracao id="38490" momento="1ºT" tempo="27">Após cobrança de escanteio para a área da Coréia do Sul, o meia Zidane aparece bem e finaliza de cabeça. A bola vai para fora.</narracao>
    <cartao id="38492" momento="1ºT" atletaId="12388" tempo="29" ico="/Portal/esportes/temporeal/swf/icos/cartao_amarelo.swf" cor="amarelo">Dong-Jin Kim - O zagueiro Kim Dong-Jin comete falta dura e é punido com o cartão amarelo.</cartao>
    <narracao id="38493" momento="1ºT" tempo="31">ENTROU, MAS NÃO VALEU! Zidane cobra escanteio para a área da Coréia do Sul. O meia Vieira sobe bem e testa para baixo. O goleiro Woon-Jae Lee tira de dentro do gol, mas o árbitro não vê e manda o jogo seguir! </narracao>
    <video id="38500" momento="1ºT" video="484594"> Veja o vídeo:  31' Vieira cabeceia para o gol, mas o árbitro não marca!</video>
    <narracao id="38496" momento="1ºT" tempo="35">Cho Jae-Jin domina no lado esquerdo de ataque e é derrubado por Vieira. O árbitro marca a falta e é chance de cruzamento para a área da França! </narracao>
    <narracao id="38497" momento="1ºT" tempo="36">Lance Perigoso - UUUUUUH! Chun-Soo Lee cobra a falta para a área da França. A bola passa por todo mundo e sai tirando tinta da trave de Barthez!</narracao>
    <video id="38503" momento="1ºT" video="484595"> Veja o vídeo:  36' Chun-Soo Lee cobra falta e a bola quase entra.</video>
    <narracao id="38498" momento="1ºT" tempo="39">PAROU! Zidane recebe passe na área da Coréia, divide a bola com o zagueiro adversário e acaba cometendo falta. O árbitro marca e pára o lance de ataque.</narracao>
    <video id="38507" momento="1ºT" video="484596"> Veja o vídeo:  39' Zidane é lançado na área, mas faz falta no zagueiro.</video>
    <narracao id="38501" momento="1ºT" tempo="41">Lance Perigoso - Malouda recebe passe na área da Coréia do Sul e tenta ajeitar para chute de Henry. O zagueiro Young-Chul Kim chega antes e afasta o perigo!</narracao>
    <narracao id="38502" momento="1ºT" tempo="43">MAIS UM! O árbitro aponta um minuto de acréscimo no primeiro tempo.</narracao>
    <narracao id="38504" momento="1ºT" tempo="46">TERMINA O PRIMEIRO TEMPO!</narracao>
    <momento id="38505" momento="I">Show do intervalo</momento>
    <narracao id="38506" momento="I" tempo="0">A França começou a partida com tudo. Nos primeiros minutos do jogo, a zaga coreana foi muito pressionada, e o gol francês acabou saindo aos oito. Na segunda metade da etapa inicial, a partida ficou mais equilibrada e a Coréia conseguiu chegar ao ataque. TUDO SERÁ DECIDIDO NO SEGUNDO TEMPO!</narracao>
    <momento id="38508" momento="2ºT">Segundo tempo</momento>
    <narracao id="38509" momento="2ºT" tempo="1">ROLA A BOLA PARA O SEGUNDO TEMPO!</narracao>
    <video id="38516" momento="2ºT" video="484599"> Veja o vídeo:  1' Rola a bola para o segundo tempo.</video>
    <substituicao id="38529" momento="2ºT" tempo="1" ico="/Portal/esportes/temporeal/swf/icos/substituicao.swf">Coréia do Sul faz substituição: entra Ki-Hyeon Seol, sai Eul-Yong Lee</substituicao>
    <narracao id="38510" momento="2ºT" tempo="3">Lance Feio - MAL! Vieira recebe na ponta direita, levanta a cabeça, mas rola nos pés do adversário.</narracao>
    <narracao id="38512" momento="2ºT" tempo="5">DESARMADO! Ji-Sung Park recebe na entrada da área da França e tenta o giro em cima de Abidal. O zagueiro vai na bola e desarma o meia coreano.</narracao>
    <narracao id="38513" momento="2ºT" tempo="7">SAIU! Henry recebe lançamento longo na entrada da área e ajeita para chute de Malouda. O atacante não pega bem na bola e manda para fora. </narracao>
    <video id="38519" momento="2ºT" video="484600"> Veja o vídeo:  7' Malouda chuta para fora.</video>
    <narracao id="38514" momento="2ºT" tempo="9">POR CIMA! Chun-Soo Lee cobra falta do lado direito de ataque e levanta para a área. O zagueiro Kim Dong-Jin sobe bem, mas testa por cima do gol de Barthez.</narracao>
    <video id="38521" momento="2ºT" video="484601"> Veja o vídeo:  9' Kim Dong-Jin testa por cima.</video>
    <narracao id="38515" momento="2ºT" tempo="11">PAROU! Sagnol apoia pelo lado direito e descola o cruzamento. O meia Vieira sobe para tentar a finalização, mas comete falta no zagueiro adversário.</narracao>
    <video id="38532" momento="2ºT" video="484603"> Veja o vídeo:  11' Vieira tenta de cabeça, mas comete falta.</video>
    <narracao id="38517" momento="2ºT" tempo="12">Lance Feio - MAL! Wiltord faz jogada individual na entrada da área e ajeita para chute de Malouda. O atacante arrisca do lado direito da grande área, mas pega muito mal. A bola sai à direita de Woon-Jae Lee. </narracao>
    <video id="38528" momento="2ºT" video="484602"> Veja o vídeo:  12' Malouda finaliza à direita do gol.</video>
    <substituicao id="38546" momento="2ºT" tempo="14" ico="/Portal/esportes/temporeal/swf/icos/substituicao.swf">França faz substituição: entra Franck Ribéry, sai Wiltord</substituicao>
    <narracao id="38520" momento="2ºT" tempo="17">Sagnol recebe ótimo passe dentro da área Coreana, pelo lado direito, e chuta forte. A bola explode na zaga e sai pela linha de fundo.</narracao>
    <video id="38533" momento="2ºT" video="484604"> Veja o vídeo:  17' Sagnol chuta e reclama de mão do zagueiro.</video>
    <narracao id="38522" momento="2ºT" tempo="20">JOGO PARADO! Ho Lee e Vieira disputam uma bola no alto e acabam se chocando de cabeça. Os dois jogadores estão caídos no gramado...</narracao>
    <video id="38535" momento="2ºT" video="484605"> Veja o vídeo:  20' Vieira dá joelhada e tira Ho Lee da partida.</video>
    <narracao id="38524" momento="2ºT" tempo="22">... Tudo ok com Vieira, mas não vai dar para Ho lee. </narracao>
    <substituicao id="38530" momento="2ºT" tempo="23" ico="/Portal/esportes/temporeal/swf/icos/substituicao.swf">Coréia do Sul faz substituição: entra Sang-sik Kim, sai Ho Lee</substituicao>
    <narracao id="38527" momento="2ºT" tempo="24">NADA! Ribéry domina no lado direito de ataque, invade a área da Coréia do Sul e cai pedindo pênalti. O árbitro não marca nada e manda o jogo seguir.</narracao>
    <video id="38540" momento="2ºT" video="484606"> Veja o vídeo:  24' Ribéry faz jogada individual, mas não tem sucesso.</video>
    <substituicao id="38531" momento="2ºT" tempo="26" ico="/Portal/esportes/temporeal/swf/icos/substituicao.swf">Coréia do Sul faz substituição: entra Jung-Hwan Ahn, sai Chun-Soo Lee</substituicao>
    <narracao id="38534" momento="2ºT" tempo="28">POR CIMA! Após levantamento para a área da Coréia do Sul, a zaga corta nos pés de Malouda na entrada da área. O atacante tenta de primeira, mas manda por cima do gol de Woon-Jae Lee. </narracao>
    <video id="38542" momento="2ºT" video="484607"> Veja o vídeo:  28' Malouda chuta por cima.</video>
    <cartao id="38536" momento="2ºT" atletaId="11333" tempo="32" ico="/Portal/esportes/temporeal/swf/icos/cartao_amarelo.swf" cor="amarelo">Eric Abidal - O zagueiro Abidal comete falta dura e é punido com o cartão amarelo. É o seu segundo cartão na Copa e ele não joga a próxima partida.</cartao>
    <narracao id="38537" momento="2ºT" tempo="34">FRACO! Após cruzamento para a área da França, o zagueiro Kim Dong-Jin sobe e testa. A bola sai fraca e o goleiro Barthez faz defesa fácil!</narracao>
    <gol id="38538" momento="2ºT" atletaId="12380" tempo="35" escudo="/FlashShow/0,,9447,00.swf" contra="0"> GOL DE JI-SUNG PARK   É GOOOOOOOOL! Young-Pyo Lee apoia pelo lado direito e cruza no segundo pau. O meia Jae-Jin Cho ajeita de cabeça e Ji-Sung Park aparece para finalizar da pequena área. TUDO IGUAL EM LEIPZIG! </gol>
    <video id="38538v" momento="2ºT" video="484608"> Veja o vídeo: Gol de Ji-Sung Park .  35' É GOOOOOOOOL! Young-Pyo Lee apoia pelo lado direito e cruza no segundo pau. O meia Jae-Jin Cho ajeita de cabeça e Ji-Sung Park aparece para finalizar da pequena área. TUDO IGUAL EM LEIPZIG! </video>
    <video id="38551" momento="2ºT" video="484610"> Veja o vídeo:  37' Vieira chuta por cima.</video>
    <narracao id="38539" momento="2ºT" tempo="39">PERDEU! Zidane domina na intermediária de ataque e descola ótimo passe para Henry na área da Coréia. O atacante fica de frente para Woon-Jae Lee e chuta. O goleiro faz grande defesa!</narracao>
    <narracao id="38541" momento="2ºT" tempo="41">POR CIMA! Zidane cobra escanteio para a área da Coréia. O atacante Henry sobe bem, mas testa por cima do gol de Woon-Jae Lee.</narracao>
    <substituicao id="38547" momento="2ºT" tempo="42" ico="/Portal/esportes/temporeal/swf/icos/substituicao.swf">França faz substituição: entra Dhorasoo, sai Malouda</substituicao>
    <narracao id="38545" momento="2ºT" tempo="43">MAIS TRÊS! O árbitro aponta três minutos de acréscimo na etapa final.</narracao>
    <substituicao id="38548" momento="2ºT" tempo="45" ico="/Portal/esportes/temporeal/swf/icos/substituicao.swf">França faz substituição: entra Trezeguet, sai Zidane</substituicao>
    <narracao id="38549" momento="2ºT" tempo="46">TIRA A ZAGA! O lateral Sagnol domina na intermediária de ataque e levanta para a área. O zagueiro Jin-Cheul Choi sobe bem e afasta o perigo de cabeça! </narracao>
    <narracao id="38550" momento="2ºT" tempo="47">FALTA PERIGOSA PARA A CORÉIA DO SUL! Jung-Hwan Ahn domina no lado esquerdo de ataque e sofre falta de Dhorasoo. É chance de cruzamento para a área da França!</narracao>
    <narracao id="38552" momento="2ºT" tempo="48">NADA! Jung-Hwan Ahn cobra a falta e tenta direto para o gol. O atacante não pega bem na bola e manda à direita  de Barthez!</narracao>
    <narracao id="38553" momento="2ºT" tempo="49">TERMINA O JOGO!</narracao>
    <momento id="38554" momento="E">Final de jogo</momento>
    <narracao id="38555" momento="E" tempo="0">A França voltou muito mal para o segundo tempo. O time não conseguiu imprimir velocidade e deixou a Coréia do Sul crescer na partida. Com esse empate, os coreanos lideram o Grupo G com quatro pontos. </narracao>
  </lances>
</lancealance>
