<?xml version="1.0" encoding="UTF-8"?>
<lancealance cobertura="1406" leitura="0">
  <placar>
    <equipe id="001" url="" nome="Santa Cruz" escudo="/FlashShow/0,,7166,00.swf" resultado="1" abreviacao="Santa Cruz"/>
    <equipe id="002" url="" nome="São Paulo" escudo="/FlashShow/0,,6600,00.swf" resultado="3" abreviacao="SPO"/>
  </placar>
  <lances>
    <momento id="56075" momento="PJ">Pré-jogo</momento>
    <narracao id="56309" momento="PJ" tempo="0">O time paulista tem 39 pontos e tenta manter a primeira colocação isolada. Porém, não costuma atuar bem em partidas fora do Morumbi. Em nove partidas, o Tricolor venceu apenas duas vezes (Corinthians, em Rio Preto e Ponte Preta, em Campinas), soferu duas derrotas (contra Fortaleza e Internacional) e empatou em cinco oportunidades (com Vasco, Juventude, Botafogo, Cruzeiro e Flamengo). 
 </narracao>
    <narracao id="56310" momento="PJ" tempo="0">A equipe pernambucana tem somente 18 pontos e precisa reagir urgentemente para fugir da degola. A campanha do clube cobra-coral já diz tudo: foram apenas quatro vitórias, seis empates e, acreditem, 11 derrotas.</narracao>
    <narracao id="56311" momento="PJ" tempo="0">Os desfalques do São Paulo são o meia Danilo, o cabeça-de-área Mineiro e o atacante Leandro, suspensos pelo terceiro cartão amarelo. O lateral-esquerdo Júnior, em recuperação de uma lesão no tornozelo esquerdo, também está fora de combate. 
</narracao>
    <narracao id="56312" momento="PJ" tempo="0">Lenilson vai para o meio-de-campo, Souza retorna para a lateral direita, Lúcio entra na ala esquerda, Richarlyson atua na marcação, ao lado de Josué, enquanto Thiago será o parceiro de ataque de Aloísio.
</narracao>
    <narracao id="56315" momento="PJ" tempo="0">O artilheiro Márcio Mixirica, suspenso, está fora do jogo. O lateral-esquerdo Cássio e o zagueiro Márcio Alemão retornam, após cumprir suspensão automática.
</narracao>
    <narracao id="56308" momento="PJ" tempo="0">Duelo dos Opostos no Arruda. O lanterna Santa Cruz recebe o líder São Paulo pela 22ª rodada da Campeonato Brasileiro.</narracao>
    <narracao id="56314" momento="PJ" tempo="0">Nos últimos dias, a diretoria do Tricolor pernambucano contratou cinco reforços: o zagueiro Adriano dos Santos, os atacantes Fabrício Ceará e Jorge Henrique, o lateral-direito Alex Santos e o meia Eninho.</narracao>
    <momento id="56319" momento="1ºT">Primeiro tempo</momento>
    <narracao id="56320" momento="1ºT" tempo="0">Começa o jogo.</narracao>
    <narracao id="56325" momento="1ºT" tempo="3">Cássio tenta o cruzamento, mas o chute sai muito forte e a bola passa por fora do gol de Rogério Ceni.</narracao>
    <narracao id="56329" momento="1ºT" tempo="4">Váldson falha na marcação, a bola sobra para Aloísio que não consegue girar e marcar porque o goleiro Guto se antecipa a jogada.</narracao>
    <video id="56356" momento="1ºT" video="533681"> Veja o vídeo:  4' Aloísio não consegue dominar a bola e perde grande chance de marcar.</video>
    <narracao id="56331" momento="1ºT" tempo="6">Jorge Henrique chuta mal da entrada da área e a bola passa por cima do gol de Rogério Ceni.</narracao>
    <narracao id="56336" momento="1ºT" tempo="9">Osmar pára Lúcio com falta. Vem chumbo grosso na área do Santa.</narracao>
    <narracao id="56339" momento="1ºT" tempo="10">Quase o São Paulo chega lá!!! Souza solta a bomba e a bola bate no travessão.</narracao>
    <cartao id="56341" momento="1ºT" atletaId="3505" tempo="10" ico="/Portal/esportes/temporeal/swf/icos/cartao_amarelo.swf" cor="amarelo">Richarlyson - Meio-campo leva o primeiro cartão da partida.</cartao>
    <video id="56379" momento="1ºT" video="533688"> Veja o vídeo:  10' Souza enche o pé e a bola bate no travessão.</video>
    <narracao id="56345" momento="1ºT" tempo="13">O lateral Cássio chega duro e o árbitro marca a falta em cima de Souza.</narracao>
    <cartao id="56347" momento="1ºT" atletaId="10484" tempo="15" ico="/Portal/esportes/temporeal/swf/icos/cartao_amarelo.swf" cor="amarelo">Sidraílson - Zagueiro empurra o atacante Thiago e é punido pelo árbitro.</cartao>
    <narracao id="56351" momento="1ºT" tempo="16">Aloísio perde dividida para Váldson e a bola sobra para o goleiro Guto.</narracao>
    <substituicao id="56501" momento="1ºT" tempo="16" ico="/Portal/esportes/temporeal/swf/icos/substituicao.swf">Santa Cruz faz substituição: entra Zada, sai Sidraílson</substituicao>
    <narracao id="56368" momento="1ºT" tempo="22">Pressão do time cobra-coral em tentativa de João henrique.</narracao>
    <narracao id="56370" momento="1ºT" tempo="24">Falta perigosa na entrada da área. Rogerio Ceni parte para a cobrança.</narracao>
    <gol id="56373" momento="1ºT" atletaId="101" tempo="25" escudo="/FlashShow/0,,6600,00.swf" contra="0"> GOL DE ROGÉRIO CENI  GOOOOOOLLLLLLLLLLLLLL DO SÃO PAULO!!! Rogério Ceni em cobrança de falta. A bola passa pela barreira e quica enganando o goleiro Guto.</gol>
    <video id="56373v" momento="1ºT" video="533700"> Veja o vídeo: Gol de Rogério Ceni.  25' GOOOOOOLLLLLLLLLLLLLL DO SÃO PAULO!!! Rogério Ceni em cobrança de falta. A bola passa pela barreira e quica enganando o goleiro Guto.</video>
    <narracao id="56375" momento="1ºT" tempo="27">Nenê assusta Rogério Ceni em chute da entrada da área.</narracao>
    <cartao id="56413" momento="1ºT" atletaId="11654" tempo="28" ico="/Portal/esportes/temporeal/swf/icos/cartao_amarelo.swf" cor="amarelo">Márcio Alemão - Zagueiro leva o cartão por reclamar acintosamente. </cartao>
    <narracao id="56384" momento="1ºT" tempo="31">Falta de Alex Silva na intermediária do São Paulo.</narracao>
    <narracao id="56386" momento="1ºT" tempo="32">Cássio manda bola para área e Márcio Alemão é travado quando ia cabecear </narracao>
    <narracao id="56389" momento="1ºT" tempo="33">Bate-rebate na área do São Paulo e Nenê fica caído no chão.</narracao>
    <narracao id="56395" momento="1ºT" tempo="36">Josué arrisca de longe, mas o chute sai fraco para fácil defesa de Guto.</narracao>
    <cartao id="56398" momento="1ºT" atletaId="1817" tempo="37" ico="/Portal/esportes/temporeal/swf/icos/cartao_amarelo.swf" cor="amarelo">Josué - Meio-campo faz falta em Washington e recebe o cartão.</cartao>
    <narracao id="56400" momento="1ºT" tempo="38">Cássio chuta cruzado e bola passa perto da meta de Rogério Ceni. </narracao>
    <video id="56469" momento="1ºT" video="533715"> Veja o vídeo:  38' Cássio quase marca para o Santa.</video>
    <narracao id="56405" momento="1ºT" tempo="40">Lúcio manda bola para área e Richarlyson cabeceia bola no travessão.</narracao>
    <cartao id="56408" momento="1ºT" atletaId="4841" tempo="41" ico="/Portal/esportes/temporeal/swf/icos/cartao_amarelo.swf" cor="amarelo">Váldson - Zagueiro é punido pelo árbitro.</cartao>
    <narracao id="56417" momento="1ºT" tempo="44">Pressão do Santa!!! Osmar solta a bomba e Rogério vai lá no ângulo para defender.</narracao>
    <video id="56472" momento="1ºT" video="533726"> Veja o vídeo:  44' Chutaço de Osmar e defesa de Rogério Ceni.</video>
    <narracao id="56418" momento="1ºT" tempo="45">Árbitro dá minutos de acréscimo.</narracao>
    <narracao id="56422" momento="1ºT" tempo="47">Fim de primeiro tempo.</narracao>
    <momento id="56423" momento="I">Show do intervalo</momento>
    <narracao id="56432" momento="I" tempo="0">Partida bastante corrida entre Santa Cruz e São Paulo. Mas o único gol do jogo saiu numa falha da barreira do time cobra-coral, que abriu ao invés de evitar que a bola chegasse ao gol de Guto. Para completar a bola quicou enganando o goleirão do Tricolor pernambucano. O São Paulo apresentou melhor futebol e carimbou o travessão dos donos da casa duas vezes. A primeira tentativa com Souza, e depois em cabeçada de Richarlyson.  </narracao>
    <video id="56439" momento="I" video="533725"> Veja o vídeo:  40' Richarlyson cebeceia com perigo e a bola pára na trave.</video>
    <momento id="56441" momento="2ºT">Segundo tempo</momento>
    <narracao id="56443" momento="2ºT" tempo="0">Começa o segundo tempo.</narracao>
    <narracao id="56446" momento="2ºT" tempo="0">Aloísio pede pênalti em desarme feito pelo zagueiro Váldson.</narracao>
    <video id="56485" momento="2ºT" video="533736"> Veja o vídeo:  0' Aloísio reclama de pênalti não marcado pelo árbitro.</video>
    <narracao id="56455" momento="2ºT" tempo="4">Thiago tenta o cruzamento, mas é travado pela zaga cobra-coral.</narracao>
    <gol id="56458" momento="2ºT" atletaId="12986" tempo="5" escudo="/FlashShow/0,,7166,00.swf" contra="0"> GOL DE JORGE HENRIQUE  GOOOOOOOOOLLLLLLLLLLLL DO SANTA CRUZ!!!!!! Jorge Henrique aproveita a falha da zaga do São Paulo e toca no cantinho, na saída do goleiro Rogério Ceni.</gol>
    <video id="56522" momento="2ºT" video="533737"> Veja o vídeo:  5' Gol do Santa Cruz marcado pelo estreiante Jorge Henrique.</video>
    <narracao id="56461" momento="2ºT" tempo="6">Jorge Henrique cabeceia, a bola bate no travessão e na volta Cássio chuta para fora.</narracao>
    <video id="56525" momento="2ºT" video="533743"> Veja o vídeo:  6' Jorge Henrique carimba o travessão.</video>
    <narracao id="56465" momento="2ºT" tempo="9">Cássio chuta forte, mas sem direção. A bola sobe muito e passa por cima do gol de Rogério ceni.</narracao>
    <cartao id="56475" momento="2ºT" atletaId="6594" tempo="12" ico="/Portal/esportes/temporeal/swf/icos/cartao_amarelo.swf" cor="amarelo">Alex Silva - Zagueiro faz falta feia e leva o cartão.</cartao>
    <cartao id="56482" momento="2ºT" atletaId="6321" tempo="16" ico="/Portal/esportes/temporeal/swf/icos/cartao_amarelo.swf" cor="amarelo">Aloísio - Atacante recebe o terceiro cartão e está fora do jogo contra o Corinthians.</cartao>
    <substituicao id="56502" momento="2ºT" tempo="20" ico="/Portal/esportes/temporeal/swf/icos/substituicao.swf">Santa Cruz faz substituição: entra Fabrício Ceará, sai Washington</substituicao>
    <narracao id="56496" momento="2ºT" tempo="21">Rogério Ceni se choca com Jorge Henrique e recebe atendimento médico.</narracao>
    <substituicao id="56503" momento="2ºT" tempo="24" ico="/Portal/esportes/temporeal/swf/icos/substituicao.swf">Santa Cruz faz substituição: entra Edson Di, sai Jorge Henrique</substituicao>
    <narracao id="56508" momento="2ºT" tempo="28">Partida com muitos passes errados e as duas equipes criam poucas oportuindades de gol.</narracao>
    <narracao id="56515" momento="2ºT" tempo="28">Fabrício coloca Nenê na cara do gol e este desperdiça, isolando a bola.</narracao>
    <substituicao id="56564" momento="2ºT" tempo="28" ico="/Portal/esportes/temporeal/swf/icos/substituicao.swf">São Paulo faz substituição: entra Alex Dias, sai Aloísio</substituicao>
    <video id="56567" momento="2ºT" video="533753"> Veja o vídeo:  28' Nenê erra feio o gol de Rogério Ceni.</video>
    <narracao id="56510" momento="2ºT" tempo="29">Nenê, mesmo com a cabeça enfaixada, leva perigo à meta de Rogério Ceni em cabeçada certeira. </narracao>
    <substituicao id="56562" momento="2ºT" tempo="29" ico="/Portal/esportes/temporeal/swf/icos/substituicao.swf">São Paulo faz substituição: entra Ramalho, sai Josué</substituicao>
    <gol id="56533" momento="2ºT" atletaId="4430" tempo="33" escudo="/FlashShow/0,,6600,00.swf" contra="0"> GOL DE THIAGO RIBEIRO  GOOOOOOLLLLLLLLLLL DO SÃO PAULO!!! Thiago faz de peixinho o segundo gol do São Paulo, após receber cruzamento da direita feito por Richarlyson.</gol>
    <narracao id="56537" momento="2ºT" tempo="36">Thiago domina na entrada da pequena área e solta a bomba, a bola passa rente à trave.</narracao>
    <narracao id="56542" momento="2ºT" tempo="38">PÕE O PÉ NA FORMA NENÊ!!!! O atacante não acerta nem o gol do São Paulo.</narracao>
    <gol id="56548" momento="2ºT" atletaId="4430" tempo="39" escudo="/FlashShow/0,,6600,00.swf" contra="0"> GOL DE THIAGO RIBEIRO  GOOOLLLLLLLL DO SÃO PAULO!!!! Thiago domina a bola na entrada da pequena área, dribla o zagueiro Márcio Alemão e chuta no canto esquerdo do goleiro Guto.</gol>
    <substituicao id="56563" momento="2ºT" tempo="41" ico="/Portal/esportes/temporeal/swf/icos/substituicao.swf">São Paulo faz substituição: entra Ilsinho, sai Souza</substituicao>
    <narracao id="56553" momento="2ºT" tempo="42">Zada recebe cara a cara com Rogério Ceni e erra gol feito.</narracao>
    <narracao id="56568" momento="2ºT" tempo="45">Árbitro dá quatro minutos de acréscimo.</narracao>
    <narracao id="56574" momento="2ºT" tempo="48">Cássio acerta a trave de Rogério Ceni. </narracao>
    <narracao id="56576" momento="2ºT" tempo="48">Nenê mata a bola no peito e joga para fora cara a cara com Rogério Ceni. Mas o árbitro já marcava impedimento.</narracao>
    <momento id="56577" momento="E">Final de jogo</momento>
  </lances>
</lancealance>
