<?xml version="1.0" encoding="UTF-8"?>
<lancealance cobertura="1072" leitura="0">
  <placar>
    <equipe id="001" url="" nome="Juventude" escudo="/FlashShow/0,,6595,00.swf" resultado="1" abreviacao="JUV"/>
    <equipe id="002" url="" nome="São Paulo" escudo="/FlashShow/0,,6600,00.swf" resultado="1" abreviacao="SPO"/>
  </placar>
  <lances>
    <narracao id="34201" momento="PJ" tempo="0">Juventude e São Paulo se enfrentam às 18h10m no Alfredo Jaconi.</narracao>
    <momento id="34202" momento="PJ">Pré-jogo</momento>
    <narracao id="34203" momento="PJ" tempo="0">Na última rodada antes da paralisação para a Copa do Mundo, o Juventude quer a vitória para se confirmar na parte de cima da tabela. Para o São Paulo, a vitória vale mais de um mês na liderança isolada.</narracao>
    <narracao id="34204" momento="PJ" tempo="0">Os desfalques do São Paulo são o goleiro Rogério Ceni e o cabeça-de-área Mineiro, que estão defendendo o Brasil na Copa do Mundo. Bosco e Ramalho, respectivamente, são os substitutos. O atacante Thiago permanece no banco de reservas como opção para o segundo tempo.
</narracao>
    <narracao id="34205" momento="PJ" tempo="0">No Juventude, o técnico Hélio dos Anjos não contará com o lateral-direito Raulen e o cabeça-de-área Vanderson, lesionados. Mas o zagueiro Fábio Ferreira retorna ao time após cumprir suspensão automática e manda o experiente Antônio Carlos para o banco de reservas.</narracao>
    <narracao id="34538" momento="PJ" tempo="0">Os dois times já estão em campo.</narracao>
    <narracao id="34542" momento="PJ" tempo="0">ROLA A BOLA NO ALFREDO JACONI!</narracao>
    <momento id="34543" momento="1ºT">Primeiro tempo</momento>
    <narracao id="34549" momento="1ºT" tempo="4">Nenhum lance relevante até o momento na partida.</narracao>
    <narracao id="34551" momento="1ºT" tempo="5">Lino aplica lençol em Leandro.</narracao>
    <narracao id="34552" momento="1ºT" tempo="6">Leandro cruza no segundo pau para Alex Dias. O atacante não alcança e a bola sai pela linha de fundo.</narracao>
    <narracao id="34554" momento="1ºT" tempo="7">Cristian ganha de Josué e lança Leandrinho. O atacante leva para a linha de fundo e ganha escanteio...</narracao>
    <narracao id="34556" momento="1ºT" tempo="8">...Marcel bate o córner e a zaga rebate.</narracao>
    <narracao id="34558" momento="1ºT" tempo="9">Júnior puxa contra-ataque e tenta enfiar para Alex Dias. A zaga antecipa e corta para escanteio.</narracao>
    <narracao id="34562" momento="1ºT" tempo="13">Marcel arrisca de fora da área. A bola passa sobre o gol de Bosco.</narracao>
    <narracao id="34564" momento="1ºT" tempo="13">Ricardo Oliveira tenta cruzamento e ganha escanteio.</narracao>
    <narracao id="34567" momento="1ºT" tempo="14">No rebote, Danilo pega de canhota de fora da área. A bola sai pelo lado esquerdo do gol.</narracao>
    <narracao id="34573" momento="1ºT" tempo="16">Jogo de muita marcação e pouca criação. As equipes ainda parecem se estudar.</narracao>
    <narracao id="34576" momento="1ºT" tempo="20">Marcel cruza bola nas mãos de Bosco.</narracao>
    <narracao id="34579" momento="1ºT" tempo="20">MUITO LONGE! Júnior tenta de fora e não tem sucesso.</narracao>
    <cartao id="34580" momento="1ºT" atletaId="1817" tempo="21" ico="/Portal/esportes/temporeal/swf/icos/cartao_amarelo.swf" cor="amarelo">Josué - Punido por carrinho criminoso em Wellington.</cartao>
    <narracao id="34583" momento="1ºT" tempo="22">São Paulo troca passes pelo meio, e afunila a jogada. Alex Dias acaba passando errado para o goleiro André</narracao>
    <cartao id="34637" momento="1ºT" atletaId="5813" tempo="22" ico="/Portal/esportes/temporeal/swf/icos/cartao_amarelo.swf" cor="amarelo">Júnior - Lateral entra de carrinho nas pernas do adversário.</cartao>
    <cartao id="34584" momento="1ºT" atletaId="4145" tempo="23" ico="/Portal/esportes/temporeal/swf/icos/cartao_amarelo.swf" cor="amarelo">André Dias - Por empurrar o adversário.</cartao>
    <narracao id="34587" momento="1ºT" tempo="24">Souza arremata de longa distância, a bola desvia na zaga e André defende com segurança.</narracao>
    <narracao id="34589" momento="1ºT" tempo="26">Ricardo Oliveira acerta Fábio Ferreira, que deixa o campo de maca.</narracao>
    <cartao id="34592" momento="1ºT" atletaId="3170" tempo="28" ico="/Portal/esportes/temporeal/swf/icos/cartao_amarelo.swf" cor="amarelo">Fabão - Por impedir contra-ataque com o braço.</cartao>
    <narracao id="34594" momento="1ºT" tempo="28">Lino levanta na área, André Dias corta.</narracao>
    <narracao id="34597" momento="1ºT" tempo="29">Ricardo Oliveira arrisca chute de longe. A bola sai à direita do gol de André.</narracao>
    <video id="34611" momento="1ºT" video="473431"> Veja o vídeo:  29' Bomba de Ricardo Oliveira assusta o Juventude.</video>
    <cartao id="34600" momento="1ºT" atletaId="4516" tempo="31" ico="/Portal/esportes/temporeal/swf/icos/cartao_amarelo.swf" cor="amarelo">Marcel - Por puxar a camisa de Ricardo Oliveira.</cartao>
    <narracao id="34605" momento="1ºT" tempo="34">Alex Dias estica passe em profundidade para Leandro. André se antecipa e sai bem do gol. </narracao>
    <narracao id="34607" momento="1ºT" tempo="35">Souza faz boa jogada e sofre falta na entrada da área. O árbitro dá vantagem e Alex Dias chuta para fora.</narracao>
    <narracao id="34616" momento="1ºT" tempo="41">Danilo abre na ponta direita para Leandro. O atacante cruza bola rasteira, que desvia na zaga e vai fraca para as mãos de André.</narracao>
    <narracao id="34620" momento="1ºT" tempo="45">Um minuto de acréscimo.</narracao>
    <narracao id="34621" momento="1ºT" tempo="45">Marcel levanta bola parada na área, mas o árbitro marca falta em Bosco.</narracao>
    <narracao id="34623" momento="1ºT" tempo="46">Termina a primeira etapa!</narracao>
    <momento id="34624" momento="I">Show do intervalo</momento>
    <narracao id="34628" momento="I" tempo="0">Jogo muito truncado, com raras oportunidades de ataque. A marcação está dando o tom da partida.</narracao>
    <momento id="34642" momento="2ºT">Segundo tempo</momento>
    <narracao id="34643" momento="2ºT" tempo="0">COMEÇA O SEGUNDO TEMPO!</narracao>
    <narracao id="34645" momento="2ºT" tempo="1">Walker comete falta em Leandro.</narracao>
    <narracao id="34647" momento="2ºT" tempo="2">Fabão bate direto a gol. A bola passa por baixo da barreira, mas André está atento e defende.</narracao>
    <narracao id="34648" momento="2ºT" tempo="3">Josué rola para Leandro concluir. O atacante pega a mal e a bola sobe muito.</narracao>
    <narracao id="34650" momento="2ºT" tempo="4">Fabão arrisca chute cruzado de longa distância. André apenas observa a bola sair pela linha de fundo. </narracao>
    <video id="34734" momento="2ºT" video="473467"> Veja o vídeo:  4' Fabão solta bomba de fora da área. </video>
    <narracao id="34654" momento="2ºT" tempo="6">E só da Tricolor! Leandro chuta fraco de fora da área para fácil defesa de André. </narracao>
    <substituicao id="34720" momento="2ºT" tempo="10" ico="/Portal/esportes/temporeal/swf/icos/substituicao.swf">São Paulo faz substituição: entra Thiago, sai Alex Dias</substituicao>
    <narracao id="34663" momento="2ºT" tempo="12">CONFUSÃO! Em cruzamento do Juventude, a bola bate na mão de André Dias fora da área. O árbitro marca penâlti e consulta o assistente. Ele desfaz o erro e confirma a falta fora da área.</narracao>
    <video id="34735" momento="2ºT" video="473476"> Veja o vídeo:  12' O árbitro marca penâlti e volta atrás.</video>
    <narracao id="34666" momento="2ºT" tempo="13">Gol de Christian anulado. No cruzamento para a área, o  atacante completa para as redes claramente impedido.</narracao>
    <narracao id="34671" momento="2ºT" tempo="15">Finalizações: São Paulo 10 x 1 Juventude </narracao>
    <substituicao id="34721" momento="2ºT" tempo="16" ico="/Portal/esportes/temporeal/swf/icos/substituicao.swf">São Paulo faz substituição: entra Ramalho, sai Ricardo Oliveira</substituicao>
    <narracao id="34678" momento="2ºT" tempo="18">Ramalho recebe na ponta direita, finta o zagueiro, e chuta para boa defesa de André.</narracao>
    <narracao id="34679" momento="2ºT" tempo="19">Lino cruza na área, André Dias, sozinho, corta para escanteio.</narracao>
    <narracao id="34683" momento="2ºT" tempo="19">Cobrança no segundo pau, o zagueiro Fábio Ferreira mata no peito e solta a bomba. A bola desvia na zaga.</narracao>
    <substituicao id="34706" momento="2ºT" tempo="21" ico="/Portal/esportes/temporeal/swf/icos/substituicao.swf">Juventude faz substituição: entra Éder Ceccon, sai Leandrinho</substituicao>
    <video id="34687" momento="2ºT" video="473448"> Veja o vídeo:  22' Souza, no intervalo, comenta sobre o primeiro tempo. </video>
    <cartao id="34691" momento="2ºT" atletaId="576" tempo="22" ico="/Portal/esportes/temporeal/swf/icos/cartao_amarelo.swf" cor="amarelo">Diego Lugano - Comete entrada dura.</cartao>
    <cartao id="34697" momento="2ºT" atletaId="4145" tempo="22" ico="/Portal/esportes/temporeal/swf/icos/cartao_vermelho.swf" cor="vermelho">André Dias - Em lance duvidoso, Christian cai após contato com o zagueiro. </cartao>
    <narracao id="34699" momento="2ºT" tempo="24">Lino cobra falta direta a gol. A bola passa perto do ângulo direito de Bosco.</narracao>
    <cartao id="34701" momento="2ºT" atletaId="119" tempo="25" ico="/Portal/esportes/temporeal/swf/icos/cartao_amarelo.swf" cor="amarelo">Souza - Com a partida paralisada, o meia chuta a bola pela lateral. </cartao>
    <substituicao id="34707" momento="2ºT" tempo="28" ico="/Portal/esportes/temporeal/swf/icos/substituicao.swf">Juventude faz substituição: entra Marcos Antonio, sai Walker</substituicao>
    <narracao id="34710" momento="2ºT" tempo="28">Souza bate falta com perigo.</narracao>
    <narracao id="34717" momento="2ºT" tempo="31">84 passes errados até o momento.</narracao>
    <cartao id="34718" momento="2ºT" atletaId="3170" tempo="32" ico="/Portal/esportes/temporeal/swf/icos/cartao_vermelho.swf" cor="vermelho">Fabão - O zagueiro acerta pontapé em Éder Ceccon.</cartao>
    <substituicao id="34722" momento="2ºT" tempo="33" ico="/Portal/esportes/temporeal/swf/icos/substituicao.swf">São Paulo faz substituição: entra Edcarlos, sai Leandro</substituicao>
    <narracao id="34727" momento="2ºT" tempo="34">Recebe cartão amarelo por entrar em campo antes da substituição ser autorizada.</narracao>
    <cartao id="34729" momento="2ºT" atletaId="9711" tempo="34" ico="/Portal/esportes/temporeal/swf/icos/cartao_amarelo.swf" cor="amarelo">Fabrício - Faz falta feia em Thiago.</cartao>
    <narracao id="34731" momento="2ºT" tempo="35">Escanteio na área, Lino desvia de cabeça para fora.</narracao>
    <gol id="34743" momento="2ºT" atletaId="6456" tempo="38" escudo="/FlashShow/0,,6595,00.swf" contra="0"> GOL DE ÉDER CECCON  Lino cruza da esquerda no segundo pau, Cristian desvia de cabeça para defesa parcial de Bosco. A bola sobe, e na saída do goleiro, Lino comete falta clara em Bosco, e o meia só empurra para as redes.</gol>
    <video id="34743v" momento="2ºT" video="473490"> Veja o vídeo: Gol de Éder Ceccon.  38' Lino cruza da esquerda no segundo pau, Cristian desvia de cabeça para defesa parcial de Bosco. A bola sobe, e na saída do goleiro, Lino comete falta clara em Bosco, e o meia só empurra para as redes.</video>
    <narracao id="34746" momento="2ºT" tempo="41">Souza faz ótima jogada pelo lado direito, ajeita para o meio e solta a bomba de canhota. André espalma para córner em bela defesa.</narracao>
    <narracao id="34749" momento="2ºT" tempo="42">INACREDITÁVEL! Em contra-ataque fulminante, Marco Antônio tenta por cobertura e perde gol feito.</narracao>
    <narracao id="34750" momento="2ºT" tempo="43">É penâlti! Danilo recebe na grande área e cava o penal.</narracao>
    <gol id="34751" momento="2ºT" atletaId="5813" tempo="44" escudo="/FlashShow/0,,6600,00.swf" contra="0"> GOL DE JÚNIOR  Bate no canto esquerdo do goleiro, que saltou para o outro lado.</gol>
    <video id="34751v" momento="2ºT" video="473493"> Veja o vídeo: Gol de Júnior.  44' Bate no canto esquerdo do goleiro, que saltou para o outro lado.</video>
    <cartao id="34754" momento="2ºT" atletaId="9711" tempo="45" ico="/Portal/esportes/temporeal/swf/icos/cartao_vermelho.swf" cor="vermelho">Fabrício - O zagueiro derruba adversário na meia cancha e vai para o chuveiro mais cedo.</cartao>
    <narracao id="34756" momento="2ºT" tempo="45">Quatro minutos de acréscimo.</narracao>
    <narracao id="34760" momento="2ºT" tempo="47">Éder Ceccon avança pela esquerda e cruza para a área. A bola passa por todo mundo e sai pela linha de fundo.</narracao>
    <cartao id="34762" momento="2ºT" atletaId="6271" tempo="48" ico="/Portal/esportes/temporeal/swf/icos/cartao_amarelo.swf" cor="amarelo">Bosco - O goleiro faz cera.</cartao>
    <narracao id="34764" momento="2ºT" tempo="49">Fim de jogo no Alfredo Jaconi!</narracao>
    <momento id="34768" momento="E">Final de jogo</momento>
    <narracao id="34775" momento="E" tempo="0">O árbitro apareceu mais que os jogadores na partida. Lourival Lima Dias Filho confirmou gol irregular do Juventude, e marcou penâlti inexistente para o São Paulo. Além disso, teve que voltar atrás na marcação de um penâlti ilegal para o Juventude. Além das lambanças da arbitragem, a partida foi truncada e por diversas vezes violenta. Muitas faltas foram cometidas, principalmente pela equipe paulista. O jogo foi truncado, com raras chances de gol. O empate acabou sendo justo, pois foi uma partida sem merecedores.</narracao>
  </lances>
</lancealance>
