<?xml version="1.0" encoding="UTF-8"?>
<lancealance cobertura="1380" leitura="0">
  <placar>
    <equipe id="001" url="" nome="Grêmio" escudo="/FlashShow/0,,7844,00.swf" resultado="2" abreviacao="GRE"/>
    <equipe id="002" url="" nome="Cruzeiro" escudo="/FlashShow/0,,6588,00.swf" resultado="1" abreviacao="CRU"/>
  </placar>
  <lances>
    <momento id="54597" momento="PJ">Pré-jogo</momento>
    <narracao id="54598" momento="PJ" tempo="0">DUELO DE GIGANTES!</narracao>
    <narracao id="54599" momento="PJ" tempo="0">Grêmio e Cruzeiro se enfrentam no Estádio Centenário, às 19:30, em Caxias Do Sul(RS)!
</narracao>
    <narracao id="54600" momento="PJ" tempo="0">O jogo vai ter os portões fechados para a torcida. Esta é a última partida de suspensão pelo vandalismo da torcida gremista no GRE-NAL. A partir da próxima rodada, o Grêmio pode voltar ao estádio Olímpico. A punição acabou fazendo bem à equipe, que venceu os dois confrontos disputados no campo improvisado.</narracao>
    <narracao id="54601" momento="PJ" tempo="0">As duas equipes estão bem colocadas na tabela e almejam pelo menos um lugar na Taça Libertadores do ano que vem.</narracao>
    <narracao id="54602" momento="PJ" tempo="0">
O Grêmio vive grande fase. Conquistou cinco vitórias em seis partidas e deu um grande salto na tabela. Já é o terceiro colocado com 32 pontos ganhos.</narracao>
    <narracao id="54603" momento="PJ" tempo="0">
O Cruzeiro está na sexta posição com 30 pontos e pode ultrapassar o rival em caso de vitória. Mas ao contrário do oponente, o time tenta se reerguer de um momento de baixa. A última goleada sobre o São Caetano rompeu um jejum de oito partidas sem vitórias.</narracao>
    <narracao id="54604" momento="PJ" tempo="0">O Tricolor segue no esquema 4-5-1 com Hugo, Léo Lima e Tcheco municiando Rômulo no ataque. </narracao>
    <narracao id="54605" momento="PJ" tempo="0">A Raposa deve atuar no 3-5-2, mesmo com a venda de Edu Dracena para o futebol turco.

</narracao>
    <narracao id="54606" momento="PJ" tempo="0">O carioca Luis Antônio Silva Santos apita a partida.</narracao>
    <narracao id="54614" momento="PJ" tempo="0">O gremista Lucas e o celeste Francismar estão fora por suspensão.</narracao>
    <narracao id="54624" momento="PJ" tempo="0">O Cruzeiro leva ampla vantagem no confornto em Brasileiros: 11 vitórias, 8 empates e apenas 4 derrotas.</narracao>
    <momento id="54625" momento="1ºT">Primeiro tempo</momento>
    <narracao id="54626" momento="1ºT" tempo="0">COMEÇA O JOGO NO CENTENÁRIO!</narracao>
    <narracao id="54632" momento="1ºT" tempo="1">Geovanni cabeceia para o alto, por cima do gol.</narracao>
    <narracao id="54636" momento="1ºT" tempo="3">Primeiro córner é do Cruzeiro...</narracao>
    <narracao id="54638" momento="1ºT" tempo="4">... Tcheco corta no primeiro pau.</narracao>
    <narracao id="54641" momento="1ºT" tempo="5">PERIGO CELESTE! Wagner bate falta na área, ninguém desvia a bola e Marcelo Grohe salta para defender.</narracao>
    <narracao id="54642" momento="1ºT" tempo="6">Michel levanta bola direto pela linha de fundo.</narracao>
    <narracao id="54645" momento="1ºT" tempo="7">Wellington cobra falta de longa distância no meio da barreira.</narracao>
    <narracao id="54646" momento="1ºT" tempo="8">Hugo tabela com Léo Lima e tenta passe na área para Ramon, mas bola fica com o goleiro Fábio.</narracao>
    <narracao id="54650" momento="1ºT" tempo="9">BANDEIRA ALTA! Geovanni recebe bola em impedimento duvidoso.</narracao>
    <narracao id="54651" momento="1ºT" tempo="10">Léo Lima cobra falta na área e Maidana fura a cabeçada. Impedimento já havia sido marcado.</narracao>
    <narracao id="54655" momento="1ºT" tempo="11">Tcheco faz jogada individual e só é parado com falta.</narracao>
    <narracao id="54660" momento="1ºT" tempo="13">Leandro Bonfim faz longo lançamento para Michel, que cruza a bola, mas não evita a saída pela linha de fundo.</narracao>
    <narracao id="54662" momento="1ºT" tempo="14">Tcheco abre boa bola para Wellington cruzar da esquerda. Gladstone tira de cabeça pela lateral.</narracao>
    <narracao id="54665" momento="1ºT" tempo="15">Wagner cruza no primeiro pau, Maidana tira de cabeça.</narracao>
    <narracao id="54667" momento="1ºT" tempo="16">Sandro aplica chapéu em adversário, mas jogada não tem seqüência.</narracao>
    <narracao id="54672" momento="1ºT" tempo="18">CHANCE! Hugo tabela com Rômulo e sofre falta na meia-lua...</narracao>
    <narracao id="54675" momento="1ºT" tempo="19">... Tcheco bate, bola desvia em Maidana e sai pela linha de fundo. O árbitro marca córner...</narracao>
    <video id="54696" momento="1ºT" video="531369"> Veja o vídeo:  19' Tcheco bate falta na barreira.</video>
    <narracao id="54678" momento="1ºT" tempo="20">... FALTOU POUCO! Tcheco cobra no segundo pau, Hugo por pouco não aparece para completar.</narracao>
    <video id="54698" momento="1ºT" video="531370"> Veja o vídeo:  20' Léo Lima bate escanteio que passa por todos.</video>
    <narracao id="54679" momento="1ºT" tempo="22">Hugo faz bom desarme no campo de defesa.</narracao>
    <narracao id="54683" momento="1ºT" tempo="23">Léo Lima cobra falta, mas dois jogadores estão impedidos na área.</narracao>
    <narracao id="54686" momento="1ºT" tempo="25">Michel tenta cruzar na área, bola desvia em Wellington e sobra para Marcelo Grohe.</narracao>
    <narracao id="54690" momento="1ºT" tempo="26">OLÉ! Após bom passe de Hugo, Léo Lima aplica chapéu em Teco, cruza na área e ganha córner... </narracao>
    <video id="54717" momento="1ºT" video="531375"> Veja o vídeo:  26' Léo Lima faz boa jogada mas defesa bloqueia.</video>
    <narracao id="54691" momento="1ºT" tempo="27">... Léo Lima bate forte, direto pela linha de fundo.</narracao>
    <narracao id="54694" momento="1ºT" tempo="28">Bola na área do Grêmio, Wellington corta de cabeça pela linha de fundo...</narracao>
    <narracao id="54695" momento="1ºT" tempo="29">... Marcelo Grohe fica com a bola.</narracao>
    <narracao id="54699" momento="1ºT" tempo="30">Wagner bate escanteio no primeiro pau, Patrício corta de cabeça para fora...</narracao>
    <narracao id="54701" momento="1ºT" tempo="31">... Wagner cobra rasteiro, Tcheco tira de chutão.</narracao>
    <narracao id="54705" momento="1ºT" tempo="32">Ramon enfia boa bola para Leo Lima, o meia tenta devolver o passe mas perde a bola.</narracao>
    <substituicao id="54917" momento="1ºT" tempo="33" ico="/Portal/esportes/temporeal/swf/icos/substituicao.swf">Grêmio faz substituição: entra Nunes, sai Leo Lima</substituicao>
    <narracao id="54712" momento="1ºT" tempo="35">Patrício erra mais um passe e oferece contra-ataque. A bola é lançada na área mas Geovanni não alcança.</narracao>
    <video id="54730" momento="1ºT" video="531379"> Veja o vídeo:  35' Defesa do Grêmio quase complica em contra-ataque.</video>
    <narracao id="54713" momento="1ºT" tempo="36">CHUVEIRO FRIO! Sandro tenta jogada aérea e manda direto pela linha de fundo.</narracao>
    <narracao id="54721" momento="1ºT" tempo="39">MELHOR CHANCE! Michel cruza bola a meia altura, Evando corta parcialmente e Élber pega a sobra de virada. Marcelo Grohe faz grande defesa. </narracao>
    <video id="54736" momento="1ºT" video="531380"> Veja o vídeo:  39' Élber chuta a queima-roupa e Marcelo faz grande defesa.</video>
    <narracao id="54724" momento="1ºT" tempo="41">Escanteio para o Grêmio...</narracao>
    <narracao id="54726" momento="1ºT" tempo="42">... Tcheco cobra no segundo pau, Teco corta de cabeça.</narracao>
    <narracao id="54728" momento="1ºT" tempo="42">Tcheco cobra outro córner. Desta vez, Michel tira de cabeça no primeiro pau.</narracao>
    <narracao id="54734" momento="1ºT" tempo="45">PARA CHAMAR O INTERVALO! Geovanni recebe na grande área e bate forte na rede pelo lado de fora.</narracao>
    <narracao id="54735" momento="1ºT" tempo="46">Michel cobra falta na área, Marcelo Grohe defende.</narracao>
    <momento id="54737" momento="I">Show do intervalo</momento>
    <narracao id="54745" momento="I" tempo="0">A partida merece o placar de zero a zero. Muitos erros de passe e poucas chances de gol. Excesso de disposição como era de se esperar desses times arreguidos. O jogo é lá e cá sem efetividade, com bolas desperdiçadas e roubadas a todo tempo. A melhor chance foi do Cruzeiro, na defesa de Marcelo para o chute de Élber.</narracao>
    <momento id="54762" momento="2ºT">Segundo tempo</momento>
    <narracao id="54764" momento="2ºT" tempo="0">COMEÇA O SEGUNDO TEMPO!</narracao>
    <narracao id="54766" momento="2ºT" tempo="1">Sandro cruza direto pela linha de fundo.</narracao>
    <narracao id="54780" momento="2ºT" tempo="3">Hugo recebe na entrada da área, passa por um adversário e bate cruzado a gol. Fábio defende sem problemas.</narracao>
    <narracao id="54782" momento="2ºT" tempo="4">Ótimo desarme de Maidana em Geovanni. </narracao>
    <gol id="54789" momento="2ºT" atletaId="6449" tempo="5" escudo="/FlashShow/0,,7844,00.swf" contra="0"> GOL DE TCHECO  GOOOOOOOL DO GRÊMIO!!!!!!! Golaço de Tcheco!!!!! Meia passa pelo marcador e acerta de fora da área um balaço cruzado de direita no canto!</gol>
    <video id="54789v" momento="2ºT" video="531411"> Veja o vídeo: Gol de Tcheco.  5' GOOOOOOOL DO GRÊMIO!!!!!!! Golaço de Tcheco!!!!! Meia passa pelo marcador e acerta de fora da área um balaço cruzado de direita no canto!</video>
    <narracao id="54793" momento="2ºT" tempo="7">RESPOSTA DA RAPOSA! Por pouco Élber não completa cruzamento rasteiro de Michel.</narracao>
    <narracao id="54799" momento="2ºT" tempo="10">Wagner recebe lançamento no lado esquerdo da área e toca de primeira para o meio. Wellington intercepta o passe.</narracao>
    <narracao id="54803" momento="2ºT" tempo="11">CONTRA-ATAQUE! Hugo toca na frente para Patrício. O lateral tenta cruzar e ganha córner...</narracao>
    <narracao id="54804" momento="2ºT" tempo="12">... Élson corta para novo escanteio...</narracao>
    <narracao id="54806" momento="2ºT" tempo="13">... UUUUUUHH! Tcheco toca curto e recebe de volta. O meia cruza no primeiro pau e Rômulo cabeceia para fora, levando perigo.</narracao>
    <narracao id="54808" momento="2ºT" tempo="14">Hugo arrisca de longe e manda para fora.</narracao>
    <gol id="54815" momento="2ºT" atletaId="7945" tempo="16" escudo="/FlashShow/0,,6588,00.swf" contra="0"> GOL DE ÉLBER  GOOOOOOL DO CRUZEIRO!!!!!!!! Sandro cruza da esquerda bola na área, Élber desvia de cabeça com precisão e encobre Marcelo Grohe.</gol>
    <video id="54815v" momento="2ºT" video="531424"> Veja o vídeo: Gol de Élber.  16' GOOOOOOL DO CRUZEIRO!!!!!!!! Sandro cruza da esquerda bola na área, Élber desvia de cabeça com precisão e encobre Marcelo Grohe.</video>
    <gol id="54819" momento="2ºT" atletaId="9101" tempo="18" escudo="/FlashShow/0,,7844,00.swf" contra="0"> GOL DE RAMON  GOOOOOOOOOL!!!!!!!! É DO GRÊMIO!!!!!!! Tcheco bate córner no primeiro pau, Ramon cabeceia e Fábio aceita por debaixo das pernas.</gol>
    <video id="54877" momento="2ºT" video="531428"> Veja o vídeo:  18' SEGUNDO GOL DO GRÊMIO!</video>
    <substituicao id="54900" momento="2ºT" tempo="23" ico="/Portal/esportes/temporeal/swf/icos/substituicao.swf">Cruzeiro faz substituição: entra Kerlon, sai Luizão</substituicao>
    <cartao id="54832" momento="2ºT" atletaId="2899" tempo="24" ico="/Portal/esportes/temporeal/swf/icos/cartao_amarelo.swf" cor="amarelo">Jeovânio - Meia faz falta dura em Wagner e recebe primeiro cartão da partida.</cartao>
    <narracao id="54838" momento="2ºT" tempo="25">Evaldo intercepta assistência de Wagner para Élber na entrada da área.</narracao>
    <narracao id="54845" momento="2ºT" tempo="27">Wellington tabela pela ponta esquerda mas cruza direto pela linha de fundo.</narracao>
    <narracao id="54856" momento="2ºT" tempo="28">PARA COMPENSAR! Rômulo recebe sozinho, invade a área e bate no canto esquerdo. Fábio espalma para córner em defesa salvadora.</narracao>
    <video id="54907" momento="2ºT" video="531437"> Veja o vídeo:  28' Fábio defende chute de Rômulo.</video>
    <substituicao id="54918" momento="2ºT" tempo="29" ico="/Portal/esportes/temporeal/swf/icos/substituicao.swf">Grêmio faz substituição: entra Herrera, sai Ramón</substituicao>
    <narracao id="54859" momento="2ºT" tempo="30">Élber recebe boa bola de Kerlon na área, Maidana chega na hora para travar o chute. </narracao>
    <narracao id="54866" momento="2ºT" tempo="31">HUGO DEMAIS! Meia faz grande jogada individual e rola na ponta direita para Patrício. O lateral cruza para o gol, mas bola desvia na zaga.</narracao>
    <substituicao id="54901" momento="2ºT" tempo="34" ico="/Portal/esportes/temporeal/swf/icos/substituicao.swf">Cruzeiro faz substituição: entra Diego, sai Élber</substituicao>
    <narracao id="54887" momento="2ºT" tempo="36">Kerlon faz grande jogada individual e cruza para o meio da área. A zaga corta para córner, mas de forma equivocada, a arbitragem marca tiro de meta.</narracao>
    <narracao id="54896" momento="2ºT" tempo="39">QUASE O EMPATE!! Diego faz ótima jogada na ponta direita e rola para o meio, Kerlon bate de primeira pelo lado de fora da rede.</narracao>
    <narracao id="54898" momento="2ºT" tempo="40">Herrera levanta bola na área, Fábio defende.</narracao>
    <substituicao id="54902" momento="2ºT" tempo="41" ico="/Portal/esportes/temporeal/swf/icos/substituicao.swf">Cruzeiro faz substituição: entra Carlinhos Bala, sai Wagner</substituicao>
    <cartao id="54912" momento="2ºT" atletaId="5889" tempo="43" ico="/Portal/esportes/temporeal/swf/icos/cartao_amarelo.swf" cor="amarelo">Diego - Diego cava pênalti e leva cartão amarelo.</cartao>
    <substituicao id="54919" momento="2ºT" tempo="45" ico="/Portal/esportes/temporeal/swf/icos/substituicao.swf">Grêmio faz substituição: entra Rafinha, sai Rômulo</substituicao>
    <narracao id="54921" momento="2ºT" tempo="46">Herrera faz grande jogada e toca para Rafinha, em posição irregular.</narracao>
    <narracao id="54928" momento="2ºT" tempo="48">TERMINA A PARTIDA!!!! O GRÊMIO VENCE MAIS UMA!!!!</narracao>
    <momento id="54930" momento="E">Final de jogo</momento>
  </lances>
</lancealance>
