<?xml version="1.0" encoding="UTF-8"?>
<lancealance cobertura="12" leitura="0">
  <placar>
    <equipe id="001" url="" nome="Marília" escudo="/FlashShow/0,,7252,00.swf" resultado="1" abreviacao="Marília"/>
    <equipe id="002" url="" nome="Palmeiras" escudo="/FlashShow/0,,7255,00.swf" resultado="2" abreviacao="PAL"/>
  </placar>
  <lances>
    <momento id="224" momento="PJ">Pré-jogo</momento>
    <narracao id="225" momento="PJ" tempo="0">Acompanhe, às 16h, a partida entre Palmeiras e Marília</narracao>
    <momento id="237" momento="1ºT">Primeiro tempo</momento>
    <narracao id="240" momento="1ºT" tempo="1">Amaral, do Palmeiras, tenta cruzar e quase marca. A bola sai por cima do gol do Marília</narracao>
    <narracao id="246" momento="1ºT" tempo="8">Ataque do Palmeiras: Marcinho arranca, mas é contido pelo lateral Lúcio</narracao>
    <narracao id="250" momento="1ºT" tempo="10">Ataque do Marília: Bruno tenta invadir a área, mas Amaral corta</narracao>
    <narracao id="251" momento="1ºT" tempo="11">Jefferson cruza e o lance assusta Marcos </narracao>
    <narracao id="253" momento="1ºT" tempo="13">Enílton recebe dentro da área, mas não consegue dominar</narracao>
    <narracao id="254" momento="1ºT" tempo="14">Bruno passa para Sandro, que invade a área. O goleiro Marcos tem que sair do gol para dividir e cortar </narracao>
    <narracao id="256" momento="1ºT" tempo="15">Dentro da área, Sandro Gaúcho chuta desiquilibrado e a bola sai pela linha de fundo</narracao>
    <narracao id="257" momento="1ºT" tempo="16">O Marília mais uma vez fica próximo de marcar o primeiro gol. Após cruzamento de Jefferson, Paulo Baier tem que se esforçar para cortar</narracao>
    <narracao id="258" momento="1ºT" tempo="19">Sandro Gaúcho marca para o Marília, mas o árbitro marca impedimento</narracao>
    <narracao id="261" momento="1ºT" tempo="19">Paulo Baier cruza, mas Marcinho não chega na bola</narracao>
    <cartao id="264" momento="1ºT" atletaId="7295" tempo="23" ico="/Portal/esportes/temporeal/swf/icos/cartao_amarelo.swf" cor="amarelo">Fernando - Por dura falta cometida sobre Edmundo no meio-campo</cartao>
    <narracao id="267" momento="1ºT" tempo="26">Clima quente em campo: Edmundo se irrita com Gian e empurra o zagueiro do Marília</narracao>
    <narracao id="269" momento="1ºT" tempo="28">Edmundo entra na área driblando e chuta por cima do gol do Marília</narracao>
    <video id="271" momento="1ºT" video="1"> Veja o vídeo:  29' Danilo, do Marília, cobra falta e Jefferson cabeceia com perigo</video>
    <narracao id="275" momento="1ºT" tempo="31">Paulo Baier tenta cruzar, mas o passe sai muito ruim</narracao>
    <narracao id="277" momento="1ºT" tempo="35">Wellington, do Marília, quase marca ao chutar da entrada da área. Marcos cai para defender com dificuldades
</narracao>
    <narracao id="280" momento="1ºT" tempo="39">Marcinho faz ótima jogada pela esquerda, cruza para Enílton, mas a zaga consegue cortar </narracao>
    <video id="284" momento="1ºT" video="1"> Veja o vídeo:  41' Edmundo, do Palmeiras, faz jogada individual, mas chute sai muito alto</video>
    <gol id="291" momento="1ºT" atletaId="6404" tempo="43" escudo="/FlashShow/0,,7252,00.swf" contra="0"> GOL DE BRUNO RIBEIRO  Bruno, ex-Figueirense, tromba com Marcos dentro da pequena área, mas consegue tocar para o fundo das redes</gol>
    <video id="291v" momento="1ºT" video="1"> Veja o vídeo: Gol de Bruno Ribeiro.  43' Bruno, ex-Figueirense, tromba com Marcos dentro da pequena área, mas consegue tocar para o fundo das redes</video>
    <cartao id="294" momento="1ºT" atletaId="4445" tempo="44" ico="/Portal/esportes/temporeal/swf/icos/cartao_amarelo.swf" cor="amarelo">Marcinho - Por falta dura sobre João Marcos</cartao>
    <narracao id="297" momento="I" tempo="45">SHOW DO INTERVALO: Bruno dedica o gol para a filha</narracao>
    <momento id="310" momento="2ºT">Segundo tempo</momento>
    <narracao id="311" momento="2ºT" tempo="1">Começa o segundo tempo em Marília</narracao>
    <substituicao id="356" momento="2ºT" tempo="1" ico="/Portal/esportes/temporeal/swf/icos/substituicao.swf">Entrou: Correa / Saiu: Amaral</substituicao>
    <narracao id="324" momento="2ºT" tempo="4">Enílton tenta o chute da entrada da área, mas é bloqueado</narracao>
    <narracao id="330" momento="2ºT" tempo="5">Marcinho arranca, mas na hora do passe para Enílton é bloqueado pela defesa do Marília</narracao>
    <substituicao id="339" momento="2ºT" tempo="15" ico="/Portal/esportes/temporeal/swf/icos/substituicao.swf">Entrou: Zumbi / Saiu: Sandro Gaúcho</substituicao>
    <narracao id="351" momento="2ºT" tempo="19">Edmundo recebe falta na entrada da área. Perigo para o gol do Marília</narracao>
    <gol id="355" momento="2ºT" atletaId="6416" tempo="22" escudo="/FlashShow/0,,7255,00.swf" contra="0"> GOL DE CORREA  Correa cobra falta com perfeição e empata o jogo em Marília</gol>
    <substituicao id="357" momento="2ºT" tempo="23" ico="/Portal/esportes/temporeal/swf/icos/substituicao.swf">Entrou: Washington / Saiu: Edmundo</substituicao>
    <narracao id="362" momento="2ºT" tempo="26">Correa tenta de longe, mas a bola sai por cima e não assusta o goleiro do Marília</narracao>
    <gol id="372" momento="2ºT" atletaId="74" tempo="30" escudo="/FlashShow/0,,7255,00.swf" contra="0"> GOL DE WASHINGTON  Washington recebe passe dentro da área e chuta para marcar o segundo</gol>
    <narracao id="379" momento="2ºT" tempo="35">Marcinho disputa um lance na área e se machuca</narracao>
    <narracao id="381" momento="2ºT" tempo="37">Marcinho volta depois de receber atendimento médico</narracao>
    <narracao id="386" momento="2ºT" tempo="40">Lucio faz ótimo cruzamento, mas o goleiro Guto sai do gol e defende no ar </narracao>
    <narracao id="400" momento="2ºT" tempo="46">O Juventus faz o terceiro. Agora 3 x 2 sobre o São Bento</narracao>
    <narracao id="403" momento="2ºT" tempo="46">Encerrada a partida em Marília. O Palmeiras chega à segunda vitória no Paulistão 2006</narracao>
    <narracao id="404" momento="2ºT" tempo="47">Marcinho: Temos um elenco muito bom e mesmo com este calor, conseguimos nosso objetivo que era vencer</narracao>
    <momento id="406" momento="E">Final de jogo</momento>
  </lances>
</lancealance>
