<?xml version="1.0" encoding="UTF-8"?>
<lancealance cobertura="1329" leitura="0">
  <placar>
    <equipe id="001" url="" nome="Corinthians" escudo="/FlashShow/0,,7285,00.swf" resultado="1" abreviacao="COR"/>
    <equipe id="002" url="" nome="Botafogo" escudo="/FlashShow/0,,7240,00.swf" resultado="0" abreviacao="BOT"/>
  </placar>
  <lances>
    <narracao id="51881" momento="PJ" tempo="0">O Botafogo está na 16ª colocação, com 18 pontos. o técnico Cuca deve manter o time que empatou em 2 a 2 com o Goiás na última rodada. O destaque é o atacante Jefferson Feijão, que tem chance de jogar no lugar de Marcelinho. Além disso, o treinador adota o esquema 4-4-2, para tornar o time mais ofensivo.</narracao>
    <momento id="51882" momento="PJ">Pré-jogo</momento>
    <narracao id="51883" momento="PJ" tempo="0">O Corinthians ocupa a 19ª colocação, com 16 pontos ganhos e vem de uma boa vitória sobre o Fluminense, no Maracanã. O técnico Leão deve escalar o time com o meia Rosinei e o lateral Rubens Junior nos lugares dos suspensos Marcelo Mattos e Gustavo Nery, respectivamente.</narracao>
    <narracao id="51884" momento="PJ" tempo="0">Corinthians e Botafogo se enfrentam às 18h10m (horário de Brasília), no estádio do Pacaembu (São Paulo), pela 18ª rodada do Campeonato Brasileiro. Apita o jogo Paulo Henrique de Godoy Bezerra (SC). Auxiliado por Carlos Berkenbrock (SC) e Alcides Zawaski Pazetto (SC).</narracao>
    <momento id="52294" momento="1ºT">Primeiro tempo</momento>
    <narracao id="52296" momento="1ºT" tempo="0">BOLA ROLANDO NO PACAEMBU! E o jogo começa com muitas faltas e o Corinthians pressionando o Botafogo!</narracao>
    <narracao id="52299" momento="1ºT" tempo="2">Bom ataque do Botafogo pelo lado esquerdo. Jéfferson Feijão faz boa jogada e rola para a entrada da área, Claiton não chuta e Ruy divide na estourada com Marinho.</narracao>
    <narracao id="52301" momento="1ºT" tempo="3">Falta para o Corinthians pelo lado direito! Carlos Alberto levanta na área, Betão escora de cabeça e Max defende com segurança.</narracao>
    <video id="52340" momento="1ºT" video="525546"> Veja o vídeo:  3' Max defende com segurança.</video>
    <narracao id="52304" momento="1ºT" tempo="4">UUUUHHHH! Rubens Júnior recebe excelente passe na área do Botafogo, mas Rafael Marques se antecipa e corta para escanteio...</narracao>
    <narracao id="52305" momento="1ºT" tempo="5">... Bola na área do Botafogo e a zaga afasta o perigo.</narracao>
    <narracao id="52307" momento="1ºT" tempo="5">Tevez recebe na entrada da meia-lua e tenta encobrir Max. A bola sobe demais e é apenas tiro de meta para o Botafogo.</narracao>
    <video id="52345" momento="1ºT" video="525547"> Veja o vídeo:  5' Tevez arrisca de longe, mas chuta mal.</video>
    <narracao id="52310" momento="1ºT" tempo="6">VAIDADES! Roger reclama com Carlos Alberto pedindo para que o meio-campo passe a bola.</narracao>
    <cartao id="52312" momento="1ºT" atletaId="5076" tempo="8" ico="/Portal/esportes/temporeal/swf/icos/cartao_amarelo.swf" cor="amarelo">Reinaldo - Atacante do Botafogo é punido após falta dura em Marcus Vinícius.</cartao>
    <cartao id="52313" momento="1ºT" atletaId="10584" tempo="8" ico="/Portal/esportes/temporeal/swf/icos/cartao_amarelo.swf" cor="amarelo">Rubens Junior - Lateral-esquerdo do Corinthians é punido após agarrar o volante Claiton.</cartao>
    <narracao id="52316" momento="1ºT" tempo="9">Ruy comete falta dura em Eduardo Ratinho quase na entrada da área do Botafogo...</narracao>
    <narracao id="52319" momento="1ºT" tempo="10">...Roger cobra muito forte, de canhota, e a bola se perde por cima do gol de Max.</narracao>
    <narracao id="52323" momento="1ºT" tempo="11">Claiton inverte o jogo para Zé Roberto na direita, mas meio-campo alvinegro comete falta em Carlos Alberto.</narracao>
    <narracao id="52325" momento="1ºT" tempo="12">Carlos Alberto cobra falta com chute forte e rasteiro. A bola sai com perigo, à direita do gol de Max.</narracao>
    <narracao id="52326" momento="1ºT" tempo="13">Falta para o Botafogo na direita de ataque, Claiton é derrubado por Rubens Júnior...</narracao>
    <narracao id="52329" momento="1ºT" tempo="14">...Juninho cobra no segundo pau e a bola se perde pelo lado esquerdo.</narracao>
    <narracao id="52331" momento="1ºT" tempo="15">Escanteio para o Corinthians. Carlos Alberto cobra fechado e Max espalma...</narracao>
    <narracao id="52333" momento="1ºT" tempo="15">...Roger cobra mais um escanteio e desta vez Max defende sem problemas.</narracao>
    <video id="52391" momento="1ºT" video="525560"> Veja o vídeo:  15' Max salva o gol olímpico de Carlos Alberto.</video>
    <narracao id="52338" momento="1ºT" tempo="17">UUUHHHH! Rubens Júnior faz boa jogada pela esquerda e cruza no segundo pau. Tevez escora de cabeça e quase marca para o Corinthians!</narracao>
    <video id="52393" momento="1ºT" video="525561"> Veja o vídeo:  17' Tevez cabeceia com perigo.</video>
    <narracao id="52341" momento="1ºT" tempo="20">Falta para o Botafogo. Claiton levanta muito forte e a bola se perde pelo lado direito da defesa corintiana.</narracao>
    <cartao id="52349" momento="1ºT" atletaId="6614" tempo="22" ico="/Portal/esportes/temporeal/swf/icos/cartao_amarelo.swf" cor="amarelo">Diguinho - Meio-campo do Botafogo é punido após entrada dura em Rosinei, fora do lance de bola.</cartao>
    <narracao id="52354" momento="1ºT" tempo="24">MAX! Goleiro do Botafogo espalma o chute de Rosinei, após excelente troca de passes na entrada da área...</narracao>
    <video id="52423" momento="1ºT" video="525570"> Veja o vídeo:  24' Max faz excelente defesa após chute de Rosinei.</video>
    <narracao id="52356" momento="1ºT" tempo="25">...Roger cobra escanteio do lado direito e a zaga do Botafogo afasta o perigo.</narracao>
    <cartao id="52358" momento="1ºT" atletaId="6368" tempo="25" ico="/Portal/esportes/temporeal/swf/icos/cartao_amarelo.swf" cor="amarelo">Rafael Marques - Zagueiro do Botafogo é punido após falta por trás em Tevez.</cartao>
    <video id="52424" momento="1ºT" video="525571"> Veja o vídeo:  25' Tevez sofre falta após jogada de craque.</video>
    <narracao id="52360" momento="1ºT" tempo="26">Eduardo Ratinho cobra falta com um chute forte e a bola explode em Joílson.</narracao>
    <video id="52444" momento="1ºT" video="525573"> Veja o vídeo:  26' O clima esquenta no gramado.</video>
    <cartao id="52361" momento="1ºT" atletaId="6073" tempo="27" ico="/Portal/esportes/temporeal/swf/icos/cartao_amarelo.swf" cor="amarelo">Carlos Alberto - Meio-campo do Corinthians é punido após dar uma cotovelada em Ruy.</cartao>
    <narracao id="52365" momento="1ºT" tempo="28">FECHA O TEMPO NO PACAEMBU! Após a cotovelada de Carlos Alberto em Ruy, Cuca, técnico do Botafogo, invade o gramado e é expulso pelo árbitro.</narracao>
    <narracao id="52370" momento="1ºT" tempo="30">VIOLÊNCIA! Árbitro perde o controle do jogo e os jogadores das duas equipes cometem faltas muito duras.</narracao>
    <narracao id="52372" momento="1ºT" tempo="30">MARCELO! A zaga do Corinthians parou pedindo impedimento inexistente de Reinaldo. A bola chega rasteira para Jéfferson Feijão, atacante chuta no canto e goleiro faz excelente defesa, salvando o Timão.</narracao>
    <video id="52480" momento="1ºT" video="525584"> Veja o vídeo:  30' Jéfferson Feijão perde excelente oportunidade para o Botafogo.</video>
    <narracao id="52374" momento="1ºT" tempo="33">ROUBADAS DE BOLA: 17 - Corinthians / 7 - Botafogo.</narracao>
    <narracao id="52379" momento="1ºT" tempo="35">Muito "perde e ganha" e faltas de ambas as equipes neste momento.</narracao>
    <cartao id="52380" momento="1ºT" atletaId="6742" tempo="36" ico="/Portal/esportes/temporeal/swf/icos/cartao_amarelo.swf" cor="amarelo">Marcus Vinícius - Zagueiro do Corinthians é punido após puxar Reinaldo pela camisa.</cartao>
    <narracao id="52385" momento="1ºT" tempo="37">CANETA! Tevez joga "entre as pernas" de Juninho, é obstruído, e árbitro não marca a falta.</narracao>
    <cartao id="52388" momento="1ºT" atletaId="6504" tempo="39" ico="/Portal/esportes/temporeal/swf/icos/cartao_amarelo.swf" cor="amarelo">Carlos Tevez - Atacante do Corinthians é punido após finalizar a jogada, mesmo depois do apito do árbitro.</cartao>
    <narracao id="52399" momento="1ºT" tempo="42">O Botafogo está no ataque neste fim de primeiro tempo.</narracao>
    <cartao id="52402" momento="1ºT" atletaId="36226" tempo="43" ico="/Portal/esportes/temporeal/swf/icos/cartao_amarelo.swf" cor="amarelo">Eduardo Ratinho - Lateral-direito do Corinthians é punido após entrar de carrinho em Reinaldo.</cartao>
    <narracao id="52403" momento="1ºT" tempo="43">Falta cobrada do lado esquerdo na área do Corinthians, Marcelo sobe para fazer a defesa.</narracao>
    <narracao id="52405" momento="1ºT" tempo="44">ACRÉSCIMOS! Árbitro assinala mais um minuto neste primeiro tempo. </narracao>
    <narracao id="52412" momento="1ºT" tempo="46">FIM DE PRIMEIRO TEMPO! Corinthians e Botafogo vão empatando sem gols.</narracao>
    <momento id="52413" momento="I">Show do intervalo</momento>
    <narracao id="52417" momento="I" tempo="0">Um primeiro tempo com muitas faltas e lances violentos. O árbitro está perdido em campo e sem controle da partida. O Corinthians chega mais ao ataque, porém foi Jéfferson Feijão, atacante do Botafogo, que perdeu a melhor chance até agora, graças a excelente defesa do goleiro Marcelo.</narracao>
    <momento id="52431" momento="2ºT">Segundo tempo</momento>
    <narracao id="52441" momento="2ºT" tempo="0">BOLA ROLANDO! O Corinthians volta com Marquinhos no lugar de Marcus Vinicius, que sentiu contusão. O Botafogo é o mesmo da primeira etapa.</narracao>
    <substituicao id="52474" momento="2ºT" tempo="0" ico="/Portal/esportes/temporeal/swf/icos/substituicao.swf">Corinthians faz substituição: entra Marquinhos, sai Marcus Vinícius</substituicao>
    <narracao id="52447" momento="2ºT" tempo="2">BOM ATAQUE DO FOGÃO! Zé Roberto desce pela esquerda e toca para Jéfferson Feijão na entrada da área. Atacante tenta passe para Reinaldo, mas a zaga se antecipa e afasta o perigo.</narracao>
    <video id="52516" momento="2ºT" video="525609"> Veja o vídeo:  2' Claiton arrisca de longe, mas pega mal na bola.</video>
    <narracao id="52449" momento="2ºT" tempo="3">Escanteio para o Corinthians. Roger cobra do lado esquerdo e Diguinho corta de cabeça. </narracao>
    <narracao id="52451" momento="2ºT" tempo="3">UUUHHHH! Cruzamento do lado esquerdo no segundo pau, na área do Botafogo. Carlos Alberto chega de carrinho e escora por cima do gol de Max.</narracao>
    <narracao id="52454" momento="2ºT" tempo="5">CONTRA-ATAQUE DO CORINTHIANS! Tevez avança na velocidade, mas pára na zaga do Botafogo.</narracao>
    <narracao id="52457" momento="2ºT" tempo="5">TIRA A ZAGA! Bola cruzada da esquerda na área do Botafogo. Eduardo Ratinho cabeceia com perigo e quase marca para o Corinthians.</narracao>
    <cartao id="52460" momento="2ºT" atletaId="3945" tempo="6" ico="/Portal/esportes/temporeal/swf/icos/cartao_amarelo.swf" cor="amarelo">Claiton - Volante do Botafogo é punido após tocar com a mão na bola.</cartao>
    <narracao id="52463" momento="2ºT" tempo="7">PERIGO PARA O FOGÃO! Eduardo Ratinho recebe na direita e cruza no segundo pau. Rosinei chega um pouco atrasado e quase consegue a cabeçada.</narracao>
    <substituicao id="52547" momento="2ºT" tempo="9" ico="/Portal/esportes/temporeal/swf/icos/substituicao.swf">Botafogo faz substituição: entra Asprilla, sai Rafael Marques</substituicao>
    <narracao id="52468" momento="2ºT" tempo="10">Falta perigosa para o Botafogo! Junihno cobra com chute forte e a bola explode na barreira do Corinthians.</narracao>
    <substituicao id="52475" momento="2ºT" tempo="10" ico="/Portal/esportes/temporeal/swf/icos/substituicao.swf">Corinthians faz substituição: entra Coelho, sai Eduardo Ratinho</substituicao>
    <narracao id="52473" momento="2ºT" tempo="12">Roger recebe excelente passe na área e tenta o toque para Tevez. Juninho se antecipa e afasta o perigo para o Botafogo.</narracao>
    <substituicao id="52476" momento="2ºT" tempo="13" ico="/Portal/esportes/temporeal/swf/icos/substituicao.swf">Corinthians faz substituição: entra Nadson, sai Roger</substituicao>
    <narracao id="52486" momento="2ºT" tempo="16">Coelho cobra falta da direita na área e a zaga do Botafogo corta para escanteio...</narracao>
    <narracao id="52488" momento="2ºT" tempo="16">...Bola na área e a zaga do Botafogo afasta o perigo. </narracao>
    <narracao id="52493" momento="2ºT" tempo="17">UUUUHHHHH! Reinaldo recebe boa bola de Claiton na entrada da área do Corinthians e chuta forte. Marcelo defende com segurança.</narracao>
    <substituicao id="52548" momento="2ºT" tempo="19" ico="/Portal/esportes/temporeal/swf/icos/substituicao.swf">Botafogo faz substituição: entra Felipe Adão, sai Jéfferson Feijão</substituicao>
    <narracao id="52501" momento="2ºT" tempo="20">CHUTAÇO! Reinaldo arrisca da entrada da área do Corinthians e Marcelo espalma para escanteio...</narracao>
    <video id="52577" momento="2ºT" video="525626"> Veja o vídeo:  20' Marcelo faz excelente defesa após chute de Reinaldo.</video>
    <narracao id="52502" momento="2ºT" tempo="21">...Bola na área e a zaga do Corinthians afasta o perigo.</narracao>
    <cartao id="52504" momento="2ºT" atletaId="4299" tempo="22" ico="/Portal/esportes/temporeal/swf/icos/cartao_amarelo.swf" cor="amarelo">Javier Mascherano - Volante do Corinthians é punido após entrar de carrinho em Júnior César.</cartao>
    <narracao id="52507" momento="2ºT" tempo="22">MAL... MUITO MAL! Joílson arrisca de muito longe para o Botafogo e a bola se perde pela linha de fundo.</narracao>
    <narracao id="52513" momento="2ºT" tempo="25">O Botafogo está melhor neste momento, enquanto o Corinthians erra na saída de bola.</narracao>
    <gol id="52521" momento="2ºT" atletaId="3199" tempo="26" escudo="/FlashShow/0,,7285,00.swf" contra="0"> GOL DE NADSON  GOOOOOOL! Após excelente jogada de Tevez pelo lado direito, atacante escora o cruzamento no segundo pau e leva a torcida à loucura! O Corinthians está na frente no Pacaembu!</gol>
    <video id="52521v" momento="2ºT" video="525629"> Veja o vídeo: Gol de Nadson.  26' GOOOOOOL! Após excelente jogada de Tevez pelo lado direito, atacante escora o cruzamento no segundo pau e leva a torcida à loucura! O Corinthians está na frente no Pacaembu!</video>
    <narracao id="52527" momento="2ºT" tempo="29">PREOCUPAÇÃO! Tevez está sentindo dores no pé esquerdo, porém o técnico Leão já fez as três substituições.</narracao>
    <narracao id="52534" momento="2ºT" tempo="32">Falta perigosa para o Botafogo! Joílson é derrubado na entrada da área...</narracao>
    <narracao id="52541" momento="2ºT" tempo="32">... Juninho, mais uma vez, cobra e a bola explode na barreira do Corinthians.</narracao>
    <substituicao id="52549" momento="2ºT" tempo="35" ico="/Portal/esportes/temporeal/swf/icos/substituicao.swf">Botafogo faz substituição: entra Marcelinho, sai Joílson</substituicao>
    <narracao id="52554" momento="2ºT" tempo="35">RETRANCA! O Corinthians está todo recuado, enaqunto o Botafogo parte para o ataque em busca do empate.</narracao>
    <narracao id="52559" momento="2ºT" tempo="36">MAL! Ruy cobra falta colocada para o Botafogo, mas a bola se perde por cima do gol de Marcelo.</narracao>
    <video id="52595" momento="2ºT" video="525636"> Veja o vídeo:  36' Ruy cobra falta por cima do gol de Marcelo.</video>
    <cartao id="52564" momento="2ºT" atletaId="6696" tempo="37" ico="/Portal/esportes/temporeal/swf/icos/cartao_amarelo.swf" cor="amarelo">Marcelinho Henrique - Atacante do Botafogo mal entrou e é punido após falta dura em Mascherano.</cartao>
    <narracao id="52570" momento="2ºT" tempo="38">Neste momento Mascherano é retirado de campo, sentindo após a entrada dura de Marcelinho.</narracao>
    <narracao id="52572" momento="2ºT" tempo="39">PÚBLICO TOTAL NO PACAEMBU: 22.188</narracao>
    <narracao id="52580" momento="2ºT" tempo="41">QUASE! Rubens Júnior cobra escanteio da esquerda, a defesa do Botafogo se atrapalha e Claiton tira a bola antes que Nadson pudesse finalizar.</narracao>
    <narracao id="52582" momento="2ºT" tempo="42">Após cobrança de falta na área do Corinthians, Marinho corta de cabeça para escanteio...</narracao>
    <narracao id="52584" momento="2ºT" tempo="42">... Zé Roberto cobra no primeiro pau e a zaga do Corinthians afasta o perigo.</narracao>
    <narracao id="52585" momento="2ºT" tempo="43">ACRÉSCIMOS! Árbitro assinala mais três minutos neste segundo tempo.</narracao>
    <narracao id="52601" momento="2ºT" tempo="46">MAIS DOIS MINUTOS! Jogadores do Corinthians retardam o jogo e árbitro acrescenta mais dois minutos nos acréscimos.</narracao>
    <narracao id="52605" momento="2ºT" tempo="48">FOGÃO CORRE ATRÁS DO GOL DE EMPATE!</narracao>
    <narracao id="52606" momento="2ºT" tempo="48">Marcelinho perde excelente oportunidade na pequena área do Corinthians!</narracao>
    <narracao id="52608" momento="2ºT" tempo="49">FIM DE JOGO NO PACAEMBU! O Corinthians vence o Botafogo por um a zero, gol do estreante Nadson.</narracao>
    <momento id="52609" momento="E">Final de jogo</momento>
    <narracao id="52611" momento="E" tempo="0">O Corinthians foi premiado por ser mais ousado e partir para o ataque. Conseguiu uma vitória importante, porém permanece na zona de rebaixamento. O Botafogo só quis partir para o ataque quando já estava perdendo, tarde demais e derrota fora de casa.</narracao>
  </lances>
</lancealance>
