<?xml version="1.0" encoding="UTF-8"?>
<lancealance cobertura="1032" leitura="0">
  <placar>
    <equipe id="001" url="" nome="Flamengo" escudo="/FlashShow/0,,13453,00.swf" resultado="2" abreviacao="FLA"/>
    <equipe id="002" url="" nome="Palmeiras" escudo="/FlashShow/0,,7255,00.swf" resultado="1" abreviacao="PAL"/>
  </placar>
  <lances>
    <momento id="32443" momento="PJ">Pré-jogo</momento>
    <narracao id="32445" momento="PJ" tempo="0">O Flamengo recebe o Palmeiras às 21h45m, no Maracanã.</narracao>
    <narracao id="32447" momento="PJ" tempo="0">Flamengo e Palmeiras estão na zona de rebaixamento. Quem vencer, afunda ainda mais o rival e respira aliviado, sonhando com dias melhores. O Rubro-Negro tem oito pontos e ocupa a 17ª colocação. O Verdão está em penúltimo lugar, com quatro. </narracao>
    <narracao id="32449" momento="PJ" tempo="0">No Flamengo, Walter Minhoca está animado com a possibilidade de atuar na posição que mais gosta: a meia (o jogador estava jogando no ataque). </narracao>
    <narracao id="32450" momento="PJ" tempo="0">
No Palmeiras, o técnico Tite não vai poder contar com dois jogadores importantes para a partida: Juninho e Ilsinho, ambos com lesões na coxa esquerda.  </narracao>
    <narracao id="32452" momento="PJ" tempo="0">A principal novidade do time do técnico Ney Franco é o uruguaio Horacio Peralta. O jogador não atuava como titular do Flamengo desde o dia 19 de abril, quando o Rubro-Negro enfrentou o Guarani, em Campinas, pela Copa do Brasil.</narracao>
    <narracao id="32453" momento="PJ" tempo="0">No Verdão, Marcos é a novidade no banco após mais de três meses sem jogar por causa de uma grave lesão na coxa direita.</narracao>
    <momento id="32463" momento="1ºT">Primeiro tempo</momento>
    <narracao id="32467" momento="1ºT" tempo="1">Bola rolando no Maracanã!!! </narracao>
    <narracao id="32469" momento="1ºT" tempo="1">UHHH!!! Falta ensaida do Mengão! Juan chutou forte de longe, a bola desvia e passa muito perto do gol de Sérgio. Cartão de visitas!!</narracao>
    <narracao id="32472" momento="1ºT" tempo="3">Jônatas tenta o lançamento para Peralta mas a zaga tira.</narracao>
    <narracao id="32474" momento="1ºT" tempo="3">OPAA!! Thaigo Gomes corta contra o patrimônio!! É escanteio.</narracao>
    <narracao id="32477" momento="1ºT" tempo="5">O Palmeiras tenta equilibrar o jogo e frear o ímpeto rubro-negro tocando a bola.</narracao>
    <narracao id="32481" momento="1ºT" tempo="6">BOM ATAQUE!! Jonatas lança Minhoca, que cruza para área. A zaga palmeirense consegue aliviar o perigo.</narracao>
    <narracao id="32484" momento="1ºT" tempo="7">É CONTRA-ATAQUE!! Edmundo domina perto da área mas segura demais e perde a posse da bola.</narracao>
    <narracao id="32486" momento="1ºT" tempo="8">A zaga falha e a bola sobra para Juan na linha de fundo, mas o lateral não consegue alçar a bola na área.</narracao>
    <narracao id="32490" momento="1ºT" tempo="10">IMPEDIDO! Edmundo lança Paulo Baier de cabeça. mas o atacante estava em posição irregular.</narracao>
    <narracao id="32494" momento="1ºT" tempo="11">QUASEEE!!! Márcio Careca vai até a linha de fundo e cruza para Enílton, que desvia a bola para muito alto. MAS O ATAQUE FOI PERIGOSO!!</narracao>
    <narracao id="32504" momento="1ºT" tempo="13">UHHHH!!! Edmundo avança pelo meio, toca para Enílton que ajeita, Michael chuta e Diego defende, no rebote Paulo Baier não consegue marcar.</narracao>
    <narracao id="32506" momento="1ºT" tempo="16">Peralta faz boa jogada pela linha de fundo mas a zaga consegue cortar o cruzamento do uruguaio.</narracao>
    <narracao id="32517" momento="1ºT" tempo="19">CONTRA-ATAQUE!! Márcio Careca avança e passa para Enílton ,que não consegue dar prosseguimento ao lance.</narracao>
    <narracao id="32524" momento="1ºT" tempo="22">Alceu tenta lançamento no ataque mas o zagueiro Renato, preciso, consegue a antecipação.</narracao>
    <narracao id="32528" momento="1ºT" tempo="23">Peralta gira na frente do zagueiro e bate para o gol. A bola, desviada, sobra fácil para Sérgio.</narracao>
    <narracao id="32530" momento="1ºT" tempo="24">UHHHHHH!!! Francis recebe sozinho no ataque, mas toca mal na saída do goleiro Diego. O VERDÃO CRESCE NA PARTIDA!!!</narracao>
    <narracao id="32537" momento="1ºT" tempo="26">OPAA!!! Peralta dá um drible lindo e é derrubado por Márcio Careca. Vem bola na área do Verdão!!!</narracao>
    <narracao id="32543" momento="1ºT" tempo="29">QUASEEE!!! Peralta levanta a bola na direção de Goeber, o grandalhão desvia de cabeça com perigo, perto do travessão.</narracao>
    <video id="32548" momento="1ºT" video="470156"> Veja o vídeo:  32' Diego defende o chute do Palmeiras aos 13 minutos do primeiro tempo.</video>
    <narracao id="32554" momento="1ºT" tempo="34">É FALTA PERIGOSA!!! Marcelinho dá o drible e recebe a falta. Peralta na bola.....</narracao>
    <narracao id="32560" momento="1ºT" tempo="35">.... a zaga corta para escanteio.</narracao>
    <narracao id="32564" momento="1ºT" tempo="35">BOAA!!! Peralta leva para o meio e, de esquerda, chuta rasteiro com muito perigo para o gol de Sérgio, que consegue uma boa defesa. PERALTA INFERNIZANDO!!</narracao>
    <narracao id="32566" momento="1ºT" tempo="38">Bom lançamento para Diego Silva, mas Sérgio se antecipa e pratica a defesa.</narracao>
    <cartao id="32569" momento="1ºT" atletaId="5057" tempo="39" ico="/Portal/esportes/temporeal/swf/icos/cartao_amarelo.swf" cor="amarelo">Goeber - Volante vai de sola em Francis e recebe o cartão. </cartao>
    <narracao id="32572" momento="1ºT" tempo="40">LANCE CONFUSO!! Edmundo obra a falta, a bola fica dividida dentro da área até a zaga conseguir afastar. </narracao>
    <narracao id="32576" momento="1ºT" tempo="42">É FALTA MUITO PERIGOSA!!! Minhoca é derrubado na entrada da área. Léo Medeiros na bola.....</narracao>
    <narracao id="32579" momento="1ºT" tempo="43">.... ele chuta forte e Sérgio faz defesa espetacular!!! ESSA FOI PERIGOSA!!!  </narracao>
    <narracao id="32580" momento="1ºT" tempo="45">O árbitro apita o fim do primeiro tempo.</narracao>
    <video id="32583" momento="1ºT" video="470161"> Veja o vídeo:  45' Francis perde grande chance de marcar aos 24 minutos.</video>
    <momento id="32589" momento="I">Show do intervalo</momento>
    <narracao id="32594" momento="I" tempo="0">Foi um jogo aberto no primeiro tempo. O Flamengo partiu para cima do Palmeiras e conseguiu criar boas oportunidades de marcar. O time paulista, por sua vez, levou muito perigo explorando os contra-ataques, principalmente explorando as subidas do latera-direito do Fla, Marcelinho.</narracao>
    <momento id="32602" momento="2ºT">Segundo tempo</momento>
    <cartao id="32603" momento="2ºT" atletaId="9185" tempo="0" ico="/Portal/esportes/temporeal/swf/icos/cartao_amarelo.swf" cor="amarelo">Márcio Careca - O lateral palmeirense recebeu cartão por causa de falta em Peralta aos 28 do primeiro tempo.</cartao>
    <narracao id="32604" momento="2ºT" tempo="1">Bola rolando para o primeiro tempo!</narracao>
    <narracao id="32608" momento="2ºT" tempo="1">COMEÇO ALUCINANTE!! Márcio Careca invade a área pela esquerda cai na área. O juiz manda seguir o lance.</narracao>
    <substituicao id="32648" momento="2ºT" tempo="1" ico="/Portal/esportes/temporeal/swf/icos/substituicao.swf">Flamengo faz substituição: entra Rodrigo Arroz, sai Ronaldo Angelim</substituicao>
    <narracao id="32611" momento="2ºT" tempo="2">Cruzamento na área do Fla. Arroz corta para a lateral.</narracao>
    <narracao id="32616" momento="2ºT" tempo="3">Walter Minhoca recebe na ponta esquerda de Léo Medeiros, mas o jogador estava em posição irregular.</narracao>
    <narracao id="32620" momento="2ºT" tempo="4">MAIS UMA FALTA PERIGOSA PARA O FLA!!! Essa é quase na meia-lua!!! Minhoca na bola....</narracao>
    <narracao id="32621" momento="2ºT" tempo="5">...por cima do gol do Palmeiras.</narracao>
    <narracao id="32625" momento="2ºT" tempo="7">Peralta cruza mas a bola passa por toda a área e niguém do Rubro-Negro aproveita.</narracao>
    <narracao id="32631" momento="2ºT" tempo="10">O Flamengo troca passes e tenta envolver o Palmeiras.</narracao>
    <narracao id="32632" momento="2ºT" tempo="10">O torcida pede Vinícius Pacheco, mas Ney Franco manda Obina aquecer.</narracao>
    <substituicao id="32649" momento="2ºT" tempo="11" ico="/Portal/esportes/temporeal/swf/icos/substituicao.swf">Flamengo faz substituição: entra Obina, sai Diego Silva</substituicao>
    <gol id="32639" momento="2ºT" atletaId="11131" tempo="13" escudo="/FlashShow/0,,7255,00.swf" contra="0"> GOL DE THIAGO GOMES  GOOOOLLLLLLL!!!!! Paulo Baier cobra o escanteio, Thiago Gomes consegue a cabeçada e faz 1 a 0 para o Verdão!!! ESTÁ ABERTO O PLACAR NO MARACANÃ!!!!</gol>
    <video id="32639v" momento="2ºT" video="470199"> Veja o vídeo: Gol de Thiago Gomes.  13' GOOOOLLLLLLL!!!!! Paulo Baier cobra o escanteio, Thiago Gomes consegue a cabeçada e faz 1 a 0 para o Verdão!!! ESTÁ ABERTO O PLACAR NO MARACANÃ!!!!</video>
    <narracao id="32643" momento="2ºT" tempo="16">A torcida do Flamengo vai ser atendida. O técnico conversa com Vinícius.</narracao>
    <narracao id="32655" momento="2ºT" tempo="16">Bola cruzada na área do Verdão, a bola bate na mão do zagueiro, mas o árbitro nada marca.</narracao>
    <narracao id="32647" momento="2ºT" tempo="17">Juan tenta o chute de perna direita mas manda muito longe do gol.</narracao>
    <substituicao id="32650" momento="2ºT" tempo="17" ico="/Portal/esportes/temporeal/swf/icos/substituicao.swf">Flamengo faz substituição: entra Vinícius Pacheco, sai Goeber</substituicao>
    <narracao id="32658" momento="2ºT" tempo="20">Escanteio para o Fla...</narracao>
    <narracao id="32659" momento="2ºT" tempo="20">A zaga tira com facilidade.</narracao>
    <narracao id="32662" momento="2ºT" tempo="21">BOAAA!!!! Bela descida de Juan. O lateral vai até a linha de fundo e cruza para Peralta, que salta e de, cabeça manda para fora.</narracao>
    <gol id="32665" momento="2ºT" atletaId="6515" tempo="22" escudo="/FlashShow/0,,13453,00.swf" contra="0"> GOL DE VINÍCIUS PACHECO  É DO FLAMENGOOOOOO!!!! Obina rola para Vinícius Pacheco que manda uma bomba e marca para o FLA!! BELO GOL!!! É O EMPATE!!!</gol>
    <video id="32665v" momento="2ºT" video="470200"> Veja o vídeo: Gol de Vinícius Pacheco.  22' É DO FLAMENGOOOOOO!!!! Obina rola para Vinícius Pacheco que manda uma bomba e marca para o FLA!! BELO GOL!!! É O EMPATE!!!</video>
    <narracao id="32670" momento="2ºT" tempo="24">O FLA MELHORA!! Obina segura a bola entre os zagueiros perto da área mas o árbitro dá a falta de ataque.</narracao>
    <substituicao id="32695" momento="2ºT" tempo="26" ico="/Portal/esportes/temporeal/swf/icos/substituicao.swf">Palmeiras faz substituição: entra Roger, sai Francis</substituicao>
    <narracao id="32680" momento="2ºT" tempo="28">É PÊNALTI!!!!!!  Peralta cruza e Obina é segurado na área.</narracao>
    <substituicao id="32696" momento="2ºT" tempo="28" ico="/Portal/esportes/temporeal/swf/icos/substituicao.swf">Palmeiras faz substituição: entra Reinaldo, sai Edmundo</substituicao>
    <narracao id="32681" momento="2ºT" tempo="29">Peralta na bola.....</narracao>
    <cartao id="32684" momento="2ºT" atletaId="3796" tempo="30" ico="/Portal/esportes/temporeal/swf/icos/cartao_amarelo.swf" cor="amarelo">Paulo Baier - Lateral recebe o cartão no lance do pênalti.</cartao>
    <gol id="32683" momento="2ºT" atletaId="4344" tempo="30" escudo="/FlashShow/0,,13453,00.swf" contra="0"> GOL DE HORACIO PERALTA  GOOLLLLLLLLLLLL!!!!!! O FLA vira o jogo!!!!!!</gol>
    <video id="32683v" momento="2ºT" video="470202"> Veja o vídeo: Gol de Horacio Peralta.  30' GOOLLLLLLLLLLLL!!!!!! O FLA vira o jogo!!!!!!</video>
    <substituicao id="32697" momento="2ºT" tempo="32" ico="/Portal/esportes/temporeal/swf/icos/substituicao.swf">Palmeiras faz substituição: entra Roger, sai Michael</substituicao>
    <narracao id="32689" momento="2ºT" tempo="33">Peralta leva uma solada! É falta muito perigosa!!</narracao>
    <narracao id="32692" momento="2ºT" tempo="33">SENSACIONAL SÉRGIO!!! De mão trocada o goleiro do Palmeiras defende de forma espetacular a cobrança de Léo Medeiros.</narracao>
    <narracao id="32693" momento="2ºT" tempo="34">UHHHHH!! Obina desvia de cabeça rente ao gol de Sérgio! Quase o terceiro!!!</narracao>
    <narracao id="32700" momento="2ºT" tempo="36">O gol do uruguaio Peralta foi o primeiro dele no Brasileirão.</narracao>
    <narracao id="32705" momento="2ºT" tempo="37">Escanteio para o Flamengo.....</narracao>
    <narracao id="32707" momento="2ºT" tempo="38">A zaga corta.</narracao>
    <cartao id="32710" momento="2ºT" atletaId="4344" tempo="38" ico="/Portal/esportes/temporeal/swf/icos/cartao_amarelo.swf" cor="amarelo">Horacio Peralta - Atacante entra com o pé alto e leva o cartão.</cartao>
    <narracao id="32712" momento="2ºT" tempo="39">INCRÍVEL!!! Peralta lança Vinícius, que dribla o goleiro e bate para o gol. O zagueiro do Palmeiras tira a bola em cima da linha!!! </narracao>
    <narracao id="32716" momento="2ºT" tempo="41">Alceu e juan estão sentindo uma divida e estão caídos no gramado.</narracao>
    <narracao id="32719" momento="2ºT" tempo="42">BOM CHUTE!! Reinaldo chuta de longe e Diego defende no centro do gol.</narracao>
    <narracao id="32723" momento="2ºT" tempo="44">Quatro minutos de acréscimo.</narracao>
    <narracao id="32724" momento="2ºT" tempo="44">O Flamengo fica todo em seu campo tentando segurar o resultado.</narracao>
    <narracao id="32729" momento="2ºT" tempo="46">O Verdão tem dificuldade de chegar ao gol adversário, que se porta bem na defesa.</narracao>
    <narracao id="32737" momento="2ºT" tempo="48">O Flamengo consegue segurar a bola no ataque.</narracao>
    <narracao id="32739" momento="2ºT" tempo="49">Fim de jogo no Maracanã! O Flamengo consegue a virada em cim a do Palmeiras. 2 a 1.</narracao>
    <video id="32749" momento="2ºT" video="470198"> Veja o vídeo:  49' Minhoca cobra falta por cima do gol.</video>
    <video id="32750" momento="2ºT" video="470197"> Veja o vídeo:  49' Márcio Careca, do Palmeiras, é desarmado na hora de chutar.

</video>
    <momento id="32740" momento="E">Final de jogo</momento>
    <narracao id="32752" momento="E" tempo="0">O Flamengo conseguiu a virada para cima do Palmeiras. A equipe carioca saiu em desvantagem no placar (gol de Tiago Gomes) mas reagiu com Vinícius Pacheco e Peralta. As duas equipes ainda perderam grandes chances de ampliar. </narracao>
    <narracao id="32756" momento="E" tempo="0">O Flamengo agora soma 11 pontos na competição, em 10º lugar, fugindo da zona de rebaixamento. Já o Palmeiras continua com quatro pontos, na penúltima colocação. Se o Santa Cruz vencer o Paraná amanhã, o Verdão vai amargar a lanterna da competição.</narracao>
  </lances>
</lancealance>
