<?xml version="1.0" encoding="UTF-8"?>
<lancealance cobertura="1444" leitura="0">
  <placar>
    <equipe id="001" url="" nome="São Paulo" escudo="/FlashShow/0,,6600,00.swf" resultado="0" abreviacao="SPO"/>
    <equipe id="002" url="" nome="Corinthians" escudo="/FlashShow/0,,7285,00.swf" resultado="0" abreviacao="COR"/>
  </placar>
  <lances>
    <narracao id="57476" momento="PJ" tempo="0">São Paulo e Corinthians se enfrentam às 16h.</narracao>
    <momento id="57477" momento="PJ">Pré-jogo</momento>
    <narracao id="57481" momento="PJ" tempo="0">O Corinthians reforçou o elenco para fugir da zona do rebaixamento, colecionar pontos e lutar por uma vaga na Libertadores de 2007. Tanto que vai estrear no clássico contra o São Paulo o trio César, Amoroso e Magrão. O objetivo é dar um basta no incômodo tabu e subir na tabela de classificação. Afinal, em caso de derrota, o Timão pode voltar a ficar entre os quatro últimos colocados.</narracao>
    <narracao id="57483" momento="PJ" tempo="0">No Timão, o técnico Emerson Leão pede cautela para a equipe, que ainda carece de um melhor entrosamento. O Corinthians vai jogar no 4-4-2, com César na vaga de Gustavo Nery, Magrão no lugar de Rafael Fefo e Amoroso fazendo parceria com Rafael Moura no ataque. Roger e Carlos Alberto dividem a função de armar as jogadas.</narracao>
    <narracao id="57485" momento="PJ" tempo="0">Os desfalques do São Paulo são o cabeça-de-área Josué e o atacante Aloísio, que cumprem suspensão automática. Porém, os jogadores Mineiro, Danilo e Leandro, que, suspensos, não participaram da vitória por 3 a 1 diante do Santa Cruz, em Recife, além do lateral-esquerdo Júnior, recuperado de lesão no tornozelo, estão à disposição do treinador.</narracao>
    <narracao id="57486" momento="PJ" tempo="0">O clássico tem tudo para ser empolgante. O São Paulo ocupa a liderança isolada, com 42 pontos, e defende um tabu de quase três anos e meio sem perder para o rival (o último tropeço aconteceu em 22 de março de 2003, no Paulistão). Se forem contado apenas os duelos no Campeonato Brasileiro, o Tricolor não apanha do Timão desde 99.</narracao>
    <momento id="57517" momento="1ºT">Primeiro tempo</momento>
    <narracao id="57518" momento="1ºT" tempo="1">BOLA ROLANDO NO MORUMBI!</narracao>
    <narracao id="57523" momento="1ºT" tempo="1">PRIMEIRO CHUTE! Magrão recebe na intermediária e arrisca. O chute é fraco e a bola sai à direita de Rogério Ceni!</narracao>
    <narracao id="57528" momento="1ºT" tempo="3">Roger recebe de Eduardo Ratinho na entrada da área e tenta o chute. A bola explode na zaga tricolor!</narracao>
    <cartao id="57534" momento="1ºT" atletaId="8837" tempo="4" ico="/Portal/esportes/temporeal/swf/icos/cartao_vermelho.swf" cor="vermelho">César - FORA! Lateral dá um chute em Souza, caído no chão, e acaba expulso da partida!</cartao>
    <video id="57548" momento="1ºT" video="537200"> Veja o vídeo:  4' César é expulso em sua estréia pelo Corinthians!</video>
    <narracao id="57537" momento="1ºT" tempo="6">Leão conversa com Gustavo Nery na beira do campo!</narracao>
    <substituicao id="57735" momento="1ºT" tempo="8" ico="/Portal/esportes/temporeal/swf/icos/substituicao.swf">Corinthians faz substituição: entra Gustavo Nery, sai Roger</substituicao>
    <narracao id="57543" momento="1ºT" tempo="9">UUUUUH! Carlos Alberto recebe no lado esquerdo de ataque, passa por dois marcadores e tenta o cruzamento. A bola desvia na zaga e acaba saindo tirando tinta da trave de Rogério Ceni!</narracao>
    <video id="57575" momento="1ºT" video="537206"> Veja o vídeo:  9' Carlos Alberto tenta o cruzamento. A bola desvia na zaga e sai com perigo!</video>
    <narracao id="57553" momento="1ºT" tempo="12">POR POUCO! Thiago domina na ponta direita e cruza. Edcarlos aparece como elemento surpresa e testa para o gol. A bola sai por pouco à direita do gol de Marcelo! </narracao>
    <cartao id="57555" momento="1ºT" atletaId="119" tempo="13" ico="/Portal/esportes/temporeal/swf/icos/cartao_amarelo.swf" cor="amarelo">Souza - Lateral faz falta dura e acaba punido com o cartão amarelo.</cartao>
    <narracao id="57559" momento="1ºT" tempo="14">OPA! Thiago recebe ótimo passe de Leandro e domina de frente para o gol. O árbitro erra e marca impedimento inexistente do atacante!</narracao>
    <narracao id="57568" momento="1ºT" tempo="17">PAROU! Eduardo Ratinho recebe lançamento de Carlos Alberto na ponta direita e cruza rasteiro. Rafael Moura aparece para finalizar, mas acaba cometendo falta no zagueiro Alex Silva!</narracao>
    <video id="57597" momento="1ºT" video="537217"> Veja o vídeo:  18' Lenílson, do São Paulo, cabeceia para fora.</video>
    <narracao id="57578" momento="1ºT" tempo="20">Gustavo Nery recebe na intermediária e é derrubado por Souza! O árbitro marca a falta e o lateral se apresenta para cobrar ...</narracao>
    <narracao id="57580" momento="1ºT" tempo="21">... Gustavo Nery cobra falta da intermediária e manda à esquerda de Rogério Ceni!</narracao>
    <video id="57598" momento="1ºT" video="537219"> Veja o vídeo:  21' Gustavo Nery, do Corinthians, cobra falta para fora.</video>
    <cartao id="57589" momento="1ºT" atletaId="36226" tempo="24" ico="/Portal/esportes/temporeal/swf/icos/cartao_vermelho.swf" cor="vermelho">Eduardo Ratinho - MAIS UM FORA! Lateral dá uma entrada desleal em Thiago e acaba expulso da partida!</cartao>
    <video id="57609" momento="1ºT" video="537221"> Veja o vídeo:  24' Eduardo, do Corinthians, tambem é expulso.
</video>
    <narracao id="57594" momento="1ºT" tempo="27">CONFUSÃO NA ARQUIBANCADA! Torcedores do Corinthians entram em confronto com a polícia na arquibancada do Morumbi!</narracao>
    <narracao id="57605" momento="1ºT" tempo="30">FUROU! Gustavo Nery recebe no lado esquerdo de ataque e ajeita para chute de Amoroso na entrada da área. O atacante acaba furando a bola!</narracao>
    <substituicao id="57697" momento="1ºT" tempo="32" ico="/Portal/esportes/temporeal/swf/icos/substituicao.swf">São Paulo faz substituição: entra Tadeu, sai Souza</substituicao>
    <narracao id="57615" momento="1ºT" tempo="34">Fabão domina na intermediária e arrisca. A bola sai à direita de Marcelo.</narracao>
    <narracao id="57629" momento="1ºT" tempo="38">Lenílson recebe de Mineiro na área do Corinthians, dá um corte em Betão, mas acaba desarmado por Rafeal Moura!</narracao>
    <narracao id="57633" momento="1ºT" tempo="40">Tadeu recebe na ponta direita e descola o cruzamento. Marcelo sai bem do gol e faz a defesa!</narracao>
    <narracao id="57647" momento="1ºT" tempo="42">O São Paulo troca muitos passes no campo de ataque, mas não consegue criar chances de gol.</narracao>
    <narracao id="57651" momento="1ºT" tempo="44">MAIS DOIS! O árbitro aponta dois minutos de acréscimo no primeiro tempo!</narracao>
    <narracao id="57657" momento="1ºT" tempo="45">PERDEU! Após falha da zaga tricolor, Rafael Moura domina de frente para Rogério Ceni. O atacante tenta na saída do goleiro, mas Rogério faz grande defesa! MELHOR CHANCE DA PARTIDA!</narracao>
    <video id="57714" momento="1ºT" video="537239"> Veja o vídeo:  45' Rafael Moura, do Corinthians, chega cara a cara e Rogério defende!</video>
    <narracao id="57658" momento="1ºT" tempo="47">TERMINA O PRIMEIRO TEMPO!</narracao>
    <momento id="57660" momento="I">Show do intervalo</momento>
    <narracao id="57672" momento="I" tempo="0">Rogério Ceni: - Não entendo como com dois a mais em campo a gente consegue jogar tão mal.</narracao>
    <narracao id="57671" momento="I" tempo="0">Emerson Leão ao fim da primeira etapa: - É melhor não falar nada.</narracao>
    <narracao id="57670" momento="I" tempo="0">Um primeiro tempo muito quente! O Corinthians entrou melhor na partida, mas com a cabeça fora do lugar! O Timão perdeu dois jogadores em expulsões justas, mas mesmo assim continuou demonstrando mais vontade. O São Paulo, mesmo com dois a mais, não conseguiu criar chances de gol. O Tricolor trocou muitos passes no campo de ataque, mas não furou o bloqueio do Timão! O SEGUNDO TEMPO PROMETE!</narracao>
    <momento id="57690" momento="2ºT">Segundo tempo</momento>
    <cartao id="57694" momento="2ºT" atletaId="6073" tempo="0" ico="/Portal/esportes/temporeal/swf/icos/cartao_amarelo.swf" cor="amarelo">Carlos Alberto - Meia recebe o cartão amarelo por reclamações com o árbitro durante o intervalo.</cartao>
    <substituicao id="57698" momento="2ºT" tempo="0" ico="/Portal/esportes/temporeal/swf/icos/substituicao.swf">São Paulo faz substituição: entra Danilo, sai Edcarlos</substituicao>
    <narracao id="57700" momento="2ºT" tempo="1">ROLA A BOLA PARA O SEGUNDO TEMPO!</narracao>
    <narracao id="57705" momento="2ºT" tempo="2">Danilo recebe na entrada da área e abre na esquerda para Júnior. O lateral pega de primeira, mas Marcelo cai bem e defende.</narracao>
    <video id="57753" momento="2ºT" video="537263"> Veja o vídeo:  2' Júnior, do São Paulo, cruza rasteiro e Marcelo faz a defesa.</video>
    <narracao id="57711" momento="2ºT" tempo="5">Rafael Moura domina na intermediária e tenta lançamento para Amoroso. O árbitro erra e marca o impedimento do atacante.</narracao>
    <cartao id="57718" momento="2ºT" atletaId="5822" tempo="7" ico="/Portal/esportes/temporeal/swf/icos/cartao_amarelo.swf" cor="amarelo">Rafael Moura - Atacante puxa Lenílson e acaba recebendo o cartão amarelo.</cartao>
    <narracao id="57722" momento="2ºT" tempo="10">MAAAAAL! Danilo dá um lindo giro na entrada da área, mas pega muito mal. A bola sai longe do gol de Marcelo!</narracao>
    <video id="57811" momento="2ºT" video="537269"> Veja o vídeo:  10' Danilo tenta o chute e erra feio.</video>
    <video id="57783" momento="2ºT" video="537270"> Veja o vídeo:  12' Tadeu, do São Paulo, acerta a cabeçada no travessão!</video>
    <substituicao id="57736" momento="2ºT" tempo="13" ico="/Portal/esportes/temporeal/swf/icos/substituicao.swf">Corinthians faz substituição: entra Rosinei, sai Carlos Alberto</substituicao>
    <substituicao id="57737" momento="2ºT" tempo="14" ico="/Portal/esportes/temporeal/swf/icos/substituicao.swf">Corinthians faz substituição: entra Renato, sai Amoroso</substituicao>
    <narracao id="57744" momento="2ºT" tempo="16">UUUUUUUH! Richarlyson recebe no lado esquerdo de ataque e cruza. Danilo aparece para finalizar de carrinho da pequena área, mas manda por cima do gol! QUASE!</narracao>
    <video id="57781" momento="2ºT" video="537273"> Veja o vídeo:  16' Danilo, do São Paulo, perde a chance na pequena área.</video>
    <narracao id="57750" momento="2ºT" tempo="18">Richarlyson recebe na ponta esquerda e levanta para a área. Marcelo sai bem do gol e recupera para o Timão!</narracao>
    <narracao id="57760" momento="2ºT" tempo="21">Lenílson recebe na área do Corinthians de costas para o gol. O meia recebe marcação de Magrão e cai pedindo pênalti. O árbitro manda o jogo seguir.</narracao>
    <narracao id="57762" momento="2ºT" tempo="22">Júnior cobra falta do lado esquerdo de ataque e levanta para a área do Timão. Marcelo sai bem do gol e recupera.</narracao>
    <cartao id="57764" momento="2ºT" atletaId="3505" tempo="23" ico="/Portal/esportes/temporeal/swf/icos/cartao_amarelo.swf" cor="amarelo">Richarlyson - Lateral comete falta dura e acaba punido com o cartão amarelo.</cartao>
    <cartao id="57767" momento="2ºT" atletaId="3170" tempo="24" ico="/Portal/esportes/temporeal/swf/icos/cartao_amarelo.swf" cor="amarelo">Fabão - Zagueiro comete falta em Rosinei e é punido com o cartão amarelo.</cartao>
    <narracao id="57770" momento="2ºT" tempo="25">Gustavo Nery cobra falta da intermediária, mas manda em cima da barreira.</narracao>
    <narracao id="57778" momento="2ºT" tempo="28">NA TRAVE!!!! Danilo recebe na entrada da área e solta a bomba! A bola explode na trave do gol de Marcelo!</narracao>
    <narracao id="57796" momento="2ºT" tempo="31">Richarlyson recebe de Thiago e levanta para a área. Marcelo sai bem e defende.</narracao>
    <narracao id="57799" momento="2ºT" tempo="32">QUASE! Lenílson recebe de Danilo na área do Corinthians e toca na saída de Marcelo. A bola sai à direita!</narracao>
    <narracao id="57805" momento="2ºT" tempo="34">POR POUCO! Após cruzamento para a área do Corinthians, Tadeu aparece para finalizar da pequena área, mas manda por cima do gol de Marcelo!</narracao>
    <narracao id="57815" momento="2ºT" tempo="37">Leandro recebe no lado direito de ataque e levanta. A zaga do Corinthians afasta o perigo!</narracao>
    <narracao id="57817" momento="2ºT" tempo="38">MUITO MAL! Júnior recebe no lado direito da área do Corinthians, mas chuta muito mal. A bola sai longe!</narracao>
    <narracao id="57832" momento="2ºT" tempo="41">FALTA PARIGOSA! Danilo sofre falta no lado direito de ataque! Rogério Ceni aparece para cobrar ...</narracao>
    <narracao id="57837" momento="2ºT" tempo="42">... NA BARREIRA! Rogério Ceni cobra a falta na barreira!</narracao>
    <narracao id="57841" momento="2ºT" tempo="43">PERDEU! Rafael Moura recebe no lado esquerdo de ataque, adianta para a entrada da área e chuta. A bola sai por cima do gol!</narracao>
    <narracao id="57842" momento="2ºT" tempo="44">MAIS DOIS! O árbitro aponta dois minutos de acréscimo no segundo tempo!</narracao>
    <narracao id="57847" momento="2ºT" tempo="47">TERMINA O CLÁSSICO! 0 A 0!</narracao>
    <momento id="57848" momento="E">Final de jogo</momento>
  </lances>
</lancealance>
