<?xml version="1.0" encoding="UTF-8"?>
<lancealance cobertura="1149" leitura="0">
  <placar>
    <equipe id="001" url="" nome="Brasil" escudo="/FlashShow/0,,9446,00.swf" resultado="3" abreviacao="BRA"/>
    <equipe id="002" url="" nome="Gana" escudo="/FlashShow/0,,9455,00.swf" resultado="0" abreviacao="GAN"/>
  </placar>
  <lances>
    <narracao id="41600" momento="PJ" tempo="0">Brasil e Gana se enfrentam às 12h (horário de Brasília), no Westfalenstadion (Dortmund), pelas oitavas-de-final da Copa do Mundo. Apita o jogo Lubos Michel (Eslováquia). Auxiliado por Martin Balko (Eslováquia) e Roman Slysko (Eslováquia).</narracao>
    <momento id="41601" momento="PJ">Pré-jogo</momento>
    <narracao id="41602" momento="PJ" tempo="0">As seleções principais de Brasil e Gana já se enfrentaram uma vez. Em 1996, em partida amistosa, a seleção brasileira goleou por 8 a 2. O curioso é que o goleiro Dida, do atual elenco, foi o único a estar presente no time que goleou os ganeses. A partida foi realizada na cidade de São José do Rio Preto, interior do estado de São Paulo.</narracao>
    <narracao id="41603" momento="PJ" tempo="0">Pelo lado de Gana, o goleiro Richard Kingston e o zagueiro Samuel Kuffour também estavam presentes na histórica goleada. Naqyuela oportunidade, Kingston só havia levado um gol enquanto estava em campo, enquanto Kuffour foi expulso aos 6 minutos do segundo tempo.</narracao>
    <narracao id="41604" momento="PJ" tempo="0">O Brasil não perde em Copas do Mundo há 10 jogos - um recorde. A última derrota aconteceu no Mundial da França, exatamente na final, para os donos da casa por 3 a 0. Naquela oportunidade, a França conquistaria seu primeiro e único título de campeão mundial.</narracao>
    <narracao id="41605" momento="PJ" tempo="0">Na última partida, contra o Japão, Keiji Tamada acabou com a invencibilidade do Brasil de 461 minutos sem tomar gols em Copas do Mundo, porém o Japão foi goleado por 4 a 1. A seleção brasileira é o único time a disputar todos os Mundiais ao longo da história e estar presente por 18 vezes na fase de mata-mata.</narracao>
    <narracao id="41606" momento="PJ" tempo="0">Gana é quatro vezes campeã da Copa Africana de Nações e, ao lado de Ucrânia, são as únicas seleções estreantes em uma Copa do Mundo a se classificarem para as oitavas-de-final (lembrando que a Ucrânia já está nas quartas-de-final, pois eliminou a Suíça, nos pênaltis). Uma curiosidade, os 23 jogadores que formam o elenco de Gana jogam em 23 clubes diferentes.</narracao>
    <narracao id="41607" momento="PJ" tempo="0">O atacante Ronaldo já igualou o recorde de gols em Copas do Mundo, 14, e está ao lado do alemão Gerd Müller. O Fenômeno, 5 quilos mais magro e motivado, ainda pode se tornar o maior artilheiro em Mundiais, basta balançar as redes contra Gana. Cafu já jogou 18 partidas em Copas do Mundo, sete a menos que o alemão Lothar Matthaus, recordista com 25. Mas o lateral-direito canarinho igualou o número do ex-goleiro e do volante Taffarel e Dunga respectivamente.</narracao>
    <narracao id="41608" momento="PJ" tempo="0">Em Gana, um dos principais jogadores, o volante Michael Essien cumpre suspensão automática e não joga. O zagueiro Samuel Kuffour e o meio-campo e capitão dos Estrelas Negras Stephen Appiah, são os dois com mais jogos pela seleção, 59 e 45 respectivamente. Ainda sobre Appiah, o jogador é quem mais marcou do atual elenco, 12 gols.</narracao>
    <narracao id="41609" momento="PJ" tempo="0">Nesta Copa do Mundo, a seleção brasileira tenta conquistar o segundo título seguido de Mundial e repetir o feito de 1962, quando defendeu o título de 1958 conseguindo o bicampeonato. O técnico Carlos Alberto Parreira está na sua quinta Copa do Mundo, empatando com o técnico sérviomontenegrino Bora Milutinovic. Caso o Brasil conquiste o hexacampeonato, Carlos Alberto Parreira também poderá se tornar o segundo técnico da história a ser bicampeão mundial, igualando o feito do italiano Vittorio Pozzo, bicampeão com a Azzurra em 1934 e 1938.</narracao>
    <narracao id="41611" momento="PJ" tempo="0">ACABOU O MISTÉRIO! O técnico Carlos Alberto Parreira escala Adriano e Ronaldo no ataque e mantém Roberto Carlos e Cafu nas laterais. Juninho Pernambucano fica como opção no banco de reservas.</narracao>
    <video id="41612" momento="PJ" video="491739"> Veja o vídeo:  0' Acompanhe o embarque dos jogadores brasileiros rumo ao estádio de Dortmund.</video>
    <video id="41613" momento="PJ" video="491747"> Veja o vídeo:  0' Time do Brasil chega ao estádio para partida contra Gana pelas oitavas-de-final da Copa 2006.</video>
    <video id="41614" momento="PJ" video="491753"> Veja o vídeo:  0' Gana chega ao estádio para partida contra o Brasil pelas oitavas-de-final da Copa 2006.</video>
    <video id="41615" momento="PJ" video="491758"> Veja o vídeo:  0' Veja o vestiário da seleção brasileira.</video>
    <video id="41616" momento="PJ" video="491756"> Veja o vídeo:  0' Veja o vestiário de Gana.</video>
    <video id="41617" momento="PJ" video="491760"> Veja o vídeo:  0' Casagrande e Falcão analisam a formação da seleção brasileira contra Gana.</video>
    <video id="41618" momento="PJ" video="491762"> Veja o vídeo:  0' Arnaldo César Coelho analisa árbitro do confronto contra Gana. </video>
    <video id="41619" momento="PJ" video="491763"> Veja o vídeo:  0' Torcida pelo Brasil no Rio de Janeiro e em São Paulo.</video>
    <video id="41620" momento="PJ" video="491764"> Veja o vídeo:  0' A confraternização entre os jogadores de Brasil e Gana antes da partida.</video>
    <video id="41621" momento="PJ" video="491765"> Veja o vídeo:  0' Brasil vai a campo com a mesma formação dos dois primeiros jogos.</video>
    <video id="41622" momento="PJ" video="491766"> Veja o vídeo:  0' clipe da seleção brasileira com a música 'Na Moral' da banda Jota Quest.</video>
    <video id="41623" momento="PJ" video="491777"> Veja o vídeo:  0' Torcedor ganense se prepara para o jogo.</video>
    <video id="41624" momento="PJ" video="491778"> Veja o vídeo:  0' Clipe da seleção brasileira com a música 'Aquarela do Brasil' interpretada por Yamandu Costa.</video>
    <video id="41625" momento="PJ" video="491779"> Veja o vídeo:  0' Aquecimento da seleção brasileira no gramado do Westfalenstadion.</video>
    <video id="41626" momento="PJ" video="491780"> Veja o vídeo:  0' Fotos de Parreira, na época em que era técnico de Gana.</video>
    <narracao id="41610" momento="PJ" tempo="0">Caso Gana derrote o Brasil, vai se tornar a terceira seleção africana da história a derrotar um país sul-americano, em 17 encontros entre africanos e sul-americanos em Mundiais. A Argélia derrotou o Chile em 1982 e Camarões bateu a Argentina e Colômbia em 1990.</narracao>
    <narracao id="41627" momento="PJ" tempo="0">Neste momento as duas equipes entram no gramado do Westfalenstadion e se alinham para a execução dos respectivos hinos nacionais.</narracao>
    <narracao id="41628" momento="PJ" tempo="0">Franz Beckenbauer, maior jogador alemão da história e Sepp Blatter, presidente da Fifa, estão presentes na tribuna de honra do estádio.</narracao>
    <narracao id="41629" momento="PJ" tempo="0">Os jogadores se cumprimentm e está tudo pronto para a bola rolar.</narracao>
    <video id="41639" momento="PJ" video="491791"> Veja o vídeo:  0' Brasil e Gana no vestiário.</video>
    <video id="41690" momento="PJ" video="491792"> Veja o vídeo:  0' O hino brasileiro.</video>
    <video id="41691" momento="PJ" video="491798"> Veja o vídeo:  0' O hino de Gana.</video>
    <video id="41692" momento="PJ" video="491795"> Veja o vídeo:  0' Os jogadores de Brasil e Gana entram em campo.</video>
    <momento id="41630" momento="1ºT">Primeiro tempo</momento>
    <narracao id="41631" momento="1ºT" tempo="0">BOLA ROLANDO! Começa Brasil x Gana.</narracao>
    <narracao id="41632" momento="1ºT" tempo="0">Com menos de um minuto os jogadores de Gana roubam a bola logo na saída e tentam o primeiro ataque. Kaká desarma na lateral esquerda.</narracao>
    <video id="41641" momento="1ºT" video="491797"> Veja o vídeo:  0' Começa o jogo!</video>
    <narracao id="41633" momento="1ºT" tempo="1">Ronaldinho Gaúcho lança Ronaldo na área, mas árbitro marca o impedimento do Fenômeno.</narracao>
    <video id="41697" momento="1ºT" video="491825"> Veja o vídeo:  1' Ronaldo recebe lançamento, mas está impedido.</video>
    <narracao id="41634" momento="1ºT" tempo="2">Gana dificulta a saída de bola brasileira.</narracao>
    <narracao id="41635" momento="1ºT" tempo="2">Muntari entra duro em Zé Roberto e árbitro adverte verbalmente o meio-campo de Gana.</narracao>
    <narracao id="41636" momento="1ºT" tempo="3">Bola nas costas de Roberto Carlos. Gyan avança pela direita e cruza no segundo pau... Ninguém fechava para completar a jogada.</narracao>
    <video id="41649" momento="1ºT" video="491801"> Veja o vídeo:  3' Muntari comete falta dura em Zé Roberto.</video>
    <gol id="41637" momento="1ºT" atletaId="1754" tempo="5" escudo="/FlashShow/0,,9446,00.swf" contra="0"> GOL DE RONALDO    Kaká lança Ronaldo na velocidade. Fenômeno pedala na frente de Kingston, dribla e só empurra para o gol! O RECORDISTA ABSOLUTO DE GOLS EM COPAS DO MUNDO COM 15 GOLS!</gol>
    <video id="41637v" momento="1ºT" video="491800"> Veja o vídeo: Gol de Ronaldo  .  5' Kaká lança Ronaldo na velocidade. Fenômeno pedala na frente de Kingston, dribla e só empurra para o gol! O RECORDISTA ABSOLUTO DE GOLS EM COPAS DO MUNDO COM 15 GOLS!</video>
    <cartao id="41638" momento="1ºT" atletaId="7932" tempo="6" ico="/Portal/esportes/temporeal/swf/icos/cartao_amarelo.swf" cor="amarelo">Appiah - Appiah, meio-campo de Gana é punido após falta dura, por trás em Kaká.</cartao>
    <narracao id="41640" momento="1ºT" tempo="8">RONALDO, RONALDO! Ecoa os gritos do nome do atacante brasileiro no Westfalenstadion.</narracao>
    <narracao id="41642" momento="1ºT" tempo="9">Lançamento para Cafu no limite da direita. Mas a bola sai muito forte e se perde pela linha de fundo.</narracao>
    <cartao id="41643" momento="1ºT" atletaId="7252" tempo="10" ico="/Portal/esportes/temporeal/swf/icos/cartao_amarelo.swf" cor="amarelo">Sulley Muntari - Muntari, meio-campo de Gana, é punido após falta dura em Lúcio.</cartao>
    <video id="41650" momento="1ºT" video="491803"> Veja o vídeo:  10' Muntari faz falta dura em Lúcio e é punido com cartão amarelo.</video>
    <narracao id="41644" momento="1ºT" tempo="11">Bola enfiada na frente para Draman. Juan corta de carrinho para a lateral.</narracao>
    <cartao id="41645" momento="1ºT" atletaId="2931" tempo="12" ico="/Portal/esportes/temporeal/swf/icos/cartao_amarelo.swf" cor="amarelo">Adriano - Adriano, atacante do Brasil, é punido após simular um pênalti.</cartao>
    <video id="41654" momento="1ºT" video="491805"> Veja o vídeo:  12' Adriano tenta cavar o pênalti e é punido com cartão amarelo.</video>
    <narracao id="41646" momento="1ºT" tempo="14">Árbitro Adverte verbalmente o meio-campo Muntari, da seleção de Gana.</narracao>
    <narracao id="41647" momento="1ºT" tempo="14">CAFU! Lateral ganha bola na direita, tenta ganhar no corpo de Muntari, mas Kingston sai para fazer a defesa.</narracao>
    <video id="41655" momento="1ºT" video="491806"> Veja o vídeo:  14' Cafu tenta o gol, mas comete falta no ataque.</video>
    <narracao id="41648" momento="1ºT" tempo="15">Appiah arrisca lançamento da intermediária para o lado esquerdo de ataque... Para ninguém. É lateral para o Brasil.</narracao>
    <narracao id="41651" momento="1ºT" tempo="18">Falta para Gana da esquerda cobrada no primeiro pau. Ronaldinho Gaúcho joga de zagueiro e corta para a intermediária.</narracao>
    <video id="41667" momento="1ºT" video="491810"> Veja o vídeo:  18' Draman chuta forte e Dida espalma para escanteio.</video>
    <narracao id="41652" momento="1ºT" tempo="19">PERIGO! Gyan recebe bola duvidosa na área e chuta fraco para defesa de Dida. Árbitro marca impedimento do atacante ganês.</narracao>
    <narracao id="41653" momento="1ºT" tempo="19">QUASE! Bola recuada na fogueira para o goleiro Kingston, Kaká, por pouco, não consegue o desarme.</narracao>
    <video id="41661" momento="1ºT" video="491807"> Veja o vídeo:  19' Bom ataque de Gana, mas é marcado o impedimento.</video>
    <narracao id="41656" momento="1ºT" tempo="22">PERIGO! Bola lançada para Amoah na área, Dida se antecipa e faz a defesa.</narracao>
    <narracao id="41657" momento="1ºT" tempo="23">NÃO PODE RECUAR! Appiah toca para Amoah na entrada da área. Atacante chuta rasteiro, pela linha de fundo.</narracao>
    <video id="41668" momento="1ºT" video="491813"> Veja o vídeo:  23' No meio da zaga brasileira, Amoah chuta com perigo.</video>
    <narracao id="41658" momento="1ºT" tempo="24">BELA ARRANCADA! De Kaká pelo meio, mas os atacantes não se movimentam e o meio-campo é desarmado.</narracao>
    <narracao id="41659" momento="1ºT" tempo="25">HORRÍVEL! Bola invertida para Roberto Carlos na esquerda, mas laterral cruza muito mal... Lá na arquibancada!</narracao>
    <narracao id="41660" momento="1ºT" tempo="26">ESTRELAS NEGRAS! Começam a gostar do jogo e atacam com perigo.</narracao>
    <cartao id="41662" momento="1ºT" atletaId="11713" tempo="28" ico="/Portal/esportes/temporeal/swf/icos/cartao_amarelo.swf" cor="amarelo">John Mensah - Pantsil, lateral de Gana, é punido após falta dura em Kaká.</cartao>
    <narracao id="41663" momento="1ºT" tempo="28">BOA BOLA! Enfiada para Ronaldo na área. Fenômeno ganha o escanteio...</narracao>
    <video id="41675" momento="1ºT" video="491814"> Veja o vídeo:  28' Gana faz bom ataque, mas Dida defende.</video>
    <video id="41677" momento="1ºT" video="491815"> Veja o vídeo:  28' Pantsil recebe o cartão amarelo.</video>
    <narracao id="41664" momento="1ºT" tempo="29">... Escanteio cobrado no segundo pau, Lúcio cabeceia na trave.</narracao>
    <video id="41678" momento="1ºT" video="491816"> Veja o vídeo:  29' Brasil tenta com Ronaldinho Gaúcho e depois com uma cabeçada de Lúcio.</video>
    <narracao id="41665" momento="1ºT" tempo="30">CONTRA-ATAQUE PERIGOSO! Draman avança na velocidade e chuta forte de fora da área... Por cima do gol de Dida.</narracao>
    <narracao id="41666" momento="1ºT" tempo="31">Emerson sai de campo sentindo contusão, mas já está de volta ao gramado.</narracao>
    <narracao id="41669" momento="1ºT" tempo="33">Cafu avança na velocidade junto com Kaká pelo lado direito e toca para o meia... Mas Kaká erra a jogada.</narracao>
    <narracao id="41670" momento="1ºT" tempo="34">A ZAGA BATE CABEÇA! E Gyan recebe na pequena área, mas chuta por cima sobre a marcação de Emerson.</narracao>
    <video id="41680" momento="1ºT" video="491817"> Veja o vídeo:  34' Gyan chuta com perigo, por cima do gol de Dida.</video>
    <narracao id="41671" momento="1ºT" tempo="35">Lúcio está caído no gramado sentindo pancada no joelho direito.</narracao>
    <narracao id="41672" momento="1ºT" tempo="36">Lúcio retorna para apartida.</narracao>
    <cartao id="41673" momento="1ºT" atletaId="12494" tempo="37" ico="/Portal/esportes/temporeal/swf/icos/cartao_amarelo.swf" cor="amarelo">Eric Addo - Eric Addo, meio-campo de Gana, é punido após falta dura em Adriano na intermediária.</cartao>
    <video id="41687" momento="1ºT" video="491818"> Veja o vídeo:  37' Eric Addo comete falta em Adriano e é punido com cartão amarelo.</video>
    <video id="41688" momento="1ºT" video="491819"> Veja o vídeo:  37' Ronaldinho Gaúcho cobra falta por cima do gol de Kingston.</video>
    <narracao id="41674" momento="1ºT" tempo="38">Ronaldinho Gaúcho cobra a falta, por cima do gol de Kingston.</narracao>
    <narracao id="41676" momento="1ºT" tempo="39">FAIR PLAY! Ronaldinho Gaúcho pisa sem querer em Eric Addo e pede para parar o jogo.</narracao>
    <narracao id="41679" momento="1ºT" tempo="41">DIDA FAZ MILAGRE! Após cobrança de escanteio, Mensah cabeceia sozinho na pequena área e goleiro defende com os pés.</narracao>
    <video id="41689" momento="1ºT" video="491821"> Veja o vídeo:  41' Dida faz grande defesa na cabeçada de Mensah.</video>
    <cartao id="41681" momento="1ºT" atletaId="44" tempo="43" ico="/Portal/esportes/temporeal/swf/icos/cartao_amarelo.swf" cor="amarelo">Juan - Juan, zagueiro do Brasil, é punido após entrada dura em Eric Addo.</cartao>
    <narracao id="41682" momento="1ºT" tempo="43">Appiah cobra falta na intermediária, por cima do gol de Dida.</narracao>
    <video id="41693" momento="1ºT" video="491822"> Veja o vídeo:  43' Appiah cobra falta por cima do gol de Dida.</video>
    <video id="41694" momento="1ºT" video="491823"> Veja o vídeo:  43' Juan, zagueiro do Brasil, é punido com cartão amarelo.</video>
    <narracao id="41683" momento="1ºT" tempo="44">OPA! Appiah dá um "coice" em Zé Roberto na lateral esquerda.</narracao>
    <narracao id="41685" momento="1ºT" tempo="45">ACRÉSCIMOS! Árbitro assinala mais três minutos neste primeiro tempo. </narracao>
    <gol id="41684" momento="1ºT" atletaId="2931" tempo="45" escudo="/FlashShow/0,,9446,00.swf" contra="0"> GOL DE ADRIANO  Lúcio arranca desde o campo de defesa, abre com Kaká na direita que rola para Cafu. Lateral cruza rasteiro na pequena área e o Imperador, de joelho, marca o segundo gol brasileiro!</gol>
    <video id="41684v" momento="1ºT" video="491824"> Veja o vídeo: Gol de Adriano.  45' Lúcio arranca desde o campo de defesa, abre com Kaká na direita que rola para Cafu. Lateral cruza rasteiro na pequena área e o Imperador, de joelho, marca o segundo gol brasileiro!</video>
    <narracao id="41686" momento="1ºT" tempo="48">FIM DE PRIMEIRO TEMPO! O Brasil vai derrotando Gana por 2 a 0, gols de Ronaldo e Adriano.</narracao>
    <momento id="41695" momento="I">Show do intervalo</momento>
    <narracao id="41696" momento="I" tempo="0">O Brasil começou impondo o seu jogo e logo abriu o placar, com Ronaldo aos 5 minutos, após belo passe de Kaká. Mas depois do gol, voltou a cometer os erros dos dois primeiros jogos e quase toma o gol de empate. No final, após arrancada de Lúcio e mais uma jogada de Kaká, Adriano, impedido, ampliou.</narracao>
    <video id="41701" momento="I" video="491829"> Veja o vídeo:  0' Os melhores momentos do primeiro tempo.</video>
    <video id="41757" momento="I" video="491842"> Veja o vídeo:  0' Ronaldo é o maior artilheiro em Copas.</video>
    <video id="41758" momento="I" video="491843"> Veja o vídeo:  0' O técnico de Gana Ratomir Dujkovic é expulso.</video>
    <momento id="41698" momento="2ºT">Segundo tempo</momento>
    <narracao id="41700" momento="2ºT" tempo="0">As duas equipes já estão de volta ao gramado para o segundo tempo. No Brasil, Gilberto Silva entra no lugar de Emerson, que sentiu contusão.</narracao>
    <video id="41710" momento="2ºT" video="491834"> Veja o vídeo:  0' Começa o segundo tempo.</video>
    <substituicao id="41741" momento="2ºT" tempo="0" ico="/Portal/esportes/temporeal/swf/icos/substituicao.swf">Brasil faz substituição: entra Gilberto Silva, sai Emerson  </substituicao>
    <narracao id="41702" momento="2ºT" tempo="1">COMEÇA O SEGUNDO TEMPO!</narracao>
    <narracao id="41703" momento="2ºT" tempo="2">Cafu sofre falta de Gyan no campo de defesa brasileiro.</narracao>
    <cartao id="41704" momento="2ºT" atletaId="12484" tempo="2" ico="/Portal/esportes/temporeal/swf/icos/cartao_amarelo.swf" cor="amarelo">Asamoah Gyan - Asamoah Gyan, atacante de Gana, é punido após chutar a bola para longe.</cartao>
    <video id="41714" momento="2ºT" video="491836"> Veja o vídeo:  2' Gyan isola a bola e recebe o cartão amarelo.</video>
    <narracao id="41705" momento="2ºT" tempo="3">Ronaldinho Gaúcho arrisca lançamento para Adriano na frente, a bola sai muito forte pela linha de fundo.</narracao>
    <narracao id="41706" momento="2ºT" tempo="4">Gyan arrisca chute forte da entrada da área. A bola se perde por cima do gol de Dida.</narracao>
    <video id="41713" momento="2ºT" video="491835"> Veja o vídeo:  4' Asamoah Gyan chuta a bola por cima do gol de Dida.</video>
    <narracao id="41707" momento="2ºT" tempo="5">BELA TENTATIVA! De tabela entre Kaká e Ronaldinho Gaúcho, a zaga de Gana corta de cabeça e, na seqüência, Kaká comete falta no zagueiro.</narracao>
    <narracao id="41708" momento="2ºT" tempo="6">PERIGO! Draman pega de primeira na ponta direita. A bola sai com perigo, por cima do gol de Dida.</narracao>
    <video id="41718" momento="2ºT" video="491837"> Veja o vídeo:  6' Draman solta a bomba por cima do gol de Dida.</video>
    <narracao id="41709" momento="2ºT" tempo="7">Amoah entra forte em Roberto Carlos na lateral. Brasileiro fica sentindo a pancada.</narracao>
    <narracao id="41711" momento="2ºT" tempo="10">Ronaldinho Gaúcho enfia boa bola para Adriano na direita, mas o imperador é limitado com o pé direito e perde tempo no domínio.</narracao>
    <narracao id="41712" momento="2ºT" tempo="11">Ronaldinho Gaúcho dá belo passe para Roberto Carlos na velocidade e lateral bate forte de canhota. Kingston sai para fazer a defesa e a zaga completa afastando o perigo.</narracao>
    <substituicao id="41725" momento="2ºT" tempo="14" ico="/Portal/esportes/temporeal/swf/icos/substituicao.swf">Gana faz substituição: entra Derek Boateng, sai Eric Addo</substituicao>
    <video id="41727" momento="2ºT" video="491839"> Veja o vídeo:  14' Pantsil cabeceia para fora.</video>
    <video id="41728" momento="2ºT" video="491840"> Veja o vídeo:  15' Juninho Pernambucabo entra no lugar de Adriano.</video>
    <substituicao id="41742" momento="2ºT" tempo="15" ico="/Portal/esportes/temporeal/swf/icos/substituicao.swf">Brasil faz substituição: entra Juninho Pernambucano, sai Adriano </substituicao>
    <narracao id="41719" momento="2ºT" tempo="16">GANA!.... GANA!... Ecoa os gritos da torcida incentivando os Estrelas Negras.</narracao>
    <video id="41729" momento="2ºT" video="491841"> Veja o vídeo:  17' Ronaldo chuta e a bola explode na zaga de Gana.</video>
    <narracao id="41721" momento="2ºT" tempo="18">Lançamento muito forte para Appiah na esquerda, Lúcio chega na cobertura e a bola se perde pela linha de fundo.</narracao>
    <narracao id="41722" momento="2ºT" tempo="20">Shilla cruza bola da direita... Para ninguém. A zaga brasileira afasta o perigo.</narracao>
    <narracao id="41723" momento="2ºT" tempo="22">Muntari divide com Gilberto Silva e fica sentindo, Árbitro manda parar o jogo.</narracao>
    <narracao id="41724" momento="2ºT" tempo="23">DIDA! Appiah dá belo passe para Gyan na área. Atacante chuta no canto e goleiro brasileiro defende em dois tempos.</narracao>
    <video id="41733" momento="2ºT" video="491844"> Veja o vídeo:  23' Dida defende chute perigoso de Gyan.</video>
    <substituicao id="41726" momento="2ºT" tempo="24" ico="/Portal/esportes/temporeal/swf/icos/substituicao.swf">Gana faz substituição: entra Tachie-Mensah, sai Amoah</substituicao>
    <narracao id="41730" momento="2ºT" tempo="27">FINALIZAÇÕES: 6 - Brasil / 12 - Gana</narracao>
    <narracao id="41731" momento="2ºT" tempo="28">BELO LANÇAMENTO! De Ronaldinho Gaúcho para Ze´Roberto na entrada da área. Kingston se antecipa e tira de cabeça.</narracao>
    <video id="41740" momento="2ºT" video="491845"> Veja o vídeo:  28' Lançamento para Zé Roberto, Kingston tira de cabeça.</video>
    <narracao id="41732" momento="2ºT" tempo="29">Appiah chuta forte de longe. A bola sai pela linha de fundo.</narracao>
    <narracao id="41734" momento="2ºT" tempo="31">Muntari divide bola com Dida na pequena área e sente pancada nas costas.</narracao>
    <narracao id="41735" momento="2ºT" tempo="32">Appiah chuta forte de fora da área. A bola se perde por cima do gol de Dida.</narracao>
    <narracao id="41736" momento="2ºT" tempo="33">Neste momento a seleção brasileira joga mal e não consegue passar do meio-de-campo.</narracao>
    <video id="41747" momento="2ºT" video="491846"> Veja o vídeo:  33' Gyan chuta cruzado para defesa de Dida.</video>
    <narracao id="41737" momento="2ºT" tempo="34">DIDA! Gyan avança na velocided, penetra na área e chuta cruzado. Goleiro defende com segurança.</narracao>
    <narracao id="41738" momento="2ºT" tempo="34">LAMBANÇA! Juninho Pernambucano cruza bola no segundo pau, Pantsil tenta atrasar a bola de cabeça para Kingston e quase faz gol contra.</narracao>
    <video id="41749" momento="2ºT" video="491847"> Veja o vídeo:  34' Pantsil quase marca gol contra.</video>
    <cartao id="41739" momento="2ºT" atletaId="12484" tempo="35" ico="/Portal/esportes/temporeal/swf/icos/cartao_vermelho.swf" cor="vermelho">Asamoah Gyan - Asamoah Gyan, atacante de Gana, é expulso após simular um pênalti.</cartao>
    <video id="41753" momento="2ºT" video="491850"> Veja o vídeo:  35' Gyan se joga na área e é expulso.</video>
    <substituicao id="41743" momento="2ºT" tempo="37" ico="/Portal/esportes/temporeal/swf/icos/substituicao.swf">Brasil faz substituição: entra Ricardinho  , sai Kaká</substituicao>
    <narracao id="41744" momento="2ºT" tempo="38">POSSE DE BOLA: 47% - Brasil / 53% - Gana.</narracao>
    <gol id="41745" momento="2ºT" atletaId="3869" tempo="38" escudo="/FlashShow/0,,9446,00.swf" contra="0"> GOL DE ZÉ ROBERTO  Ricardinho faz belo lançamento para Zé Roberto e a zaga de Gana parou pedindo impedimento. Volante corta o goleiro Kingston com a direita e toca de canhota para o fundo da rede!</gol>
    <video id="41745v" momento="2ºT" video="491851"> Veja o vídeo: Gol de Zé Roberto.  38' Ricardinho faz belo lançamento para Zé Roberto e a zaga de Gana parou pedindo impedimento. Volante corta o goleiro Kingston com a direita e toca de canhota para o fundo da rede!</video>
    <narracao id="41746" momento="2ºT" tempo="41">Escanteio para Gana do lado direito. A zaga brasileira mais uma vez não sobe e a bola se perde pela lateral.</narracao>
    <narracao id="41748" momento="2ºT" tempo="42">Tachie-Mensah chuta forte da entrada da área e Dida defende com segurança.</narracao>
    <narracao id="41750" momento="2ºT" tempo="43">Pantsil chuta forte da intermediária e Dida, mais uma vez, defende com segurança. </narracao>
    <video id="41759" momento="2ºT" video="491853"> Veja o vídeo:  43' Dida defende chute de Pantsil.</video>
    <narracao id="41751" momento="2ºT" tempo="44">UUUUHHHHH! Ricardinho toca para Cafu na área, mas lateral perde cara-a-cara com o goleiro Kingston.</narracao>
    <video id="41760" momento="2ºT" video="491855"> Veja o vídeo:  44' Cafu perde cara-a-cara com o goleiro Kingston.</video>
    <narracao id="41752" momento="2ºT" tempo="45">ACRÉSCIMOS! Árbitro assinala mais três minutos neste segundo tempo.</narracao>
    <narracao id="41754" momento="2ºT" tempo="46">Appiah, mais uma vez, arrisca chute de fora da área. A bola se perde por cima do gol de Dida.</narracao>
    <video id="41761" momento="2ºT" video="491857"> Veja o vídeo:  46' Appiah chuta outra vez para fora.</video>
    <narracao id="41755" momento="2ºT" tempo="47">QUE LINDO! Ricardinho dá passe de calcanhar para Juan na área. Zagueiro fica cara-a-cara com o goleiro Kingston e perde o quarto gol brasileiro.</narracao>
    <narracao id="41756" momento="2ºT" tempo="48">FIM DE JOGO! O Brasil vence por 3 a 0 e se classifica para as quartas-de-final. Já Gana está eliminada do torneio.</narracao>
    <momento id="41762" momento="E">Final de jogo</momento>
  </lances>
</lancealance>
