<?xml version="1.0" encoding="UTF-8"?>
<lancealance cobertura="1103" leitura="0">
  <placar>
    <equipe id="001" url="" nome="Itália" escudo="/FlashShow/0,,9459,00.swf" resultado="2" abreviacao="ITA"/>
    <equipe id="002" url="" nome="Gana" escudo="/FlashShow/0,,9455,00.swf" resultado="0" abreviacao="GAN"/>
  </placar>
  <lances>
    <narracao id="36233" momento="PJ" tempo="0">Itália e Gana se enfrentam no Fifa World Cup Stadium, na cidade de Hannover, às 16h (horário de Brasília) pelo Grupo E. O trio de arbitragem é brasileiro. Apita o jogo o Carlos Eugênio Simon, auxiliado por Arsiteu Tavares e Ednilson Corona.</narracao>
    <momento id="36234" momento="PJ">Pré-jogo</momento>
    <narracao id="36235" momento="PJ" tempo="0">Esta é a primeira vez que Itália e Gana se enfrentam em uma Copa do Mundo. Um dado curioso, é que dois jogadores de Gana atuam no futebol italiano e vão encontrar companheiros de time, mas desta vez em lados opostos. O zagueiro Samuel Kuffour joga ao lado de Daniele de Rossi, Simone Perotta e Francesco Totti no Roma, já o meio-campo Sully Muntari joga ao lado do atacante Vincenzo Iaquinta no Udinese.</narracao>
    <narracao id="36236" momento="PJ" tempo="0">A Itália participa pela décima-sexta vez de uma Copa do Mundo e já conquistou três títulos mundiais (1934, 1938 e 1982) e também já conquistou uma Eurocopa (1968). Alessandro Nesta, Fabio Cannavaro, Filippo Inzaghi e Alessandro Del Piero disputam o terceiro Mundial de suas carreiras.</narracao>
    <narracao id="36237" momento="PJ" tempo="0">Ainda sobre Cannavaro, do atual elenco o zagueiro é quem mais vestiu a camisa da Azzurra, 93 vezes. Mesmo não sendo titular, Alessandro Del Piero é o maior goleador do atual elenco. Com 25 gols, está em quinto no ranking dos maiores artilheiros da seleção italiana.</narracao>
    <narracao id="36238" momento="PJ" tempo="0">O zagueiro Samuel Kuffour com 58 jogos e o meio-campo e capitão Stephen Appiah com 42, são os dois jogadores que mais vestiram a camisa da seleção ganesa. Ainda sobre Appiah, do atual elenco dos Estrelas Negras, o experiente jogador é o artilheiro com 11 gols, e junto com os atacantes Amoah e Gyan, ajudou Gana a se classificar pela primeira vez para uma Copa do Mundo. Cada um marcou quatro gols na eliminatória africana.</narracao>
    <video id="36239" momento="PJ" video="480247"> Veja o vídeo:  0' VÍDEO: Delegações de Itália e Gana chegam ao Fifa World Cup Stadium Hannover. Equipes jogam pela primeira rodada do Grupo E da Copa 2006.</video>
    <video id="36240" momento="PJ" video="480251"> Veja o vídeo:  0' VÍDEO: O futebol na Itália.</video>
    <video id="36241" momento="PJ" video="480252"> Veja o vídeo:  0' VÍDEO: O futebol de Gana.</video>
    <narracao id="36242" momento="PJ" tempo="0">As duas equipes estão alinhadas no gramado para a execução dos respectivos hinos nacionais.</narracao>
    <video id="36245" momento="PJ" video="480255"> Veja o vídeo:  0' VÍDEO: História da Itália.</video>
    <video id="36249" momento="PJ" video="480256"> Veja o vídeo:  0' VÍDEO: A História de Gana.</video>
    <video id="36300" momento="PJ" video="480261"> Veja o vídeo:  0' VÍDEO: Os hinos de Itália e Gana. Equipes jogam pela primeira rodada do Grupo E da Copa 2006.</video>
    <momento id="36243" momento="1ºT">Primeiro tempo</momento>
    <narracao id="36244" momento="1ºT" tempo="0">TUDO PRONTO! Para a bola rolar, os jogadores se cumprimentam.</narracao>
    <narracao id="36246" momento="1ºT" tempo="0">BOLA ROLANDO! Começa Itália e Gana.</narracao>
    <narracao id="36247" momento="1ºT" tempo="1">Pantsil e Muntari já tentam a primeira jogada para os ganeses no meio-de-campo, mas são desarmados.</narracao>
    <narracao id="36248" momento="1ºT" tempo="3">Jogadores ganeses demonstram muita vontade neste início de jogo, enquanto os italianos cadênciam o jogo.</narracao>
    <video id="36257" momento="1ºT" video="480263"> Veja o vídeo:  3' VÍDEO: 03 do 1º tempo – Kingston, de Gana, sai para cortar o cruzamento.</video>
    <narracao id="36250" momento="1ºT" tempo="6">Lance Bonito - Belo passe de De Rossi para Grosso na esquerda. LAteral cruza rasteiro na área de Gana e a zaga corta para escanteio...</narracao>
    <narracao id="36251" momento="1ºT" tempo="6">... Escanteio cobrado para a Itália, na seqüência a zaga afasta o perigo.</narracao>
    <video id="36258" momento="1ºT" video="480265"> Veja o vídeo:  6' vídeo: 06 do 1º tempo - Pantsil, de Gana, corta cruzamento pergioso da Itália.</video>
    <narracao id="36252" momento="1ºT" tempo="7">PRESSÃO DA ITÁLIA! Após cobrança de escanteio da direita, Cannavaro sobe no segundo pau e escora de cabeça. A bola sai por cima do gol de Kingston.</narracao>
    <video id="36262" momento="1ºT" video="480267"> Veja o vídeo:  7' VÍDEO: 07 do 1º tempo – Kingston, de Gana, corta escanteio na área.</video>
    <cartao id="36253" momento="1ºT" atletaId="5733" tempo="9" ico="/Portal/esportes/temporeal/swf/icos/cartao_amarelo.swf" cor="amarelo">Daniele De Rossi - De Rossi, volante da Itália é punido após falta dura em Essien.</cartao>
    <video id="36263" momento="1ºT" video="480268"> Veja o vídeo:  9' VÍDEO: 09 do 1º tempo - De Rossi, da Itália. Leva o cartão amarelo.</video>
    <video id="36264" momento="1ºT" video="480269"> Veja o vídeo:  9' VÍDEO: 09 do 1º tempo – Appiah, de Gana, cobra falta na barreira.</video>
    <narracao id="36254" momento="1ºT" tempo="10">Appiah cobra falta da entrada da área. A bola explode na barreira.</narracao>
    <narracao id="36255" momento="1ºT" tempo="11">Lance Perigoso - Pirlo toca para Zaccardo na direita de ataque. Lateral cruza rasteiro e Gilardino chuta. A bola passa por baixo do goleiro Kingston e sai para escanteio...</narracao>
    <video id="36274" momento="1ºT" video="480270"> Veja o vídeo:  11' VÍDEO: 11 do 1º tempo - Gilardino, da Itália, perde gol na pequena area.</video>
    <narracao id="36256" momento="1ºT" tempo="12">... Escanteio para a Itália, a zaga de Gana sobe a afasta o perigo. </narracao>
    <narracao id="36259" momento="1ºT" tempo="15">Lance Perigoso - CHUTAÇO! Após cobrança de falta ensaiada de Pirlo, Totti recebe na entrada da área e chuta forte, por cima do gol de Kingston.</narracao>
    <narracao id="36260" momento="1ºT" tempo="15">Muntari cruza bola da esquerda na área italiana. Cannavaro corta para lateral.</narracao>
    <video id="36275" momento="1ºT" video="480272"> Veja o vídeo:  15' VÍDEO: 15 do 1º tempo - Totti, da Itália, chuta com perigo da meia-lua.</video>
    <video id="36280" momento="1ºT" video="480272"> Veja o vídeo:  15' VÍDEO: 15 do 1º tempo - Totti, da Itália, chuta com perigo da meia-lua.</video>
    <narracao id="36261" momento="1ºT" tempo="17">Lance Perigoso - Pantsil cruza bola da direita na área italiana. Amoah fechava pelo meio. Nesta se antecipa e corta de cabeça para escanteio.</narracao>
    <video id="36282" momento="1ºT" video="480275"> Veja o vídeo:  17' VÍDEO: 17 do 1º tempo – Nesta, da Itália, corta cruzamento perigoso de Gana.</video>
    <narracao id="36265" momento="1ºT" tempo="21">Essien recebe na área e tenta o drible sobre Cannavaro. Zagueiro italiano sóprotege com o corpo e a bola sai pela linha de fundo.</narracao>
    <narracao id="36266" momento="1ºT" tempo="21">Lance Perigoso - Zaccardo cruza bola da direita na área de Gana. Toni e Gilardino sobem e não acham nada, na sobra Totti chuta,  a bola desvia na zaga e sai para escanteio...</narracao>
    <video id="36283" momento="1ºT" video="480277"> Veja o vídeo:  21' VÍDEO: 21 do 1º tempo – Totti, da Itália, cruza para a área e bola bate no zagueiro.</video>
    <narracao id="36267" momento="1ºT" tempo="22">... Escanteio para Itália. A zaga de Gana afasta o perigo.</narracao>
    <narracao id="36268" momento="1ºT" tempo="23">Lance Perigoso - Boa jogada do ataque italiano. Após bate-rebate na área de Gana, Toni tenta de bicicleta e Kingston faz a defesa.</narracao>
    <video id="36287" momento="1ºT" video="480278"> Veja o vídeo:  23' VÍDEO: 23 do 1º tempo - Toni, da Itália, tenta de bicicleta mas goleiro defende.</video>
    <narracao id="36269" momento="1ºT" tempo="24">Bola lançada para Toni na intermediária de Gana. Atacante tenta a jogada e ganha o escanteio...</narracao>
    <narracao id="36270" momento="1ºT" tempo="24">... Bola na área de Gana. Mais uma vez a zaga africana afasta o perigo.</narracao>
    <video id="36364" momento="1ºT" video="480283"> Veja o vídeo:  25' VÍDEO: 25 do 1º tempo – Muntari, de Gana, chuta por cima do gol.</video>
    <narracao id="36271" momento="1ºT" tempo="26">Na Trave - QUE BOMBA! Toni recebe belo passe de Pirlo, ganha do zagueiro e chuta forte da entrada da área. A bola explode no travessão do gol de Kingston.</narracao>
    <video id="36288" momento="1ºT" video="480282"> Veja o vídeo:  26' vídeo: 26 do 1º tempo - Luca Toni, da Itália, chuta a bola na trave.</video>
    <narracao id="36272" momento="1ºT" tempo="27">Lance Perigoso - Amoah recebe boa bola na velocidade, penetra na área italiana e chuta. A bola sai pela linha de fundo.</narracao>
    <video id="36289" momento="1ºT" video="480285"> Veja o vídeo:  27' VÍDEO: 27 do 1º tempo – Amoah, de Gana, entra pela área e chuta para fora.</video>
    <narracao id="36273" momento="1ºT" tempo="28">Lance Perigoso - UUUUHHHH! Gyan avança na velocidade pela direita e chuta cruzado de fora da área. A bola sai com perigo, à direita do gol de Buffon.</narracao>
    <video id="36290" momento="1ºT" video="480286"> Veja o vídeo:  28' VÍDEO: 28 do 1º tempo - Gyan, de Gana, chuta forte parto do gol.</video>
    <video id="36295" momento="1ºT" video="480286"> Veja o vídeo:  28' VÍDEO: 28 do 1º tempo - Gyan, de Gana, chuta forte perto do gol.</video>
    <narracao id="36276" momento="1ºT" tempo="30">Lance Perigoso - Essien avança com a bola dominada penetra na área italiana e chuta forte. A bola sai com perigo à direita do gol de Buffon.</narracao>
    <video id="36296" momento="1ºT" video="480291"> Veja o vídeo:  30' VÍDEO: 30 do 1º tempo – Essien, de Gana, entra na área e chuta por cima do gol.</video>
    <narracao id="36277" momento="1ºT" tempo="31">Lance Perigoso - GANA! Após cruzamento da direita, a bola sobra para Pappoe na pequena área. Zagueiro domina e chuta forte por cima do gol de Buffon.</narracao>
    <narracao id="36278" momento="1ºT" tempo="32">UUUHHHHHH! Totti cobra falta de muito longe e Kingston espalma para escanteio...</narracao>
    <video id="36297" momento="1ºT" video="480293"> Veja o vídeo:  32' VÍDEO: 32 do 1º tempo – Totti, da Itália, cobra falta de longe com perigo.</video>
    <narracao id="36279" momento="1ºT" tempo="33">... Bola na área de Gana, Kingston sai mal e quase a Itália abre o placar.</narracao>
    <video id="36298" momento="1ºT" video="480295"> Veja o vídeo:  33' VÍDEO: 33 do 1º tempo - Cannavaro, da itália, cabeceia por cima do gol.</video>
    <narracao id="36281" momento="1ºT" tempo="36">ESCANTEIOS: 09 - Itália / 0 - Gana.</narracao>
    <narracao id="36284" momento="1ºT" tempo="38">Bola cruzada da direita na área italiana. Essien escora de cabeça e Buffon faz defesa segura.</narracao>
    <gol id="36285" momento="1ºT" atletaId="13" tempo="39" escudo="/FlashShow/0,,9459,00.swf" contra="0"> GOL DE ANDREA PIRLO  GOOOOLAAAAÇOOOO! Pirlo arrisca um chutaço de fora da área e a bola entra no cantinho esquerdo do gol de Kingston.</gol>
    <video id="36285v" momento="1ºT" video="480297"> Veja o vídeo: Gol de Andrea Pirlo.  39' GOOOOLAAAAÇOOOO! Pirlo arrisca um chutaço de fora da área e a bola entra no cantinho esquerdo do gol de Kingston.</video>
    <cartao id="36286" momento="1ºT" atletaId="7252" tempo="40" ico="/Portal/esportes/temporeal/swf/icos/cartao_amarelo.swf" cor="amarelo">Sulley Muntari - Muntari, meio-campo de Gana, é punido após falta dura em Totti.</cartao>
    <video id="36299" momento="1ºT" video="480298"> Veja o vídeo:  41' VÍDEO: 41 do 1º tempo - Cartão amarelo para Muntari, de Gana.</video>
    <narracao id="36291" momento="1ºT" tempo="45">ACRÉSCIMOS! Árbitro assinala mais um minuto neste primeiro tempo.</narracao>
    <narracao id="36292" momento="1ºT" tempo="45">Lance Perigoso - Grosso invade a ára de Gana pela esquerda e chuta forte e cruzado. Kingston espalma para escanteio...</narracao>
    <narracao id="36293" momento="1ºT" tempo="45">... Bola na área de Gana, A zaga afasta o perigo.</narracao>
    <video id="36303" momento="1ºT" video="480302"> Veja o vídeo:  45' VÍDEO: 45 do 1º tempo – Grosso, da Itália, entra pela área e chuta em cima do goleiro.</video>
    <narracao id="36294" momento="1ºT" tempo="46">FIM DE PRIMEIRO TEMPO! A Itália vai derrotando Gana por um a zero, com um golaço de Pirlo.</narracao>
    <momento id="36301" momento="I">Show do intervalo</momento>
    <narracao id="36302" momento="I" tempo="0">Primeiro tempo corrido, onde os italianos dominaram. Jogando pelas laterais, ora pela esquerda com Grosso, ora pela direita com Zaccardo, a Itália explorou muito o jogo aéreo, aproveitando que Toni e Gilardino são atacantes altos. Mas conseguiram abrir o placar com a bola no chão, graças a um chutaço de Pirlo de fora da área. Gana é um time veloz, que se defende e tenta sair nos contra-ataques. Leva algum perigo com o trio Amoah, Essien e Gyan.</narracao>
    <narracao id="36304" momento="I" tempo="0">ITA                    GHA  
 8    Chutes ao gol     1 
12    Finalizações      6 
2     Faltas           12 
11    Escanteios        1 
2     Chutes livres     0 
1     Impedimentos      2 
0     Gols contra       0 
1     Cartões amarelos  1 
0     Cartões vermelhos 0 
50%   Posse de bola    50%</narracao>
    <video id="36363" momento="I" video="480316"> Veja o vídeo:  0' VÍDEO: O drible de Toni sobre o zaqueiro Mensah.</video>
    <momento id="36305" momento="2ºT">Segundo tempo</momento>
    <narracao id="36307" momento="2ºT" tempo="0">BOLA ROLANDO! começa o segundo tempo de Itália 1 x 0 Gana.</narracao>
    <narracao id="36308" momento="2ºT" tempo="0">Com menos de um minutos, Essien avança pelo lado direito e cruza na área. Grosso se antecipa e corta de cabeça.</narracao>
    <substituicao id="36355" momento="2ºT" tempo="0" ico="/Portal/esportes/temporeal/swf/icos/substituicao.swf">Gana faz substituição: entra Shilla Illiasu, sai Pappoe</substituicao>
    <narracao id="36309" momento="2ºT" tempo="1">Lance Perigoso - Perrotta desce pelo lado esquerdo na velocidade e cruza rasteiro para Toni na área. Kingston se antecipa e sai para fazer a defesa.</narracao>
    <narracao id="36310" momento="2ºT" tempo="2">Amoah tenta penetrar na área pela direita, mas Cannavaro se antecipa e corta abola para lateral.</narracao>
    <narracao id="36311" momento="2ºT" tempo="4">Pirlo rouba a bola no meio-de-campo e tenta Toni. O passe sai errado e zaga de Gana sai jogando.</narracao>
    <narracao id="36312" momento="2ºT" tempo="5">Lance Perigoso - UUUHHHH! Bela bola esticada para gilardino pelo lado direito. Atacante penetra na área e chuta forte, Kingston defende com os pés.</narracao>
    <video id="36322" momento="2ºT" video="480317"> Veja o vídeo:  5' VÍDEO: 5 do 2º tempo - Gilardino, da Itália, entra na area e chuta em cima do goleiro.</video>
    <narracao id="36313" momento="2ºT" tempo="6">Gyan comete falta dura em Pirlo. Árbitro ignora o cartão amarelo para o atacante de Gana.</narracao>
    <narracao id="36314" momento="2ºT" tempo="7">Lance Bonito - Belo lançamento de Totti para Toni. Kingston sai do gol e dá um chutão para frente.</narracao>
    <narracao id="36315" momento="2ºT" tempo="8">Lance Perigoso - CHUTAÇO! Essien pega de bate-pronto de fora da área. Buffon espalma para escanteio.</narracao>
    <narracao id="36316" momento="2ºT" tempo="10">Lance Feio - Pantsil divide bola com Totti e acaba pisando na canela do meio-campo italiano, que fica caído sentindo muita dor.</narracao>
    <video id="36334" momento="2ºT" video="480323"> Veja o vídeo:  10' VÍDEO: 10 do 2º tempo – Na Itália, Camoranesi entra no lugar de Totti.</video>
    <narracao id="36318" momento="2ºT" tempo="11">Bola cruzada na entrada da área de Gana. De Rossi escora de cabeça e a bola sai pela linha de fundo.</narracao>
    <video id="36330" momento="2ºT" video="480322"> Veja o vídeo:  11' 11 do 2º tempo - De rossi, da Itália, cabeceia por cima do gol

VÍDEO: 11 do 2º tempo - De Rossi, da Itália, cabeceia por cima do gol.</video>
    <substituicao id="36347" momento="2ºT" tempo="11" ico="/Portal/esportes/temporeal/swf/icos/substituicao.swf">Itália faz substituição: entra Camoranesi, sai Totti</substituicao>
    <narracao id="36319" momento="2ºT" tempo="13">FALTAS COMETIDAS: 03 - Itália / 16 - Gana.</narracao>
    <narracao id="36320" momento="2ºT" tempo="14">PRESSÃO ITALIANA! Camoranesi penetra na área de Gana pelo lado direito e cruza. Mensah sobe de cabeça e afasta o perigo.</narracao>
    <narracao id="36321" momento="2ºT" tempo="15">Torcida de Gana canta e incentiva os jogadores.</narracao>
    <cartao id="36323" momento="2ºT" atletaId="3885" tempo="16" ico="/Portal/esportes/temporeal/swf/icos/cartao_amarelo.swf" cor="amarelo">Mauro Camoranesi - Camoranesi, meio-campo da Itália é punido após falta dura, por trás em Muntari.</cartao>
    <video id="36335" momento="2ºT" video="480325"> Veja o vídeo:  16' VÍDEO: 16 do 2º tempo - Camoranesi, da Itália, leva cartão amarelo.</video>
    <narracao id="36324" momento="2ºT" tempo="17">Essien cobra falta de fora da área e a bola explode na barreira italiana.</narracao>
    <narracao id="36325" momento="2ºT" tempo="18">Lance Perigoso - Essien rouba a bola na intermediária da Itália e chuta forte e cruzado. A bola sai à direita do gol de Buffon.</narracao>
    <video id="36338" momento="2ºT" video="480327"> Veja o vídeo:  18' VÍDEO: 18 do 2º tempo – Essein, de Gana, chuta de longe.
</video>
    <substituicao id="36348" momento="2ºT" tempo="18" ico="/Portal/esportes/temporeal/swf/icos/substituicao.swf">Itália faz substituição: entra Vincenzo Iaquinta, sai Gilardino</substituicao>
    <cartao id="36328" momento="2ºT" atletaId="12484" tempo="19" ico="/Portal/esportes/temporeal/swf/icos/cartao_amarelo.swf" cor="amarelo">Asamoah Gyan - Gyan, atacante de Gana, é punido após entrada dura em Pirlo.</cartao>
    <video id="36340" momento="2ºT" video="480329"> Veja o vídeo:  19' VÍDEO: 19 do 2º tempo - Gyan, de Gana, leva cartão amarelo.</video>
    <narracao id="36329" momento="2ºT" tempo="20">Bola cruzada na área de Gana do lado direito. Zaccardo sobe de cabeça e Kingston defende sem problemas.</narracao>
    <narracao id="36331" momento="2ºT" tempo="21">Lance Bonito - BELA DEFESA! Perrotta recebe na área de Gana , avança e chuta forte. Kingston espalma para escanteio.</narracao>
    <video id="36352" momento="2ºT" video="480343"> Veja o vídeo:  21' VÍDEO: 21 do 2º tempo – Perrotta, da Itália, entra na área e chuta em cima do goleiro.</video>
    <substituicao id="36356" momento="2ºT" tempo="22" ico="/Portal/esportes/temporeal/swf/icos/substituicao.swf">Gana faz substituição: entra Razak Pimpong, sai Amoah</substituicao>
    <narracao id="36336" momento="2ºT" tempo="24">Pimpong parte para cima de Grosso pelo lado direito de ataque de Gana. Lateral italiano corta para escanteio...</narracao>
    <narracao id="36337" momento="2ºT" tempo="25">... Bola na área da Itália. De Rossi corta de cabeça e fica caído sentindo pancada.</narracao>
    <narracao id="36339" momento="2ºT" tempo="26">Shilla recebe cruzamento no lado esquerdo da área e toca de cabeça para o meio. Gyan penetra para tentar escorar, mas cai no gramado sobre a marcação de De Rossi e fica pedindo pênalti. Árbitro manda seguir o jogo.</narracao>
    <video id="36353" momento="2ºT" video="480346"> Veja o vídeo:  26' VÍDEO: 26 do 2º tempo – Gyan, de Gana, cai na área e torcida pede pênalti.</video>
    <narracao id="36341" momento="2ºT" tempo="29">Pimpong tenta jogada pela esquerda sobre a marcação de Zaccardo, mas é desarmado pelo lateral-direito italiano.</narracao>
    <narracao id="36342" momento="2ºT" tempo="30">Iaquinta recebe sozinho na intermediária, avança e na hora de finalizar Kuffour entra de carrinho por trás no atacante italiano. Árbitro ignora o cartão vermalho para o zagueiro de Gana.</narracao>
    <narracao id="36343" momento="2ºT" tempo="32">FALTAS COMETIDAS: 06 - Itália / 19 - Gana.</narracao>
    <narracao id="36344" momento="2ºT" tempo="32">ESCANTEIOS: 12 - Itália / 03 - Gana.</narracao>
    <narracao id="36345" momento="2ºT" tempo="33">Polêmica - Gyan ganha de Nesta na entrada da área, penetra e é derrubado após passar pela marcação de De Rossi e Zaccardo. Pênalti para Gana que o árbitro não marca.</narracao>
    <narracao id="36346" momento="2ºT" tempo="35">Lance Perigoso - Essien chuta forte de fora da área. A bola sai à direita do gol de Buffon.</narracao>
    <substituicao id="36349" momento="2ºT" tempo="36" ico="/Portal/esportes/temporeal/swf/icos/substituicao.swf">Itália faz substituição: entra Del Piero, sai Luca Toni</substituicao>
    <gol id="36350" momento="2ºT" atletaId="7645" tempo="37" escudo="/FlashShow/0,,9459,00.swf" contra="0"> GOL DE VINCENZO IAQUINTA  GOOOOOOL! Iaquinta aproveita a falha no recuo de bola do zagueiro Kuffour, domina, dribla o goleiro Kingston e marca o segundo gol Italiano em Hannover!</gol>
    <video id="36350v" momento="2ºT" video="480357"> Veja o vídeo: Gol de Vincenzo Iaquinta.  37' GOOOOOOL! Iaquinta aproveita a falha no recuo de bola do zagueiro Kuffour, domina, dribla o goleiro Kingston e marca o segundo gol Italiano em Hannover!</video>
    <narracao id="36351" momento="2ºT" tempo="38">Muntari entra duro em Pirlo no meio-de-campo. Árbitro ignora o cartão vermelho para o volante de Gana, que já tem cartão amarelo.</narracao>
    <cartao id="36354" momento="2ºT" atletaId="7645" tempo="42" ico="/Portal/esportes/temporeal/swf/icos/cartao_amarelo.swf" cor="amarelo">Vincenzo Iaquinta - Iaquinta, atacante da Itália, é punido após chutar a bola para longe.</cartao>
    <video id="36366" momento="2ºT" video="480362"> Veja o vídeo:  42' VÍDEO: 42 do 2º tempo - Iaquinta, da Italia, leva cartão amarelo.</video>
    <substituicao id="36357" momento="2ºT" tempo="43" ico="/Portal/esportes/temporeal/swf/icos/substituicao.swf">Gana faz substituição: entra Tachie-Mensah, sai Asamoah Gyan</substituicao>
    <narracao id="36358" momento="2ºT" tempo="45">ACRÉSCIMOS! Árbitro assinala mais três minutos neste segundo tempo.</narracao>
    <narracao id="36359" momento="2ºT" tempo="46">Após cobrança de escanteio para Gana, Camoranesi parte sozinho com a bola dominada e é parado com falta por Appiah.</narracao>
    <narracao id="36360" momento="2ºT" tempo="47">OLÉ! Italianos colocam os ganeses na roda, valorizando a posse de bola e gastando o tempo.</narracao>
    <narracao id="36361" momento="2ºT" tempo="47">Lance Perigoso - Essien chuta forte de fora da área. A bola sai à direita do gol de Buffon.</narracao>
    <narracao id="36362" momento="2ºT" tempo="48">FIM DE JOGO EM HANNOVER! A Itália derrota Gana por dois a zero, com gols de Pirlo e Iaquinta.</narracao>
    <momento id="36365" momento="E">Final de jogo</momento>
  </lances>
</lancealance>
