<?xml version="1.0" encoding="UTF-8"?>
<lancealance cobertura="1093" leitura="0">
  <placar>
    <equipe id="001" url="" nome="Alemanha" escudo="/FlashShow/0,,9440,00.swf" resultado="4" abreviacao="ALE"/>
    <equipe id="002" url="" nome="Costa Rica" escudo="/FlashShow/0,,9449,00.swf" resultado="2" abreviacao="CTR"/>
  </placar>
  <lances>
    <momento id="34958" momento="PJ">Pré-jogo</momento>
    <narracao id="34959" momento="PJ" tempo="0">Alemanha e Costa Rica abrem, daqui a pouco, a Copa do Mundo 2006! As duas seleções se enfrentam no moderno Fifa World Cup Stadium de Munique. O árbitro argentino Horacio Elizondo apitará a partida, auxiliado por Dario Garcia e Rodolfo Otero, também da Argentina.</narracao>
    <narracao id="34960" momento="PJ" tempo="0">A Alemanha, anfitriã da Copa, quer estrear com uma ótima vitória para conquistar a confiança da torcida germânica. O time do contestado técnico Jürgen Klinsmann tem no meio-campo Michael Ballack, seu líder e principal jogador. Lukas Podolski e Miroslav Klose são as esperanças de gol dos alemães nesta partida de abertura do Mundial. O polêmico goleiro Oliver Kahn começará a Copa no banco de reservas. Jens Lehmann defende o gol alemão contra a Costa Rica.</narracao>
    <narracao id="34961" momento="PJ" tempo="0">A seleção costarriquenha quer surpreender a seleção da casa logo na estréia da Copa. Apesar de não ter muita tradição no futebol, a seleção da Costa Rica se mostra confiante para conseguir um bom resultado diante dos alemães. O técnico da equipe, o brasileiro Alexandre Guimarães, aposta na experiência do goleiro Jose Porras e na habilidade do atacante Paulo Wanchope, o craque do elenco costarriquenho.</narracao>
    <narracao id="34962" momento="PJ" tempo="0">A Alemanha é tricampeã mundial de futebol, levantando a taça nas Copas de 1954, 1974 e 1990. Pela tradição e pelo fato de jogar em seus domínios, a Alemanha é uma das seleções favoritas à conquista da Copa do Mundo 2006.</narracao>
    <narracao id="34963" momento="PJ" tempo="0">A Costa Rica não tem grandes participações nos Mundiais que disputou, tendo obtido seu melhor resultado na Copa de 1990, quando chegou às oitavas-de-final e caiu diante da extinta seleção da Tchecoslováquia. Com pouca tradição no futebol, os costarriquenhos devem ter muitas dificuldades para passar da primeira fase desta Copa.</narracao>
    <narracao id="34964" momento="PJ" tempo="0">Confirmado! Ballack, se recuperando de uma contusão na panturrilha direita, não enfrenta a Costa Rica! O craque alemão não está relacionado para a partida!</narracao>
    <narracao id="34965" momento="PJ" tempo="0">Jogadores aquecem no gramado do belo estádio em Munique!</narracao>
    <narracao id="34966" momento="PJ" tempo="0">Os atletas das duas seleções já voltam aos vestiários!</narracao>
    <narracao id="34967" momento="PJ" tempo="0">O estádio está lotado e o tempo é muito bom!</narracao>
    <narracao id="34968" momento="PJ" tempo="0">O público acompanha um musical no gramado antes da entrada das seleções em campo!</narracao>
    <narracao id="34969" momento="PJ" tempo="0">Seleções já se preparam para entrar no gramado!</narracao>
    <narracao id="34970" momento="PJ" tempo="0">O público faz uma festa muito bonita nas arquibancadas, com bandeiras com as cores das duas seleções!</narracao>
    <narracao id="34971" momento="PJ" tempo="0">Seleções entram perfiladas em campo, com as bandeiras à frente! A torcida vibra!</narracao>
    <narracao id="34972" momento="PJ" tempo="0">Hino nacional da Costa Rica vai sendo executado!</narracao>
    <narracao id="34973" momento="PJ" tempo="0">O Hino alemão é executado! Torcida canta junto!</narracao>
    <narracao id="34974" momento="PJ" tempo="0">Após a execução dos hinos, atletas das duas seleções se cumprimentam!</narracao>
    <narracao id="34975" momento="PJ" tempo="0">Vai começar a Copa do Mundo 2006!</narracao>
    <video id="34989" momento="PJ" video="477647"> Veja o vídeo:  0' Seleções aquecem nos vestiários!</video>
    <narracao id="34976" momento="1ºT" tempo="1">ALEMANHA E COSTA RICA DÃO O PONTAPÉ INICIAL!!! COMEÇA A COPA DO MUNDO 2006!!!</narracao>
    <momento id="34977" momento="1ºT">Primeiro tempo</momento>
    <narracao id="34978" momento="1ºT" tempo="1">Centeno lança a bola na área! Sequeira tenta alcançar a bola! Mas ela sai pela linha de fundo!</narracao>
    <narracao id="34979" momento="1ºT" tempo="3">Frings chuta forte e assusta Porras! A bola sobe e passa perto do travessão da Costa Rica!</narracao>
    <video id="34993" momento="1ºT" video="477705"> Veja o vídeo:  3' Frings solta a bomba e quase marca para os alemães!</video>
    <gol id="34980" momento="1ºT" atletaId="8112" tempo="6" escudo="/FlashShow/0,,9440,00.swf" contra="0"> GOL DE PHILIPP LAHM  É DA ALEMANHA!!! Lahm faz boa jogada e chuta forte, no ângulo esquerdo de Porras!!! Um belo gol da Alemanha!!! É o primeiro da Copa!!! 1 a 0 para a Alemanha!!!</gol>
    <video id="34980v" momento="1ºT" video="477698"> Veja o vídeo: Gol de Philipp Lahm.  6' É DA ALEMANHA!!! Lahm faz boa jogada e chuta forte, no ângulo esquerdo de Porras!!! Um belo gol da Alemanha!!! É o primeiro da Copa!!! 1 a 0 para a Alemanha!!!</video>
    <narracao id="34981" momento="1ºT" tempo="8">Alemães seguem pressionando a Costa Rica!</narracao>
    <video id="35009" momento="1ºT" video="477715"> Veja o vídeo:  8' Schweinsteiger lança para a área e Porras solta a bola!</video>
    <narracao id="34982" momento="1ºT" tempo="10">Porras sai nos pés de Klose e salva a Costa Rica! no rebote, Schneider chuta por cima do gol!</narracao>
    <narracao id="35000" momento="1ºT" tempo="11">Klose tenta o lance de cabeça e Porras só acompanha!</narracao>
    <video id="35001" momento="1ºT" video="477712"> Veja o vídeo:  11' Klose tenta o lance de cabeça e Porras só acompanha!</video>
    <gol id="34983" momento="1ºT" atletaId="1756" tempo="12" escudo="/FlashShow/0,,9449,00.swf" contra="0"> GOL DE WANCHOPE  É DA COSTA RICA!!! Após boa tabela, Wanchope, livre, entra na área e toca na saída de Lehmann!!! Costa Rica empata!!! 1 a 1!!!  </gol>
    <video id="34983v" momento="1ºT" video="477700"> Veja o vídeo: Gol de Wanchope.  12' É DA COSTA RICA!!! Após boa tabela, Wanchope, livre, entra na área e toca na saída de Lehmann!!! Costa Rica empata!!! 1 a 1!!!  </video>
    <narracao id="34984" momento="1ºT" tempo="14">Alemanha tenta se reorganizar após o gol sofrido!</narracao>
    <narracao id="34985" momento="1ºT" tempo="16">CHUTES A GOL: 6 da Alemanha, 1 da Costa Rica.</narracao>
    <gol id="34986" momento="1ºT" atletaId="2201" tempo="17" escudo="/FlashShow/0,,9440,00.swf" contra="0"> GOL DE MIROSLAV KLOSE  É DA ALEMANHA!!! Defesa costarriquenha falha, Schweinsteiger entra na área e chuta cruzado! Klose, em posição legal, toca para as redes!!! 2 a 1 para a Alemanha!!! </gol>
    <video id="34986v" momento="1ºT" video="477706"> Veja o vídeo: Gol de Miroslav Klose.  17' É DA ALEMANHA!!! Defesa costarriquenha falha, Schweinsteiger entra na área e chuta cruzado! Klose, em posição legal, toca para as redes!!! 2 a 1 para a Alemanha!!! </video>
    <narracao id="34987" momento="1ºT" tempo="20">Podolski, fora da área, arrisca o chute de perna esquerda! Porras defende com segurança!</narracao>
    <narracao id="35004" momento="1ºT" tempo="21">Podolski arrisca o chute de longe e Porras espalma, fazendo boa defesa!</narracao>
    <video id="35005" momento="1ºT" video="477713"> Veja o vídeo:  21' Podolski chuta de longe! Porras faz boa defesa!</video>
    <narracao id="34988" momento="1ºT" tempo="22">Alemanha pressiona a Costa Rica!</narracao>
    <narracao id="34990" momento="1ºT" tempo="24">POSSE DE BOLA: 59% da Alemanha, 41% da Costa Rica.</narracao>
    <narracao id="34991" momento="1ºT" tempo="26">Alemanha segue melhor em campo!</narracao>
    <narracao id="34992" momento="1ºT" tempo="26">Alemães vão tocando a bola!</narracao>
    <narracao id="34994" momento="1ºT" tempo="28">Costa Rica busca explorar os contra-ataques!</narracao>
    <cartao id="34995" momento="1ºT" atletaId="12542" tempo="30" ico="/Portal/esportes/temporeal/swf/icos/cartao_amarelo.swf" cor="amarelo">Dany Fonseca - Por retardar uma cobrança de falta, Dany Fonseca recebe o amarelo!</cartao>
    <video id="35013" momento="1ºT" video="477719"> Veja o vídeo:  30' Dany Fonseca recebe o primeiro cartão amarelo da Copa 2006!</video>
    <narracao id="34997" momento="1ºT" tempo="32">Alemanha segue tocando a bola! Costa Rica se defende! </narracao>
    <narracao id="34998" momento="1ºT" tempo="33">Schneider faz boa jogada e toca para Klose, que recebe em impedimento! Auxiliar marca!</narracao>
    <narracao id="34999" momento="1ºT" tempo="35">Centeno levanta a bola na área alemã! Ninguém alcança e a bola sai pela linha de fundo!</narracao>
    <narracao id="35002" momento="1ºT" tempo="37">Wanchope, impedido, tenta encobrir Lehmann! Auxiliar marca!</narracao>
    <narracao id="35007" momento="1ºT" tempo="39">UHHH! Podolski cobra a falta e a bola passa muito perto do travessão de Porras, que se estica mas não alcança!</narracao>
    <narracao id="35008" momento="1ºT" tempo="40">Alemanha vai trocando passes!</narracao>
    <video id="35015" momento="1ºT" video="477725"> Veja o vídeo:  40' Podolski cobra falta com perigo!</video>
    <narracao id="35010" momento="1ºT" tempo="42">Defesa costarriquenha falha e Metzelder chuta a bola para o alto, perdendo boa chance para os donos da casa!</narracao>
    <video id="35017" momento="1ºT" video="477730"> Veja o vídeo:  42' Metzelder perde o gol na entrada da pequena área!</video>
    <narracao id="35011" momento="1ºT" tempo="43">+2 É o acréscimo do primeiro tempo!</narracao>
    <narracao id="35012" momento="1ºT" tempo="44">Costa Rica é perigosa nos contra-ataques, com Wanchope!</narracao>
    <narracao id="35014" momento="1ºT" tempo="47">TERMINA O PRIMEIRO TEMPO!!! ALEMANHA 2 x 1 COSTA RICA!!!</narracao>
    <momento id="35018" momento="I">Show do intervalo</momento>
    <narracao id="35019" momento="I" tempo="0">O primeiro tempo não foi fácil para a seleção alemã. Apesar da vitória por 2 a 1, a Alemanha deu espaços para os perigosos contra-ataques costarriquenhos, puxados por Wanchope, autor do gol da Costa Rica. Explorando os erros da frágil defesa da seleção da América Central, a Alemanha chegou aos dois gols e perdeu outras boas chances.</narracao>
    <narracao id="35020" momento="I" tempo="0">Seleções já vão voltando para o segundo tempo!</narracao>
    <narracao id="35021" momento="I" tempo="0">Atletas aquecem em campo!</narracao>
    <narracao id="35022" momento="2ºT" tempo="1">COMEÇA O SEGUNDO TEMPO!!!</narracao>
    <momento id="35023" momento="2ºT">Segundo tempo</momento>
    <narracao id="35024" momento="2ºT" tempo="1">Podolski arrisca um chute de longe e assusta o goleiro Porras! Bola passa por cima do travessão!</narracao>
    <narracao id="35025" momento="2ºT" tempo="1">Seleções voltam sem alterações para a segunda etapa!</narracao>
    <video id="35032" momento="2ºT" video="477745"> Veja o vídeo:  1' Alemanha ataca no início do segundo tempo! Podolski arrisca o chute e assusta Porras!</video>
    <narracao id="35026" momento="2ºT" tempo="2">Centeno cruza para a área e Fonseca, de peixinho, assusta Lehmann! A bola sai pela linha de fundo!</narracao>
    <video id="35035" momento="2ºT" video="477750"> Veja o vídeo:  2' Costa Rica ganha um escanteio!</video>
    <video id="35037" momento="2ºT" video="477751"> Veja o vídeo:  2' Costa Rica cobra escanteio e Lehmann vai bem no lance!</video>
    <narracao id="35027" momento="2ºT" tempo="4">Alemanha vai pressionando neste início de segundo tempo!</narracao>
    <video id="35040" momento="2ºT" video="477754"> Veja o vídeo:  5' Frings cruza e Porras sai bem do gol!</video>
    <narracao id="35028" momento="2ºT" tempo="6">Lance Perigoso - Frings cruza e Podolski cabeceia com perigo, à esquerda do gol de Porras!</narracao>
    <video id="35039" momento="2ºT" video="477755"> Veja o vídeo:  7' Podolski cabeceia e quase marca o terceiro gol alemão!</video>
    <narracao id="35029" momento="2ºT" tempo="8">Alemães vão tocando a bola e a torcida já vaia!</narracao>
    <narracao id="35030" momento="2ºT" tempo="9">Costarriquenhos erram muitos passes! Porras sai do gol e defende antes da chegada de Mertesacker!</narracao>
    <narracao id="35031" momento="2ºT" tempo="10">FALTAS COMETIDAS: 8 pela Alemanha, 8 pela Costa Rica. </narracao>
    <narracao id="35033" momento="2ºT" tempo="12">Alemanha domina o jogo, mas não consegue criar muitos lances de perigo!</narracao>
    <video id="35042" momento="2ºT" video="477758"> Veja o vídeo:  12' Lahm divide com a zaga costarriquenha!</video>
    <narracao id="35034" momento="2ºT" tempo="13">Torcida alemã tenta motivar o time!</narracao>
    <video id="35049" momento="2ºT" video="477761"> Veja o vídeo:  14' Solís faz falta dura em Schweinsteiger!</video>
    <gol id="35036" momento="2ºT" atletaId="2201" tempo="15" escudo="/FlashShow/0,,9440,00.swf" contra="0"> GOL DE MIROSLAV KLOSE  É DA ALEMANHA!!! Klose marca!!! Lahm faz ótimo cruzamento da esquerda e Klose cabeceia forte! Porras espalma, mas no rebote Klose manda para as redes!!! Alemanha faz 3 a 1!!!</gol>
    <video id="35036v" momento="2ºT" video="477765"> Veja o vídeo: Gol de Miroslav Klose.  15' É DA ALEMANHA!!! Klose marca!!! Lahm faz ótimo cruzamento da esquerda e Klose cabeceia forte! Porras espalma, mas no rebote Klose manda para as redes!!! Alemanha faz 3 a 1!!!</video>
    <narracao id="35038" momento="2ºT" tempo="17">Costa Rica vai tocando a bola!</narracao>
    <video id="35050" momento="2ºT" video="477768"> Veja o vídeo:  18' Podolski tenta cavar um pênalti!</video>
    <video id="35057" momento="2ºT" video="477771"> Veja o vídeo:  21' Schweinsteiger sente contusão!</video>
    <substituicao id="35067" momento="2ºT" tempo="21" ico="/Portal/esportes/temporeal/swf/icos/substituicao.swf">Costa Rica faz substituição: entra Jervis Drummond, sai Gilberto Martinez</substituicao>
    <narracao id="35043" momento="2ºT" tempo="22">Costa Rica tem escanteio! Centeno cobra mal e Metzelder afasta o perigo!</narracao>
    <narracao id="35044" momento="2ºT" tempo="22">Lance Perigoso - Lahm entra na área e chuta rasteiro e fraco! Porras defende com segurança!</narracao>
    <narracao id="35045" momento="2ºT" tempo="24">Klose vai incomodando a defesa da Costa Rica!</narracao>
    <substituicao id="35064" momento="2ºT" tempo="26" ico="/Portal/esportes/temporeal/swf/icos/substituicao.swf">Alemanha faz substituição: entra Sebastian Kehl, sai Borowski</substituicao>
    <gol id="35047" momento="2ºT" atletaId="1756" tempo="27" escudo="/FlashShow/0,,9449,00.swf" contra="0"> GOL DE WANCHOPE  É DA COSTA RICA!!! Wanchope marca!!! Centeno dá ótimo passe para o craque da Costa Rica! Wanchope, em impedimento, toca na saída de Lehman e faz o gol!!! Diminui a Costa Rica!!! 3 a 2!!!</gol>
    <video id="35047v" momento="2ºT" video="477777"> Veja o vídeo: Gol de Wanchope.  27' É DA COSTA RICA!!! Wanchope marca!!! Centeno dá ótimo passe para o craque da Costa Rica! Wanchope, em impedimento, toca na saída de Lehman e faz o gol!!! Diminui a Costa Rica!!! 3 a 2!!!</video>
    <narracao id="35048" momento="2ºT" tempo="29">Frings sente dor na perna esquerda e é atendido fora do gramado!</narracao>
    <video id="35059" momento="2ºT" video="477774"> Veja o vídeo:  30' Podolski arrisca outro chute!</video>
    <substituicao id="35068" momento="2ºT" tempo="32" ico="/Portal/esportes/temporeal/swf/icos/substituicao.swf">Costa Rica faz substituição: entra Bolaños, sai Mauricio Solís</substituicao>
    <narracao id="35053" momento="2ºT" tempo="33">Lance Perigoso - QUASE!!! Podolski arrisca o chute e assusta o goleiro Porras! A bola sai à esquerda do gol da Costa Rica!</narracao>
    <narracao id="35054" momento="2ºT" tempo="33">Lance Perigoso - Schneider cobra o escanteio e Mertesacker cabeceia bem! Porras espalma a bola, fazendo grande defesa!</narracao>
    <substituicao id="35065" momento="2ºT" tempo="33" ico="/Portal/esportes/temporeal/swf/icos/substituicao.swf">Alemanha faz substituição: entra Neuville, sai Klose</substituicao>
    <video id="35075" momento="2ºT" video="477788"> Veja o vídeo:  33' Klose sai de campo ovacionado!</video>
    <narracao id="35058" momento="2ºT" tempo="36">Alemanha segue pressionando os costarriquenhos!</narracao>
    <narracao id="35060" momento="2ºT" tempo="37">Costa Rica está com todos os jogadores atrás do círculo central do campo!</narracao>
    <narracao id="35061" momento="2ºT" tempo="39">Polêmica - Schneider se joga dentro da área e pede o pênalti! O árbitro não marca e a torcida reclama! </narracao>
    <video id="35076" momento="2ºT" video="477791"> Veja o vídeo:  39' Schneider cava o pênalti!</video>
    <gol id="35062" momento="2ºT" atletaId="7344" tempo="41" escudo="/FlashShow/0,,9440,00.swf" contra="0"> GOL DE TORSTEN FRINGS  É GOLAÇO DA ALEMANHA!!! Frings marca!!! Frings solta a bomba de longe e acerta o ângulo esquerdo de Porras, que salta em vão!!! Um belíssimo gol da Alemanha!!! 4 a 2 para os alemães!!!</gol>
    <video id="35062v" momento="2ºT" video="477794"> Veja o vídeo: Gol de Torsten Frings.  41' É GOLAÇO DA ALEMANHA!!! Frings marca!!! Frings solta a bomba de longe e acerta o ângulo esquerdo de Porras, que salta em vão!!! Um belíssimo gol da Alemanha!!! 4 a 2 para os alemães!!!</video>
    <narracao id="35063" momento="2ºT" tempo="43">Alemanha segue em busca do quinto gol!</narracao>
    <substituicao id="35066" momento="2ºT" tempo="44" ico="/Portal/esportes/temporeal/swf/icos/substituicao.swf">Alemanha faz substituição: entra Odonkor, sai Schneider</substituicao>
    <substituicao id="35069" momento="2ºT" tempo="45" ico="/Portal/esportes/temporeal/swf/icos/substituicao.swf">Costa Rica faz substituição: entra Azofeifa, sai Ronald Gómez</substituicao>
    <narracao id="35070" momento="2ºT" tempo="45">+3 É o acréscimo do jogo!</narracao>
    <narracao id="35071" momento="2ºT" tempo="46">Lance Perigoso - Odonkor cruza rasteiro e Podolski ajeita a bola e tenta o giro! A bola escapa e o atacante alemão perde o gol! </narracao>
    <narracao id="35072" momento="2ºT" tempo="47">Bolaños arrisca o chute e é travado por Metzelder! Escanteio para a Costa Rica!</narracao>
    <narracao id="35073" momento="2ºT" tempo="47">Mertesacker faz o corte!</narracao>
    <narracao id="35074" momento="2ºT" tempo="48">ACABA O JOGO!!! ALEMANHA 4 x 2 COSTA RICA!!! Os donos da casa estréiam bem!!! </narracao>
    <momento id="35077" momento="E">Final de jogo</momento>
    <narracao id="35078" momento="E" tempo="0">A Alemanha fez uma boa estréia na Copa do Mundo 2006! O time se impôs sobre a fraca Costa Rica e conseguiu golear por 4 a 2, em uma partida recheada de belos gols. Os costarriquenhos apostaram nos contra-ataques, mas esbarraram no fraco desempenho da defesa. A seleção alemã dominou o jogo e contou com a boa atuação de seus laterais, além do faro de gol do artilheiro Klose, que fez dois no jogo. Portanto, o placar a favor dos anfitriões foi justo. </narracao>
  </lances>
</lancealance>
