<?xml version="1.0" encoding="UTF-8"?>
<lancealance cobertura="1286" leitura="0">
  <placar>
    <equipe id="001" url="" nome="Cruzeiro" escudo="/FlashShow/0,,6588,00.swf" resultado="2" abreviacao="CRU"/>
    <equipe id="002" url="" nome="Fluminense" escudo="/FlashShow/0,,7236,00.swf" resultado="3" abreviacao="FLU"/>
  </placar>
  <lances>
    <narracao id="49938" momento="PJ" tempo="0">Cruzeiro e Fluminense se enfrentam no Mineirão às 16h!</narracao>
    <narracao id="49939" momento="PJ" tempo="0">Tanto a Raposa, com 26 pontos, como o Tricolor, com 25, estão entre as melhores equipes do campeonato desde o princípio, mas não vêm obtendo bons resultados. Após o intervalo da Copa, só conseguiram uma vitória em cinco partidas. 
</narracao>
    <narracao id="49940" momento="PJ" tempo="0">O Cruzeiro tem a melhor defesa da competição, formada hoje pelo paulista Edu Dracena e o mineiro Thiago Heleno, de apenas 17 anos. Gil foi vendido para um clube espanhol e deixa lugar no ataque para Carlinhos Bala, que joga ao lado de Alecsandro. </narracao>
    <narracao id="49941" momento="PJ" tempo="0">A semana conturbada da Raposa teve episódios como o pedido de demissão do treinador, rejeitado pela diretoria, a briga judicial com o volante Léo Silva, a bronca geral seguida de ameaças do vice-presidente Zezé Perrella e as palestras motivacionais para os jogadores.</narracao>
    <narracao id="49947" momento="PJ" tempo="0">O Fluminense tem a estréia de seu novo-velho treinador: Josué Teixeira, que já assumiu outras vezes no clube como técnico interino. Desta vez a diretoria confirmou sua efetivação. Ele promove a entrada de Ângelo no meio e a mudança para o esquema 3-6-1, com Tuta como único atacante. Thiago Silva se machucou no treino de sexta-feira e não joga. O cabeça-de-área Marcão recua para a a zaga.
</narracao>
    <narracao id="49948" momento="PJ" tempo="0">Nos últimos dois confrontos no Mineirão o Fluminense se deu bem: no Brasileirão do ano passado, em uma espetacular atuação de Petkovic, uma expressiva goleada de 6 a 2; na Copa do Brasil deste ano, Lenny marcou dois golaços e sofreu um pênalti na vitória por 3 a 2, na única derrota do Cruzeiro como mandante na temporada. O meia sérvio está confirmado para a partida, mas o jovem atacante está suspenso.</narracao>
    <narracao id="49958" momento="PJ" tempo="0">O catarinense Paulo Henrique Bezerra apita a partida. </narracao>
    <narracao id="49959" momento="PJ" tempo="0">O tabu é longo: o Cruzeiro perdeu os últimos cinco jogos que disputou contra o Flu.</narracao>
    <narracao id="49965" momento="PJ" tempo="0">Os dois times estão em campo! O Cruzeiro é saudado por sua torcida!</narracao>
    <momento id="49969" momento="1ºT">Primeiro tempo</momento>
    <narracao id="49971" momento="1ºT" tempo="0">COMEÇA A PARTIDA NO MINEIRÃO!</narracao>
    <narracao id="49974" momento="1ºT" tempo="1">No primeiro lance, falta de Marcão em Wagner.</narracao>
    <narracao id="49976" momento="1ºT" tempo="1">PRIMEIRO CHUTE! Jonílson arrisca de longe, sem perigo para Fernando Henrique.</narracao>
    <narracao id="49979" momento="1ºT" tempo="3">Arouca tenta lançar Tuta. Bola fica com o goleiro Fábio.</narracao>
    <narracao id="49983" momento="1ºT" tempo="4">O Cruzeiro joga com a tradicional camisa azul, o Flu veste grená.</narracao>
    <narracao id="49985" momento="1ºT" tempo="6">Rogério leva um pisão de Thiago Heleno. O lateral é retirado do campo para atendimento médico.</narracao>
    <narracao id="49990" momento="1ºT" tempo="8">PRIMEIRA BOA CHANCE! Em contra-ataque ágil pela ponta direita, bola sobra para Wagner bater da entrada da área. Fernando Henrique defende no meio do gol.</narracao>
    <video id="50008" momento="1ºT" video="520846"> Veja o vídeo:  8' Wagner chuta rasteiro e goleiro defende.</video>
    <narracao id="49991" momento="1ºT" tempo="9">Rogério está de volta para o jogo.</narracao>
    <narracao id="49992" momento="1ºT" tempo="10">SEM DIREÇÃO! Edu Dracena bate falta de longe por cima do gol.</narracao>
    <narracao id="49995" momento="1ºT" tempo="11">Wagner cruza para a área e encontra Carlinhos Bala impedido.</narracao>
    <narracao id="49998" momento="1ºT" tempo="13">Júlio César recebe de Wagner e ganha escanteio...</narracao>
    <narracao id="50001" momento="1ºT" tempo="14">... Rogério corta de cabeça, após primeiro desvio do ataque.</narracao>
    <narracao id="50002" momento="1ºT" tempo="15">Wagner puxa contra-ataque, mas lançamento para Alecsandro sai forte demais.</narracao>
    <narracao id="50003" momento="1ºT" tempo="15">OLÉ! Com muita categoria, Marcelo coloca a bola entre as pernas de Michel e recebe falta...</narracao>
    <narracao id="50005" momento="1ºT" tempo="16">... Pet bate na área, a zaga do Cruzeiro afasta em dois tempos.</narracao>
    <narracao id="50009" momento="1ºT" tempo="18">Pet tenta passe para o meio da área, mas é interceptado.</narracao>
    <cartao id="50014" momento="1ºT" atletaId="9790" tempo="19" ico="/Portal/esportes/temporeal/swf/icos/cartao_amarelo.swf" cor="amarelo">Luizão - Roger tabela com Marcelo e sofre carrinho violento de Luizão. Cartão amarelo para o jogador.</cartao>
    <narracao id="50020" momento="1ºT" tempo="22">Michel recebe ótimo lançamento e toca para o meio da área. Roger se estica e consegue cortar.</narracao>
    <video id="50056" momento="1ºT" video="520856"> Veja o vídeo:  22' Michel toca para o meio da área, defesa tricolor tira a bola.</video>
    <cartao id="50022" momento="1ºT" atletaId="8615" tempo="23" ico="/Portal/esportes/temporeal/swf/icos/cartao_amarelo.swf" cor="amarelo">Juliano - Meia empurra Jonílson e leva cartão amarelo. está do fora do próximo jogo contra o Corinthians.</cartao>
    <narracao id="50024" momento="1ºT" tempo="25">FINALIZAÇÕES: Cruzeiro 3 x 0 Fluminense.</narracao>
    <gol id="50027" momento="1ºT" atletaId="8462" tempo="26" escudo="/FlashShow/0,,7236,00.swf" contra="0"> GOL DE MARCELO  GOOOOOOOL DO FLUMINENSE!!!!! Com muita raça, Marcelo aproveita falha da defesa na grande área e bate rasteiro quase sem ângulo! </gol>
    <video id="50027v" momento="1ºT" video="520855"> Veja o vídeo: Gol de Marcelo.  26' GOOOOOOOL DO FLUMINENSE!!!!! Com muita raça, Marcelo aproveita falha da defesa na grande área e bate rasteiro quase sem ângulo! </video>
    <narracao id="50031" momento="1ºT" tempo="28">Carlinhos Bala é atropelado por Roger. Falta perigosa para a Raposa...</narracao>
    <narracao id="50034" momento="1ºT" tempo="29">UUUUUUH!! Wagner manda bola na área, Fernando Henrique desvia para córner...</narracao>
    <video id="50065" momento="1ºT" video="520864"> Veja o vídeo:  29' Wagner chuta, Fernando Henrique espalma.</video>
    <gol id="50057" momento="1ºT" atletaId="4683" tempo="30" escudo="/FlashShow/0,,6588,00.swf" contra="0"> GOL DE CARLINHOS BALA  ... GOOOOOOOOL DO CRUZEIRO!!!!! Edu Dracena desvia de cabeça e Carlinhos Bala só escora para a rede quase na linha do gol! </gol>
    <video id="50057v" momento="1ºT" video="520860"> Veja o vídeo: Gol de Carlinhos Bala.  30' ... GOOOOOOOOL DO CRUZEIRO!!!!! Edu Dracena desvia de cabeça e Carlinhos Bala só escora para a rede quase na linha do gol! </video>
    <narracao id="50039" momento="1ºT" tempo="31">Mais um córner para o Cruzeiro...</narracao>
    <narracao id="50041" momento="1ºT" tempo="32">... Alecsandro desvia de cabeça, Fernando Henrique defende.</narracao>
    <video id="50073" momento="1ºT" video="520866"> Veja o vídeo:  32' Fernando Henrique defende cabeçada de Alecsandro.</video>
    <narracao id="50043" momento="1ºT" tempo="33">Michel dá lindo drible da vaca, mas força tentativa de lançamento.</narracao>
    <cartao id="50046" momento="1ºT" atletaId="3843" tempo="34" ico="/Portal/esportes/temporeal/swf/icos/cartao_amarelo.swf" cor="amarelo">Thiago Gosling - Falta de Thiago em Michel... Zagueiro leva cartão amarelo por reclamação...</cartao>
    <narracao id="50049" momento="1ºT" tempo="35">... Fernando Henrique tira de soco após bate e rebate na área.</narracao>
    <narracao id="50052" momento="1ºT" tempo="36">Marcelo dá lençol na corrida sobre o marcador e toca para Juliano. O meia não consegue dominar e perde a bola.</narracao>
    <cartao id="50061" momento="1ºT" atletaId="6397" tempo="40" ico="/Portal/esportes/temporeal/swf/icos/cartao_amarelo.swf" cor="amarelo">Arouca - O meia pára contra-ataque e recebe cartão amarelo. Ele também está fora do próximo jogo.</cartao>
    <narracao id="50066" momento="1ºT" tempo="42">Bola na área tricolor, Fernando Henrique tira de soco.</narracao>
    <narracao id="50068" momento="1ºT" tempo="43">PARA NINGUÉM! Michel toca direto pela linha de fundo.</narracao>
    <narracao id="50075" momento="1ºT" tempo="45">Falta de Marcelo em Michel na ponta direita de ataque...</narracao>
    <narracao id="50076" momento="1ºT" tempo="46">... Mais um soco de Fernando Henrique para afastar o perigo.</narracao>
    <narracao id="50077" momento="1ºT" tempo="46">TERMINA O PRIMEIRO TEMPO!</narracao>
    <momento id="50079" momento="I">Show do intervalo</momento>
    <narracao id="50084" momento="I" tempo="0">O Cruzeiro tomou as rédeas do jogo desde o início, mas o Fluminense abriu o placar em seu primeiro chute a gol, graças à sagacidade de Marcelo em uma roubada de bola na área adversária. A Raposa não demorou a empatar em oportunismo de Carlinhos Bala. O Tricolor está embolado no meio-campo e pouco consegue chegar ao ataque. O Cruzeiro criou mais chances e deu cinco chutes no primeiro tempo. O Fluminense apenas o do gol. Grande atuação do lateral Marcelo, covocado para a seleção. Dos convocados do Cruzeiro, Fábio não teve trabalho para mostrar e Wagner participou bem do primeiro tempo.</narracao>
    <momento id="50099" momento="2ºT">Segundo tempo</momento>
    <narracao id="50107" momento="2ºT" tempo="0">COMEÇA O SEGUNDO TEMPO!</narracao>
    <substituicao id="50190" momento="2ºT" tempo="0" ico="/Portal/esportes/temporeal/swf/icos/substituicao.swf">Fluminense faz substituição: entra Cláudio Pitbull, sai Juliano</substituicao>
    <substituicao id="50201" momento="2ºT" tempo="0" ico="/Portal/esportes/temporeal/swf/icos/substituicao.swf">Cruzeiro faz substituição: entra Diogo, sai Jonílson</substituicao>
    <narracao id="50110" momento="2ºT" tempo="1">Em jogada de Luizão, Roger entra de carrinho e manda bola para córner...</narracao>
    <narracao id="50111" momento="2ºT" tempo="1">... Falta de ataque de Edu Dracena em Tuta.</narracao>
    <narracao id="50116" momento="2ºT" tempo="2">Torcida do Cruzeiro reclama por pênalti em uma jogada legal de Roger em Carlinhos Bala.</narracao>
    <narracao id="50119" momento="2ºT" tempo="3">Bola na área tricolor, Alecsandro desvia de cabeça pela linha de fundo.</narracao>
    <video id="50129" momento="2ºT" video="520881"> Veja o vídeo:  3' Alecsandro cabeceia para fora.</video>
    <narracao id="50120" momento="2ºT" tempo="4">Luizão cruza para a área, Thiago afasta de cabeça.</narracao>
    <narracao id="50122" momento="2ºT" tempo="5">Roger vai à linha de fundo e cruza para a área, Luizão corta de cabeça.</narracao>
    <narracao id="50124" momento="2ºT" tempo="5">SUBIU! Marcelo arrisca de fora da área por cima do gol.</narracao>
    <gol id="50128" momento="2ºT" atletaId="6526" tempo="6" escudo="/FlashShow/0,,6588,00.swf" contra="0"> GOL DE ALECSANDRO  GOOOOOOOOOL!!!! VIRADA DO CRUZEIRO!!!! Carlinhos Bala levanta na área, Alecsandro sobe mais que o zagueiro e cabeceia forte no canto esquerdo do gol.</gol>
    <video id="50128v" momento="2ºT" video="520888"> Veja o vídeo: Gol de Alecsandro.  6' GOOOOOOOOOL!!!! VIRADA DO CRUZEIRO!!!! Carlinhos Bala levanta na área, Alecsandro sobe mais que o zagueiro e cabeceia forte no canto esquerdo do gol.</video>
    <narracao id="50132" momento="2ºT" tempo="8">Pet cobra falta na área, Thiago Heleno desvia para córner...</narracao>
    <narracao id="50133" momento="2ºT" tempo="9">... Fábio manda para córner de novo, após cabeçada de Roger...</narracao>
    <narracao id="50135" momento="2ºT" tempo="10">... Thiago Heleno corta na pequena área, após primeiro desvio do ataque para trás.</narracao>
    <narracao id="50136" momento="2ºT" tempo="10">Petkovic tenta jogada na linha de fundo, mas zagueiro protege e ganha o tiro de meta.</narracao>
    <narracao id="50139" momento="2ºT" tempo="11">FALTOU FORÇA! Alecsandro recebe livre na área, mas chuta fraco.</narracao>
    <narracao id="50142" momento="2ºT" tempo="12">UUUUUUUHH! Cláudio Pitbull arrisca de fora da área. Bola passa perto da trave direita do gol.</narracao>
    <video id="50166" momento="2ºT" video="520896"> Veja o vídeo:  12' Cláudio Pitbull chuta rasteiro para fora.</video>
    <cartao id="50145" momento="2ºT" atletaId="6386" tempo="13" ico="/Portal/esportes/temporeal/swf/icos/cartao_amarelo.swf" cor="amarelo">Diogo - Falta de Diogo em Marcelo. Cartão amarelo para o meia...</cartao>
    <narracao id="50146" momento="2ºT" tempo="14">... Pet coloca bola na área, Edu Dracena corta.</narracao>
    <narracao id="50149" momento="2ºT" tempo="15">FLU PRESSIONA! Em jogada de Marcelo, Roger recebe dentro da área e ajeita para Pet chutar a gol. Bola bate na zaga.</narracao>
    <video id="50169" momento="2ºT" video="520897"> Veja o vídeo:  15' Petkovic chuta em cima da zaga.</video>
    <substituicao id="50191" momento="2ºT" tempo="16" ico="/Portal/esportes/temporeal/swf/icos/substituicao.swf">Fluminense faz substituição: entra Beto, sai Thiago</substituicao>
    <narracao id="50157" momento="2ºT" tempo="17">Beto perde a bola, Wagner puxa contra-ataque e lança Michel na ponta direita. O lateral bota a bola na área, Carlinhos Bala ajeita de cabeça, mas Alecsandro comete falta de ataque.</narracao>
    <narracao id="50163" momento="2ºT" tempo="19">Wagner prende a bola no chão e, mesmo caído, descola passe para Júlio César. O lateral cruza para Alecsandro, mas bola vai alta demais.</narracao>
    <narracao id="50165" momento="2ºT" tempo="21">Tuta tira bola de Fábio e é derrubado pelo goleiro. O árbitro não marca o pênalti.</narracao>
    <gol id="50173" momento="2ºT" atletaId="2902" tempo="24" escudo="/FlashShow/0,,7236,00.swf" contra="0"> GOL DE ROGER  GOOOOOOL!!!!! É O EMPATE DO FLU!!!!!! Petkovic cruza para a área, a zaga desvia para trás e Roger bate fraco no contrapé do goleiro! Fábio escorrega no lance e não consegue defender!</gol>
    <video id="50173v" momento="2ºT" video="520903"> Veja o vídeo: Gol de Roger.  24' GOOOOOOL!!!!! É O EMPATE DO FLU!!!!!! Petkovic cruza para a área, a zaga desvia para trás e Roger bate fraco no contrapé do goleiro! Fábio escorrega no lance e não consegue defender!</video>
    <narracao id="50178" momento="2ºT" tempo="27">NO TRAVESSÃO!!! A zaga do Flu vacila, Carlinhos Bala cruza para a área e acerta o poste.</narracao>
    <narracao id="50180" momento="2ºT" tempo="29">POSSE DE BOLA: Cruzeiro 53% x 47% Fluminense.</narracao>
    <narracao id="50183" momento="2ºT" tempo="30">UUUUUUH!! Carlinhos Bala bate rasteiro, da entrada da área, bola cruzada para fora. </narracao>
    <cartao id="50185" momento="2ºT" atletaId="53" tempo="31" ico="/Portal/esportes/temporeal/swf/icos/cartao_amarelo.swf" cor="amarelo">Marcão  - Cabeça-de-área faz falta dura e é punido com cartão amarelo.</cartao>
    <narracao id="50188" momento="2ºT" tempo="32">Ângelo sai de campo machucado.</narracao>
    <substituicao id="50192" momento="2ºT" tempo="32" ico="/Portal/esportes/temporeal/swf/icos/substituicao.swf">Fluminense faz substituição: entra Romeu, sai Ângelo</substituicao>
    <narracao id="50198" momento="2ºT" tempo="33">QUE BONITO! Carlinhos Bala faz ótima jogada na ponta direita e cruza para a área, Wagner mata no peito, dá chapéu em Rogério e bate para o gol prensado pela marcação.</narracao>
    <narracao id="50200" momento="2ºT" tempo="34">Arouca recebe livre no lado esquerdo da área e tenta um toque para o meio. A bola desvia na zaga e fica com o goleiro Fábio.</narracao>
    <substituicao id="50202" momento="2ºT" tempo="35" ico="/Portal/esportes/temporeal/swf/icos/substituicao.swf">Cruzeiro faz substituição: entra Francismar, sai Sandro</substituicao>
    <narracao id="50203" momento="2ºT" tempo="36">Michel cruza na área, Fernando Henrique defende.</narracao>
    <narracao id="50212" momento="2ºT" tempo="37">Cláudio Pitbull cruza na área, Beto desvia de cabeça para fora.</narracao>
    <video id="50236" momento="2ºT" video="520909"> Veja o vídeo:  37' Beto cabeceia por cima do gol.</video>
    <narracao id="50214" momento="2ºT" tempo="39">QUE PERIGO! Michel tenta cruzar na área e quase marca direto.</narracao>
    <narracao id="50217" momento="2ºT" tempo="40">Rogério arrisca de longe por cima do gol.</narracao>
    <narracao id="50218" momento="2ºT" tempo="41">Beto cruza na área, Fábio espalma para córner...</narracao>
    <narracao id="50220" momento="2ºT" tempo="42">... Pet bate e a zaga tira da área.</narracao>
    <cartao id="50227" momento="2ºT" atletaId="470" tempo="42" ico="/Portal/esportes/temporeal/swf/icos/cartao_amarelo.swf" cor="amarelo">Cláudio Pitbull - Atacante leva cartão amarelo por toque por trás em adversário.</cartao>
    <narracao id="50231" momento="2ºT" tempo="43">Árbitro sinaliza três minutos de acréscimo.</narracao>
    <gol id="50234" momento="2ºT" atletaId="3421" tempo="45" escudo="/FlashShow/0,,7236,00.swf" contra="0"> GOL DE TUTA   GOOOOOOOOOL DO FLU!!!!!! É O VIRA-VIRA!!!!!! Tuta pega rebote de chute de Cláudio Pitbull e estufa a rede adverária!</gol>
    <cartao id="50243" momento="2ºT" atletaId="8462" tempo="47" ico="/Portal/esportes/temporeal/swf/icos/cartao_amarelo.swf" cor="amarelo">Marcelo - Lateral puxa adversário e leva cartão amarelo.</cartao>
    <narracao id="50245" momento="2ºT" tempo="48">TERMINA A PARTIDA NO MINEIRÃO! VITÓRIA TRICOLOR!</narracao>
    <momento id="50246" momento="E">Final de jogo</momento>
  </lances>
</lancealance>
