<?xml version="1.0" encoding="UTF-8"?>
<lancealance cobertura="1100" leitura="0">
  <placar>
    <equipe id="001" url="" nome="Angola" escudo="/FlashShow/0,,9441,00.swf" resultado="0" abreviacao="ANG"/>
    <equipe id="002" url="" nome="Portugal" escudo="/FlashShow/0,,9464,00.swf" resultado="1" abreviacao="POR"/>
  </placar>
  <lances>
    <momento id="35856" momento="PJ">Pré-jogo</momento>
    <narracao id="35857" momento="PJ" tempo="0">Portugal e Angola se enfrentam às 16h, no Fifa World Cup Stadium, em Colônia, na primeira partida das duas equipes na Copa do Mundo da Alemanha. 
</narracao>
    <narracao id="35858" momento="PJ" tempo="0">O trio de arbitragem é uruguaio: Jorge Larrionda é o árbitro, Walter Rial e Pablo Fandino seus auxiliares.</narracao>
    <narracao id="35859" momento="PJ" tempo="0">O confronto carrega uma atmosfera distinta, já que Angola, ex-colônia portuguesa, tornou-se independente apenas em 1975. </narracao>
    <narracao id="35860" momento="PJ" tempo="0">Portugal disputa o Mundial pela quarta vez, e pela primeira vez na história, participa de duas Copas do Mundo consecutivas. Luís Felipe Scolari, atual campeão do mundo pelo Brasil, é o técnico da seleção que foi vice-campeã na última Eurocopa. Há exatos 40 anos, na Copa de 1966, Portugal fez sua melhor campanha em Copas do Mundo, com um técnico brasileiro no comando. Otto Glória levou a seleção portuguesa ao terceiro lugar.</narracao>
    <narracao id="35861" momento="PJ" tempo="0">O maior ídolo de Portugal veio de uma ex-colônia africana. Eusébio nasceu em Moçambique. Nos últimos dois encontros contra Angola, duas vitórias: 6 a 0, em 1989, e 5 a 1, em 2001, num jogo que ficou marcado pelas jogadas violentas dos angolanos. </narracao>
    <narracao id="35862" momento="PJ" tempo="0">Angola faz sua primeira participação em Mundiais. Vários jogadores angolanos atuam em Portugal, o que reforça o conhecimento que a seleção africana tem dos jogadores adversários. O grande destaque da equipe é o atacante Pedro Mantorras, do Benfica, titular há cinco anos da seleção de seu país. Um jogador veloz e com bastante facilidade de chutar para o gol.</narracao>
    <narracao id="35863" momento="PJ" tempo="0">Angola eliminou a Nigéria, que desde 90 não ficava fora de uma Copa. Mas a campanha na Copa Africana foi fraca, o que causou preocupação. A seleção angolana disputou 9 partidas oficiais neste ano, com 3 vitórias, 2 empates e 4 derrotas (16 gols a favor e 15 contra): 2x2 Marrocos; 1x3 Camarões; 0x0 Congo; 3x2 Togo; 0x1 Coréia do Sul; 5x1 Maurício; 3x1 Lesoto; 0x2 Argentina e 2x3 Turquia.
</narracao>
    <narracao id="35864" momento="PJ" tempo="0">Está confirmado: Deco não começa jogando!</narracao>
    <narracao id="35865" momento="PJ" tempo="0">As equipes já se encontram no túnel de entrada para o campo. Portugal veste vinho, Angola joga de branco.  </narracao>
    <narracao id="35866" momento="PJ" tempo="0">As equipes entram em campo!</narracao>
    <narracao id="35867" momento="PJ" tempo="0">O hino de Angola ecoa em Colônia!</narracao>
    <narracao id="35868" momento="PJ" tempo="0">Agora é a vez do hino de Portugal!</narracao>
    <narracao id="35869" momento="PJ" tempo="0">Os jogadores se cumprimentam.</narracao>
    <narracao id="35870" momento="PJ" tempo="0">Torcida de Portugal é maioria absoluta.</narracao>
    <narracao id="35871" momento="PJ" tempo="0">Os capitães Figo e Akwa trocam as flâmulas.</narracao>
    <video id="35884" momento="PJ" video="479521"> Veja o vídeo:  0' História de Angola.</video>
    <video id="35885" momento="PJ" video="479522"> Veja o vídeo:  0' História de Portugal.</video>
    <video id="35886" momento="PJ" video="479525"> Veja o vídeo:  0' Hinos das seleções.</video>
    <momento id="35872" momento="1ºT">Primeiro tempo</momento>
    <narracao id="35873" momento="1ºT" tempo="0">BOLA ROLANDO EM COLÔNIA!!</narracao>
    <narracao id="35874" momento="1ºT" tempo="1">Lance Perigoso - QUASE!! No primeiro lance, Pauleta recebe na entrada da área e bate cruzado. A bola passa raspando a trave.</narracao>
    <video id="35880" momento="1ºT" video="479523"> Veja o vídeo:  1' Pauleta perde gol.</video>
    <narracao id="35875" momento="1ºT" tempo="2">Cristiano Ronaldo toca na direita para Figo. O meia cruza nas mãos de João Ricardo.</narracao>
    <gol id="35876" momento="1ºT" atletaId="1886" tempo="4" escudo="/FlashShow/0,,9464,00.swf" contra="0"> GOL DE PAULETA  GOOOL!!! É DE PORTUGAL!!! Figo aplica drible da vaca em Jamba, pelo lado esquerdo da área, e rola para trás para Pauleta. O atacante bate de primeira para as redes.</gol>
    <video id="35876v" momento="1ºT" video="479528"> Veja o vídeo: Gol de Pauleta.  4' GOOOL!!! É DE PORTUGAL!!! Figo aplica drible da vaca em Jamba, pelo lado esquerdo da área, e rola para trás para Pauleta. O atacante bate de primeira para as redes.</video>
    <narracao id="35877" momento="1ºT" tempo="6">Cristiano Ronaldo parte em contra-ataque, mas pisa na bola e perde a jogada.</narracao>
    <narracao id="35878" momento="1ºT" tempo="7">Figureiredo chuta, a bola desvia na zaga e sai para escanteio.</narracao>
    <narracao id="35879" momento="1ºT" tempo="8">Bola cruzada no segundo pau, Ricardo defende sem problemas.</narracao>
    <video id="35887" momento="1ºT" video="479529"> Veja o vídeo:  8' Ricardo e Akwa dividem jogada e goleiro valoriza o lance.</video>
    <narracao id="35881" momento="1ºT" tempo="9">Lance Bonito - Cristiano Ronaldo cruza de letra para a área. </narracao>
    <narracao id="35889" momento="1ºT" tempo="9">Bola cruzada na área de Portugal, Akwa tenta o voleio, mas fura.</narracao>
    <video id="35890" momento="1ºT" video="479530"> Veja o vídeo:  9' Akwa tenta voleio, mas erra a bola.</video>
    <narracao id="35883" momento="1ºT" tempo="10">Mendonça arrisca de longe, Ricardo defende seguro.</narracao>
    <video id="35892" momento="1ºT" video="479533"> Veja o vídeo:  10' Mendonça arrisca de fora.</video>
    <narracao id="35888" momento="1ºT" tempo="14">Lance Perigoso - Pauleta é lançado em profundidade pela direita e tenta toque cruzado por cobertura na saída do goleiro. A bola sai pela linha de fundo. O goleiro João Ricardo se machuca no lance.</narracao>
    <video id="35899" momento="1ºT" video="479535"> Veja o vídeo:  14' Pauleta tenta por cobertura.</video>
    <narracao id="35891" momento="1ºT" tempo="19">Falta de Delgado quase na marca do córner.</narracao>
    <narracao id="35893" momento="1ºT" tempo="22">Figo faz boa tabela com Simão, que bate por cima do gol.</narracao>
    <video id="35905" momento="1ºT" video="479536"> Veja o vídeo:  22' Simão bate por cima do gol.</video>
    <narracao id="35894" momento="1ºT" tempo="23">Zé Kalanga tenta o cruzamento, Ricardo sai do gol e segura firme. </narracao>
    <narracao id="35895" momento="1ºT" tempo="24">Mateus bate forte para o gol, de fora da área. A bola sai por cima do gol.</narracao>
    <narracao id="35896" momento="1ºT" tempo="24">Lance Bonito - Loco cruza na área para Akwa. O atacante emenda uma bonita bicicleta, mas a bola vai por cima do gol.</narracao>
    <video id="35907" momento="1ºT" video="479539"> Veja o vídeo:  24' Mateus arrisca de fora, com perigo.</video>
    <video id="35910" momento="1ºT" video="479540"> Veja o vídeo:  24' Bicicleta de Akwa por cima do gol.</video>
    <narracao id="35897" momento="1ºT" tempo="25">Figueiredo arrisca de fora da área, sem sucesso.</narracao>
    <cartao id="35898" momento="1ºT" atletaId="5978" tempo="26" ico="/Portal/esportes/temporeal/swf/icos/cartao_amarelo.swf" cor="amarelo">Cristiano Ronaldo - Cristiano Ronaldo toma cartão amarelo por entrada dura no adversário.</cartao>
    <cartao id="35900" momento="1ºT" atletaId="12412" tempo="27" ico="/Portal/esportes/temporeal/swf/icos/cartao_amarelo.swf" cor="amarelo">Jamba - Jamba comete falta em Cristiano Ronaldo.</cartao>
    <narracao id="35901" momento="1ºT" tempo="28">Cristiano Ronaldo bate direto por cima do gol.</narracao>
    <narracao id="35902" momento="1ºT" tempo="28">Bom lançamento para Simão. Kali corta para lateral.</narracao>
    <video id="35911" momento="1ºT" video="479541"> Veja o vídeo:  28' Cristiano Ronaldo bate falta por cima do gol.</video>
    <narracao id="35903" momento="1ºT" tempo="29">Figo bate falta na área, a zaga rebate.</narracao>
    <narracao id="35904" momento="1ºT" tempo="29">Lance Feio - Akwa arrisca chute de fora da área. A bola passa muito longe do gol.</narracao>
    <narracao id="35906" momento="1ºT" tempo="31">Figo abre na esquerda para Simão. O meia cruza na área, a bola passa por todo mundo, bate em Cristiano Ronaldo, que não consegue o domínio, e sai pela linha de fundo.</narracao>
    <video id="35913" momento="1ºT" video="479543"> Veja o vídeo:  31' Cristiano Ronaldo não aproveita cruzamento.</video>
    <narracao id="35908" momento="1ºT" tempo="34">Na Trave - Figo bate escanteio e Cristiano Ronaldo acerta de cabeça bola no travessão!</narracao>
    <video id="35916" momento="1ºT" video="479545"> Veja o vídeo:  34' Cristiano Ronaldo cabeceia na trave.</video>
    <narracao id="35909" momento="1ºT" tempo="35">Simão chuta de fora da área por cima do gol.</narracao>
    <narracao id="35912" momento="1ºT" tempo="37">POSSE DE BOLA: Portugal 58% x 42% Angola.</narracao>
    <narracao id="35914" momento="1ºT" tempo="39">Figo abre na direita para Miguel. O lateral cruza no segundo pau buscando Cristiano Ronaldo, Jamba sobe muito e consegue tirar a bola da área.</narracao>
    <narracao id="35915" momento="1ºT" tempo="43">Defesa - Mendonça rola para André soltar a bomba de primeira. Ricardo faz boa defesa e espalma para escanteio.</narracao>
    <video id="35930" momento="1ºT" video="479546"> Veja o vídeo:  43' André chuta para difícil defesa de Ricardo. </video>
    <narracao id="35923" momento="1ºT" tempo="44">Defesa - Figo passa para Miguel na ala direita. O lateral rola a bola para o meio. Cristiano Ronaldo pega de primeira e João Ricardo consegue espalmar.</narracao>
    <video id="35925" momento="1ºT" video="479547"> Veja o vídeo:  44' João Ricardo faz grande defesa em chute de Cristiano Ronaldo.</video>
    <narracao id="35920" momento="1ºT" tempo="45">+2 minutos de acréscimo.</narracao>
    <cartao id="35921" momento="1ºT" atletaId="12419" tempo="47" ico="/Portal/esportes/temporeal/swf/icos/cartao_amarelo.swf" cor="amarelo">Loco - Loco dá uma banda em Figo.</cartao>
    <narracao id="35922" momento="1ºT" tempo="47">O ÁRBITRO ENCERRA O PRIMEIRO TEMPO!!</narracao>
    <momento id="35926" momento="I">Show do intervalo</momento>
    <narracao id="35927" momento="I" tempo="0">Portugal começou a mil por hora. Pauleta perdeu chance incrível com 25 segundos, mas não desperdiçou aos 4 minutos.
Portugal passou a jogar com muito preciosismo, e perdeu a objetividade inicial. Angola, com uma equipe muito inferior, melhorou na partida e teve algumas chances para empatar. </narracao>
    <momento id="35931" momento="2ºT">Segundo tempo</momento>
    <narracao id="35932" momento="2ºT" tempo="0">COMEÇA O SEGUNDO TEMPO!!</narracao>
    <narracao id="35933" momento="2ºT" tempo="1">Tiago tenta por cobertura, mas goleiro defende com facilidade.</narracao>
    <video id="35940" momento="2ºT" video="479522"> Veja o vídeo:  1' Tiago chuta para defesa segura de João Ricardo.</video>
    <narracao id="35934" momento="2ºT" tempo="2">Mateus arrisca de muito longe, sem perigo.</narracao>
    <video id="35948" momento="2ºT" video="479553"> Veja o vídeo:  2' Mateus arrisca de fora da área.</video>
    <narracao id="35935" momento="2ºT" tempo="4">Mateus atropela Tiago no lado esquerdo do ataque português.</narracao>
    <narracao id="35936" momento="2ºT" tempo="5">Cristiano Ronaldo bate direto, mas zagueiro corta de cabeça. Na seqüencia, o goleiro angolano sofre falta.</narracao>
    <video id="35949" momento="2ºT" video="479554"> Veja o vídeo:  5' João Ricardo sai mal do gol.</video>
    <cartao id="35937" momento="2ºT" atletaId="12422" tempo="6" ico="/Portal/esportes/temporeal/swf/icos/cartao_amarelo.swf" cor="amarelo">André Macanga - André Macanga entra duro pela segunda vez seguida e recebe o cartão amarelo.</cartao>
    <narracao id="35938" momento="2ºT" tempo="7">Tiago tenta avançar pela meia-lua, mas Kali entra de carrinho e toma bola.</narracao>
    <narracao id="35939" momento="2ºT" tempo="10">Nuno Valente cruza da esquerda, a bola desvia em Jamba e sai para escanteio.</narracao>
    <narracao id="35941" momento="2ºT" tempo="12">Cristiano Ronaldo pega sobra, gira e bate rasteiro. A bola sai à esquerda do gol de João Ricardo.</narracao>
    <narracao id="35942" momento="2ºT" tempo="12">Pauleta penetra pelo meio, e chuta da meia-lua para boa defesa de João Ricardo.</narracao>
    <video id="35961" momento="2ºT" video="479559"> Veja o vídeo:  12' Chute de Pauleta para defesa do goleiro.</video>
    <video id="35952" momento="2ºT" video="479557"> Veja o vídeo:  14' Cristiano Ronaldo e Akwa são substituídos.</video>
    <substituicao id="35967" momento="2ºT" tempo="14" ico="/Portal/esportes/temporeal/swf/icos/substituicao.swf">Angola faz substituição: entra Mantorras, sai Akwa</substituicao>
    <substituicao id="35972" momento="2ºT" tempo="14" ico="/Portal/esportes/temporeal/swf/icos/substituicao.swf">Portugal faz substituição: entra Costinha, sai Cristiano Ronaldo</substituicao>
    <narracao id="35945" momento="2ºT" tempo="15">Lançamento longo para Loco, mas o zagueiro não alcança.</narracao>
    <narracao id="35946" momento="2ºT" tempo="16">Jogada bem tramada por Portugal, Tiago recebe na entrada da área e bate para defesa firme de João Ricardo.</narracao>
    <narracao id="35947" momento="2ºT" tempo="17">CHUTES A GOL: Portugal 7 x 2 Angola.</narracao>
    <narracao id="35950" momento="2ºT" tempo="20">Miguel tenta aplicar caneta no adversário na entrada da área, mas Kali chega antes e corta para lateral.</narracao>
    <narracao id="35951" momento="2ºT" tempo="21">Mantorras sofre falta dura de Petit. </narracao>
    <narracao id="35953" momento="2ºT" tempo="23">Lance Feio - Loco pega sobra da zaga, tenta emendar de primeira, mas a bola vai muito longe do gol.</narracao>
    <narracao id="35956" momento="2ºT" tempo="25">Fernando Meira perde a bola, que sobra para Mantorras, mas o atacante é travado na hora do chute.</narracao>
    <substituicao id="35968" momento="2ºT" tempo="25" ico="/Portal/esportes/temporeal/swf/icos/substituicao.swf">Angola faz substituição: entra Edson Nobre, sai Zé Kalanga</substituicao>
    <video id="35978" momento="2ºT" video="479568"> Veja o vídeo:  25' Mantorras bate desequilibrado.</video>
    <video id="35982" momento="2ºT" video="479566"> Veja o vídeo:  25' Loco tenta de primeira, mas pega mal na bola. </video>
    <narracao id="35957" momento="2ºT" tempo="26">Portugal não está bem no segundo tempo.</narracao>
    <substituicao id="35973" momento="2ºT" tempo="26" ico="/Portal/esportes/temporeal/swf/icos/substituicao.swf">Portugal faz substituição: entra Maniche, sai Petit</substituicao>
    <narracao id="35962" momento="2ºT" tempo="29">A torcida vaia Portugal!</narracao>
    <cartao id="35966" momento="2ºT" atletaId="12155" tempo="34" ico="/Portal/esportes/temporeal/swf/icos/cartao_amarelo.swf" cor="amarelo">Nuno Valente - O lateral Nuno Valente comete carrinho por trás de Mantorras e recebe o cartão amarelo.</cartao>
    <substituicao id="35969" momento="2ºT" tempo="34" ico="/Portal/esportes/temporeal/swf/icos/substituicao.swf">Angola faz substituição: entra Miloy, sai Figueiredo</substituicao>
    <narracao id="35970" momento="2ºT" tempo="35">Lance Feio - Fernando Meira não brinca e isola pela lateral.</narracao>
    <narracao id="35971" momento="2ºT" tempo="36">Lance Bonito - Figo mata no peito e tenta um lençol de costas para o adversário. O lateral Delgado chega antes e corta pela lateral.</narracao>
    <substituicao id="35974" momento="2ºT" tempo="37" ico="/Portal/esportes/temporeal/swf/icos/substituicao.swf">Portugal faz substituição: entra Hugo Viana, sai Tiago Mendes</substituicao>
    <narracao id="35975" momento="2ºT" tempo="39">POSSE DE BOLA: Portugal 59% x 41% Angola.</narracao>
    <narracao id="35979" momento="2ºT" tempo="43">Mateus desvia chute de Mendonça, mas Ricardo está esperto.</narracao>
    <narracao id="35980" momento="2ºT" tempo="45">+3 minutos de acréscimo.</narracao>
    <narracao id="35981" momento="2ºT" tempo="46">Maniche arrisca de longe, João Ricardo espalma para escanteio.</narracao>
    <narracao id="35984" momento="2ºT" tempo="48">FIM DE JOGO EM COLÔNIA!!</narracao>
    <momento id="35985" momento="E">Final de jogo</momento>
    <narracao id="35986" momento="E" tempo="0">Portugal se conformou com o magro resultado do primeiro tempo. A partida ficou ruim de se assistir na etapa final, com escassos lances de perigo. Apenas Figo continou se destacando com bons passes e habilidade de sobra. Muito pouco para o que se esperava da equipe de Felipão. </narracao>
  </lances>
</lancealance>
