<?xml version="1.0" encoding="UTF-8"?>
<lancealance cobertura="1081" leitura="0">
  <placar>
    <equipe id="001" url="" nome="Luxemburgo" escudo="/FlashShow/0,,9069,00.swf" resultado="0" abreviacao="Luxemburgo"/>
    <equipe id="002" url="" nome="Portugal" escudo="/FlashShow/0,,9464,00.swf" resultado="3" abreviacao="POR"/>
  </placar>
  <lances>
    <momento id="33529" momento="PJ">Pré-jogo</momento>
    <narracao id="33531" momento="PJ" tempo="0">Luxemburgo e Portugal se enfrentam às 15h.</narracao>
    <narracao id="33528" momento="PJ" tempo="0">Felipão não faz mistério quanto à escalação e afirma que colocará em campo os jogadores que serão titulares na estréia da seleção contra Angola, no dia 11 de junho. A única dúvida é o atacante Pauleta, que teve um problema muscular durante a semana, mas treinou normalmente. 
</narracao>
    <narracao id="33530" momento="PJ" tempo="0">A partida deste sábado poderá ser motivo de comemoração dupla para o técnico brasileiro. Caso Portugal vença, Felipão poderá bater dois recordes: o de treinador a mais tempo invicto, com 14 jogos, e com maior número de vitórias à frente da seleção, 27.</narracao>
    <momento id="33540" momento="1ºT">Primeiro tempo</momento>
    <narracao id="33541" momento="1ºT" tempo="1">COMEÇA O JOGO.</narracao>
    <narracao id="33542" momento="1ºT" tempo="3">Deco recebe de Figo na entrada da área, tenta enfiada para Pauleta, mas manda muito forte. A bola sai pela linha de fundo.</narracao>
    <narracao id="33543" momento="1ºT" tempo="6">Figo recebe lançamento longo, domina na ponta direita, mas é facilmente desarmado pelo adversário. </narracao>
    <narracao id="33544" momento="1ºT" tempo="9">Maniche domina na intermediária de ataque e recebe uma entrada muito violenta. O árbitro marca a falta, mas não aplica o cartão!</narracao>
    <narracao id="33545" momento="1ºT" tempo="12">BOA CHANCE PARA PORTUGAL! Cristiano Ronaldo domina no lado direito de ataque e é derrubado. A falta lave perigo ao gol de Luxemburgo!</narracao>
    <narracao id="33546" momento="1ºT" tempo="13">PARA FORA! Cristiano Ronaldo tenta cobrança direta, mas manda à direita do goleiro Joubert.</narracao>
    <narracao id="33547" momento="1ºT" tempo="17">A seleção portuguesa tem um claro domínio das ações, mas até agora não conseguiu criar nenhuma jogada de perigo à defesa adversária.</narracao>
    <narracao id="33548" momento="1ºT" tempo="19">Figo recebe na ponta esquerda, dá um corte no adversário e cruza. O atacante Pauleta sobe bem e testa, mas a bola sai por cima do gol.</narracao>
    <narracao id="33554" momento="1ºT" tempo="20">NO TRAVESSÃO! Joaquim domina para Luxemburgo na intermediária de ataque e tenta lançamento para a área. O passe sai muito forte, mas a bola acaba caindo e batendo no travessão do goleiro Ricardo. Quase um gol de muita sorte!</narracao>
    <narracao id="33558" momento="1ºT" tempo="22">QUASE! Miguel recebe passe em profundidade na ponta direita e cruza para trás. O atacante Pauleta aparece livre e concluí rente à trave de Luxemburgo!</narracao>
    <narracao id="33563" momento="1ºT" tempo="26">Cristiano Ronaldo recebe na ponta direita e rola para Pauleta na entrada da área. O atacante tenta a conclusão, mas acaba travado pelo zagueiro adversário.</narracao>
    <narracao id="33565" momento="1ºT" tempo="29">Figo recebe na ponta esquerda e sofre marcação de dois adversários. Pelo primeiro ele passa, mas é desarmado pelo segundo.</narracao>
    <cartao id="33567" momento="1ºT" atletaId="12725" tempo="31" ico="/Portal/esportes/temporeal/swf/icos/cartao_amarelo.swf" cor="amarelo">Strasser - Meia dá uma entrada dura e é punido com o cartão amarelo.</cartao>
    <cartao id="33568" momento="1ºT" atletaId="5978" tempo="32" ico="/Portal/esportes/temporeal/swf/icos/cartao_amarelo.swf" cor="amarelo">Cristiano Ronaldo - Atacante toma satisfações por uma entrada dura que sofreu e acaba recebendo o cartão amarelo.</cartao>
    <narracao id="33569" momento="1ºT" tempo="35">Miguel recebe na ponta direita e cruza. O meia Maniche sobe bem, mas cabeceia muito fraco. O goleiro faz defesa fácil.</narracao>
    <narracao id="33570" momento="1ºT" tempo="39">Cristiano Ronaldo recebe de Deco na entrada da área, dá um bom giro e chuta forte. A bola sai à esquerda do gol!</narracao>
    <narracao id="33573" momento="1ºT" tempo="42">Portugal toca muito a bola no campo de ataque, mas parece ter alguma dificuldade em criar oportunidades de finalização. É nitido que o caminho que a seleção de Scolari procura para atacar é a linha de fundo.</narracao>
    <narracao id="33574" momento="1ºT" tempo="45">TERMINA O PRIMEIRO TEMPO.</narracao>
    <momento id="33575" momento="I">Show do intervalo</momento>
    <narracao id="33577" momento="I" tempo="0">Um primeiro tempo tímido da seleção de Scolari. O time tenta atacar o tempo todo pelas pontas e demonstra pouco poder de finalização. PORTUGAL EMPATA EM 0 A 0 COM LUXEMBURGO!</narracao>
    <momento id="33598" momento="2ºT">Segundo tempo</momento>
    <substituicao id="33648" momento="2ºT" tempo="0" ico="/Portal/esportes/temporeal/swf/icos/substituicao.swf">Portugal faz substituição: entra Petit, sai Costinha</substituicao>
    <substituicao id="33649" momento="2ºT" tempo="0" ico="/Portal/esportes/temporeal/swf/icos/substituicao.swf">Portugal faz substituição: entra Simão, sai Pauleta</substituicao>
    <narracao id="33605" momento="2ºT" tempo="1">COMEÇA O SEGUNDO TEMPO!</narracao>
    <substituicao id="33650" momento="2ºT" tempo="1" ico="/Portal/esportes/temporeal/swf/icos/substituicao.swf">Portugal faz substituição: entra Postiga, sai Deco</substituicao>
    <gol id="33608" momento="2ºT" atletaId="7379" tempo="2" escudo="/FlashShow/0,,9464,00.swf" contra="0"> GOL DE SIMÃO  É GOOOOL! Postiga recebe na entrada da área e chuta forte. O goleiro solta a bola e o atacante aparece livre para mandar para as redes. PORTUGAL ESTÁ NA FRENTE!</gol>
    <narracao id="33610" momento="2ºT" tempo="5">Maniche recebe na intermediária de ataque e chuta forte. A bola vai no ângulo e o goleiro faz grande defesa!</narracao>
    <narracao id="33617" momento="2ºT" tempo="8">QUASE! Figo cobra falta da entrada da área. O goleiro espalma para frente e a bola sobra para Cristiano Ronaldo. O atacante chuta forte, mas o zagueiro adversário tira de cima da linha!</narracao>
    <substituicao id="33651" momento="2ºT" tempo="12" ico="/Portal/esportes/temporeal/swf/icos/substituicao.swf">Portugal faz substituição: entra Ricardo Costa, sai Meira</substituicao>
    <narracao id="33631" momento="2ºT" tempo="14">NA ZAGA! Cristiano Ronaldo recebe lançamento longo na área, domina no peito e ajeita para chute de Postiga da entrada da área. O atacante chuta forte, mas a bola explode na zaga.</narracao>
    <narracao id="33637" momento="2ºT" tempo="18">PERDEU! Postiga tenta finalização da entrada da área. a bola explode em Cristiano Ronaldo e vai nos pés de Figo. O meia chuta livre e sem goleiro, mas manda para fora!</narracao>
    <narracao id="33646" momento="2ºT" tempo="23">OPA! Cristiano Ronaldo desce pela ponta esquerda, sofre marcação dura e acaba agradindo o adversário. O árbitro ignora o lance e não aplica o cartão.</narracao>
    <substituicao id="33652" momento="2ºT" tempo="25" ico="/Portal/esportes/temporeal/swf/icos/substituicao.swf">Portugal faz substituição: entra Hugo Viana, sai Cristiano Ronaldo</substituicao>
    <narracao id="33655" momento="2ºT" tempo="27">É PENALTI! Figo recebe ásse em profundidade na área, penetra pelo lado esquerdo e é derrubado. Pênalti bem marcado para Portugal! </narracao>
    <gol id="33657" momento="2ºT" atletaId="7379" tempo="28" escudo="/FlashShow/0,,9464,00.swf" contra="0"> GOL DE SIMÃO  É GOOOOOOOL! Atacante cobra forte, rasteiro e no canto esquerdo, e faz o seu segundo gol no amistoso!</gol>
    <narracao id="33669" momento="2ºT" tempo="33">Depois de um ótimo começo de segundo tempo, a seleção portuguesa parece ter relaxado no jogo, e troca passes sem objetividade.</narracao>
    <narracao id="33673" momento="2ºT" tempo="38">FALTA PERIGOSA PARA PORTUGAL! Simão recebe lançamento lango, domina na ponta esquerda e é derrubado. É chance de cruzamento para a área de Luxemburgo!</narracao>
    <narracao id="33677" momento="2ºT" tempo="39">TIRA A ZAGA! Figo cruza para a área de Luxemburgo, mas a zaga sobe bem e afasta o perigo.</narracao>
    <gol id="33680" momento="2ºT" atletaId="1884" tempo="41" escudo="/FlashShow/0,,9464,00.swf" contra="0"> GOL DE FIGO  É DE PORTUGAL! Meia recebe lançamento longo no lado esquerdo da área, domina no peito e dá um bonito toque na saída do goleiro. BELO GOL!</gol>
    <narracao id="33684" momento="2ºT" tempo="43">MAIS DOIS! O árbitro aponta dois minutos de acréscimo na etapa final!</narracao>
    <narracao id="33685" momento="2ºT" tempo="47">TERMINA O AMISTOSO!</narracao>
    <momento id="33686" momento="E">Final de jogo</momento>
  </lances>
</lancealance>
