<?xml version="1.0" encoding="UTF-8"?>
<lancealance cobertura="1106" leitura="0">
  <placar>
    <equipe id="001" url="" nome="Brasil" escudo="/FlashShow/0,,9446,00.swf" resultado="1" abreviacao="BRA"/>
    <equipe id="002" url="" nome="Croácia" escudo="/FlashShow/0,,9450,00.swf" resultado="0" abreviacao="CRO"/>
  </placar>
  <lances>
    <narracao id="36544" momento="PJ" tempo="0">Brasil e Croácia se enfrentam às 16h (horário de Brasília) no Olympiastadion, na capital Berlim, pelo Grupo F. Apita o jogo Benito Archundia do México, auxiliado por Jose Ramirez do México e Hector Vergara do Canada.</narracao>
    <momento id="36545" momento="PJ">Pré-jogo</momento>
    <narracao id="36546" momento="PJ" tempo="0">O técnico Zlato Kranjcar foi um atacante popular na antiga Iugoslávia. Ele substituiu Otto Baric após a eliminação na Eurocopa 2004. A Croácia vai a campo desfalcada do atacante Ivica Olic. O jogador está contundido e cede a posição para Ivan Klasnic, que forma a dupla de ataque com Dado Prso. O lateral Darijo Srna está recuperado de um vírus desconhecido que atingiu a delegação croata e deve jogar.</narracao>
    <narracao id="36547" momento="PJ" tempo="0">Duas coincidências: na Copa de 74, também na Alemanha, a estréia do Brasil foi contra a antiga Iugoslávia - 0 x 0 em Frankfurt - e num dia 13 de junho. (A Croácia é um país oriundo da divisão da antiga Iugoslávia, na década de 90). Brasil e Croácia só se enfrentaram uma vez. Foi em um amistoso realizado no dia 17 de agosto de 2005, em Split, capital da Croácia. O jogo terminou empatado por um a um, Niko Kranjcar marcou para os croatas e Ricardinho, após bela cobrança de falta, igualou para o Brasil.</narracao>
    <narracao id="36548" momento="PJ" tempo="0">Brasil é o único país a disputar todas as Copas do Mundo já realizadas e único a conquistar cinco vezes (1958, 1962, 1970, 1994 e 2002) o maior torneio de Futebol do mundo. A seleção brasileira ganhou os sete últimos jogos em Copas do Mundo, e se derrotar a Croácia, vão bater o recorde de vítórias consecutivas no torneio. O antigo recorde pertencia a Itália entre 1934 e 1950, igualado pelo Brasil na final do Mundial em 2002 contra a Alemanha. O Brasil também venceu seus últimos seis jogos de abertura em Mundiais.</narracao>
    <narracao id="36549" momento="PJ" tempo="0">Esta é a terceira participação da Croácia em uma Copa do Mundo. Seu melhor resultado aconmteceu em 1998, na Copa do Mundo da França, quando terminaram em terceiro lugar, sendo eliminada na semifinal pelos donos da casa. A partida terminou dois a um para a França. Em 2002, não passaram da fase de grupos. A Croácia não perde há 10 jogos em competições oficiais. A última derrota aconteceu na fase de grupos da Eurocopa, quando perdeu por 4 a 2 para a Inglaterra.</narracao>
    <narracao id="36551" momento="PJ" tempo="0">Ronaldo, foi o artilheiro do último Mundial com oito gols e precisa marcar mais dois para igualar a marca do maior artilheiro em Copas do Mundo, o alemão Gerd Müller com 14 gols. Nas eliminatórias sul-americanas, o "Fenômeno" marcou 10 gols em 15 jogos e terminou como artilheiro. Em toda a história, apenas nove brasileiros foram expulsos em Copas do Mundo, mesmo número de nossos rivais argentinos. A última expulsão aconteceu no Mundial da Coréia do Sul/Japão em 2002, Ronaldinho Gaúcho levou cartão vermelho nas quartas-de-final contra Inglaterra, o Brasil naquela oportunidade derrotaria os ingleses por dois a um, de virada, com um golaço do "Melhor do Mundo".</narracao>
    <narracao id="36552" momento="PJ" tempo="0">O goleiro croata Stipe Pletikosa caso comece como titular, fará o jogo número 50 pela seleção croata. O zagueiro e lateral Dario Simic, companheiro de Kaká no Milan, disputa a sua terceira Copa do Mundo consecutiva, ele esteve presente na França em 1998 e na Coréia do Sul/Japão em 2002. O atacante Ivica Olic é o único jogador do atual elenco croata a ter marcado gol em Copa do Mundo, foi contra Itália em 2002. Os irmãos Niko e Robert Kovac também jogaram em 2002.</narracao>
    <narracao id="36553" momento="PJ" tempo="0">O Brasil vai tentar repetir o feito de 1962, quando defendeu o título de 1958 e conquistou o bicampeonato. Além do Brasil, só a Itália conseguiu dois títulos consecutivos, em 1934 e 1938. O técnico Carlos Alberto Parreira disputa o seu quinto Mundial, igualando o feito do treinador sérviomontenegrino Bora Milutinovic. Parreira estreou em copas do Mundo treinando o Kuwait em 1982, depois os Emirados Árabes em 1990, o Brasil em 1994, quando conquistou o tetracampeonato, e a Arábia Saudita em 1998. Parreira pode se tornar ainda o segundo técnico da história a conquistar por duas vezes uma Copa do Mundo, igualando o feito do italiano Vittorio Pozzo, campeão em 1934 e em 1938 com a Itália.</narracao>
    <narracao id="36563" momento="PJ" tempo="0">Neste momento, os jogadores da seleção brasileira estão fazendo aquecimento no gramado do Olympiastadion.</narracao>
    <video id="36565" momento="PJ" video="481191"> Veja o vídeo:  0' VÍDEO: O vestiário da seleção brasileira.</video>
    <narracao id="36564" momento="PJ" tempo="0">Moraci Sant'anna, preparador físico, comanda uma leve corrida pelo gramado.</narracao>
    <video id="36566" momento="PJ" video="481196"> Veja o vídeo:  0' VÍDEO: O vestiário da Croácia.</video>
    <narracao id="36567" momento="PJ" tempo="0">ROGÉRIO CENI: "...Nos preparamos bem e chegou a hora..."</narracao>
    <video id="36568" momento="PJ" video="481200"> Veja o vídeo:  0' VÍDEO: Os jogadores do Brasil em campo para o aquecimento.</video>
    <narracao id="36569" momento="PJ" tempo="0">EMBAIXADINHAS! Ronaldinho Gaúcho, descontraído, demonstra habilidade durante o aquecimento da seleção.</narracao>
    <narracao id="36570" momento="PJ" tempo="0">Neste momento, os croatas estão no gramado do Olympiastadion no aquecimento para a partida.</narracao>
    <narracao id="36571" momento="PJ" tempo="0">DONA MIGUELINA! Mãe de Ronaldinho Gaúcho, fala da ansiedade em ver seu filho, o melhor jogador do mundo, estrear na Copa do Mundo e demonstra confiança em uma vitória da seleção brasileira. </narracao>
    <video id="36572" momento="PJ" video="481206"> Veja o vídeo:  0' VÍDEO: Rogério Ceni fala da espectativa estréia na Copa do Mundo.</video>
    <narracao id="36573" momento="PJ" tempo="0">As torcidas de Brasil e Croácia fazem a festa nas arquibancadas antes mesmo de a bola rolar!</narracao>
    <narracao id="36574" momento="PJ" tempo="0">Na tribuna de honra do Olympiastadion, a presença do Kaiser Franz Beckenbauer, considerado o maior jogador da história da Alemanha.</narracao>
    <narracao id="36575" momento="PJ" tempo="0">ENTRAM EM CAMPO! As duas seleções neste momento.</narracao>
    <narracao id="36576" momento="PJ" tempo="0">MÁQUINA ZERO! Ronaldo, assim como em 2002 com o corte cascão, raspa a cabeça e dá um polimento na careca.</narracao>
    <narracao id="36577" momento="PJ" tempo="0">As duas equipes se alinham para a execução dos respectivos hinos nacionais. O primeiro a ser executado é o hino nacional brasileiro!</narracao>
    <narracao id="36578" momento="PJ" tempo="0">ECOA! O HINO NACIONAL BRASILEIRO NO OLYMPISTADION EM BERLIM!</narracao>
    <narracao id="36579" momento="PJ" tempo="0">Neste momento é executado o hino nacional croata.</narracao>
    <video id="36580" momento="PJ" video="481211"> Veja o vídeo:  0' VÍDEO: Clipe da seleção brasileira.</video>
    <narracao id="36581" momento="PJ" tempo="0">Jogadores se cumprimentam e está tudo pronto para a bola rolar!</narracao>
    <video id="36582" momento="PJ" video="481213"> Veja o vídeo:  0' VÍDEO: A seleção brasileira se prepara para entrar em campo.</video>
    <video id="36634" momento="PJ" video="481214"> Veja o vídeo:  0' VÍDEO: Seleção brasileira entra em campo.</video>
    <video id="36635" momento="PJ" video="481216"> Veja o vídeo:  0' VÍDEO: O hino da Croácia.</video>
    <video id="36636" momento="PJ" video="481217"> Veja o vídeo:  0' VÍDEO: O hino do Brasil.</video>
    <momento id="36583" momento="1ºT">Primeiro tempo</momento>
    <narracao id="36584" momento="1ºT" tempo="0">BOLA ROLANDO! Começa Brasil e Croácia.</narracao>
    <narracao id="36585" momento="1ºT" tempo="0">Com menos de um minuto, Adriano recebe bola na intermediária, mas é desarmado.</narracao>
    <narracao id="36586" momento="1ºT" tempo="1">MUITO LONGE! Após cobrança de escanteio da direita de Ronaldinho Gaúcho, a bola sobra para Roberto Carlos na ponta canhota. Lateral arrisca o chute e a bola se perde pela linha de fundo.</narracao>
    <video id="36591" momento="1ºT" video="481218"> Veja o vídeo:  1' VÍDEO: Roberto Carlos chuta de direita, mas sem direção.</video>
    <narracao id="36587" momento="1ºT" tempo="3">Lance Bonito - A seleção brasileira começa dominando! Bela jogada de ultrapassagem entre Ronaldinho Gaúcho, Roberto Carlos e Zé Roberto. Volante tenta alcançar a bola esticada na área da Croácia, mas zagueiro chega primeiro e dá um chutão para frente.</narracao>
    <narracao id="36588" momento="1ºT" tempo="5">Kaká ganha no corpo pela direita avança com a bola dominada e tenta inverter o jogo. A bola fica na marcação de Robert Kovac e brasileiro fica pedindo toque de mão. Árbitro manda seguir o jogo.</narracao>
    <narracao id="36589" momento="1ºT" tempo="7">Primeira descida ao ataque da Croácia! Kranjcar desce pela intermediária e inverte para Prso na direita. Cafu chega na marcação, atacante tenta o cruzamento e perde a bola...</narracao>
    <video id="36593" momento="1ºT" video="481220"> Veja o vídeo:  7' VÍDEO: Prso tenta o cruzamento e a zaga brasileira cede o escanteio.</video>
    <narracao id="36590" momento="1ºT" tempo="8">Lance Bonito - ... No contra-ataque, Ronaldinho Gaúcho avança pela canhota e toca para Adriano, que de calcanhar deixa para Kaká chutar por cima do gol.</narracao>
    <video id="36603" momento="1ºT" video="481221"> Veja o vídeo:  8' VÍDEO: Kaká solta a bomba, por cima do gol de Pletikosa.</video>
    <narracao id="36592" momento="1ºT" tempo="11">A Croácia concentra o seu jogo pelo lado esquerdo de ataque, lado em que Cafu joga.</narracao>
    <narracao id="36594" momento="1ºT" tempo="14">Lance Perigoso - BOMBA! Roberto Carlos arrisca chutaço da intermediária e Pletikosa espalma para escanteio...</narracao>
    <narracao id="36595" momento="1ºT" tempo="14">... Na seqüência, após cobrança de escanteio, Ronaldinho Gaúcho chuta forte da ponta canhota e a bola sai com perigo pela linha de fundo, a bola desvia na zaga croata e é mais um escanteio...</narracao>
    <video id="36604" momento="1ºT" video="481223"> Veja o vídeo:  14' VÍDEO: Pletikosa espalma chute perigoso de Ronaldinho Gaúcho.</video>
    <video id="36605" momento="1ºT" video="481224"> Veja o vídeo:  14' Roberto Carlos solta a bomba e Pletikosa espalma.</video>
    <narracao id="36596" momento="1ºT" tempo="15">Lance Bonito - ... Ronaldinho Gaúcho cobra mais um escanteio, Roberto Carlos pega de primeira e a bola se perde por cima do gol de Pletikosa.</narracao>
    <video id="36606" momento="1ºT" video="481225"> Veja o vídeo:  15' VÍDEO: Roberto Carlos pega de primeira, por cima do gol de Pletikosa.</video>
    <narracao id="36597" momento="1ºT" tempo="17">Ronaldinho Gaúcho toca para Adriano na área. Imperador tenta fazer a proteção sobre a marcação de Niko kovac, cai e pede o pênalti... Árbitro manda seguir.</narracao>
    <narracao id="36598" momento="1ºT" tempo="18">CROÁCIA! Babic desce pela esquerda e cruza na área do Brasil. a bola passa por todo mundo e Roberto Carlos corta para escanteio...</narracao>
    <narracao id="36599" momento="1ºT" tempo="19">... Escanteio para a Croácia. A zaga brasileira afasta o perigo.</narracao>
    <video id="36609" momento="1ºT" video="481226"> Veja o vídeo:  19' VÍDEO: Babic cruza na área brasileira e Roberto Carlos corta para escanteio.</video>
    <narracao id="36600" momento="1ºT" tempo="20">Roberto Carlos cruza bola da esquerda no segundo pau. Adriano escora de cabeça para o meio da área e a zaga corta.</narracao>
    <narracao id="36601" momento="1ºT" tempo="21">Lance Bonito - Niko Kovac faz fila no meio-de-campo, dá uma meia-lua em Lúcio, mas é desarmado por Juan.</narracao>
    <narracao id="36602" momento="1ºT" tempo="22">Niko Kranjcar avança com a bola dominada e chuta forte da entrada da área. A bola sai à esquerda do gol de Dida.</narracao>
    <video id="36612" momento="1ºT" video="481228"> Veja o vídeo:  22' VÍDEO: Kranjcar arrisca chute de fora da área, a bola sai à esquerda do gol de Dida.</video>
    <narracao id="36607" momento="1ºT" tempo="26">Lance Perigoso - Klasnic chuta forte de fora da área,  a bola desvia na zaga brasileira e sai para escanteio...</narracao>
    <video id="36622" momento="1ºT" video="481229"> Veja o vídeo:  26' VÍDEO: Klasnic arrisca chute forte e ganha o escanteio para a Croácia.</video>
    <narracao id="36608" momento="1ºT" tempo="27">... Escanteio na área do Brasil, Emerson tira de cabeça.</narracao>
    <narracao id="36610" momento="1ºT" tempo="29">A Croácia melhora na partida! Babic tenta jogada sobre a marcação de Cafu, mas perde a bola.</narracao>
    <narracao id="36611" momento="1ºT" tempo="29">Lance Feio - Disputa de bola pela direita. Na corrida, Adriano comete falta em Niko Kovac.</narracao>
    <video id="36624" momento="1ºT" video="481230"> Veja o vídeo:  30' VÍDEO: Adriano tenta o contra-ataque, mas comete falta em Niko Kovac.</video>
    <narracao id="36614" momento="1ºT" tempo="31">Lance Bonito - Após tabela entre Kaká e Ronaldo na entrada da área croata, Kaká é derrubado por Niko Kovac. Falta perigosa para o Brasil...</narracao>
    <narracao id="36615" momento="1ºT" tempo="32">...Ronaldinho Gaúcho cobra falta da entrada da área e a bola fica na barreira.</narracao>
    <cartao id="36613" momento="1ºT" atletaId="2085" tempo="32" ico="/Portal/esportes/temporeal/swf/icos/cartao_amarelo.swf" cor="amarelo">Niko Kovac - Niko Kovac, meia da Croácia é punido após falta dura em Kaká.</cartao>
    <video id="36629" momento="1ºT" video="481232"> Veja o vídeo:  32' VÍDEO: Niko Kovac faz falta em Kaká e é punido com cartão amarelo.</video>
    <narracao id="36616" momento="1ºT" tempo="35">Após dividida com Zé roberto no meio-campo, Niko Kovac fica caído no gramado sentindo dores na costela.</narracao>
    <narracao id="36617" momento="1ºT" tempo="36">UUUUHHHH! Emerson pega de primeira da intermediária e a bola se perde por cima do gol de Pletikosa.</narracao>
    <video id="36630" momento="1ºT" video="481234"> Veja o vídeo:  36' VÍDEO: Emerson arrisca chute da intermediária, por cima do gol da Croácia.</video>
    <narracao id="36618" momento="1ºT" tempo="37">FINALIZAÇÕES: 7 - Brasil / 2 - Croácia.</narracao>
    <narracao id="36619" momento="1ºT" tempo="38">Lance Perigoso - Srna cobra falta da esquerda na área brasileira. A zaga não sobe para cortar e Tudor fura a cabeçada. A bola sai pela linha de fundo.</narracao>
    <video id="36631" momento="1ºT" video="481235"> Veja o vídeo:  38' VÍDEO: Srna cobra falta perigosa da esquerda na área do Brasil, Tudor fura a cabeçada e a bola se perde pela linha de fundo.</video>
    <substituicao id="36649" momento="1ºT" tempo="38" ico="/Portal/esportes/temporeal/swf/icos/substituicao.swf">Croácia faz substituição: entra Jerko Leko, sai Nico Kovac</substituicao>
    <narracao id="36620" momento="1ºT" tempo="39">Kaká estica bola para Cafu no lado direito da área. Lateral chuta forte e Pletikosa dfende com segurança.</narracao>
    <video id="36632" momento="1ºT" video="481236"> Veja o vídeo:  39' VÍDEO: Cafu avança pelo lado direito e arrisca o chute. Pletikosa defende com segurança.</video>
    <cartao id="36623" momento="1ºT" atletaId="433" tempo="41" ico="/Portal/esportes/temporeal/swf/icos/cartao_amarelo.swf" cor="amarelo">Emerson   - Emerson, volante brasileiro, é punido após falta dura no meio-de-campo.</cartao>
    <video id="36633" momento="1ºT" video="481238"> Veja o vídeo:  42' VÍDEO: Emerson leva o primeiro cartão amarelo do Brasil no jogo.</video>
    <gol id="36625" momento="1ºT" atletaId="99" tempo="43" escudo="/FlashShow/0,,9446,00.swf" contra="0"> GOL DE KAKÁ  GOOOOLAAAAÇOOOOO! Cafu avança pela direita e toca para Kaká na entrada da área. Meia se livra de Tudor e Kranjcar e de canhota, coloca no ângulo direito de Pletikosa. SAI O PRIMEIRO GOL BRASILEIRO NA COPA DA ALEMANHA!</gol>
    <video id="36625v" momento="1ºT" video="481237"> Veja o vídeo: Gol de Kaká.  43' GOOOOLAAAAÇOOOOO! Cafu avança pela direita e toca para Kaká na entrada da área. Meia se livra de Tudor e Kranjcar e de canhota, coloca no ângulo direito de Pletikosa. SAI O PRIMEIRO GOL BRASILEIRO NA COPA DA ALEMANHA!</video>
    <narracao id="36627" momento="1ºT" tempo="45">ACRÉSCIMOS! Árbitro assinala mais dois minutos neste primeiro tempo.</narracao>
    <narracao id="36626" momento="1ºT" tempo="45">Lance Feio - Simunic leva uma meia-lua de Kaká no meio-campo e comete falta dura no brasileiro. árbitro não dá o cartão amarelo para o zagueiro croata.</narracao>
    <narracao id="36628" momento="1ºT" tempo="47">FIM DE PRIMEIRO TEMPO! O Brasil segue derrotando a Croácia por um a zero, com um golaço de Kaká.</narracao>
    <momento id="36637" momento="I">Show do intervalo</momento>
    <narracao id="36638" momento="I" tempo="0">A seleção brasileira começou imprimindo um ritmo forte, marcando na saída de bola e não deixando a Croácia jogar. Mas a partir dos 20 minutos diminuiu o ritmo e a Croácia passou a criar algumas boas chances, concentrando o seu jogo no lado direito de ataque. Aos 43 minutos, após uma bela jogada individual, Kaká abriu o placar para o Brasil, com um belo gol. Emerson ainda seria punido com cartão amarelo, antes de o juíz apitar o fim do primeiro tempo.</narracao>
    <momento id="36639" momento="2ºT">Segundo tempo</momento>
    <narracao id="36640" momento="2ºT" tempo="0">As duas equipes retornam sem alterações para o segundo tempo.</narracao>
    <narracao id="36641" momento="2ºT" tempo="0">BOLA ROLANDO! Começa a segunda etapa de Brasil 1 x 0 Croácia.</narracao>
    <narracao id="36642" momento="2ºT" tempo="1">Lance Feio - Roberto Carlos falha na hora de cortar na área brasileira. a bola se perde pela lateral e brasileiro divide com Simunic. </narracao>
    <narracao id="36643" momento="2ºT" tempo="3">Lúcio desarma o atacante Prso, que fica caído sentindo a canela. Árbitro marca falta do croata no zagueiro brasileiro.</narracao>
    <video id="36655" momento="2ºT" video="481245"> Veja o vídeo:  4' VÍDEO: Dida salva o gol da Croácia em chute de Prso.</video>
    <narracao id="36644" momento="2ºT" tempo="5">Lance Perigoso - OLHA A CROÁCIA! Prso arranca na velocidade sobre a marcação de Lúcio, e da entrada da área chuta cruzado. Dida defende parcialmente, e Lúcio dá um chutão para escanteio...</narracao>
    <narracao id="36645" momento="2ºT" tempo="5">... Bola na área brasileira, a zaga afasta o perigo.</narracao>
    <narracao id="36646" momento="2ºT" tempo="8">Lance Perigoso - CHUTAÇO! Após chute da intermediária, a bola desvia na zaga brasileira e sobra para Klasnic. Meia chuta forte da entrada da área e Dida defende com segurança.</narracao>
    <video id="36656" momento="2ºT" video="481246"> Veja o vídeo:  8' VÍDEO: Klasnic solta a bomba da entrada da área e Dida defende em dois tempos.</video>
    <narracao id="36647" momento="2ºT" tempo="10">A Croácia começa melhor o segundo tempo. O Brasil cadencia demais o jogo.</narracao>
    <narracao id="36648" momento="2ºT" tempo="10">Lance Perigoso - FENÔMENO! Só agora apareceu no jogo, Ronaldo arrisca chute forte da entrada da meia-lua da grande área e a bola sai com perigo, tirando tinta do travessão do gol de Pletikosa.</narracao>
    <video id="36657" momento="2ºT" video="481247"> Veja o vídeo:  10' VÍDEO: Ronaldo finaliza de fora da área e a bola sai com perigo, por cima do gol de Pletikosa.</video>
    <substituicao id="36650" momento="2ºT" tempo="11" ico="/Portal/esportes/temporeal/swf/icos/substituicao.swf">Croácia faz substituição: entra Olic, sai Ivan Klasnic</substituicao>
    <narracao id="36651" momento="2ºT" tempo="12">Falta perigosa para o Brasil na ponta esquerda. Ronaldinho Gaúcho cobra no primeiro pau e a zaga croata corta para escanteio...</narracao>
    <narracao id="36652" momento="2ºT" tempo="13">... Cobrança de escanteio na área croata, a zaga afasta o perigo.</narracao>
    <video id="36658" momento="2ºT" video="481248"> Veja o vídeo:  13' VÍDEO: Ronaldinho Gaúcho cobra falta na área da Croácia e a zaga corta para escanteio.</video>
    <narracao id="36653" momento="2ºT" tempo="14">Lance Feio - O QUE É ISSO?! Roberto Carlos inverte o jogo e dá de presente para Prso. Atacante avança em velocidade e chuta em cima da zaga brasileira, a bola desvia e Dida faz a defesa.</narracao>
    <video id="36667" momento="2ºT" video="481252"> Veja o vídeo:  14' VÍDEO: Dida se antecipa e pega chute espirrado da Croácia.</video>
    <narracao id="36654" momento="2ºT" tempo="16">Lance Bonito - BELO CRUZAMENTO! Cafu cruza bola da direita no segundo pau. Ronaldinho Gaúcho escora de cabeça e Pletikosa faz bela defesa.</narracao>
    <cartao id="36659" momento="2ºT" atletaId="7503" tempo="21" ico="/Portal/esportes/temporeal/swf/icos/cartao_amarelo.swf" cor="amarelo">Robert Kovac - Robert Kovac, zagueiro da Croácia, é punido após falta por trás em Adriano no meio-de-campo.</cartao>
    <video id="36673" momento="2ºT" video="481257"> Veja o vídeo:  21' VÍDEO: Robert Kovac, zagueiro da Croácia, leva cartão amarelo.</video>
    <video id="36672" momento="2ºT" video="481256"> Veja o vídeo:  22' VÍDEO: Prso chuta e zaga brasileira salva.</video>
    <substituicao id="36660" momento="2ºT" tempo="23" ico="/Portal/esportes/temporeal/swf/icos/substituicao.swf">Brasil faz substituição: entra Robinho, sai Ronaldo  </substituicao>
    <narracao id="36661" momento="2ºT" tempo="24">A Croácia cresce na partida e Parreira muda para tentar dar mais movimentação a seleção brasileira.</narracao>
    <video id="36674" momento="2ºT" video="481258"> Veja o vídeo:  24' VÍDEO: Ronaldo é substituído por Robinho.</video>
    <video id="36675" momento="2ºT" video="481260"> Veja o vídeo:  24' VÍDEO: Babic chuta forte de fora da área e Dida faz bela defesa.</video>
    <narracao id="36662" momento="2ºT" tempo="25">Lance Bonito - DIDA! Babic chuta forte da entrada da área e goleiro brasileiro faz boa defesa.</narracao>
    <narracao id="36663" momento="2ºT" tempo="25">CHUTES A GOL: 06 - Brasil / 03 - Croácia.</narracao>
    <narracao id="36664" momento="2ºT" tempo="26">Lance Perigoso - Kaká recebe de Adriano na entrada da área e chuta colocado. A bola sai com perigo, à direita do gol de Pletikosa.</narracao>
    <video id="36685" momento="2ºT" video="481262"> Veja o vídeo:  26' VÍDEO: Kaká arrisca de longe e leva perigo ao gol croata.</video>
    <narracao id="36665" momento="2ºT" tempo="28">FALTAS COMETIDAS: 15 - Brasil / 15 - Croácia.</narracao>
    <narracao id="36666" momento="2ºT" tempo="28">Lance Perigoso - PERDE GOL INCRÍVEL! Robinho chuta cruzado da ponta esquerda e Adriano, quase na pequena área escora. A bola sai à esquerda do gol de Pletikosa.</narracao>
    <video id="36684" momento="2ºT" video="481261"> Veja o vídeo:  28' VÍDEO: Adriano escora chute de Robinho e quase marca o segundo gol brasileiro.</video>
    <narracao id="36668" momento="2ºT" tempo="32">Roberto Carlos ganha na velocidade e cruza bola da esquerda no segundo pau. Robinho não consegue dominar e perde para o zagueiro croata.</narracao>
    <narracao id="36669" momento="2ºT" tempo="33">O QUE É ISSO COMPANHEIRO? Juan divide bola com Kranjcar no meio-de-campo e olha de cara feia para o meia croata.</narracao>
    <video id="36686" momento="2ºT" video="481263"> Veja o vídeo:  33' VÍDEO: Robinho sofre falta sem bola de Babic.</video>
    <narracao id="36670" momento="2ºT" tempo="34">Roberto Carlos cobra falta da ponta direita com um chuta forte e rasteiro. No bate-rebate na área, a zaga croata afasta o perigo.</narracao>
    <narracao id="36671" momento="2ºT" tempo="35">O Brasil retém mais a posse de bola com a entrada de Robinho e melhora na partida.</narracao>
    <video id="36687" momento="2ºT" video="481265"> Veja o vídeo:  39' VÍDEO: Torcedor croata invade o campo.</video>
    <narracao id="36676" momento="2ºT" tempo="40">Tumulto - TORCEDOR DA CROÁCIA INVADE O CAMPO! Com o uniforme igual a dos jogadores, confunde a arbitragem que não pára o jogo.</narracao>
    <narracao id="36677" momento="2ºT" tempo="41">Neste momento o torcedor é retirado de campo pela segurança.</narracao>
    <narracao id="36678" momento="2ºT" tempo="42">POSSE DE BOLA: 49% - Brasil / 53% - Croácia.</narracao>
    <narracao id="36679" momento="2ºT" tempo="43">O Brasil prende bola, toca de um lado para o outro gastando o tempo.</narracao>
    <video id="36688" momento="2ºT" video="481266"> Veja o vídeo:  43' VÍDEO: Kranjcar cabeceia por cima do gol de Dida.</video>
    <cartao id="36680" momento="2ºT" atletaId="7371" tempo="45" ico="/Portal/esportes/temporeal/swf/icos/cartao_amarelo.swf" cor="amarelo">Tudor - Tudor, zagueiro e capitão da Croácia, é punido após falta dura em Robinho.</cartao>
    <narracao id="36681" momento="2ºT" tempo="45">ACRÉSCIMOS! Árbitro assinala mais dois minutos neste segundo tempo.</narracao>
    <narracao id="36682" momento="2ºT" tempo="46">Ronaldinho Gaúcho comete falta em Srna na direita de ataque croata. O mesmo Srna cobra no primeiro pau e Juan tira de cabeça.</narracao>
    <narracao id="36683" momento="2ºT" tempo="47">FIM DE JOGO! O Brasil estréia com vitória e mantém a escrita de nunca ter perdido em partidas de estréia de Copa do Mundo. Kaká marcou o único gol do jogo.</narracao>
    <momento id="36689" momento="E">Final de jogo</momento>
  </lances>
</lancealance>
