<?xml version="1.0" encoding="UTF-8"?>
<lancealance cobertura="1152" leitura="0">
  <placar>
    <equipe id="001" url="" nome="Itália" escudo="/FlashShow/0,,9459,00.swf" resultado="3" abreviacao="ITA"/>
    <equipe id="002" url="" nome="Ucrânia" escudo="/FlashShow/0,,9472,00.swf" resultado="0" abreviacao="UCR"/>
  </placar>
  <lances>
    <narracao id="42038" momento="PJ" tempo="0">Itália e Ucrânia se enfrentam às 16h (horário de Brasília), no FIFA World Cup Stadium (Hamburgo), pelas quartas-de-final da Copa do Mundo. Apita o jogo Frank De Bleeckere (Bélgica). Auxiliado por Peter Hermans (Bélgica) e Walter Vromans (Bélgica).</narracao>
    <momento id="42039" momento="PJ">Pré-jogo</momento>
    <narracao id="42040" momento="PJ" tempo="0">Itália e Ucrânia já se enfrentaram três vezes na história. As duas primeiras em 1996, pelas eliminatórias da Eurocopa. A Azzurra venceu fora de casa por 2 a 0 e em casa por 3 a 1. A terceira foi um empate por zero a zero, que curiosamente aconteceu uma semana antes do inicio da Copa do Mundo, no dia 02 de junho.</narracao>
    <narracao id="42042" momento="PJ" tempo="0">A Ucrânia se tornou a terceira seleção da história das Copas do Mundo a conseguir chegar até as quartas-de-final, apesar de ter perdido por quatro gols na fase de grupos (4 a 0 para a Espanha). Em 1954, a extinta Alemanha Ocidental disputou o título mesmo sendo derrotada por 8 a 3 para a Hungria, e em 1990, a seleção de Camarões alcançou as quartas-de-final mesmo perdendo por 4 a 0 para a extinta União Soviética.</narracao>
    <narracao id="42044" momento="PJ" tempo="0">A Itália está invicta há 22 jogos internacionais. Esta é a maior série invicta da Azzurra desde 1939. Há dois mundiais a Itália não consegue chegar até a semifinal. Em 1998 foi eliminada nos pênaltis pela França nas quartas-de-final e em 2002, foi eliminada nas oitavas-de-final pela Coréia do Sul, com direito a Gol de Ouro na prorrogação.</narracao>
    <narracao id="42046" momento="PJ" tempo="0">O meia-atacante Serguei Rebrov é o jogador que mais vestiu a camisa da seleção ucraniana, 74 jogos. o atacante Andriy Shevchenko é o maior artilheiro da história do país com 31 gols em 68 jogos. Ele também é o único jogador da Ucrânia a marcar duas vezes neste Mundial. Oleksandr Shovkovski, Andri Nesmachni e Anatoli Timoshchuk são os únicos que jogaram todos os jogos da Ucrânia até agora na Copa e não foram substituídos.</narracao>
    <narracao id="42048" momento="PJ" tempo="0">O zagueiro Alessandro Nesta está machucado, o outro zagueiro, Marco Materazzi e o volante Daniele De Rossi suspensos, desfalcam a Azzurra na partida de hoje. O lateral-esquerdo Fabio Grosso, o lateral-direito Gianluca Zambrotta e o volante Gennaro Gattuso, caso sejam punidos com cartão amarelo, desfalcam a Itália na semifinal, caso vença a Ucrânia. Andrea Pirlo, Gianluigi Buffon, Fabio Cannavaro e Simone Perrotta jogaram todos os jogos e ainda não foram substituídos neste Mundial.</narracao>
    <narracao id="42106" momento="PJ" tempo="0">Neste momento as duas equipes entram no gramado e se alinham para a execução dos respectivos hinos nacionais.</narracao>
    <narracao id="42107" momento="PJ" tempo="0">QUINTO DIA ANUAL CONTRA A DISCRIMINAÇÃO RACIAL! É celebrado hoje, sexta-feira 30 de junho de 2006.</narracao>
    <narracao id="42108" momento="PJ" tempo="0">O atacante Shevchenko, capitão da Ucrânia e o zagueiro Cannavaro, capitão da Itália, leram respectivamente mensagem para torcida, condenando toda e qualquer tipo de discriminação.</narracao>
    <narracao id="42109" momento="PJ" tempo="0">Os jogadores se cumprimentam e está tudo pronto para a bola rolar.</narracao>
    <video id="42118" momento="PJ" video="493655"> Veja o vídeo:  0' Jogadores de Itália e Ucrânia lêem mensagem contra o racismo.</video>
    <video id="42120" momento="PJ" video="493659"> Veja o vídeo:  0' Os hinos de Itália e Ucrânia.</video>
    <momento id="42110" momento="1ºT">Primeiro tempo</momento>
    <narracao id="42111" momento="1ºT" tempo="0">BOLA ROLANDO EM HAMBURGO! Começa Itália x Ucrânia.</narracao>
    <narracao id="42112" momento="1ºT" tempo="0">Com menos de um minuto, "perde e ganha" entre as duas equipes e a bola se perde pela lateral.</narracao>
    <video id="42121" momento="1ºT" video="493661"> Veja o vídeo:  0' Começa o jogo!</video>
    <narracao id="42113" momento="1ºT" tempo="1">Tentativa de jogada de ultrapassagem do ataque ucraniano, Gusev tenta chegar, mas a bola se perde pela linha de fundo.</narracao>
    <narracao id="42114" momento="1ºT" tempo="2">Bola em profundidade para Shevchenko, Cannavaro se antecipa e recua de cabeça para Buffon.</narracao>
    <narracao id="42115" momento="1ºT" tempo="3">UUUHHHHHH! Camoranesi avança pela intermediária, ninguém chega para dar o combate e, de fora da área, chuta forte no canto. A bola se perde pela linha de fundo.</narracao>
    <video id="42126" momento="1ºT" video="493667"> Veja o vídeo:  3' Camoranesi chuta com perigo, pela linha de fundo.</video>
    <narracao id="42116" momento="1ºT" tempo="4">Milevskiy recebe na área e tenta de calcanhar para Gusin. A zaga se antecipa e corta.</narracao>
    <gol id="42117" momento="1ºT" atletaId="2255" tempo="5" escudo="/FlashShow/0,,9459,00.swf" contra="0"> GOL DE GIANLUCA ZAMBROTTA  Zambrotta recebe na direita, tras para a intermediária e solta a bomba. A bola entra no canto esquerdo de Shovkovskyi.</gol>
    <video id="42117v" momento="1ºT" video="493669"> Veja o vídeo: Gol de Gianluca Zambrotta.  5' Zambrotta recebe na direita, tras para a intermediária e solta a bomba. A bola entra no canto esquerdo de Shovkovskyi.</video>
    <narracao id="42119" momento="1ºT" tempo="8">Os jogadores italianos marcam bem no meio-de-campo, dificultando a chegada ao ataque da Ucrânia.</narracao>
    <video id="42131" momento="1ºT" video="493677"> Veja o vídeo:  9' Perrotta arrisca de longe e acerta o próprio companheiro.</video>
    <narracao id="42122" momento="1ºT" tempo="10">Sviderskyi tenta inverter o jogo para o lado esquerdo de taque procurando Gusev. A bola sai muito forte e se perde pela lateral.</narracao>
    <narracao id="42123" momento="1ºT" tempo="12">Kalinichenko e Milevskiy sobem junto com Zambrotta e cometem falta no lateral-direito italiano.</narracao>
    <narracao id="42124" momento="1ºT" tempo="12">ÔLA! As torcidas fazem a festa na arquibancada!</narracao>
    <narracao id="42125" momento="1ºT" tempo="13">Milevskiy sobe junto com Gattuso para tentar alcançar de cabeça, mas acaba dando uma joelhada nas costas do volante italiano.</narracao>
    <video id="42136" momento="1ºT" video="493681"> Veja o vídeo:  13' Gattuso sente entrada dura de Milevskiy.</video>
    <cartao id="42127" momento="1ºT" atletaId="12277" tempo="15" ico="/Portal/esportes/temporeal/swf/icos/cartao_amarelo.swf" cor="amarelo">Sviderskyy - Sviderskyi, zagueiro da Ucrânia, é punido após falta por trás em Luca Toni.</cartao>
    <video id="42138" momento="1ºT" video="493682"> Veja o vídeo:  15' Totti cobra falta e Shovkovskyi defende com segurança.</video>
    <narracao id="42128" momento="1ºT" tempo="16">Totti cobra falta direto, de fora da área, Shovkovskyi defende com segurança.</narracao>
    <narracao id="42129" momento="1ºT" tempo="18">A Azzurra está recuada, com apenas Luca Toni isolado na linha que divide o gramado.</narracao>
    <substituicao id="42204" momento="1ºT" tempo="19" ico="/Portal/esportes/temporeal/swf/icos/substituicao.swf">Ucrânia faz substituição: entra Vorobyey, sai Sviderskyy</substituicao>
    <narracao id="42132" momento="1ºT" tempo="20">FINALIZAÇÕES: 3 - Itália / 0 - Ucrânia.</narracao>
    <cartao id="42133" momento="1ºT" atletaId="12558" tempo="20" ico="/Portal/esportes/temporeal/swf/icos/cartao_amarelo.swf" cor="amarelo">Kalinichenko - Kalinichenko, meio-campo da Ucrânia, é punido após falta dura em Camoranesi.</cartao>
    <video id="42142" momento="1ºT" video="493683"> Veja o vídeo:  20' Kalinichenko é punido com cartão amarelo.</video>
    <narracao id="42134" momento="1ºT" tempo="21">HORROROSO! Pirlo cobra falta da direita muito mal, por cima do gol de Shovkovskyi.</narracao>
    <narracao id="42135" momento="1ºT" tempo="22">PERIGO! Perrotta divide bola na pequena área com Rusol, cai e pede o pênalti. Árbitro corretamente manda seguir o jogo e a bola fica com o goleiro Shovkovskyi.</narracao>
    <narracao id="42137" momento="1ºT" tempo="24">MARCAÇÃO! A Itália adianta seus jogadores e marca a saída de bola da Ucrânia.</narracao>
    <narracao id="42139" momento="1ºT" tempo="25">Tymoschuk pisa sem querer no braço do volante Gattuso, que fica caído sentindo muita dor.</narracao>
    <narracao id="42140" momento="1ºT" tempo="27">BELO CRUZAMENTO! De Tymoschuk na cabeça de Shevchenko. Atacante erra feio a cabeçada.</narracao>
    <narracao id="42141" momento="1ºT" tempo="27">Gattuso está de volta ao gramado com o braço direito enfaichado.</narracao>
    <video id="42152" momento="1ºT" video="493689"> Veja o vídeo:  27' Shevchenko erra cabeçada na área, após belo cruzamento.</video>
    <video id="42157" momento="1ºT" video="493692"> Veja o vídeo:  28' Totti tenta passe de calcanhar para Camoranesi.</video>
    <narracao id="42143" momento="1ºT" tempo="29">Perrotta recupera a bola no limite do lado esquerdo da área, tenta o cruzamento, mas é desarmado.</narracao>
    <narracao id="42144" momento="1ºT" tempo="30">Tentativa de lançamento para Perrotta no lado esquerdo. A bola corre demais e se perde pela linha de fundo.</narracao>
    <narracao id="42145" momento="1ºT" tempo="31">Totti tabela com Perrotta na intermediária, meio-campo escorrega na dividida com Rusol e perde a bola.</narracao>
    <video id="42158" momento="1ºT" video="493698"> Veja o vídeo:  31' Perrotta escorrega e não dá seqüência a jogada.</video>
    <narracao id="42146" momento="1ºT" tempo="32">O time da Ucrânia não faz nada em campo, não consegue chegar ao ataque.</narracao>
    <narracao id="42147" momento="1ºT" tempo="32">UUUHHHH! Tymoschuk arrisca chute forte de fora da área. A bola sai à direita do gol de Buffon.</narracao>
    <video id="42159" momento="1ºT" video="493699"> Veja o vídeo:  32' Tymoschuk arrisca chute forte de fora da área.</video>
    <narracao id="42148" momento="1ºT" tempo="33">CHUTES A GOL: 3 - Itália / 1 - Ucrânia.</narracao>
    <narracao id="42149" momento="1ºT" tempo="34">Milevskiy empurra Gattuso no meio-de-campo.</narracao>
    <narracao id="42150" momento="1ºT" tempo="34">Perrotta sofre falta dura de Shevchenko. Pirlo cobra na área e Rusol, de cabeça, afasta o perigo.</narracao>
    <narracao id="42151" momento="1ºT" tempo="36">Zambrotta comete falta em Kalinichenko na esquerda de ataque. Ele mesmo cobra falta na área italiana e a zaga afasta o perigo.</narracao>
    <narracao id="42153" momento="1ºT" tempo="38">FALTAS COMETIDAS: 9 - Itália / 16 - Ucrânia</narracao>
    <narracao id="42154" momento="1ºT" tempo="39">QUE LINDO! Totti finta com o corpo e estica bela bola para Zambrotta na entrada da área. Lateral divide bola com Rusol, pede a falta, mas árbitro manda seguir o jogo.</narracao>
    <video id="42165" momento="1ºT" video="493702"> Veja o vídeo:  39' Totti faz bela jogada, mas a bola fica com o goleiro Shovkovskiy</video>
    <narracao id="42155" momento="1ºT" tempo="40">QUASE! Engana o goleiro Buffon. Shevchenko arrisca chute de fora da área e a bola desvia em Cannavaro.</narracao>
    <video id="42169" momento="1ºT" video="493705"> Veja o vídeo:  40' Shevchenko chuta forte de fora da área, a bola desvia em Cannavaro e quase engana o goleiro Buffon.</video>
    <narracao id="42156" momento="1ºT" tempo="41">Shevchenko recebe cruzamento na área, mas árbitro marca falta do atacante em Cannavaro.</narracao>
    <narracao id="42160" momento="1ºT" tempo="43">Shelayev arrisca chute de longe, a bola se perde por cima do gol de Buffon.</narracao>
    <video id="42168" momento="1ºT" video="493704"> Veja o vídeo:  44' Shelayev chuta forte, por cima do gol de Buffon.</video>
    <narracao id="42161" momento="1ºT" tempo="45">ACRÉSCIMOS! Árbitro assinala mais dois minutos neste primeiro tempo.</narracao>
    <video id="42170" momento="1ºT" video="493707"> Veja o vídeo:  46' Rusol sai contundido e entra Vashchuk.</video>
    <substituicao id="42205" momento="1ºT" tempo="46" ico="/Portal/esportes/temporeal/swf/icos/substituicao.swf">Ucrânia faz substituição: entra Vashchuk, sai Rusol</substituicao>
    <narracao id="42164" momento="1ºT" tempo="47">FIM DE PRIMEIRO TEMPO! A Itália segue derrotando a Ucrânia por 1 a 0.</narracao>
    <momento id="42166" momento="I">Show do intervalo</momento>
    <narracao id="42167" momento="I" tempo="0">Um primeiro tempo fraco e com poucas chances para ambas as equipes. A Itália vence graças a um chutaço de Zambrotta, de fora da área. A Ucrânia é uma equipe limitada e dependente de Shevchenko que, muito marcado, nada faz.</narracao>
    <video id="42171" momento="I" video="493706"> Veja o vídeo:  0' Melhores momentos do primeiro tempo.</video>
    <momento id="42172" momento="2ºT">Segundo tempo</momento>
    <narracao id="42173" momento="2ºT" tempo="0">As duas equipes já estão de volta ao gramado para o início do segundo tempo.</narracao>
    <narracao id="42174" momento="2ºT" tempo="0">BOLA ROLANDO! Começa o segundo tempo!</narracao>
    <narracao id="42175" momento="2ºT" tempo="0">UUUHHHHH! Com menos de um minuto, Luca Toni avança sem marcação e chuta rasteiro da entrada da área. A bola bate na rede, pelo lado de fora, no canto esquerdo de Shovkovskyi.</narracao>
    <video id="42186" momento="2ºT" video="493712"> Veja o vídeo:  0' Começa o segundo tempo.</video>
    <video id="42189" momento="2ºT" video="493713"> Veja o vídeo:  0' Luca Toni chuta na rede, pelo lado de fora.</video>
    <narracao id="42176" momento="2ºT" tempo="1">BOLADA! Cannavaro leva uma bolada é é atendido no gramado.</narracao>
    <video id="42193" momento="2ºT" video="493715"> Veja o vídeo:  1' Cannavaro toma bolada e é atendido.</video>
    <narracao id="42177" momento="2ºT" tempo="2">Milevskiy entra de sola em Barzagli, mas árbitro ignora a falta e manda seguiro jogo.</narracao>
    <narracao id="42178" momento="2ºT" tempo="3">UUUHHHH! Kalinichenko avança pela esquerda e cruza. Barzagli tenta cortar e quase marca o gol-contra...</narracao>
    <video id="42192" momento="2ºT" video="493714"> Veja o vídeo:  3' Kalinichenko cruza e Barzagli quase faz gol contra.</video>
    <narracao id="42179" momento="2ºT" tempo="4">... Na seqüência, Gusin recebe cruzamento da direita e cabeceia no canto, Buffon espalma e bate com a cabeça na trave direita.</narracao>
    <video id="42194" momento="2ºT" video="493716"> Veja o vídeo:  4' Buffon faz bela defesa na cabeçada de Gusin.</video>
    <narracao id="42180" momento="2ºT" tempo="5">Kalinichenko cobra escanteio da esquerda. Luca Toni joga de zagueiro e corta de cabeça.</narracao>
    <narracao id="42181" momento="2ºT" tempo="6">Tymoschuk comete falta em Zambrotta na direita do ataque italiano, após belo passe de Camoranesi.</narracao>
    <video id="42195" momento="2ºT" video="493717"> Veja o vídeo:  7' Cannavaro salva a Azzurra pelo alto.</video>
    <narracao id="42182" momento="2ºT" tempo="8">CANNAVARO! Zagueiro italiano salva duas vezes. A primeira, após cruzamento de Kalinichenko, se antecipando a Shevchenko e na segunda, a bola sobra para Gusin, que chuta rasteiro e zagueiro corta para frente.</narracao>
    <narracao id="42183" momento="2ºT" tempo="9">Gusev comete falta dura em Totti na entrada da área...</narracao>
    <video id="42203" momento="2ºT" video="493718"> Veja o vídeo:  9' Totti chuta e Shovkovskyi faz boa defesa.</video>
    <narracao id="42184" momento="2ºT" tempo="10">... Pirlo cobra na jogada ensaiada para Grosso, mas lateral é desarmado na pequena área.</narracao>
    <narracao id="42185" momento="2ºT" tempo="11">VALE-TUDO! O time da Ucrânia comete muitas faltas e não deixa a Itália jogar.</narracao>
    <narracao id="42187" momento="2ºT" tempo="12">INCRÍVEL! Primeiro, Gusev recebe na entrada da pequena área, chuta forte e Buffon espalma. Na seqüência, Kalinichenko chuta e Zambrotta tira com o peito, na linha do gol.</narracao>
    <video id="42207" momento="2ºT" video="493719"> Veja o vídeo:  12' Bombardeio da Ucrânia que Buffon e Zambrotta salvam.</video>
    <gol id="42188" momento="2ºT" atletaId="7243" tempo="13" escudo="/FlashShow/0,,9459,00.swf" contra="0"> GOL DE LUCA TONI  Totti cruza bola da esquerda na área. Cannavaro não cabeceia, Gusin não corta e Luca Toni mergulha de peixinho para cabecear no canto direito de Shovkovskyi.</gol>
    <video id="42188v" momento="2ºT" video="493720"> Veja o vídeo: Gol de Luca Toni.  13' Totti cruza bola da esquerda na área. Cannavaro não cabeceia, Gusin não corta e Luca Toni mergulha de peixinho para cabecear no canto direito de Shovkovskyi.</video>
    <narracao id="42190" momento="2ºT" tempo="16">NA TRAVE! Kalinichenko ccobra falta da direita no segundo pau. Gusin sobe de cabeça e coloca no travessão.</narracao>
    <video id="42208" momento="2ºT" video="493721"> Veja o vídeo:  16' Gusin cabeceia no travessão.</video>
    <narracao id="42191" momento="2ºT" tempo="17">Luca Toni ganha no corpo na entrada da área e rola para Camoranesi. Meia chuta forte, em cima da zaga.</narracao>
    <narracao id="42196" momento="2ºT" tempo="20">Camoranesi faz bela jogada e sofre pênalti de Nesmachnyi. Árbitro não marca e manda seguir o jogo. Azzurra é prejudicada.</narracao>
    <video id="42209" momento="2ºT" video="493722"> Veja o vídeo:  20' Camoranesi sofre pênalti, mas árbitro não marca.</video>
    <cartao id="42197" momento="2ºT" atletaId="12559" tempo="22" ico="/Portal/esportes/temporeal/swf/icos/cartao_amarelo.swf" cor="amarelo">Artem Milevskiy - Milevskiy, atacante da Ucrânia, é punido após falta dura em Cannavaro.</cartao>
    <substituicao id="42211" momento="2ºT" tempo="22" ico="/Portal/esportes/temporeal/swf/icos/substituicao.swf">Itália faz substituição: entra Simone Barone, sai Pirlo</substituicao>
    <substituicao id="42212" momento="2ºT" tempo="22" ico="/Portal/esportes/temporeal/swf/icos/substituicao.swf">Itália faz substituição: entra Oddo, sai Camoranesi</substituicao>
    <gol id="42201" momento="2ºT" atletaId="7243" tempo="23" escudo="/FlashShow/0,,9459,00.swf" contra="0"> GOL DE LUCA TONI  Após jogada espetacular de Zambrotta pela esquerda. Lateral dá um corte sensacional em Vashchuk e só rola para Luca Toni, livre, tocar para o gol vazio.</gol>
    <video id="42201v" momento="2ºT" video="493723"> Veja o vídeo: Gol de Luca Toni.  23' Após jogada espetacular de Zambrotta pela esquerda. Lateral dá um corte sensacional em Vashchuk e só rola para Luca Toni, livre, tocar para o gol vazio.</video>
    <narracao id="42202" momento="2ºT" tempo="25">FALTAS COMETIDAS: 12 - Itália / 27 - Ucrânia.</narracao>
    <substituicao id="42206" momento="2ºT" tempo="26" ico="/Portal/esportes/temporeal/swf/icos/substituicao.swf">Ucrânia faz substituição: entra Byelik, sai Milevskiy</substituicao>
    <narracao id="42210" momento="2ºT" tempo="29">Vorobey cruza bola da direita no segundo pau. Shevchenko cabeceia muito mal, por cima do gol de Buffon.</narracao>
    <video id="42220" momento="2ºT" video="493724"> Veja o vídeo:  29' Shevchenko cabeceia por cima do gol de Buffon.</video>
    <substituicao id="42213" momento="2ºT" tempo="31" ico="/Portal/esportes/temporeal/swf/icos/substituicao.swf">Itália faz substituição: entra Zaccardo, sai Gattuso</substituicao>
    <narracao id="42214" momento="2ºT" tempo="31">Com três a zero no placar, a Azzurra recua para garantir o resultado.</narracao>
    <narracao id="42215" momento="2ºT" tempo="33">FALTAS COMETIDAS: 14 - Itália / 30 - Ucrânia.</narracao>
    <narracao id="42216" momento="2ºT" tempo="34">BUFFON! Shevchenko cobra falta da intermediária soltando a bomba. Goleiro italiano espalma para a lateral.</narracao>
    <video id="42226" momento="2ºT" video="493727"> Veja o vídeo:  34' Shevchenko solta a bomba e Buffon espalma.</video>
    <narracao id="42217" momento="2ºT" tempo="35">Zambrotta arrisca chute forte de fora da área. A bola sobe demais e sai por cima do gol de Shovkovskyi.</narracao>
    <narracao id="42218" momento="2ºT" tempo="36">Nesmachnyi arrisca chute forte de fora da área. A bola sai por cima do gol de Buffon.</narracao>
    <narracao id="42219" momento="2ºT" tempo="36">CONTRA-ATAQUE! Luca Toni toca para Totti na área. Meia tenta encobrir Shovkovskyi, mas a bola sai fraca e goleiro faz a defesa.</narracao>
    <narracao id="42221" momento="2ºT" tempo="38">POSSE DE BOLA: 42% - Itália / 58% - Ucrânia.</narracao>
    <narracao id="42222" momento="2ºT" tempo="39">Kalinichenko arrisca chute forte de fora da área. A bola sai à esquerda do gol de Buffon.</narracao>
    <video id="42232" momento="2ºT" video="493730"> Veja o vídeo:  39' Tymoschuk chuta de longe, mas erra o gol.</video>
    <narracao id="42223" momento="2ºT" tempo="40">Tymoschuk recebe bola na ponta esquerda, mas chuta em cima de Cannavaro.</narracao>
    <narracao id="42224" momento="2ºT" tempo="40">Gusev cruza bola da direita no primeiro pau. Belik cabeceia e Buffon defende com segurança.</narracao>
    <video id="42231" momento="2ºT" video="493729"> Veja o vídeo:  40' Belik escora de cabeça e Buffon faz bela defesa.</video>
    <narracao id="42225" momento="2ºT" tempo="41">CHOQUE! Cannavaro, zagueiro da Itália tromba com Kalinichenko. Mas já está de volta a partida.</narracao>
    <narracao id="42227" momento="2ºT" tempo="44">QUE LINDA! A jogada de Shevchenko pela esquerda tabelando com Belik. Atacante cai na área, mas árbitro já parava o lance marcando falta em Oddo.</narracao>
    <video id="42233" momento="2ºT" video="493732"> Veja o vídeo:  44' Luca Toni perde a chance de marcar o quarto gol na saída do goleiro Shovkovskyi.</video>
    <video id="42234" momento="2ºT" video="493733"> Veja o vídeo:  44' Shevchenko faz bela jogada individual.</video>
    <narracao id="42228" momento="2ºT" tempo="45">ACRÉSCIMOS! Árbitro assinala mais dois minutos neste segundo tempo.</narracao>
    <narracao id="42229" momento="2ºT" tempo="46">Vorobey arrisca chute de muito longe. A bola se perde por cima do gol de Buffon.</narracao>
    <narracao id="42230" momento="2ºT" tempo="47">FIM DE JOGO EM HAMBURGO! A Itália vence por 3 a 0 e está nas semifinais do Mundial, onde encara a Alemanha na próxima terça-feira, 04 de julho. Já a Ucrânia está eliminada.</narracao>
    <momento id="42235" momento="E">Final de jogo</momento>
  </lances>
</lancealance>
