<?xml version="1.0" encoding="UTF-8"?>
<lancealance cobertura="1130" leitura="0">
  <placar>
    <equipe id="001" url="" nome="Irã" escudo="/FlashShow/0,,9458,00.swf" resultado="1" abreviacao="IRA"/>
    <equipe id="002" url="" nome="Angola" escudo="/FlashShow/0,,9441,00.swf" resultado="1" abreviacao="ANG"/>
  </placar>
  <lances>
    <narracao id="39339" momento="PJ" tempo="0">Irã e Angola se enfrentam às 11h (de Brasília).</narracao>
    <momento id="39340" momento="PJ">Pré-jogo</momento>
    <narracao id="39341" momento="PJ" tempo="0">O técnico Luis Oliveira Gonçalves desmentiu, na última quinta-feira, que a seleção esteja utilizando serviços de um bruxo, conforme noticiou uma TV portuguesa.</narracao>
    <narracao id="39342" momento="PJ" tempo="0">O goleiro João Ricardo, destaque contra o México, está sem clube há um ano. Ele saiu do Moreirense, de Portugal, no fim da temporada 2004/2005. E desde então não jogou mais em clube, somente pela seleção. João Ricardo, que não tem empresário, espera arrumar um clube depois da Copa. Ele foi eleito o melhor em campo contra o México. João Ricardo tem 36 anos e nasceu em Luanda.</narracao>
    <narracao id="39343" momento="PJ" tempo="0">Angola tenta ser a 5ª seleção africana a conseguir passar da primeira fase do Mundial. Antes de Angola, Marrocos (1986), Camarões (1990), Nigéria (1994) e Senegal (2002) conseguiram tal feito.</narracao>
    <narracao id="39344" momento="PJ" tempo="0">Apesar de Angola ainda ter chances de se classificar para as oitavas-de-final, o governo angolano já planeja uma grande festa de recepção em Luanda, com direito a show de música.
</narracao>
    <narracao id="39345" momento="PJ" tempo="0">A seleção angolana disputou 11 partidas oficiais neste ano, com 3 vitórias, 3 empates e 5 derrotas (16 gols a favor e 16 contra): 2x2 Marrocos; 1x3 Camarões; 0x0 Congo; 3x2 Togo; 0x1 Coréia do Sul; 5x1 Maurício; 3x1 Lesoto; 0x2 Argentina; 2x3 Turquia; 0x1 Portugal e 0x0 México.
</narracao>
    <narracao id="39346" momento="PJ" tempo="0">O Irã também tem o seu Beckham. Ídolo da torcida feminina iraniana, Ferydoon Zandi é vaidoso. Ele diz que não gosta muito da comparação com o jogador inglês, mas cuida da aparência e usa gel no cabelo. O personagem é polêmico também. Ele nasceu e foi criado na Alemanha, mas é filho de pai iraniano. "Meu coração é iraniano (...) Na Alemanha as pessoas são individualistas e egoístas. No Irã são solidárias. Há um forte sentido de união".</narracao>
    <narracao id="39347" momento="PJ" tempo="0">Depois da derrota de sábado, para Portugal, a imprensa iraniana fez muitas críticas ao técnico Branko Ivankovic. Um dos jornais, o Shargh, disse que o técnico é menos conhecido do que o jogador menos conhecido do Irã. Ivankovic disse que o Irã tem bons jogadores, mas, segundo ele, faltou experiência. Ele não quer a equipe desmotivada contra Angola e exige que o time encare o jogo como de vida ou morte.</narracao>
    <narracao id="39348" momento="PJ" tempo="0">O zagueiro Yahya Golmohammadi, autor do único gol do Irã na Copa (contra o México) teve um problema no ombro no domingo, numa disputa com Cristiano Ronaldo, de Portugal, e está fora da Copa. Ele deve ficar um mês parado.
</narracao>
    <narracao id="39349" momento="PJ" tempo="0">O Irã luta para conseguir sua 2ª vitória na história das Copas do Mundo. Sua única vitória aconteceu em 1998: 2x1 USA.</narracao>
    <narracao id="39350" momento="PJ" tempo="0">O jogo é considerado de alto risco pelas autoridades, pois Leipzig é sede alguns grupos neonazistas. Recentemente, o presidente do Irã, Mahmoud Ahmadinejad, deu declarações contra Israel e existe um temor de que os neonazistas queiram aproveitar um jogo do Irã para homenagear Ahmadinejad e fazer manifestações racistas.</narracao>
    <narracao id="39351" momento="PJ" tempo="0">Este é o primeiro confronto entre as seleções de Angola e Irã ao longo da história. </narracao>
    <momento id="39372" momento="1ºT">Primeiro tempo</momento>
    <video id="39385" momento="1ºT" video="486876"> Veja o vídeo:  0' Troca de flâmulas de Irã e Angola.</video>
    <narracao id="39373" momento="1ºT" tempo="1">BOLA ROLANDO EM LEIPZIG!</narracao>
    <video id="39386" momento="1ºT" video="486879"> Veja o vídeo:  1' Rola a bola em Leipzig.</video>
    <narracao id="39379" momento="1ºT" tempo="2">PRIMEIRO ATAQUE DO IRÃ! O meia Mahdavikia cobra falta de intermediária de ataque e levanta para a área da Angola. O zagueiro Jamba aparece bem e corta de cabeça.</narracao>
    <video id="39400" momento="1ºT" video="486881"> Veja o vídeo:  2' Jamba faz falta dura.</video>
    <narracao id="39382" momento="1ºT" tempo="6">TIRA A ZAGA! Madanchi recebe de Mahdavikia na ponta esquerda e descola o cruzamento para a área. Mais uma vez a zaga de Angola afasta.</narracao>
    <video id="39398" momento="1ºT" video="486884"> Veja o vídeo:  7' Nosrati sente a coxa e fica sem condições de continuar no jogo.</video>
    <narracao id="39387" momento="1ºT" tempo="9">Zé Kalanga desce pelo lado direito e cruza rasteiro para a área do Irã. O zagueiro Zandi se antecipa bem e afasta com os pés.</narracao>
    <narracao id="39389" momento="1ºT" tempo="11">POR CIMA! Mateus dos Santos recebe lançamento longo e domina na entrada da área do Irã. O meia arrisca para o gol, mas manda por cima da meta de Mirzapour!</narracao>
    <video id="39410" momento="1ºT" video="486886"> Veja o vídeo:  11' Mateus chuta por cima do gol.</video>
    <narracao id="39392" momento="1ºT" tempo="13">Lance Perigoso - QUASE! Zandi invade a área da Angola, pelo lado esquerdo, e chuta de frente para João Ricardo. O goleiro cai bem e faz grande defesa! </narracao>
    <video id="39412" momento="1ºT" video="486887"> Veja o vídeo:  13' João Ricardo faz grande defesa.</video>
    <substituicao id="39509" momento="1ºT" tempo="13" ico="/Portal/esportes/temporeal/swf/icos/substituicao.swf">Irã faz substituição: entra Shojaei, sai Nosrati</substituicao>
    <narracao id="39393" momento="1ºT" tempo="15">O meia Figueiredo recebe na intermediária de ataque e arrisca chute de longe. A bola vai no canto esquerdo, mas é muito fraca. Mirzapour faz defesa fácil.</narracao>
    <video id="39422" momento="1ºT" video="486894"> Veja o vídeo:  15' Figueiredo arrisca da entrada da área.</video>
    <narracao id="39396" momento="1ºT" tempo="17">PAROU! O goleiro João Ricardo coloca a bola em jogo e tenta ligar o ataque. O chute é muito forte e chega para Zé Kalanga na área da Angola. O árbitro pára o lance e marca a posição de impedimento do atacante.</narracao>
    <narracao id="39403" momento="1ºT" tempo="20">BOA CHANCE PARA O IRÃ! Hashemian recebe na intermediária de ataque e é derrubado por Loco. O árbitro marca a falta e é perigo para o gol de João Ricardo.</narracao>
    <cartao id="39405" momento="1ºT" atletaId="12419" tempo="20" ico="/Portal/esportes/temporeal/swf/icos/cartao_amarelo.swf" cor="amarelo">Loco - O zagueiro Loco faz falta dura e recebe o cartão amarelo </cartao>
    <video id="39424" momento="1ºT" video="486896"> Veja o vídeo:  20' Mateus se contunde e sai da partida.</video>
    <narracao id="39408" momento="1ºT" tempo="22">JOÃO RICARDO! Daei cobra a falta com um chute muito forte. O goleiro João Ricardo espalma para escanteio! </narracao>
    <narracao id="39414" momento="1ºT" tempo="25">DE CIMA DA LINHA! Após cobrança para a área da Angola, o atacante Hashemian sobe muito bem e testa para o gol. O meia Mendonça salva de cima da linha!</narracao>
    <video id="39426" momento="1ºT" video="486897"> Veja o vídeo:  25' João Ricardo salva a Angola após cabeçada de Daei!</video>
    <substituicao id="39521" momento="1ºT" tempo="25" ico="/Portal/esportes/temporeal/swf/icos/substituicao.swf">Angola faz substituição: entra Love, sai Mateus dos Santos</substituicao>
    <narracao id="39419" momento="1ºT" tempo="28">Lance Feio - MAAAAAL! Após levantamento para a área do Irã, Love ajeita de cabeça e Akwa finaliza de primeira. O atacante pega muito mal na bola e manda longe do gol de Mirzapour.</narracao>
    <video id="39444" momento="1ºT" video="486903"> Veja o vídeo:  28' Akwa manda por cima do gol.</video>
    <narracao id="39429" momento="1ºT" tempo="32">O meia Miloy domina na entrada da área do Irã e arrisca. O chute sai torto e a bola vai para fora.</narracao>
    <video id="39457" momento="1ºT" video="486912"> Veja o vídeo:  32' Miloy chuta para fora.</video>
    <cartao id="39430" momento="1ºT" atletaId="12378" tempo="35" ico="/Portal/esportes/temporeal/swf/icos/cartao_amarelo.swf" cor="amarelo">Madanchi - O meia Madanchi faz falta dura e é punido com o cartão amarelo.</cartao>
    <narracao id="39435" momento="1ºT" tempo="37">FALTA PERIGOSA PARA A ANGOLA! O meia Mendonça apoia pelo lado esquerdo e acaba derrubado por Bakhtiarizadeh. O árbitro marca a falta e é chance de cruzamento para a área do Irã!</narracao>
    <narracao id="39436" momento="1ºT" tempo="38">NADA! Mendonça cobra a falta para a área e a zaga do Irã afasta.</narracao>
    <narracao id="39442" momento="1ºT" tempo="40">BOA DEFESA! Teymourian recebe na entrada da área da Angola e dá uma bomba. A bola vai no canto esquerdo e o goleiro João Ricardo cai bem para defender em dois tempos.</narracao>
    <video id="39455" momento="1ºT" video="486910"> Veja o vídeo:  40' Teymourian chuta forte e João Ricardo defende bem.</video>
    <substituicao id="39510" momento="1ºT" tempo="40" ico="/Portal/esportes/temporeal/swf/icos/substituicao.swf">Irã faz substituição: entra Khatibi, sai Hashemian</substituicao>
    <narracao id="39447" momento="1ºT" tempo="43">MAIS CINCO! O árbitro aponta cinco minutos de acréscimo no primeiro tempo.</narracao>
    <narracao id="39449" momento="1ºT" tempo="45">PAROU!  Mendonça consegue o desarme em cima de Teymourian e domina na entrada da área do Irã. O árbitro pára o lance e marca a falta do meia angolano.</narracao>
    <cartao id="39450" momento="1ºT" atletaId="12428" tempo="45" ico="/Portal/esportes/temporeal/swf/icos/cartao_amarelo.swf" cor="amarelo">Mendonça - Mendonça faz falta em cima de Teymourian e recebe o cartão amarelo.</cartao>
    <narracao id="39453" momento="1ºT" tempo="47">Lance Perigoso - UUUUUH! Love recebe livre na entrada da área e chuta forte e no alto. O goleiro Mirzapour faz grande defesa e salva o Irã!</narracao>
    <video id="39471" momento="1ºT" video="486917"> Veja o vídeo:  47' Love solta a bomba!</video>
    <narracao id="39458" momento="1ºT" tempo="50">TERMINA O PRIMEIRO TEMPO EM LEIPZIG!</narracao>
    <momento id="39459" momento="I">Show do intervalo</momento>
    <narracao id="39466" momento="I" tempo="0">O Irã está melhor em campo. Apesar da eliminação consumada, a equipe mostra mais vontade e cria oportunidades para abrir o placar. O goleiro João Ricardo, de Angola, está tendo uma grande atuação e impedindo a derrota da sua equipe. Os angolanos ainda permanecem com chances de classificação, e por isso, devem voltar com tudo para a etapa final. O SEGUNDO TEMPO PROMETE! </narracao>
    <momento id="39474" momento="2ºT">Segundo tempo</momento>
    <narracao id="39475" momento="2ºT" tempo="1">ROLA A BOLA PARA O SEGUNDO TEMPO!</narracao>
    <narracao id="39477" momento="2ºT" tempo="1">Lance Perigoso - PERTO! O meia Mendonça recebe no lado esquerdo da ataque, corta para o meio e solta a bomba. A bola passa perto da trave, mas sai à direita do gol de Mirzapour!</narracao>
    <video id="39488" momento="2ºT" video="486934"> Veja o vídeo:  1' Mendonça arrisca e manda perto do gol.</video>
    <substituicao id="39522" momento="2ºT" tempo="1" ico="/Portal/esportes/temporeal/swf/icos/substituicao.swf">Angola faz substituição: entra Flávio Amado, sai Akwa</substituicao>
    <narracao id="39481" momento="2ºT" tempo="4">TÁ LOUCO! Após cruzamento para a área da Angola, o zagueiro Loco tenta recuar para João Ricardo, mas pega mal na bola. Madanchi por muito pouco não finaliza para o gol! João Ricardo sai bem e recupera.  </narracao>
    <video id="39492" momento="2ºT" video="486936"> Veja o vídeo:  4' Loco recua mal.</video>
    <narracao id="39483" momento="2ºT" tempo="8">FRACO! O zagueiro Zandi aparece bem no ataque, domina na entrada da área e arrisca o chute. A bola sai muito fraca e João Ricardo faz defesa fácil.</narracao>
    <cartao id="39485" momento="2ºT" atletaId="12597" tempo="9" ico="/Portal/esportes/temporeal/swf/icos/cartao_amarelo.swf" cor="amarelo">Teymourian - O meia Teymourian impede uma cobrança de falta e acaba punido com o cartão amarelo.</cartao>
    <narracao id="39491" momento="2ºT" tempo="12">BOMBA! Mahdavikia arrisca uma bomba da intermediária. O goleiro João Ricardo bate roupa, mas a zaga afasta o perigo.  </narracao>
    <gol id="39499" momento="2ºT" atletaId="12425" tempo="14" escudo="/FlashShow/0,,9441,00.swf" contra="0"> GOL DE FLÁVIO AMADO  É  GOOOOOOOOOOOL! O meia Zé Kalanga desce pela ponta direita e descola cruzamento para a área do Irã. O atacante Flávio Amado sobe muito bem, no segundo pau, e testa para o fundo do gol! PRIMEIRO GOL DA ANGOLA EM COPAS DO MUNDO!</gol>
    <video id="39499v" momento="2ºT" video="486945"> Veja o vídeo: Gol de Flávio Amado.  14' É  GOOOOOOOOOOOL! O meia Zé Kalanga desce pela ponta direita e descola cruzamento para a área do Irã. O atacante Flávio Amado sobe muito bem, no segundo pau, e testa para o fundo do gol! PRIMEIRO GOL DA ANGOLA EM COPAS DO MUNDO!</video>
    <narracao id="39502" momento="2ºT" tempo="17">PARA FORA! O meia Mendonça recebe na entrada da área do Irã e arrisca para o gol. O chute sai torto e a bola vai para fora.</narracao>
    <video id="39542" momento="2ºT" video="486949"> Veja o vídeo:  17' Mendonça arrisca de longe.</video>
    <narracao id="39507" momento="2ºT" tempo="19">FALTA PERIGOSA PARA A ANGOLA! Zé Kalanga recebe na ponta direita, tenta passar por Mandachi, mas é derrubado. O árbitro marca a falta e é chance de cruzamento para a área do Irã!</narracao>
    <narracao id="39508" momento="2ºT" tempo="20">NADA! Figueiredo cobra a falta para a área, mas o meia Mendonça não consegue dominar.</narracao>
    <substituicao id="39511" momento="2ºT" tempo="22" ico="/Portal/esportes/temporeal/swf/icos/substituicao.swf">Irã faz substituição: entra Borhani, sai Kaabi</substituicao>
    <cartao id="39515" momento="2ºT" atletaId="12427" tempo="23" ico="/Portal/esportes/temporeal/swf/icos/cartao_amarelo.swf" cor="amarelo">Zé Kalanga - O meia Zé Kalanga comete falta dura e acaba punido com o cartão amarelo.</cartao>
    <narracao id="39518" momento="2ºT" tempo="23">Lance Perigoso - UUUUUH! Zé Kalanga desce pelo lado direito, chega bem à linha de fundo e descola o cruzamento para a área do Irã. O atacante Love sobe bem, no segundo pau, e finaliza de cabeça. Mirzapour defende bem!</narracao>
    <video id="39543" momento="2ºT" video="486955"> Veja o vídeo:  23' Love finaliza de cabeça.</video>
    <narracao id="39519" momento="2ºT" tempo="24">Khatibi recebe ótimo passe e domina na área do Irã. O atacante tenta chute de virada, mas pega muito mal. A bola sai fraca e João Ricardo faz defesa fácil.</narracao>
    <substituicao id="39523" momento="2ºT" tempo="27" ico="/Portal/esportes/temporeal/swf/icos/substituicao.swf">Angola faz substituição: entra Rui Marques, sai Figueiredo</substituicao>
    <gol id="39535" momento="2ºT" atletaId="12595" tempo="29" escudo="/FlashShow/0,,9458,00.swf" contra="0"> GOL DE BAKHTIARIZADEH  É GOOOOOOOOL! Após cobrança de escanteio para a área de Angola, o zagueiro Bakhtiarizadeh sobe bem e testa no canto esquerdo. O goleiro João Ricardo se estica todo, mas não consegue chegar. TUDO IGUAL EM LEIPZIG!</gol>
    <video id="39535v" momento="2ºT" video="486960"> Veja o vídeo: Gol de Bakhtiarizadeh.  29' É GOOOOOOOOL! Após cobrança de escanteio para a área de Angola, o zagueiro Bakhtiarizadeh sobe bem e testa no canto esquerdo. O goleiro João Ricardo se estica todo, mas não consegue chegar. TUDO IGUAL EM LEIPZIG!</video>
    <narracao id="39539" momento="2ºT" tempo="33">O meia Miloy recebe na intermediária e arrisca chute de muito longe. A bola sai fraca e o goleiro Mirzapour faz defesa fácil.</narracao>
    <narracao id="39546" momento="2ºT" tempo="35">O atacante Khatibi recebe livre na entrada da área e chuta forte. O goleiro João Ricardo espalma para escanteio...
</narracao>
    <video id="39564" momento="2ºT" video="486968"> Veja o vídeo:  35' Khatibi solta a bomba</video>
    <narracao id="39548" momento="2ºT" tempo="36">...Após cobrança de escanteio para a área da Angola, o zagueiro Jamba sobe bem e afasta o perigo de cabeça.</narracao>
    <narracao id="39553" momento="2ºT" tempo="40">FALTA PERIGOSA PARA A ANGOLA! Zé Kalanga recebe bom passe e domina na ponta esquerda. O meia Shojaei chega com tudo e comete a falta. É chance de cruzamento para a área do Irã!
</narracao>
    <narracao id="39555" momento="2ºT" tempo="42">SAIU BEM! Zé Kalanga cobra a falta para a área do Irã, e o goleiro Mirzapour sai bem e tira de soco.</narracao>
    <narracao id="39557" momento="2ºT" tempo="44">MAIS TRÊS! O árbitro aponta três minutos de acréscimo na etapa final!</narracao>
    <cartao id="39558" momento="2ºT" atletaId="12384" tempo="45" ico="/Portal/esportes/temporeal/swf/icos/cartao_amarelo.swf" cor="amarelo">Zandi - O zagueiro Zandi comete falta dura e é punido com o cartão amarelo.</cartao>
    <narracao id="39560" momento="2ºT" tempo="46">O meia Mendonça cobra falta da entrada da área, mas a bola sai muito fraca. Mirzapour faz defesa fácil.</narracao>
    <narracao id="39563" momento="2ºT" tempo="48">TERMINA O JOGO EM LEIPZIG!</narracao>
    <momento id="39565" momento="E">Final de jogo</momento>
    <narracao id="39567" momento="E" tempo="0">Os dois times se despedem da Copa do Mundo com um empate. Angola teria se classificado para a próxima fase se tivesse vencido o jogo por três gols de diferença, mas o time do Irã jogou bem e impediu o feito histórico dos africanos. O empate foi um resultado justo.</narracao>
  </lances>
</lancealance>
