<?xml version="1.0" encoding="UTF-8"?>
<lancealance cobertura="1245" leitura="0">
  <placar>
    <equipe id="001" url="" nome="Goiás" escudo="/FlashShow/0,,7681,00.swf" resultado="1" abreviacao="GOI"/>
    <equipe id="002" url="" nome="Fortaleza" escudo="/FlashShow/0,,6592,00.swf" resultado="1" abreviacao="FOR"/>
  </placar>
  <lances>
    <narracao id="47772" momento="PJ" tempo="0">Goiás e Fortaleza se enfrentam às 18h10m.</narracao>
    <momento id="47773" momento="PJ">Pré-jogo</momento>
    <momento id="47784" momento="1ºT">Primeiro tempo</momento>
    <narracao id="47785" momento="1ºT" tempo="1">Rola a bola para o primeiro tempo!</narracao>
    <narracao id="47791" momento="1ºT" tempo="2">Romerito recebe no lado esquerdo de ataque, invade a área e chuta forte. Albérico faz boa defesa!</narracao>
    <narracao id="47795" momento="1ºT" tempo="4">Jadílson levanta para a área. O atacante Romerito finaliza de cabeça, mas Albérico defende.</narracao>
    <cartao id="47797" momento="1ºT" atletaId="117" tempo="5" ico="/Portal/esportes/temporeal/swf/icos/cartao_amarelo.swf" cor="amarelo">Leonardo - Zagueiro faz falta dura e é punido com o cartão amarelo.</cartao>
    <narracao id="47799" momento="1ºT" tempo="6">Michel cobra falta da entrada da área, mas pega mal. A bola sai por cima do gol de Harlei. </narracao>
    <cartao id="47803" momento="1ºT" atletaId="6584" tempo="7" ico="/Portal/esportes/temporeal/swf/icos/cartao_amarelo.swf" cor="amarelo">Danilo Portugal - Meia faz falta dura e é punido com o cartão amarelo.</cartao>
    <narracao id="47809" momento="1ºT" tempo="9">Jadílson tenta lançamento para Welliton, mas pega muito forte. O goleiro Albérico sai bem do gol e recupera.</narracao>
    <narracao id="47812" momento="1ºT" tempo="12">PERTO! Welliton recebe no lado direito da grande área e chuta cruzado. A bola sai tirando tinta da trave de Albérico!</narracao>
    <video id="47837" momento="1ºT" video="512643"> Veja o vídeo:  12' Welliton, do Goiás, chuta cruzado, com perigo.</video>
    <narracao id="47814" momento="1ºT" tempo="13">Romerito desce pela esquerda e cruza rasteiro. Souza aparece bem na área, mas não consegue concluir.</narracao>
    <narracao id="47823" momento="1ºT" tempo="15">ALBÉRICO! Após levantamento para a área do Fortaleza, o atacante Souza finaliza muito bem de cabeça e o goleiro Albérico faz grande defesa!</narracao>
    <video id="47864" momento="1ºT" video="512645"> Veja o vídeo:  16' Alberíco, do Fortaleza, faz grande defesa em cabeçada de Souza.</video>
    <cartao id="47826" momento="1ºT" atletaId="5237" tempo="17" ico="/Portal/esportes/temporeal/swf/icos/cartao_amarelo.swf" cor="amarelo">Fabiano - Zagueiro faz falta dura e é punido com o cartão amarelo.</cartao>
    <narracao id="47831" momento="1ºT" tempo="18">Jadílson apoia pelo lado esquerdo e cruza. Souza tenta de virada, mas manda para fora.</narracao>
    <cartao id="47833" momento="1ºT" atletaId="6405" tempo="19" ico="/Portal/esportes/temporeal/swf/icos/cartao_amarelo.swf" cor="amarelo">André Cunha - Lateral faz falta dura e é punido com o cartão amarelo.</cartao>
    <video id="47867" momento="1ºT" video="512646"> Veja o vídeo:  19' Souza, do Goiás, chuta com grande estilo para fora.</video>
    <narracao id="47840" momento="1ºT" tempo="21">INCRÍVEL! Romerito desce pelo lado direito e cruza para trás. O atacante Souza finaliza da entrada da pequena área, mas o goleiro Albérico faz outra ótima defesa!</narracao>
    <narracao id="47843" momento="1ºT" tempo="23">FINALIZAÇÕES: Goiás 8 - Fortaleza 3</narracao>
    <video id="47869" momento="1ºT" video="512650"> Veja o vídeo:  24' Romerito, do Goiás, chuta de longe e Albérico defende.</video>
    <narracao id="47849" momento="1ºT" tempo="25">Zagueiro retarda o jogo e é punido com o cartão amarelo.</narracao>
    <cartao id="47851" momento="1ºT" atletaId="10132" tempo="27" ico="/Portal/esportes/temporeal/swf/icos/cartao_amarelo.swf" cor="amarelo">Bruno Barros - Meia reclama com o árbitro e recebe o cartão amarelo.</cartao>
    <narracao id="47854" momento="1ºT" tempo="28">Jadílson recebe no lado esquerdo de ataque e cruza. O atacante Souza desvia de cabeça, mas manda para fora!</narracao>
    <narracao id="47856" momento="1ºT" tempo="30">Jadílson recebe no lado esquerdo, invade a área do Fortaleza, mas finaliza mal. A bola sai por cima do gol de Albérico!</narracao>
    <narracao id="47862" momento="1ºT" tempo="33">POR POUCO! Welliton invade a área pelo lado direito e chuta. Albérico faz grande defesa! No rebote, Souza chuta à queima-roupa, mas o goleiro faz milagre!</narracao>
    <narracao id="47871" momento="1ºT" tempo="35">FALTAS COMETIDAS: Goiás 12 - Fortaleza 13</narracao>
    <cartao id="47873" momento="1ºT" atletaId="5035" tempo="37" ico="/Portal/esportes/temporeal/swf/icos/cartao_amarelo.swf" cor="amarelo">Romerito - Atacante reclama com o árbitro e é punido com o cartão amarelo.</cartao>
    <narracao id="47883" momento="1ºT" tempo="39">Fizazzi domina na intermediária e arrisca de longe! A bola sai por cima do gol de Harlei!</narracao>
    <narracao id="47886" momento="1ºT" tempo="42">Jadílson apoia pelo lado esquerdo e descola o cruzamento. O atacante Welliton sobe sozinho na área, mas testa por cima do gol de Albérico!</narracao>
    <narracao id="47887" momento="1ºT" tempo="44">MAIS UM!</narracao>
    <gol id="47891" momento="1ºT" atletaId="103" tempo="45" escudo="/FlashShow/0,,7681,00.swf" contra="0"> GOL DE SOUZA  É GOOOOOOOOOOOOOOOOOOOL! Welliton recebe passe em profundidade na ponta direita e cruza rasteiro. O atacante aparece livre no segundo pau e manda para o fundo do gol do Fortaleza. GOIÁS NA FRENTE!</gol>
    <video id="47891v" momento="1ºT" video="512672"> Veja o vídeo: Gol de Souza.  45' É GOOOOOOOOOOOOOOOOOOOL! Welliton recebe passe em profundidade na ponta direita e cruza rasteiro. O atacante aparece livre no segundo pau e manda para o fundo do gol do Fortaleza. GOIÁS NA FRENTE!</video>
    <narracao id="47893" momento="1ºT" tempo="46">TERMINA O PRIMEIRO TEMPO!</narracao>
    <momento id="47894" momento="I">Show do intervalo</momento>
    <narracao id="47907" momento="I" tempo="0">O Goiás foi melhor durante todo o primeiro. A equipe esmeraldina conseguiu criar muitas chance de gol, e só não vence com uma vantagem maior porque os atacante concluiram mal na primeira etapa.</narracao>
    <momento id="47920" momento="2ºT">Segundo tempo</momento>
    <narracao id="47926" momento="2ºT" tempo="1">ROLA A BOLA PARA O SEGUNDO TEMPO!</narracao>
    <narracao id="47939" momento="2ºT" tempo="4">Welliton faz ótima jogada individual na entrada da área e chuta rasteiro. Albérico cai bem e defende!</narracao>
    <narracao id="47949" momento="2ºT" tempo="7">Finazzi recebe na intermediária de ataque e arrisca de longe. O chute é torto e a bola sai à direita de Harlei.</narracao>
    <video id="47959" momento="2ºT" video="512690"> Veja o vídeo:  8' Torcedores do Goiás lançam bomba contra torcida adversária e polícia intervém.</video>
    <narracao id="47961" momento="2ºT" tempo="11">Welliton apoia pelo lado esquerdo e cruza rasteiro. Souza não consegue concluir!</narracao>
    <substituicao id="48016" momento="2ºT" tempo="13" ico="/Portal/esportes/temporeal/swf/icos/substituicao.swf">Fortaleza faz substituição: entra Rinaldo, sai Jorge Mutt</substituicao>
    <substituicao id="48002" momento="2ºT" tempo="15" ico="/Portal/esportes/temporeal/swf/icos/substituicao.swf">Goiás faz substituição: entra Fábio Bahia, sai Danilo Portugal</substituicao>
    <narracao id="47978" momento="2ºT" tempo="17">O jogo cai em qualidade. O Goiás ainda domina a partida, mas não chega com tanto perigo como no primeiro tempo.</narracao>
    <narracao id="47982" momento="2ºT" tempo="19">Welliton invade a área pelo lado esquerdo e chuta rasteiro. A bola bate na rede pelo lado de fora!</narracao>
    <narracao id="47984" momento="2ºT" tempo="21">Welliton domina na entrada da área, mas demora muito com a bola nos pés e acaba desarmado por Ivan!</narracao>
    <narracao id="47987" momento="2ºT" tempo="23">Jadílson cobra falta da ponta esquerda e levanta para a área do Fortaleza. Souza finaliza com os pés, mas manda para fora.</narracao>
    <substituicao id="48003" momento="2ºT" tempo="24" ico="/Portal/esportes/temporeal/swf/icos/substituicao.swf">Goiás faz substituição: entra Jhonson, sai Souza</substituicao>
    <cartao id="47993" momento="2ºT" atletaId="6585" tempo="25" ico="/Portal/esportes/temporeal/swf/icos/cartao_amarelo.swf" cor="amarelo">Cléber - Meia faz falta dura e é punido com o cartão amarelo.</cartao>
    <substituicao id="48017" momento="2ºT" tempo="26" ico="/Portal/esportes/temporeal/swf/icos/substituicao.swf">Fortaleza faz substituição: entra Mazinho Lima, sai André Cunha</substituicao>
    <cartao id="47999" momento="2ºT" atletaId="3733" tempo="27" ico="/Portal/esportes/temporeal/swf/icos/cartao_vermelho.swf" cor="vermelho">Jadílson - Lateral dá uma entrada desleal no adversário e recebe o cartão vermelho!</cartao>
    <substituicao id="48004" momento="2ºT" tempo="29" ico="/Portal/esportes/temporeal/swf/icos/substituicao.swf">Goiás faz substituição: entra Luciano Almeida, sai Welliton</substituicao>
    <narracao id="48007" momento="2ºT" tempo="29">Mazinho recebe na entrada da área e ajeita para chute de Rinaldo. O atacante pega forte, mas a bola explode na zaga!</narracao>
    <substituicao id="48018" momento="2ºT" tempo="33" ico="/Portal/esportes/temporeal/swf/icos/substituicao.swf">Fortaleza faz substituição: entra Nunes, sai Ramalho</substituicao>
    <narracao id="48026" momento="2ºT" tempo="35">Neste momento, o Fortaleza tem mais a posse de bola e troca passes no campo de ataque. Entretanto, mesmo com o domínio do jogo, a equipe visitante não consegue criar oportunidades reais de gol.</narracao>
    <narracao id="48034" momento="2ºT" tempo="39">Luciano recebe no lado esquerdo de ataque e cruza rasteiro. Johnson tenta alcançar de carrinho, mas não consegue concluir!</narracao>
    <narracao id="48036" momento="2ºT" tempo="40">É PÊNALTI! Finazzi recebe na área e é derrubado por Leonardo! Pênalti para o Fortaleza!</narracao>
    <cartao id="48038" momento="2ºT" atletaId="117" tempo="40" ico="/Portal/esportes/temporeal/swf/icos/cartao_vermelho.swf" cor="vermelho">Leonardo - Zagueiro é expulso após cometer o pênalti!</cartao>
    <gol id="48040" momento="2ºT" atletaId="12813" tempo="41" escudo="/FlashShow/0,,6592,00.swf" contra="0"> GOL DE NUNES  É GOOOOOOOOOOOOOOOL! Atacante cobra rasteiroe no canto esquerdo. O goleiro Harlei acerta o canto, toca na bola, mas não consegue defender! TUDO IGUAL!</gol>
    <narracao id="48048" momento="2ºT" tempo="43">MAIS TRÊS!</narracao>
    <narracao id="48054" momento="2ºT" tempo="46">Romerito recebe no lado esquerdo de ataque, tenta cruzamento e manda muito mal. A bola vai direto pela linha de fundo!</narracao>
    <narracao id="48056" momento="2ºT" tempo="47">Fábio Bahia recebe no lado esquerdo de ataque e tenta de primeira. A bola sai à esquerda do gol de Albérico!</narracao>
    <narracao id="48059" momento="2ºT" tempo="48">ACABOU!!!!!!!!!!!!!!!</narracao>
    <momento id="48060" momento="E">Final de jogo</momento>
    <narracao id="48061" momento="E" tempo="0">O Goiás pagou o preço pelas inumeras oportunidades perdidas no primeiro tempo e ficou no empate com o Fortaleza em casa!</narracao>
  </lances>
</lancealance>
