<?xml version="1.0" encoding="UTF-8"?>
<lancealance cobertura="1400" leitura="0">
  <placar>
    <equipe id="001" url="" nome="Grêmio" escudo="/FlashShow/0,,7844,00.swf" resultado="2" abreviacao="GRE"/>
    <equipe id="002" url="" nome="Paraná" escudo="/FlashShow/0,,6598,00.swf" resultado="1" abreviacao="PAR"/>
  </placar>
  <lances>
    <momento id="55864" momento="PJ">Pré-jogo</momento>
    <narracao id="55865" momento="PJ" tempo="0">Os gaúchos estão em quarto lugar, com 35 pontos, e vêm de uma vitória no meio da semana sobre o Cruzeiro, por 2 a 1.</narracao>
    <narracao id="55873" momento="PJ" tempo="0">O Paraná ocupa a sétima colocação no campeonato, com 31 pontos, está há três jogos sem vencer e vem de uma goleada sofrida no Maracanã para o Botafogo, 4 a 0.</narracao>
    <narracao id="55883" momento="PJ" tempo="0">No primeiro turno, o Paraná goleou o Grêmio por 5 a 2, no Pinheirão. Hoje os gaúchos buscam a revanche no Olímpico.</narracao>
    <narracao id="55866" momento="PJ" tempo="0">O JOGO DE HOJE MARCA O RETORNO DO GRÊMIO AO OLÍMPICO APÓS OS INCIDENTES DO GRE-NAL, EM QUE TORCEDORES DO TRICOLOR COLOCARAM FOGO EM BANHEIROS QUÍMICOS DO BEIRA-RIO!!!</narracao>
    <narracao id="55863" momento="PJ" tempo="0">Grêmio e Paraná se enfrentam na tarde deste domingo, às 16h (horário de Brasília), pela 22° rodada do campeonato Brasileiro.</narracao>
    <momento id="55884" momento="1ºT">Primeiro tempo</momento>
    <narracao id="55886" momento="1ºT" tempo="0">COMEÇA A PARTIDA NO OLÍMPICO!!!! O GRÊMIO SAI JOGANDO!!!</narracao>
    <narracao id="55893" momento="1ºT" tempo="2">Muita correria e passes errados nesse começo de jogo!</narracao>
    <narracao id="55894" momento="1ºT" tempo="3">O Grêmio aperta a marcação e o paraná não consegue sair do seu campo de defesa.</narracao>
    <narracao id="55899" momento="1ºT" tempo="5">O GRÊMIO CHEGA NO ATAQUE!!! Rômulo encontra Ramón sozinho pela esquerda. Ele recebe a bola e chuta muito longe do gol de Flávio.</narracao>
    <narracao id="55909" momento="1ºT" tempo="7">O Paraná chega pela linha de fundo com Edinho. É escanteio para os paranaenses.</narracao>
    <narracao id="55911" momento="1ºT" tempo="7">Escanteio cobrado e o zagueiro Neguete cabeceia sem perigo para o Camisa 1 do Grêmio, Marcelo Grohe. É só tiro de meta.</narracao>
    <narracao id="55921" momento="1ºT" tempo="10">Tcheco puxa o contra-ataque do Grêmio em passe errado do Paraná. Ramón é lançado, mas o bandeirinha já assinala impedimento.</narracao>
    <narracao id="55928" momento="1ºT" tempo="12">JOGO FEIO!!!! Os jogadores dos dois times se embolam com a bola e a jogada termina com um chutão para cima, para ninguém. </narracao>
    <narracao id="55930" momento="1ºT" tempo="13">Impedimento marcado erradamente contra o Grêmio!!! Rômulo é lançado em posição legal, mas o bandeira pára a jogada.</narracao>
    <narracao id="55935" momento="1ºT" tempo="14">GRÊMIO NO ATAQUE!!! Confusão na área do paraná, a bola sobra para Rômulo de cara para o gol que chuta errado. Tiro de meta para o goleiro Flávio cobrar.</narracao>
    <cartao id="55937" momento="1ºT" atletaId="12854" tempo="15" ico="/Portal/esportes/temporeal/swf/icos/cartao_amarelo.swf" cor="amarelo">Bruno Teles - Paraná chega ao ataque, mas a jogada é parada com falta de Bruno Telles que é punido pelo árbitro.</cartao>
    <gol id="55942" momento="1ºT" atletaId="12039" tempo="16" escudo="/FlashShow/0,,6598,00.swf" contra="0"> GOL DE ÂNGELO  Falta cobrada... Está lá dentro.... Ângelo cobra a falta no ângulo de Marcelo, sem chances para o goleiro!!! </gol>
    <video id="55942v" momento="1ºT" video="533574"> Veja o vídeo: Gol de Ângelo.  16' Falta cobrada... Está lá dentro.... Ângelo cobra a falta no ângulo de Marcelo, sem chances para o goleiro!!! </video>
    <narracao id="55945" momento="1ºT" tempo="17">Paraná 1 x 0 Grêmio!!!!</narracao>
    <narracao id="55949" momento="1ºT" tempo="18">Ângelo é o artilheiro no Paraná, com seis gols, nesse Brasileirão!!!</narracao>
    <video id="55951" momento="1ºT" video="533566"> Veja o vídeo:  19' Aos cinco minutos de jogo Rômulo chuta por cima do gol do Paraná.</video>
    <cartao id="55957" momento="1ºT" atletaId="5999" tempo="21" ico="/Portal/esportes/temporeal/swf/icos/cartao_amarelo.swf" cor="amarelo">Maicosuel - Maicossuel se desentende com Patrício e recebe o cartão.</cartao>
    <narracao id="55961" momento="1ºT" tempo="21">O JOGO FICA DURO NO OLÍMPICO!!! Pierre chega firme na jogada e é falta para o Grêmio cobrar.</narracao>
    <cartao id="55963" momento="1ºT" atletaId="6077" tempo="22" ico="/Portal/esportes/temporeal/swf/icos/cartao_amarelo.swf" cor="amarelo">Gustavo - O zagueiro Gustavo chuta a bola enquanto o árbitro está arrumando a barreira e é punido pelo juiz.</cartao>
    <narracao id="55973" momento="1ºT" tempo="25">Jogo truncado, de muita marcação entre Grêmio e Paraná.</narracao>
    <narracao id="55975" momento="1ºT" tempo="26">O técnico do Grêmio reclama muito no banco e o árbitro chama a atenção de Mano Menezes.</narracao>
    <narracao id="55978" momento="1ºT" tempo="27">Pierre chega pela lateral esquerda, cruza na área do Grêmio e o zagueiro Pereira corta o perigo.</narracao>
    <cartao id="55983" momento="1ºT" atletaId="4774" tempo="28" ico="/Portal/esportes/temporeal/swf/icos/cartao_amarelo.swf" cor="amarelo">Beto - O capitão do Paraná, Beto, leva o cartão amarelo depois de falta em Lucas.</cartao>
    <narracao id="55988" momento="1ºT" tempo="30">Falta na lateral, perto da linha de fundo, para o Paraná cobra.</narracao>
    <narracao id="55991" momento="1ºT" tempo="30">Falta cobrada, Lucas divide a bola com Beto e o goleiro Marcelo tira o perigo.</narracao>
    <gol id="55997" momento="1ºT" atletaId="10879" tempo="31" escudo="/FlashShow/0,,7844,00.swf" contra="0"> GOL DE WILLIAM  ESTÁ LÁ DENTRO!!!!!!!! Escanteio cobrado para o grêmio, o zagueiro Willian pega de primeira, sem deixar a bola cair e empata para a partida!!!</gol>
    <video id="55997v" momento="1ºT" video="533596"> Veja o vídeo: Gol de William.  31' ESTÁ LÁ DENTRO!!!!!!!! Escanteio cobrado para o grêmio, o zagueiro Willian pega de primeira, sem deixar a bola cair e empata para a partida!!!</video>
    <narracao id="55999" momento="1ºT" tempo="32">GRÊMIO NO ATAQUE MAIS UMA VEZ... Tcheco recebe na frente, bate forte, mas a bola vai alta. É só tiro de meta para o Paraná.</narracao>
    <narracao id="56006" momento="1ºT" tempo="34">No momento, só dá Grêmio!!! Lucas chega pela lateral, tenta o cruzamento, mas a bola sai por cima do gol de Flávio.</narracao>
    <narracao id="56010" momento="1ºT" tempo="35">Bruno Telles arrisca de fora da área para o Grêmio, mas a bola sai pela linha de fundo sem perigo para o goleiro do Paraná!!</narracao>
    <narracao id="56013" momento="1ºT" tempo="36">LAMBANÇA!!!!! O goleiro Flávio do Paraná se atrapalha, após o cruzamento do Grêmio e acaba deixando a bola sair para escanteio!!!</narracao>
    <narracao id="56016" momento="1ºT" tempo="38">O Paraná não consegue sair para o ataque!!!</narracao>
    <cartao id="56019" momento="1ºT" atletaId="2916" tempo="38" ico="/Portal/esportes/temporeal/swf/icos/cartao_amarelo.swf" cor="amarelo">Neguete - Mais um cartão para o Paraná. Neguete pára Rafinha com falta na lateral do campo.</cartao>
    <video id="56024" momento="1ºT" video="533594"> Veja o vídeo:  40' Aos 28 minutos, Pereira cabeceia por cima do gol do Paraná.</video>
    <narracao id="56029" momento="1ºT" tempo="42">Mais uma vez o Grêmio no ataque!!!! Wellington cruza a bola na cabeça de Rômulo que manda para fora. Tiro de meta para Flávio.</narracao>
    <narracao id="56033" momento="1ºT" tempo="43">O Paraná aperta a marcação na saída de bola do Grêmio...</narracao>
    <cartao id="56036" momento="1ºT" atletaId="12949" tempo="44" ico="/Portal/esportes/temporeal/swf/icos/cartao_amarelo.swf" cor="amarelo">Joélson - ... mas a jogada termina em falta e o quinto cartão amarelo para o Paraná!!!!</cartao>
    <narracao id="56040" momento="1ºT" tempo="45">O juiz informa um minuto de acréscimo!!!</narracao>
    <narracao id="56041" momento="1ºT" tempo="46">FIM DE PRIMEIRO TEMPO NO OLÍMPICO!!!!!</narracao>
    <momento id="56042" momento="I">Show do intervalo</momento>
    <narracao id="56049" momento="I" tempo="0">O técnico do Paraná Caio Junior diz que time jogou bem até levar o gol de empate, mas depois sentiu a pressão e não rendeu mais.</narracao>
    <narracao id="56056" momento="I" tempo="0">NA PRIMEIRA ETAPA: GRÊMIO 1 X 1 PARANÁ !!!!!</narracao>
    <narracao id="56059" momento="I" tempo="0">NOS OUTROS JOGOS DAS 16h: Atlético-PR 0 x 4 Botafogo; Santos 2 x 1 Palmeiras; Goiás 1 x 0 Juventude; São Caetano 0 x 0 Fortaleza
</narracao>
    <momento id="56083" momento="2ºT">Segundo tempo</momento>
    <narracao id="56084" momento="2ºT" tempo="0">RECOMEÇA O JOGO NO OLÍMPICO!!!! ÚLTIMOS 45 MINUTOS DE JOGO!!!</narracao>
    <substituicao id="56255" momento="2ºT" tempo="1" ico="/Portal/esportes/temporeal/swf/icos/substituicao.swf">Grêmio faz substituição: entra Herrera, sai Bruno Telles</substituicao>
    <substituicao id="56259" momento="2ºT" tempo="1" ico="/Portal/esportes/temporeal/swf/icos/substituicao.swf">Paraná faz substituição: entra Sandro, sai Joelson</substituicao>
    <narracao id="56092" momento="2ºT" tempo="3">Paraná no ataque... falta em cima de Edinho.</narracao>
    <narracao id="56095" momento="2ºT" tempo="4">Falta cobrada rápida, mas o grêmio já recupera a bola e parte para o ataque.</narracao>
    <narracao id="56099" momento="2ºT" tempo="5">Neguete derruba Herrera na entrada da área e o Grêmio tem falta perigosa para cobrar. Wellington e Tcheco na bola.</narracao>
    <narracao id="56102" momento="2ºT" tempo="6">Wellington cobra na mão do goleiro Flávio do Paraná.</narracao>
    <narracao id="56115" momento="2ºT" tempo="9">GRÊMIO NO ATAQUE!!!!  Rafinha cruza na cabeça de Herrera que pega mal na bola. Tiro de meta para Flávio.</narracao>
    <narracao id="56129" momento="2ºT" tempo="13">O jogo fica cadenciado no Olímpico. As duas equipes tocam a bola no meio-campo.</narracao>
    <narracao id="56137" momento="2ºT" tempo="15">Ramón fica na cara do gol... mas o bandeirinha marca impedimento errado do atacante do Grêmio!!! </narracao>
    <substituicao id="56260" momento="2ºT" tempo="15" ico="/Portal/esportes/temporeal/swf/icos/substituicao.swf">Paraná faz substituição: entra Jefferson, sai Maicossuel</substituicao>
    <video id="56140" momento="2ºT" video="533631"> Veja o vídeo:  17' Aos dez minutos da segunda etapa, Herrera toca de cabeça para fora.</video>
    <narracao id="56145" momento="2ºT" tempo="18">SÓ DA GRÊMIO NO OLÍMPICO!!! O Tricolor gaúcho aperta o time do Paraná.</narracao>
    <cartao id="56153" momento="2ºT" atletaId="6449" tempo="19" ico="/Portal/esportes/temporeal/swf/icos/cartao_amarelo.swf" cor="amarelo">Tcheco - Tcheco reclama com o árbitro e recebe o cartão amarelo.</cartao>
    <substituicao id="56256" momento="2ºT" tempo="19" ico="/Portal/esportes/temporeal/swf/icos/substituicao.swf">Grêmio faz substituição: entra Ricardinho, sai Rômulo</substituicao>
    <narracao id="56157" momento="2ºT" tempo="20">Neguete e Herrera se embolam na lateral do campo. O zagueiro do Paraná já tem cartão amarelo.</narracao>
    <narracao id="56160" momento="2ºT" tempo="21">No escanteio para o Grêmio, o zagueiro Pereira cabeceia com muito perigo ao gol de Flávio!!!!</narracao>
    <narracao id="56165" momento="2ºT" tempo="22">Mais uma falta para o Grêmio cobrar, mais uma vez de Neguete.</narracao>
    <cartao id="56169" momento="2ºT" atletaId="6226" tempo="23" ico="/Portal/esportes/temporeal/swf/icos/cartao_amarelo.swf" cor="amarelo">Emerson - Emerson demora a cobrar uma falta para o Paraná e recebe o cartão amarelo.</cartao>
    <narracao id="56172" momento="2ºT" tempo="24">Toda a zaga do Paraná está pendurada com cartão amarelo.</narracao>
    <narracao id="56174" momento="2ºT" tempo="24">PARANÁ NO ATAQUE!!!! Falta perigosa na entrada da área, Ângelo na bola...</narracao>
    <narracao id="56176" momento="2ºT" tempo="24">... ele cobra com muita força e a bola passa muito longe do gol do Grêmio.</narracao>
    <narracao id="56181" momento="2ºT" tempo="26">PÊNALTIIIIIII!!!!!!!!!!!!!!!!</narracao>
    <narracao id="56182" momento="2ºT" tempo="26">PÊNALTI PARA O TIME DO GRÊMIO!!!!!</narracao>
    <narracao id="56185" momento="2ºT" tempo="26">OS JOGADORES DO PARANÁ RECLAMAM QUE A FALTA FOI FORA DA ÁREA!!!</narracao>
    <narracao id="56193" momento="2ºT" tempo="27">A falta foi no limite da área, pênalti duvidoso em cima de Rafinha!!!</narracao>
    <narracao id="56195" momento="2ºT" tempo="28">TCHECO VAI PARA A BOLA....</narracao>
    <gol id="56199" momento="2ºT" atletaId="6449" tempo="28" escudo="/FlashShow/0,,7844,00.swf" contra="0"> GOL DE TCHECO  GOLLLLLLLLLL!!!!! GRÊMIO PASSA NA FRENTE DO PARANÁ NO OLÍMPICO!!!!</gol>
    <narracao id="56207" momento="2ºT" tempo="30">O Paraná tenta reagir!!! Cobrança de falta na área do Grêmio, a bola passa por todo mundo e sai pela linha de fundo. Mas o árbitro já marcava impedimento!!!</narracao>
    <narracao id="56215" momento="2ºT" tempo="32">CONFUSÃO ENTRE EMERSON, DO PARANÁ, E HERRERA, DO GRÊMIO!!!!</narracao>
    <cartao id="56217" momento="2ºT" atletaId="6226" tempo="33" ico="/Portal/esportes/temporeal/swf/icos/cartao_vermelho.swf" cor="vermelho">Emerson - EMERSON CHUTA HERRERA DEPOIS DA ENTRADA DURA DO GREMISTA!!!</cartao>
    <cartao id="56220" momento="2ºT" atletaId="10709" tempo="33" ico="/Portal/esportes/temporeal/swf/icos/cartao_vermelho.swf" cor="vermelho">Herrera - HERRENA NÃO TINHA CARTÃO!!! ENTROU DURO EM EMERSON E FOI EXPULSO PELO ÁRBITRO!!!</cartao>
    <narracao id="56222" momento="2ºT" tempo="34">OS DOIS JOGADORES SÃO EXPULSOS! paraná fica sem um zagueiro e o Grêmio sem um atacante.</narracao>
    <cartao id="56230" momento="2ºT" atletaId="4466" tempo="35" ico="/Portal/esportes/temporeal/swf/icos/cartao_amarelo.swf" cor="amarelo">Pierre - Ricardinho recebe a bola na frente, parte para o contra-ataque e é parado com falta por Pierre.</cartao>
    <narracao id="56236" momento="2ºT" tempo="37">Paraná: Sete cartões amarelos e um vermelho
Grêmio: Dois cartões amarelos e um vermelho</narracao>
    <narracao id="56247" momento="2ºT" tempo="38">UHHHHH !!!!!!!! Ricardinho passa a bola para Ramón que acerta o travessão do Paraná!!!!</narracao>
    <narracao id="56250" momento="2ºT" tempo="41">Falta perigosa para o Paraná cobrar!!! </narracao>
    <narracao id="56253" momento="2ºT" tempo="42">Ângelo parte para a bola... bate bem, mas o goleiro Marcelo está esperto e defende o chute!!!</narracao>
    <substituicao id="56257" momento="2ºT" tempo="43" ico="/Portal/esportes/temporeal/swf/icos/substituicao.swf">Grêmio faz substituição: entra Rudinei, sai Ramón</substituicao>
    <substituicao id="56261" momento="2ºT" tempo="44" ico="/Portal/esportes/temporeal/swf/icos/substituicao.swf">Paraná faz substituição: entra Gerson, sai Pierre</substituicao>
    <video id="56270" momento="2ºT" video="533647"> Veja o vídeo:  46' Aos 15 minutos, o Grêmio tem um impedimento mal marcado.</video>
    <narracao id="56275" momento="2ºT" tempo="47">O jogo está quase no fim e o Paraná não desiste. Tenta chutes de fora da área e leva o time todo para frente.</narracao>
    <narracao id="56277" momento="2ºT" tempo="47">O jogo vai até os 49 minutos!!!</narracao>
    <narracao id="56280" momento="2ºT" tempo="48">PARANÁ NO ATAQUE!!! Ângelo cruza na área do Grêmio e a bola vai nas mãos do goleiro Marcelo!!!!</narracao>
    <cartao id="56287" momento="2ºT" atletaId="5755" tempo="48" ico="/Portal/esportes/temporeal/swf/icos/cartao_vermelho.swf" cor="vermelho">Edinho - Edinho dá uma cotovelada no jogador do Grêmio e é expulso pelo árbitro!!!!</cartao>
    <narracao id="56290" momento="2ºT" tempo="49">FIM DE JOGO NO OLÍMPICO!!!!!</narracao>
    <momento id="56291" momento="E">Final de jogo</momento>
    <narracao id="56293" momento="E" tempo="0">OS JOGADORES DO PARANÁ CERCAM O ÁRBITRO WALLACE NASCIMENTO PARA RECLAMAR!!!!</narracao>
    <narracao id="56297" momento="E" tempo="0">EM SEU RETORNO AO OLÍMPICO O GRÊMIO DERROTA O PARANÁ POR 2 A 1 E CHEGA AOS 38 PONTOS NO BRASILEIRÃO!!!</narracao>
  </lances>
</lancealance>
