<?xml version="1.0" encoding="UTF-8"?>
<lancealance cobertura="1223" leitura="0">
  <placar>
    <equipe id="001" url="" nome="Goiás" escudo="/FlashShow/0,,7681,00.swf" resultado="1" abreviacao="GOI"/>
    <equipe id="002" url="" nome="Palmeiras" escudo="/FlashShow/0,,7255,00.swf" resultado="3" abreviacao="PAL"/>
  </placar>
  <lances>
    <momento id="46349" momento="PJ">Pré-jogo</momento>
    <narracao id="46350" momento="PJ" tempo="0">DUELO DE VERDES EM GOIÂNIA!</narracao>
    <narracao id="46351" momento="PJ" tempo="0">O Goiás recebe o Palmeiras no Serra Dourada, às 18:10!</narracao>
    <narracao id="46352" momento="PJ" tempo="0">O time da casa é o oitavo na tabela, com 18 pontos e quer voltar a vencer para se reaproximar dos líderes. O Goiás ainda não conseguiu vitórias após a pausa para a Copa. A equipe tem o retorno de Vitor e Danilo Portugal, que estavam suspensos.</narracao>
    <narracao id="46354" momento="PJ" tempo="0">O visitante quer continuar a recuperação no Brasileirão para abandonar a zona de rebaixamento. O Palmeiras vem embalado por duas vitórias consecutivas. Enílton e Michael voltam à equipe após cumprirem suspensão. A equipe tem a segunda defesa mais vazada do campeonato.
</narracao>
    <narracao id="46505" momento="PJ" tempo="0">Com a vitória do Santa Cruz, o Palmeiras é o último na tabela. Se não perder, quem termina a rodada na lanterna é o arqui-rival Corinthians.</narracao>
    <narracao id="46506" momento="PJ" tempo="0">As duas equipes já estão no gramado.</narracao>
    <momento id="46510" momento="1ºT">Primeiro tempo</momento>
    <narracao id="46511" momento="1ºT" tempo="0">COMEÇA A PARTIDA NO SERRA DOURADA!</narracao>
    <narracao id="46512" momento="1ºT" tempo="1">Paulo Baier coloca a bola no meio das pernas de Danilo Portugal e sofre falta.</narracao>
    <narracao id="46513" momento="1ºT" tempo="1">Daniel desvia de cabeça bola na área, Harlei pula bem no canto esquerdo e defende a bola.</narracao>
    <narracao id="46516" momento="1ºT" tempo="2">Jadílson bate falta, bola desvia na zaga e sobra para Diego Cavalieri.</narracao>
    <narracao id="46517" momento="1ºT" tempo="3">Escanteio para o Palmeiras...</narracao>
    <narracao id="46518" momento="1ºT" tempo="4">... Paulo Baier cruza, Fabiano corta de cabeça.</narracao>
    <narracao id="46519" momento="1ºT" tempo="5">O lateral do Palmeiras Paulo Baier, ex-Goiás, é vaiado pela torcida toda vez que toca na bola.</narracao>
    <narracao id="46522" momento="1ºT" tempo="6">Jadílson cruza bem na área, ninguém consegue desviar e a sobra fica com o outro lateral, Vitor. O jogador inverte novamente para Jadílson, que arrisca para o gol, mas a bola sai para fora.</narracao>
    <narracao id="46525" momento="1ºT" tempo="7">Juninho cobra falta na frente para Vitor, o lateral cruza travado e ganha escanteio...</narracao>
    <narracao id="46535" momento="1ºT" tempo="9">INCRÍVEL! Danilo Portugal evita em cima da linha, ao lado da trave, o gol de Francis, após batida forte na sobra do córner.  
</narracao>
    <video id="46561" momento="1ºT" video="508963"> Veja o vídeo:  9' Danilo Portugal tira em cima da linha.</video>
    <narracao id="46537" momento="1ºT" tempo="10">RESPOSTA! Souza quase marca após rebote do goleiro.</narracao>
    <video id="46572" momento="1ºT" video="508964"> Veja o vídeo:  10' Zaga palmeirense se livra de ataque perigoso.</video>
    <cartao id="46539" momento="1ºT" atletaId="103" tempo="12" ico="/Portal/esportes/temporeal/swf/icos/cartao_amarelo.swf" cor="amarelo">Souza - Falta perigosa de Cléber em Nen. Souza leva cartão amarelo por reclamação...</cartao>
    <gol id="46540" momento="1ºT" atletaId="4565" tempo="13" escudo="/FlashShow/0,,7255,00.swf" contra="0"> GOL DE NEN  ... GOOOOOL DO PALMEIRAS!!! Zagueiro pega de primeira o rebote do goleiro, após cobrança de falta de Edmundo.</gol>
    <video id="46540v" momento="1ºT" video="508968"> Veja o vídeo: Gol de Nen.  13' ... GOOOOOL DO PALMEIRAS!!! Zagueiro pega de primeira o rebote do goleiro, após cobrança de falta de Edmundo.</video>
    <gol id="46545" momento="1ºT" atletaId="103" tempo="15" escudo="/FlashShow/0,,7681,00.swf" contra="0"> GOL DE SOUZA  GOOOOOL DO GOIÁS!!! Após rápido contra-ataque, Souza recebe de Welliton na área, e mesmo caído, empurra para o fundo da rede. A bola entra devagar no canto esquerdo.</gol>
    <video id="46545v" momento="1ºT" video="508969"> Veja o vídeo: Gol de Souza.  15' GOOOOOL DO GOIÁS!!! Após rápido contra-ataque, Souza recebe de Welliton na área, e mesmo caído, empurra para o fundo da rede. A bola entra devagar no canto esquerdo.</video>
    <narracao id="46548" momento="1ºT" tempo="18">PASSES ERRADOS: Goiás 7 x 4 Palmeiras.</narracao>
    <narracao id="46549" momento="1ºT" tempo="19">Vitor cruza rasteiro, a bola desvia em Michael e sai para escanteio...</narracao>
    <narracao id="46551" momento="1ºT" tempo="19">... Diego Cavalieri espalma o cruzamento fechado, mas o ataque não aproveita o rebote.</narracao>
    <narracao id="46556" momento="1ºT" tempo="22">INACREDITÁVEL! Souza recebe ótimo lançamento de Fabiano e bate cruzado na saída do goleiro. A bola vai para fora rente à trave.</narracao>
    <cartao id="46558" momento="1ºT" atletaId="6584" tempo="23" ico="/Portal/esportes/temporeal/swf/icos/cartao_amarelo.swf" cor="amarelo">Danilo Portugal - Meia comete falta dura em Enílton e recebe cartão amarelo.</cartao>
    <gol id="46559" momento="1ºT" atletaId="3796" tempo="24" escudo="/FlashShow/0,,7255,00.swf" contra="0"> GOL DE PAULO BAIER  GOLAÇO DO PALMEIRAS!! O lateral cobra falta de longa distância no ângulo esquerdo. Harlei nem se move.</gol>
    <video id="46559v" momento="1ºT" video="508971"> Veja o vídeo: Gol de Paulo Baier.  24' GOLAÇO DO PALMEIRAS!! O lateral cobra falta de longa distância no ângulo esquerdo. Harlei nem se move.</video>
    <narracao id="46564" momento="1ºT" tempo="26">Romerito recebe de Jadílson na ponta esquerda, mas cruza mal. </narracao>
    <cartao id="46569" momento="1ºT" atletaId="3796" tempo="28" ico="/Portal/esportes/temporeal/swf/icos/cartao_amarelo.swf" cor="amarelo">Paulo Baier - O lateral acerta o rosto de Danilo Portugal e recebe cartão amarelo.</cartao>
    <narracao id="46576" momento="1ºT" tempo="31">Wendell passa por Jadílson com categoria na lateral direita.</narracao>
    <narracao id="46579" momento="1ºT" tempo="32">Vitor recebe entrada de Michael e sai de campo para ser atendido.</narracao>
    <narracao id="46581" momento="1ºT" tempo="34">Córner para o Goiás...</narracao>
    <narracao id="46582" momento="1ºT" tempo="34">... Jadílson bate, Alceu corta.</narracao>
    <narracao id="46585" momento="1ºT" tempo="37">Vitor recebe na ponta direita e cruza travado pela zaga. Escanteio para o Goiás...</narracao>
    <narracao id="46587" momento="1ºT" tempo="38">... Bola no segundo pau, Danilo Portugal cabeceia por cima do gol.</narracao>
    <narracao id="46633" momento="1ºT" tempo="38">Danilo cabeceia por cima do gol.</narracao>
    <narracao id="46590" momento="1ºT" tempo="40">Souza tenta assistência na grande área, mas é interceptado.</narracao>
    <narracao id="46593" momento="1ºT" tempo="41">Juninho puxa contra-ataque e toca na frenta para Paulo Baier. Harlei sai do gol e fica com a bola.</narracao>
    <narracao id="46596" momento="1ºT" tempo="42">Edmundo dá lindo drible na entrada da área e toca para Enílton bater fraco em cima de Harlei.</narracao>
    <video id="46638" momento="1ºT" video="508989"> Veja o vídeo:  42' Enílton bate a gol, Harlei defende.</video>
    <cartao id="46602" momento="1ºT" atletaId="3347" tempo="44" ico="/Portal/esportes/temporeal/swf/icos/cartao_amarelo.swf" cor="amarelo">Alceu - Welliton é derrubado por Alceu, que leva cartão amarelo.</cartao>
    <narracao id="46603" momento="1ºT" tempo="45">Jadílson bate direto por cima do gol.</narracao>
    <cartao id="46607" momento="1ºT" atletaId="117" tempo="46" ico="/Portal/esportes/temporeal/swf/icos/cartao_amarelo.swf" cor="amarelo">Leonardo - Zagueiro puxa Enílton e leva cartão amarelo.</cartao>
    <narracao id="46608" momento="1ºT" tempo="46">FIM DE PRIMEIRO TEMPO!</narracao>
    <momento id="46611" momento="I">Show do intervalo</momento>
    <narracao id="46622" momento="I" tempo="0">Em partida bem equilibrada, os gols não demoraram a sair no primeiro tempo. Graças ao talento de Paulo Baier nas bolas paradas, o Palmeiras vai para o intervalo com a vitória parcial. </narracao>
    <momento id="46628" momento="2ºT">Segundo tempo</momento>
    <narracao id="46629" momento="2ºT" tempo="0">ROLA A BOLA PARA O SEGUNDO TEMPO!</narracao>
    <narracao id="46632" momento="2ºT" tempo="1">QUE CHANCE!! Vitor cruza na área, a bola sobra para Jadilson que tem tempo de olhar para o gol e soltar a bomba. Wendell aparece para desvio de cabeça providencial.</narracao>
    <video id="46654" momento="2ºT" video="508999"> Veja o vídeo:  1' Jadilson bate forte, Wendell tira de cabeça.</video>
    <narracao id="46636" momento="2ºT" tempo="3">PRESSÃO DO GOIÁS! Jadilson cruza da esquerda, Vitor enche o pé na sobra e bola desvia na zaga para córner. </narracao>
    <narracao id="46637" momento="2ºT" tempo="5">Enílton cai na área e pede pênalti.</narracao>
    <narracao id="46641" momento="2ºT" tempo="7">Juninho puxa rápido contra-ataque e toca para Enílton, que tenta a tabela mas é interceptado.</narracao>
    <narracao id="46647" momento="2ºT" tempo="9">Jadilson enfia ótima bola para Danilo Portugal, que tenta o toque para o meio da área em vez do chute, e acaba perdendo a bola. </narracao>
    <narracao id="46648" momento="2ºT" tempo="10">BOA JOGADA! Edmundo finta adversário em ótimo contra-ataque e dá passe caprichado para Enílton. O atacante chega batendo forte, mas Harlei corta com os pés.</narracao>
    <video id="46671" momento="2ºT" video="509003"> Veja o vídeo:  10' Harlei defende com os pés o chute de Enílton.</video>
    <narracao id="46658" momento="2ºT" tempo="14">PÊNALTI PARA O PALMEIRAS!! Enílton é puxado na área por Leonardo, após bela jogada de Wendell.</narracao>
    <gol id="46662" momento="2ºT" atletaId="2633" tempo="16" escudo="/FlashShow/0,,7255,00.swf" contra="0"> GOL DE EDMUNDO  GOOOOOL DO PALMEIRAS!! O atacante bate com categoria bola alta no lado direito do goleiro enquanto Harlei pula para o lado esquerdo.</gol>
    <video id="46662v" momento="2ºT" video="509006"> Veja o vídeo: Gol de Edmundo.  16' GOOOOOL DO PALMEIRAS!! O atacante bate com categoria bola alta no lado direito do goleiro enquanto Harlei pula para o lado esquerdo.</video>
    <substituicao id="46701" momento="2ºT" tempo="18" ico="/Portal/esportes/temporeal/swf/icos/substituicao.swf">Goiás faz substituição: entra Hugo Leonardo, sai Danilo Portugal</substituicao>
    <substituicao id="46702" momento="2ºT" tempo="18" ico="/Portal/esportes/temporeal/swf/icos/substituicao.swf">Goiás faz substituição: entra Nonato, sai Welliton</substituicao>
    <narracao id="46669" momento="2ºT" tempo="20">Após falha da saída de bola palmeirense, Jadílson solta bomba da entrada da área. A bola passa perto do ângulo esquerdo do gol.</narracao>
    <video id="46723" momento="2ºT" video="509011"> Veja o vídeo:  20' Jadílson solta pancada para fora.</video>
    <narracao id="46674" momento="2ºT" tempo="22">Vitor cruza para a área e a zaga afasta. Na sobra, Jadilson recupera e rola rasteiro para o meio da área, mas Nen corta novamente.</narracao>
    <cartao id="46686" momento="2ºT" atletaId="12046" tempo="28" ico="/Portal/esportes/temporeal/swf/icos/cartao_vermelho.swf" cor="vermelho">Wendel - Meia entra por trás em Fabiano, recebe o segundo cartão amarelo na partida e é expulso de campo.</cartao>
    <narracao id="46688" momento="2ºT" tempo="29">Vitor cruza com perigo, Nen manda para córner...</narracao>
    <narracao id="46689" momento="2ºT" tempo="30">... Na sobra, Fabiano bate nas mãos de Diego Cavalieri.</narracao>
    <narracao id="46694" momento="2ºT" tempo="31">Souza recebe no lado direito da área e bate para o gol. Diego Cavalieri defende firme.</narracao>
    <narracao id="46696" momento="2ºT" tempo="32">Hugo Leonardo prende a bola na grande área para tentar mais um drible e desperdiça boa oportunidade.</narracao>
    <narracao id="46700" momento="2ºT" tempo="33">GOIÁS VAI PARA CIMA! Vitor cobra falta no segundo pau, Jadilson cabeceia para o chão e o goleiro espalma bem para córner.</narracao>
    <substituicao id="46703" momento="2ºT" tempo="33" ico="/Portal/esportes/temporeal/swf/icos/substituicao.swf">Goiás faz substituição: entra Fábio, sai Fabiano</substituicao>
    <video id="46733" momento="2ºT" video="509028"> Veja o vídeo:  33' Jadílson cabeceia com perigo.</video>
    <substituicao id="46727" momento="2ºT" tempo="34" ico="/Portal/esportes/temporeal/swf/icos/substituicao.swf">Palmeiras faz substituição: entra Marcinho Guerreiro, sai Enílton</substituicao>
    <narracao id="46713" momento="2ºT" tempo="35">Outro córner para o Goiás em mais uma jogada de Vitor pela ponta direita...</narracao>
    <narracao id="46714" momento="2ºT" tempo="35">... A zaga do Palmeiras afasta.</narracao>
    <substituicao id="46728" momento="2ºT" tempo="35" ico="/Portal/esportes/temporeal/swf/icos/substituicao.swf">Palmeiras faz substituição: entra Marcinho, sai Juninho Paulista</substituicao>
    <narracao id="46717" momento="2ºT" tempo="36">Bola na área do Palmeiras, Leonardo desvia de cabeça por cima do gol.</narracao>
    <video id="46748" momento="2ºT" video="509033"> Veja o vídeo:  36' Na pequena área, Leonardo cabeceia para fora.</video>
    <narracao id="46725" momento="2ºT" tempo="37">Jadílson bate para o meio da área, bola desvia na zaga e sobra para batida travada de Fábio. </narracao>
    <narracao id="46726" momento="2ºT" tempo="38">Rafael Dias divide bola com o goleiro, mas não consegue marcar.</narracao>
    <substituicao id="46729" momento="2ºT" tempo="39" ico="/Portal/esportes/temporeal/swf/icos/substituicao.swf">Palmeiras faz substituição: entra Tiago Gomes, sai Edmundo</substituicao>
    <narracao id="46734" momento="2ºT" tempo="42">Em mais um córner, Paulo Baier desvia cobrança de Jadílson.</narracao>
    <narracao id="46740" momento="2ºT" tempo="43">Souza recebe livre, mas o impedimento duvidoso é marcado.</narracao>
    <narracao id="46742" momento="2ºT" tempo="44">Fábio é derrubado por Marcinho Guerreiro na ponta direita. Falta perigosa...</narracao>
    <narracao id="46744" momento="2ºT" tempo="45">... Alceu afasta de cabeça a cobrança de Vitor.</narracao>
    <narracao id="46745" momento="2ºT" tempo="45">O árbitro sinaliza quatro minutos de acréscimo.</narracao>
    <narracao id="46749" momento="2ºT" tempo="47">Souza recebe de Romerito, mas está impedido.</narracao>
    <narracao id="46751" momento="2ºT" tempo="47">Diego Cavalieri faz cera e o árbitro acrescenta mais um minuto de acréscimo.</narracao>
    <narracao id="46754" momento="2ºT" tempo="49">TERMINA A PARTIDA NO SERRA DOURADA!</narracao>
    <momento id="46760" momento="E">Final de jogo</momento>
  </lances>
</lancealance>
