<?xml version="1.0" encoding="UTF-8"?>
<lancealance cobertura="1147" leitura="0">
  <placar>
    <equipe id="001" url="" nome="Itália" escudo="/FlashShow/0,,9459,00.swf" resultado="1" abreviacao="ITA"/>
    <equipe id="002" url="" nome="Austrália" escudo="/FlashShow/0,,9445,00.swf" resultado="0" abreviacao="AUS"/>
  </placar>
  <lances>
    <narracao id="41325" momento="PJ" tempo="0">Itália e Austrália se enfrentam às 12h (horário de Brasília), no Fritz-Walter Stadion (Kaiserslautern), pelas oitavas-de-final da Copa do Mundo. Apita o jogo Luis Medina Cantalejo (Espanha). Auxiliado por Victoriano Giraldez Carrasco (Espanha) e Pedro Medina Hernandez (Espanha). É a primeira vez que estas duas equipes se enfrentam.</narracao>
    <momento id="41324" momento="PJ">Pré-jogo</momento>
    <narracao id="41326" momento="PJ" tempo="0">Esta será a 16ª vez na história que a Itália disputa a fase de oitavas-de-final de um Mundial. A Squadra Azzurra é tricampeã do mundo (1934, 1938 e 1982) e uma vez campeã européia (1968).</narracao>
    <narracao id="41327" momento="PJ" tempo="0">Em outros mundiais, a Itália já havia sido eliminada na fase de mata-mata por Brasil, França, Argentina e a última vez pela Coréia do Sul em 2002. A última vez que a Azzurra foi eliminada perdendo o jogo durante os 90 minutos, foi pela França, na derrota por 2 a 0 em 1986. Desde então, perderam três decisões por penalidades e foram vítimas do Gol de Ouro em 2002.</narracao>
    <narracao id="41328" momento="PJ" tempo="0">Esta é a segunda participação da Austrália em um Mundial. A primeira foi em 1974, quando teminaram na 14ª posição, sendo eliminada ainda na fase de grupos.</narracao>
    <narracao id="41330" momento="PJ" tempo="0">Os Socceroos conseguiram uma marca histórica nesta Copa do Mundo. Nenhuma equipe conseguiu marcar três gols em sete minutos e virar uma partida, como fizeram contra o Japão no jogo de estréia das duas equipes, a Austrália venceu por 3 a 1. O técnico holandês Guus Hiddink sofreu apenas a sua quarta derrota em 17 jogos de Copa do Mundo quando o time perdeu para o Brasil por 2 a 0. </narracao>
    <narracao id="41331" momento="PJ" tempo="0">Se depender do retrospecto de Guus Hiddink em jogos contra a Itália, os australianos estão bem cotados para passar às quartas-de-final. Em 2002, Hiddink era o técnico da Coréia do Sul, que eliminou a Itália com Gol de Ouro, também nas oitavas-de-final.</narracao>
    <narracao id="41332" momento="PJ" tempo="0">O volante Daniele De Rossi está suspenso, depois de dar uma cotovelada no rosto do atacante americano Brian McBride, no jogo contra os Estados unidos, ainda pela fase de grupos. O cartão vermelho para De Rossi foi o sexto para jogadores italianos em Copas do Mundo. Simone Perrotta é o seu substituto.</narracao>
    <narracao id="41333" momento="PJ" tempo="0">O atacante Filippo Inzaghi (que começa no banco de reservas) e o zagueiro Marco Materazzi (que entra no lugar de Nesta, contundido) se tornaram respectivamente, o segundo e o terceiro jogador mais velhos a marcarem pela Azzurra, na vitória por 2 a 0 sobre a República Tcheca. Inzaghi tem 50 gols marcados pela seleção italiana, enquanto Materazzi tem apenas um.</narracao>
    <narracao id="41334" momento="PJ" tempo="0">Harry Kewell contundido e o experiente meio-campo Brett Emerton suspenso não jogam contra os italianos. Curiosamente o goleiro Zeljko Kalac (Milan), e os volantes Marco Bresciano e Vince Grella, ambos no Parma, jogam no Campeonato Italiano. O zagueiro Scott Chipperfield, caso jogue, fará a sua partida número 50 pela seleção australiana.</narracao>
    <narracao id="41335" momento="PJ" tempo="0">Neste momento as duas seleções entram no gramado e se alinham para a execução dos respectivos hinos nacionais.</narracao>
    <video id="41341" momento="PJ" video="491098"> Veja o vídeo:  0' O perfil do técnico da Austrália Guus Hiddink.</video>
    <video id="41346" momento="PJ" video="491099"> Veja o vídeo:  0' Os hinos de Itália e Austrália.</video>
    <momento id="41336" momento="1ºT">Primeiro tempo</momento>
    <narracao id="41337" momento="1ºT" tempo="0">BOLA ROLANDO! Começa Itália x Austrália.</narracao>
    <narracao id="41338" momento="1ºT" tempo="1">A Austrália começa assustando! Bola cruzada da esquerda na cabeça de Cahill. Buffon defende com segurança.</narracao>
    <video id="41347" momento="1ºT" video="491100"> Veja o vídeo:  2' Cabeçada de Cahill não leva perigo ao gol italiano.</video>
    <narracao id="41339" momento="1ºT" tempo="3">Lance Perigoso - AZZURRA! Del Piero avança pela esquerda e no limite da área cruza no segundo pau. Luca Toni sobe mais que a zaga e cabeceia à esquerda do gol de Schwarzer.</narracao>
    <narracao id="41340" momento="1ºT" tempo="4">Viduka briga pela bola na esquerda e consegue cruzar para a área. Materazzi sobe mais que Cahill e corta de cabeça.</narracao>
    <narracao id="41342" momento="1ºT" tempo="6">Sterjovski cruza bola da direita na área. Materazzi se antecipa e corta dee cabeça.</narracao>
    <narracao id="41343" momento="1ºT" tempo="7">Lance Bonito - Gilardino penetra na área, dribla um, dois e na hora do chute é desarmado...</narracao>
    <narracao id="41344" momento="1ºT" tempo="8">Lance Feio - Bresciano disputa bola com Del Piero e entra duro no atacante italiano. Árbitro só adverte verbalmente o volante australiano.</narracao>
    <narracao id="41345" momento="1ºT" tempo="9">Bresciano recebe na intermediária e levanta para Cahill. Meia não alcança e a bola se perde pela linha de fundo.</narracao>
    <narracao id="41348" momento="1ºT" tempo="11">BELA TABELA! Entre Luca Toni e Gilardino após bela bola enviada de Del Piero. Gilardino recebe na área e chuta em cima da zaga.</narracao>
    <video id="41354" momento="1ºT" video="491105"> Veja o vídeo:  11' Toni tenta tabela com Gilardino, que é travado pela zaga australiana.</video>
    <narracao id="41349" momento="1ºT" tempo="13">Lance Feio - Chipperfield e Bresciano entram duro em Zambrotta. Árbitro não marca a falta, apenas arremeso lateral para a Itália.</narracao>
    <narracao id="41350" momento="1ºT" tempo="15">Moore levanta bola na meia-lua da grande área para Viduka. Atacante bem marcado não alcança.</narracao>
    <narracao id="41351" momento="1ºT" tempo="16">Viduka comete falta em Cannavaro na área italiana.</narracao>
    <narracao id="41352" momento="1ºT" tempo="16">Del Piero recebe bola na área, mas em posição irregular. É marcado o impedimento do atacante italiano.</narracao>
    <video id="41360" momento="1ºT" video="491109"> Veja o vídeo:  16' Del Piero recebe belo lançamento, mas está impedido.</video>
    <narracao id="41353" momento="1ºT" tempo="18">Tentativa de lançamento para Gilardino na área. Schwarzer sai do gol para fazer a defesa.</narracao>
    <narracao id="41355" momento="1ºT" tempo="19">Lance Bonito - AZZURRA! Luca Toni recebe na área e ajeita de cabeça para Gilardino. Atacante mata no peito e chuta forte. Schwarzer espalma para escanteio...</narracao>
    <video id="41363" momento="1ºT" video="491110"> Veja o vídeo:  19' Gilardino dá um belo voleio e Schwarzer espalma.</video>
    <narracao id="41356" momento="1ºT" tempo="20">... Bola na área da Austrália, a zaga afasta o perigo.</narracao>
    <narracao id="41357" momento="1ºT" tempo="21">LUCA TONI! Atacante recebe na área, gira na frenre do zagueiro e chuta de canhota. Schwarzer defende com os pés.</narracao>
    <video id="41366" momento="1ºT" video="491111"> Veja o vídeo:  21' Schwarzer defende com os pés chute de canhota de Luca Toni.</video>
    <cartao id="41358" momento="1ºT" atletaId="8238" tempo="23" ico="/Portal/esportes/temporeal/swf/icos/cartao_amarelo.swf" cor="amarelo">Grella - Grella, volante da Austrália, é punido após falta dura no meio-de-campo.</cartao>
    <narracao id="41359" momento="1ºT" tempo="23">Cobrança de falta na área italiana. Viduka sobe de cabeça no segundo pau e Buffon defende com segurança.</narracao>
    <video id="41367" momento="1ºT" video="491112"> Veja o vídeo:  23' Viduka escora de cabeça e Buffon defende.</video>
    <narracao id="41361" momento="1ºT" tempo="26">Lance Feio - Sterjovski empurra Gattuso e árbitro marca a falta.</narracao>
    <narracao id="41362" momento="1ºT" tempo="27">FALTAS COMETIDAS: 8 - Itália / 8 - Austrália.</narracao>
    <cartao id="41364" momento="1ºT" atletaId="11147" tempo="28" ico="/Portal/esportes/temporeal/swf/icos/cartao_amarelo.swf" cor="amarelo">Fabio Grosso - Grosso, lateral-esquerdo da Itália, é punido após falta dura em Sterjovski.</cartao>
    <narracao id="41365" momento="1ºT" tempo="29">UUUUHHHH! Bresciano cobra falta na área italiana. No bate-rebate, a bola sobra para Chipperfield, que chuta forte. Buffon faz bela defesa.</narracao>
    <video id="41371" momento="1ºT" video="491113"> Veja o vídeo:  29' Chipperfield solta a bomba e Buffon salva a Itália.</video>
    <narracao id="41368" momento="1ºT" tempo="32">LUCA TONI! Del Piero cruza da esquerda. Atacante mata no peito e chuta forte. A bola explode no zagueiro Chipperfield.</narracao>
    <video id="41374" momento="1ºT" video="491115"> Veja o vídeo:  33' Luca Toni recebe, gira e chuta forte. A bola explode na zaga.</video>
    <narracao id="41369" momento="1ºT" tempo="35">Na seqüência, Perrotta cruza para Luca Toni que cabeceia com perigo, por cima do gol de Schwarzer.</narracao>
    <narracao id="41370" momento="1ºT" tempo="36">Grosso divide no corpo a corpo com Sterjovski na esquerda de ataque da Itália. Árbitro marca falta do lateral-esquerdo italiano.</narracao>
    <narracao id="41372" momento="1ºT" tempo="38">Gilardino dá belo passe para Perrotta na direita de ataque. Meia cruza na área, mas ninguém aparece para completar a jogada.</narracao>
    <narracao id="41373" momento="1ºT" tempo="39">UUUUHHHH! Cobrança de falta na área da Austrália. Luca Toni desvia de cabeça e Gilardino não chega a tempo de alcançar a bola.</narracao>
    <video id="41382" momento="1ºT" video="491127"> Veja o vídeo:  39' Luca Toni cabeceia e Gilardino quase marca para a Itália.</video>
    <narracao id="41375" momento="1ºT" tempo="41">FINALIZAÇÕES: 6 - Itália / 3 - Austrália.</narracao>
    <narracao id="41376" momento="1ºT" tempo="43">Zambrotta comete falta em Bresciano no meio-de-campo.</narracao>
    <narracao id="41377" momento="1ºT" tempo="44">UUUHHH! Wilkshire cruza bola da esquerda no segundo pau. Cahill se apóia nas costas de Materazzi para tentar o cebeceio, mas Cannavaro chega para afastar o perigo.</narracao>
    <narracao id="41378" momento="1ºT" tempo="45">ACRÉSCIMOS! Árbitro assinala mais um minuto neste primeiro tempo.</narracao>
    <narracao id="41379" momento="1ºT" tempo="46">FIM DE PRIMEIRO TEMPO! Itália e Austrália vão empatando sem gols.</narracao>
    <momento id="41380" momento="I">Show do intervalo</momento>
    <narracao id="41381" momento="I" tempo="0">Jogando com apenas Viduka isolado no ataque, a Austrália não leva perigo a zaga italiana. Apenas aos 29 os Socceroos tiveram uma boa chance, com o zagueiro Chipperfield pegando rebote na área e Buffon fazendo bela defesa. A Itália está melhor na partida e leva perigo com os atacantes Luca Toni e Gilardino. Os dois tiveram, pelo menos, duas chances cada um de abrir o placar.</narracao>
    <video id="41384" momento="I" video="491140"> Veja o vídeo:  0' Melhores momentos do primeiro tempo.</video>
    <momento id="41383" momento="2ºT">Segundo tempo</momento>
    <narracao id="41386" momento="2ºT" tempo="0">BOLA ROLANDO! Começa o segundo tempo.</narracao>
    <narracao id="41387" momento="2ºT" tempo="0">Com menos de um minuto! Tentativa de lançamento para Iaquinta, Schwarzer se antecipa e faz a defesa.</narracao>
    <video id="41393" momento="2ºT" video="491152"> Veja o vídeo:  0' Começa o segundo tempo.</video>
    <substituicao id="41416" momento="2ºT" tempo="1" ico="/Portal/esportes/temporeal/swf/icos/substituicao.swf">Itália faz substituição: entra Vincenzo Iaquinta, sai Gilardino</substituicao>
    <narracao id="41388" momento="2ºT" tempo="2">Grosso cobra falta na área. Neill se antecipa na meia-lua e corta de cabeça.</narracao>
    <narracao id="41389" momento="2ºT" tempo="3">IAQUINTA! Atacante desce pelo lado direito e cruza rasteiro. Perrotta escora e a bola sobra na área. Luca Toni pega de primeira, por cima do gol de Schwarzer.</narracao>
    <video id="41400" momento="2ºT" video="491155"> Veja o vídeo:  3' Luca Toni aproveita o rebote e chuta forte, por cima do gol.</video>
    <cartao id="41390" momento="2ºT" atletaId="9041" tempo="4" ico="/Portal/esportes/temporeal/swf/icos/cartao_amarelo.swf" cor="amarelo">Timothy Cahill  - Cahill, meia da Austrália, é punido após usar o braço em dividida no alto com Materazzi.</cartao>
    <cartao id="41391" momento="2ºT" atletaId="2259" tempo="5" ico="/Portal/esportes/temporeal/swf/icos/cartao_vermelho.swf" cor="vermelho">Marco Materazzi - Materazzi, zagueiro da Itália, é expulso direto após carrinho frontal em Bresciano.</cartao>
    <video id="41401" momento="2ºT" video="491158"> Veja o vídeo:  5' Materazzi, zagueiro da Itália, é expulso.</video>
    <narracao id="41392" momento="2ºT" tempo="6">UUUUHHHHH! Bresciano cobra falta da intermediária. A bola sai à esquerda do gol de Buffon.</narracao>
    <video id="41402" momento="2ºT" video="491160"> Veja o vídeo:  6' Bresciano cobra falta, a bola sai à esquerda do gol de Buffon.</video>
    <narracao id="41394" momento="2ºT" tempo="8">BELO LANÇAMENTO! De Perrotta para Iaquinta na direita, atacante recebe na frente e chuta cruzado. Por cima do gol de Schwarzer.</narracao>
    <substituicao id="41417" momento="2ºT" tempo="10" ico="/Portal/esportes/temporeal/swf/icos/substituicao.swf">Itália faz substituição: entra Barzagli, sai Luca Toni</substituicao>
    <narracao id="41398" momento="2ºT" tempo="11">Pirlo  cobra falta da esquerda na área. A bola vai direto, pela linha de fundo.</narracao>
    <narracao id="41399" momento="2ºT" tempo="13">BUFFON! Goleiro italiano defende o chute forte de Chipperfield de dentro da área.</narracao>
    <video id="41409" momento="2ºT" video="491165"> Veja o vídeo:  13' Chipperfield solta a bomba e Buffon salva a Itália.</video>
    <cartao id="41403" momento="2ºT" atletaId="8483" tempo="15" ico="/Portal/esportes/temporeal/swf/icos/cartao_amarelo.swf" cor="amarelo">Wilkshire - Wilkshire, meio-campo da Austrália, é punido após falta dura no meio-de-campo.</cartao>
    <narracao id="41404" momento="2ºT" tempo="18">FALTAS COMETIDAS: 12 - Itália / 16 - Austrália.</narracao>
    <narracao id="41405" momento="2ºT" tempo="18">UUUHHHH! Gattuso avança pela direita e cruza para Del Piero no segundo pau. A bola sai muito na frente e atacante não alcança.</narracao>
    <video id="41413" momento="2ºT" video="491171"> Veja o vídeo:  18' Gattuso cruza para Del Piero, mas atacante não consegue chegar.</video>
    <narracao id="41406" momento="2ºT" tempo="19">Del Piero sofre falta dura de Sterjovski na intermediária...</narracao>
    <narracao id="41407" momento="2ºT" tempo="20">... Pirlo cobra direto para o gol e Schwarzer espalma para escanteio...</narracao>
    <narracao id="41408" momento="2ºT" tempo="20">... Pirlo cobra no primeiro pau, a bola é desviada de cabeça e a zaga australiana afasta o perio.</narracao>
    <video id="41414" momento="2ºT" video="491175"> Veja o vídeo:  20' Pirlo quase surpreende o goleiro Schwarzer em cobrança de falta.</video>
    <narracao id="41410" momento="2ºT" tempo="22">Sterjovski cruza bola da direita no segundo pau... Para ninguém. É tiro de meta para o goleiro Buffon.</narracao>
    <narracao id="41411" momento="2ºT" tempo="24">Chipperfield comete falta dura em Zambrotta. Árbitro ignora o cartão amarelo para o lateral da Austrália.</narracao>
    <narracao id="41412" momento="2ºT" tempo="25">Bresciano entra dura em Zambrotta.</narracao>
    <narracao id="41415" momento="2ºT" tempo="28">RETRANCA! A Itália está fechada e marcando a partir da linha que divide o gramado.</narracao>
    <substituicao id="41418" momento="2ºT" tempo="29" ico="/Portal/esportes/temporeal/swf/icos/substituicao.swf">Itália faz substituição: entra Totti, sai Del Piero</substituicao>
    <narracao id="41419" momento="2ºT" tempo="30">SOLA! A bola é recuada com os pés para Buffon. Goleiro mata no peito, dá um chutão para frente, mas sofre entrada dura de Viduka.</narracao>
    <video id="41438" momento="2ºT" video="491189"> Veja o vídeo:  30' Buffon isola bola recuada na área.</video>
    <narracao id="41420" momento="2ºT" tempo="31">QUASE! Totti recebe na entrada da área e rola para a direita. Perrotta recebe, mas chuta em cima do zagueiro.</narracao>
    <video id="41427" momento="2ºT" video="491184"> Veja o vídeo:  31' Perrotta chuta em cima do zagueiro.</video>
    <narracao id="41421" momento="2ºT" tempo="32">BUFFON! Bresciano chuta fraco de fora da área e goleiro defende sem dificuldades.</narracao>
    <video id="41439" momento="2ºT" video="491189"> Veja o vídeo:  32' Bresciano chuta fraco e Buffon defende.</video>
    <narracao id="41422" momento="2ºT" tempo="33">Chipperfield entra duro na canela de Totti. Árbitro não pune o lateral da Austrália com cartão amarelo.</narracao>
    <narracao id="41423" momento="2ºT" tempo="35">UUUUHHHHH! Bresciano cobra escanteio da direita. Cahill sobe de cabeça e coloca por cima do gol de Buffon.</narracao>
    <video id="41440" momento="2ºT" video="491195"> Veja o vídeo:  35' Livre, Cahill cabeceia e perde boa chance para a Austrália.</video>
    <substituicao id="41424" momento="2ºT" tempo="36" ico="/Portal/esportes/temporeal/swf/icos/substituicao.swf">Austrália faz substituição: entra Aloisi, sai Sterjovski</substituicao>
    <narracao id="41425" momento="2ºT" tempo="36">POSSE DE BOLA: 41% - Itália / 59% - Austrália.</narracao>
    <narracao id="41426" momento="2ºT" tempo="38">UUUHHH! Bresciano arrisca um chutaço de canhota, de fora da área. A bola se perde por cima do gol de Buffon.</narracao>
    <video id="41441" momento="2ºT" video="491198"> Veja o vídeo:  38' Bresciano chuta com perigo após jogada individual.</video>
    <narracao id="41428" momento="2ºT" tempo="39">Aloisi faz jogada sobre a marcação de Cannavaro e rola para Viduka. Buffon se antecipa e faz a defesa.</narracao>
    <narracao id="41429" momento="2ºT" tempo="40">Iaquinta tenta jogada sobre a marcação de Neill na direita, mas líbero corta para lateral.</narracao>
    <narracao id="41430" momento="2ºT" tempo="41">BOLÔLÔ NA ÁREA! Da Austrália. Culina chuta em cima de Iaquinta, que quase marca sem querer. Schwarzer, assustado, faz a defesa.</narracao>
    <video id="41443" momento="2ºT" video="491205"> Veja o vídeo:  41' Após confusão na área, Iaquinta quase marca para a Itália.</video>
    <cartao id="41431" momento="2ºT" atletaId="2244" tempo="43" ico="/Portal/esportes/temporeal/swf/icos/cartao_amarelo.swf" cor="amarelo">Gennaro Gattuso - Gattuso, volante da Itália, é punido após falta dura em Chipperfield.</cartao>
    <video id="41444" momento="2ºT" video="491209"> Veja o vídeo:  43' Gattuso, volante da Itália, é punido com cartão amarelo.</video>
    <narracao id="41432" momento="2ºT" tempo="44">BICICLETA! Bresciano cruza da entrada da área e aloisi, na pequena área, tenta a bela jogada de efeito. A zaga italiana afasta o perigo.</narracao>
    <video id="41442" momento="2ºT" video="491203"> Veja o vídeo:  44' Aloisi tenta de bicicleta para a Austrália.</video>
    <narracao id="41433" momento="2ºT" tempo="45">ACRÉSCIMOS! Árbitro assinala mais três minutos neste segundo tempo.</narracao>
    <cartao id="41434" momento="2ºT" atletaId="2255" tempo="46" ico="/Portal/esportes/temporeal/swf/icos/cartao_amarelo.swf" cor="amarelo">Gianluca Zambrotta - Zambrotta, lateral-direito da Itália, é punido após falta dura em Aloisi.</cartao>
    <video id="41445" momento="2ºT" video="491210"> Veja o vídeo:  48' Pênalti duvidoso para a Itália nos acréscimos.</video>
    <narracao id="41435" momento="2ºT" tempo="48">PÊNALTI PARA A AZZURRA! Grosso é derrubado por Neill após bela jogada pela esquerda.</narracao>
    <gol id="41436" momento="2ºT" atletaId="2246" tempo="50" escudo="/FlashShow/0,,9459,00.swf" contra="0"> GOL DE FRANCESCO TOTTI  Totti cobra na gaveta direita de Schwarzer, que nada pôde fazer. A Azzurra está nas quartas-de-final!!!!!!!</gol>
    <video id="41436v" momento="2ºT" video="491212"> Veja o vídeo: Gol de Francesco Totti.  50' Totti cobra na gaveta direita de Schwarzer, que nada pôde fazer. A Azzurra está nas quartas-de-final!!!!!!!</video>
    <narracao id="41437" momento="2ºT" tempo="50">FIM DE JOGO! A Itália vence por um a zero e está nas quartas-de-final!</narracao>
    <momento id="41446" momento="E">Final de jogo</momento>
  </lances>
</lancealance>
