<?xml version="1.0" encoding="UTF-8"?>
<lancealance cobertura="1262" leitura="0">
  <placar>
    <equipe id="001" url="" nome="Botafogo" escudo="/FlashShow/0,,7240,00.swf" resultado="1" abreviacao="BOT"/>
    <equipe id="002" url="" nome="São Paulo" escudo="/FlashShow/0,,6600,00.swf" resultado="1" abreviacao="SPO"/>
  </placar>
  <lances>
    <momento id="48772" momento="PJ">Pré-jogo</momento>
    <narracao id="48774" momento="PJ" tempo="0">O Botafogo recebe o São Paulo, daqui a pouco, no Estádio Raulino de Oliveira, em Volta Redonda. A partida é especial para o Alvinegro que tenta chegar a marca dos 1.000 gols marcados em Brasileiro. Para isso, basta balançar a rede duas vezes.  
</narracao>
    <narracao id="48779" momento="PJ" tempo="0">No Glorioso, dois jogadores vivem situações opostas: O zagueiro Scheidt volta a ser o capitão do Botafogo na ausência de Clayton, ao passo que o outrora ídolo Sérgio Manoel irá amargar o banco de reservas.
</narracao>
    <narracao id="48782" momento="PJ" tempo="0">O Tricolor paulista é o líder do Brasileirão com 29 pontos. Em 14 jogos, venceu nove, empatou dois e perdeu apenas três partidas. </narracao>
    <narracao id="48784" momento="PJ" tempo="0">O Botafogo é o décimo-sexto colocado na tabela de classificação. Conquistou três vitórias, sete empates e foi derrotado quatro vezes.</narracao>
    <narracao id="48787" momento="PJ" tempo="0">O São Paulo tem o maior número de vitórias na competição. São nove os triunfos até o momento. Já o Fogão, ao lado do Fortaleza, é o time que mais empatou. Em sete ocasiões conquistou um ponto.    
</narracao>
    <narracao id="48777" momento="PJ" tempo="0">Se o técnico Muricy Ramalho resolveu poupar todos os titulares visando a primeira partida da final da Libertadores contra o Internacional, na próxima quarta-feira, Cuca não vai poder contar com o cabeça-de-área Clayton, suspenso, e com o atacante Zé Roberto, que fraturou a mão direita.</narracao>
    <narracao id="48803" momento="PJ" tempo="0">Times entram em campo.
</narracao>
    <narracao id="48808" momento="1ºT" tempo="0">Começa o jogo.</narracao>
    <momento id="48809" momento="1ºT">Primeiro tempo</momento>
    <narracao id="48820" momento="1ºT" tempo="3">A primeira chance do Fogão é com o atacante Felipe Adão, que chutou fraco rente à trave do goleiro Bosco.</narracao>
    <video id="48839" momento="1ºT" video="516487"> Veja o vídeo:  3' Confira a primeira tentativa de Felipe Adão, antes de fazer o gol.</video>
    <narracao id="48822" momento="1ºT" tempo="5">Pressão Tricolor!!!Mas o árbitro marca impedimento do ataque paulista.</narracao>
    <narracao id="48826" momento="1ºT" tempo="7">Boa finalização de Reinaldo. Ele chuta cruzado e a bola passa raspando a trave direita de Bosco.</narracao>
    <video id="48872" momento="1ºT" video="516489"> Veja o vídeo:  7' Veja como foi o lance em que o atacante Reinaldo, do Botafogo, quase abriu o placar </video>
    <narracao id="48875" momento="1ºT" tempo="7">Reinaldo ameaça o goleiro Bosco. A bola passa rente à trave para alívio do Tricolor</narracao>
    <gol id="48831" momento="1ºT" atletaId="6688" tempo="8" escudo="/FlashShow/0,,7240,00.swf" contra="0"> GOL DE FELIPE ADÃO  GOOOOOOLLLLL DO BOTAFOGO!!!! Felipe Adão dá chute colocado no cantinho direito do goleiro do São Paulo.</gol>
    <video id="48852" momento="1ºT" video="516490"> Veja o vídeo:  8' Veja como foi o gol do time carioca.</video>
    <narracao id="48834" momento="1ºT" tempo="10">Chegada perigosa do São Paulo. Thiago aproveita rebote e quase marca o gol de empate.</narracao>
    <narracao id="48841" momento="1ºT" tempo="15">Times se estudam no meio-de-campo. Muitas roubadas de bola, mas pouca criatividade.</narracao>
    <narracao id="48848" momento="1ºT" tempo="18">Triangulação do São Paulo na área alvinegra, mas a zaga do Botafogo afasta o perigo.</narracao>
    <narracao id="48850" momento="1ºT" tempo="19">Reinaldo assusta o goleiro Bosco em cabeçada na entrada da pequena área.</narracao>
    <video id="48878" momento="1ºT" video="516496"> Veja o vídeo:  19' Confira o ataque do Fogão no comando de Reinaldo.</video>
    <narracao id="48855" momento="1ºT" tempo="22">Falta em cima de Reinaldo na entrada da área. Ótima chance para o Botafogo marcar o segundo.</narracao>
    <cartao id="48859" momento="1ºT" atletaId="11208" tempo="23" ico="/Portal/esportes/temporeal/swf/icos/cartao_amarelo.swf" cor="amarelo">Ramalho - Meio-campista é punido pelo árbitro por cometer falta desleal.</cartao>
    <narracao id="48862" momento="1ºT" tempo="24">São Paulo responde no contra-ataque. Thiago enche o pé e quase faz o gol de empate.</narracao>
    <narracao id="48866" momento="1ºT" tempo="25">Lúcio cruza mal da linha de fundo, a bola passa longe do gol e vai para fora.</narracao>
    <narracao id="48880" momento="1ºT" tempo="31">Pressão do São Paulo!!! Mas a zaga alvinegra está atenta e evita o pior.</narracao>
    <narracao id="48884" momento="1ºT" tempo="34">QUE ISSO THIAGO? Boa jogada de Ilsinho, Lenilson centra para Thiago que desperdiça gol feito.</narracao>
    <video id="48991" momento="1ºT" video="516504"> Veja o vídeo:  34' Veja o gol feito que o atacante Thiago perdeu</video>
    <narracao id="48891" momento="1ºT" tempo="36">Bosco faz defesa no susto. Quase deixa passar chute do meio da rua.</narracao>
    <narracao id="48894" momento="1ºT" tempo="38">Richarlyson chuta cruzado, da entrada da área, para fora.</narracao>
    <narracao id="48900" momento="1ºT" tempo="39">Pressão do São Paulo!!! Thiago manda bola para área. Mas após bate-rebate, a defesa do Botafogo isola a pelota.  </narracao>
    <narracao id="48902" momento="1ºT" tempo="41">Falta a favor do Botafogo na entrada da área.</narracao>
    <narracao id="48905" momento="1ºT" tempo="42">Ruy ajeita para Júnior César que enche o pé e faz o goleiro Bosco trabalhar.</narracao>
    <video id="49001" momento="1ºT" video="516506"> Veja o vídeo:  42' Assista ao chute de Júnior César que assustou o goleiro Bosco.</video>
    <narracao id="48908" momento="1ºT" tempo="43">Fogão ameaça em levantamento de bola de Júnior Cesar. A zaga tricolor se saí melhor e não permite a conclusão.</narracao>
    <narracao id="48913" momento="1ºT" tempo="45">Árbitro dá um minuto de acréscimo.</narracao>
    <narracao id="48915" momento="1ºT" tempo="46">Fim de primeiro tempo.</narracao>
    <momento id="48927" momento="I">Show do intervalo</momento>
    <narracao id="48949" momento="I" tempo="0">Em jogo bastante movimentado, tanto o Botafogo quanto o São Paulo criam várias chances de gol. Mas faltou competência dos ataques na hora de concluir, com exceção do chute certeiro de Felipe Adão aos oito minutos. Thiago, do time paulista, e Reinaldo, do Glorioso, precisam colocar o pé na chapa. </narracao>
    <momento id="48946" momento="2ºT">Segundo tempo</momento>
    <narracao id="48951" momento="2ºT" tempo="0">Começa o segundo tempo.</narracao>
    <narracao id="48953" momento="2ºT" tempo="3">Reinaldo sofre falta na linha de fundo. Boa chance do Fogão ampliar o placar.</narracao>
    <narracao id="48957" momento="2ºT" tempo="4">Levantamento de bola na área nas mãos do goleiro Bosco.  </narracao>
    <narracao id="48961" momento="2ºT" tempo="5">Richarlyson desperdiça cobrança da entrada da área. Isola a bola na arquibancada.</narracao>
    <gol id="48968" momento="2ºT" atletaId="4430" tempo="5" escudo="/FlashShow/0,,6600,00.swf" contra="0"> GOL DE THIAGO RIBEIRO  GOOOOOOOOOOOOOLLLLLLL DO SÃO PAULO!!! Cruzamento da esquerda e Thiago não perdoa. Tudo igual em Volta Redonda.</gol>
    <video id="49006" momento="2ºT" video="516519"> Veja o vídeo:  5' Confira como foi o gol do São Paulo.</video>
    <narracao id="48969" momento="2ºT" tempo="8">Daqui a pouco, Sérgio Manoel no Botafogo.</narracao>
    <narracao id="48974" momento="2ºT" tempo="9">Chuveirinho na área tricolor!!! Bosco sai bem e pega a bola sem dar rebote.</narracao>
    <substituicao id="49019" momento="2ºT" tempo="11" ico="/Portal/esportes/temporeal/swf/icos/substituicao.swf">Botafogo faz substituição: entra Sérgio Manoel, sai Capixaba</substituicao>
    <narracao id="48987" momento="2ºT" tempo="12">Boa chegada do São Paulo. Quase sai o gol da virada.</narracao>
    <substituicao id="49020" momento="2ºT" tempo="12" ico="/Portal/esportes/temporeal/swf/icos/substituicao.swf">Botafogo faz substituição: entra Marcelinho, sai Felipe Adão</substituicao>
    <video id="49026" momento="2ºT" video="516526"> Veja o vídeo:  12' Confira o ataque perigoso do time paulista com Ilsinho.</video>
    <narracao id="48994" momento="2ºT" tempo="16">Levantamento na área e Bosco põe a bola para escanteio.</narracao>
    <narracao id="49005" momento="2ºT" tempo="17">Ilsinho evita o segundo gol do Botafogo. Intercepta bola na pequena área.</narracao>
    <cartao id="49010" momento="2ºT" atletaId="6696" tempo="20" ico="/Portal/esportes/temporeal/swf/icos/cartao_amarelo.swf" cor="amarelo">Marcelinho Henrique - Atacante que acabou de entrar é punido pelo árbitro por fazer falta feia.</cartao>
    <substituicao id="49021" momento="2ºT" tempo="23" ico="/Portal/esportes/temporeal/swf/icos/substituicao.swf">Botafogo faz substituição: entra Thiago, sai Joílson</substituicao>
    <cartao id="49022" momento="2ºT" atletaId="3798" tempo="24" ico="/Portal/esportes/temporeal/swf/icos/cartao_amarelo.swf" cor="amarelo">Junior Cesar - O lateral está fora do próximo jogo do Fogão.</cartao>
    <narracao id="49031" momento="2ºT" tempo="28">Rodrigo Fabri vem aí!!!!</narracao>
    <substituicao id="49097" momento="2ºT" tempo="29" ico="/Portal/esportes/temporeal/swf/icos/substituicao.swf">São Paulo faz substituição: entra Rodrigo Fabri, sai Lenilson</substituicao>
    <narracao id="49041" momento="2ºT" tempo="31">Alex Dias chuta fraco, sem ameaçar o gol de Lopes. </narracao>
    <narracao id="49043" momento="2ºT" tempo="32">Júnior César é desarmado pela zaga tricolor na entrada da área.</narracao>
    <narracao id="49050" momento="2ºT" tempo="34">Botafogo levanta bola na área, mas Richarlyson afasta o perigo.</narracao>
    <substituicao id="49098" momento="2ºT" tempo="34" ico="/Portal/esportes/temporeal/swf/icos/substituicao.swf">São Paulo faz substituição: entra Tadeu, sai Alex Dias</substituicao>
    <narracao id="49059" momento="2ºT" tempo="37">Lúcio manda bola na área para ninguém. Sérgio Manoel puxa contra-ataque.</narracao>
    <narracao id="49062" momento="2ºT" tempo="38">Sérgio Manoel arrisca de longe, mas o chute sai fraco e bola corre pela linha fundo.</narracao>
    <cartao id="49064" momento="2ºT" atletaId="3505" tempo="39" ico="/Portal/esportes/temporeal/swf/icos/cartao_amarelo.swf" cor="amarelo">Richarlyson - Meio-campista é punido pelo árbitro.</cartao>
    <narracao id="49076" momento="2ºT" tempo="43">Sérgio Manoel manda bola para área. Scheidt tenta concluir de calcanhar, mas a bola vai longe do gol. </narracao>
    <video id="49086" momento="2ºT" video="516541"> Veja o vídeo:  45' Árbitro dá três minutos de acréscimo.</video>
    <substituicao id="49099" momento="2ºT" tempo="47" ico="/Portal/esportes/temporeal/swf/icos/substituicao.swf">São Paulo faz substituição: entra Denílson , sai Thiago</substituicao>
    <narracao id="49090" momento="2ºT" tempo="48">Fim de jogo em Volta Redonda. Tudo igual 1 a 1.</narracao>
    <momento id="49096" momento="E">Final de jogo</momento>
  </lances>
</lancealance>
