<?xml version="1.0" encoding="UTF-8"?>
<lancealance cobertura="1140" leitura="0">
  <placar>
    <equipe id="001" url="" nome="Suíça" escudo="/FlashShow/0,,9468,00.swf" resultado="2" abreviacao="SUI"/>
    <equipe id="002" url="" nome="Coreia do Sul" escudo="/FlashShow/0,,9447,00.swf" resultado="0" abreviacao="KOR"/>
  </placar>
  <lances>
    <momento id="40541" momento="PJ">Pré-jogo</momento>
    <narracao id="40543" momento="PJ" tempo="0">Suiça e Coréia do Sul se enfrentam no Fifa World Cup Stadium, em Hannover!</narracao>
    <narracao id="40544" momento="PJ" tempo="0">É a primeira vez que este jogo acontece na história do futebol.
</narracao>
    <narracao id="40546" momento="PJ" tempo="0">O argentino Horacio Elizondo é o árbitro da partida.
</narracao>
    <narracao id="40548" momento="PJ" tempo="0">
As duas equipes estão na briga pela classificação para as oitavas-de-final, com 4 pontos ganhos no Grupo G. Com vantagem no saldo de gols, a Suiça joga pelo empate. A Coréia do Sul precisa vencer para não depender de outros resultados. </narracao>
    <narracao id="40549" momento="PJ" tempo="0">A França, com 2 pontos, é a outra equipe com chances de passar de fase. Se os franceses vencerem os togoleses pelo resultado específico de 2 a 1, e coreanos e suíços ficarem no empate sem gols, a segunda vaga do grupo G será decidida por sorteio.</narracao>
    <narracao id="40553" momento="PJ" tempo="0">O técnico Köbi Kuhn completa 50 jogos no comando da seleção suiça. Ele promove duas substituições. Yakin e Spycher entram no lugar de Magnin e do machucado Gygax. </narracao>
    <narracao id="40554" momento="PJ" tempo="0">O atacante Frei, goleador do penúltimo campeonato francês, e as revelações Senderos e Barnetta são os jogadores que melhor tem se apresentado na equipe neste Mundial.</narracao>
    <narracao id="40557" momento="PJ" tempo="0">Do outro lado, o goleiro Lee Woon-jae chega a 100 partidas defendendo a meta dos Guerreiros de Taeguk.</narracao>
    <narracao id="40558" momento="PJ" tempo="0">Além do goleiro, o técnico Dick Advocaat aposta na experiência de outros jogadores como o zagueiro Jin-Cheul Choi e o meia Ji-Sung Park, do Manchester United.</narracao>
    <narracao id="40559" momento="PJ" tempo="0">No retrospecto em Mundiais, a Coréia do Sul tem 4 vitórias, 7 empates e 12 derrotas.</narracao>
    <narracao id="40560" momento="PJ" tempo="0">Ecoa o hino da Suiça em Hannover!</narracao>
    <narracao id="40561" momento="PJ" tempo="0">Agora é a vez do hino sul-coreano!</narracao>
    <video id="40582" momento="PJ" video="489127"> Veja o vídeo:  0' Os hinos de Suiça e Coréia do Sul.</video>
    <momento id="40563" momento="1ºT">Primeiro tempo</momento>
    <narracao id="40565" momento="1ºT" tempo="0">BOLA ROLANDO EM HANNOVER!!</narracao>
    <narracao id="40568" momento="1ºT" tempo="0">A Suiça joga de vermelho, a Coréia do Sul de branco.</narracao>
    <video id="40580" momento="1ºT" video="489130"> Veja o vídeo:  0' Começa o jogo.</video>
    <narracao id="40567" momento="1ºT" tempo="1">Primeira falta para a Suiça no campo de ataque.</narracao>
    <narracao id="40570" momento="1ºT" tempo="2">Choon Soo recebe bola pelo lado esquerdo da área e cruza, mas ninguém aparece para completar.</narracao>
    <video id="40584" momento="1ºT" video="489134"> Veja o vídeo:  2' Chun Soo cruza da esquerda, mas ninguém completa.</video>
    <narracao id="40572" momento="1ºT" tempo="4">Degen levanta bola alta na área, a zaga sul-coreana corta.</narracao>
    <narracao id="40573" momento="1ºT" tempo="5">Yakin invade a área, se prepara para o arremate, mas Nam Kim aparece para cortar na hora certa.</narracao>
    <video id="40585" momento="1ºT" video="489140"> Veja o vídeo:  5' Zaga sul-coreana bloqueia chute de Yakin.</video>
    <narracao id="40576" momento="1ºT" tempo="7">Frei não alcança sobra de chute travado pela zaga. O goleiro Woon Lee sai do gol e chega antes do atacante.</narracao>
    <narracao id="40578" momento="1ºT" tempo="8">Frei recebe livre em posição de impedimento.</narracao>
    <narracao id="40589" momento="1ºT" tempo="8">Defesa - Sung Park arrisca de fora, Zuberbühler defende. </narracao>
    <narracao id="40623" momento="1ºT" tempo="8">Park Sung arrisca de longe, mas goleiro suiço defende. </narracao>
    <narracao id="40579" momento="1ºT" tempo="9">Lance Perigoso - Barnetta recebe livre na entrada da área, avança e bate para o gol. Zagueiro sul-coreano entra de carrinho e corta a bola para escanteio.</narracao>
    <video id="40595" momento="1ºT" video="489146"> Veja o vídeo:  9' Barnetta chega na cara do gol, mas zaga impede conclusão.</video>
    <narracao id="40587" momento="1ºT" tempo="14">O árbitro atrapalha contra-ataque sul-coreano.</narracao>
    <video id="40597" momento="1ºT" video="489149"> Veja o vídeo:  14' Árbitro atrapalha jogada sul-coreana.</video>
    <narracao id="40591" momento="1ºT" tempo="16">Frei tenta surpreender Woon-Jae Lee, mas o goleiro está atento e defende seguro.</narracao>
    <narracao id="40592" momento="1ºT" tempo="17">Suiça faz boa jogada de contra-ataque com Barnetta e Frei, mas o assistente marca impedimento.</narracao>
    <narracao id="40598" momento="1ºT" tempo="20">Barnetta toca para Cabanas, o meia finta dois adversários e cruza, mas a zaga sul-coreana afasta.</narracao>
    <video id="40608" momento="1ºT" video="489156"> Veja o vídeo:  20' Cabanas faz boa jogada, cruza, mas zaga afasta perigo.</video>
    <cartao id="40599" momento="1ºT" atletaId="12398" tempo="21" ico="/Portal/esportes/temporeal/swf/icos/cartao_amarelo.swf" cor="amarelo">Chu-Young Park - Chu-Young Park segura Barnetta por trás e leva cartão amarelo.</cartao>
    <gol id="40601" momento="1ºT" atletaId="8037" tempo="22" escudo="/FlashShow/0,,9468,00.swf" contra="0"> GOL DE PHILIPPE SENDEROS  GOOOL DA SUIÇA!!!! Senderos marca de cabeça! Em bola levantada na cobrança de uma falta, o zagueiro sobe mais que todo mundo e cabeceia com força no ângulo esquerdo do goleiro.</gol>
    <video id="40601v" momento="1ºT" video="489162"> Veja o vídeo: Gol de Philippe Senderos.  22' GOOOL DA SUIÇA!!!! Senderos marca de cabeça! Em bola levantada na cobrança de uma falta, o zagueiro sobe mais que todo mundo e cabeceia com força no ângulo esquerdo do goleiro.</video>
    <narracao id="40604" momento="1ºT" tempo="25">Lance Perigoso - UUUHHH!! Frei recebe na área, mas conclui por cima.</narracao>
    <narracao id="40605" momento="1ºT" tempo="27">Pyo Lee levanta na área, Jae-Jin Cho cabeceia para defesa de Zuberbühler.</narracao>
    <narracao id="40612" momento="1ºT" tempo="30">Em outra jogada pelo alto, Ji-Sung Park cabeceia por cima do gol.</narracao>
    <video id="40639" momento="1ºT" video="489171"> Veja o vídeo:  30' Ji Sung Park cabeceia por cima do gol.</video>
    <narracao id="40614" momento="1ºT" tempo="33">Falta de Nam Kim em Yakin no campo de ataque da Suiça...</narracao>
    <narracao id="40616" momento="1ºT" tempo="34">... Bola direta para o gol. Woo-Jae Lee defende seguro.</narracao>
    <video id="40644" momento="1ºT" video="489178"> Veja o vídeo:  34' Yakin levanta na área, goleiro sai bem.</video>
    <narracao id="40618" momento="1ºT" tempo="35">Jae-Jin Cho e Degen dividem bola e batem cabeça. O jogo fica paralisado para o atendimento dos jogadores.</narracao>
    <cartao id="40620" momento="1ºT" atletaId="12363" tempo="36" ico="/Portal/esportes/temporeal/swf/icos/cartao_amarelo.swf" cor="amarelo">Jin-Kyu Kim - Jin-Kyu Kim recebe amarelo por cometer falta dura...</cartao>
    <narracao id="40622" momento="1ºT" tempo="37">... Yakin bate de longe, direto para o gol. Woo-Jae Lee manda para córner.</narracao>
    <video id="40645" momento="1ºT" video="489186"> Veja o vídeo:  37' Yakin solta bomba de longe.</video>
    <narracao id="40625" momento="1ºT" tempo="38">Lance Perigoso - QUASE!! Yakin rouba bola e cruza na área. A zaga dá rebote e de novo Yakin pega um balaço de primeira. A bola desvia na zaga e sai por muito pouco.</narracao>
    <video id="40647" momento="1ºT" video="489187"> Veja o vídeo:  38' Yakin faz ótima jogada e quase marca.</video>
    <narracao id="40627" momento="1ºT" tempo="39">Lance Perigoso - Cobrança de escanteio venenosa, Woon-Jae Lee espalma com dificuldades.</narracao>
    <video id="40648" momento="1ºT" video="489190"> Veja o vídeo:  39' Woon-Jae Lee faz boa defesa em cobrança de escanteio.</video>
    <narracao id="40629" momento="1ºT" tempo="41">Lance Perigoso - Chun-Soo Lee bate de fora da área e obriga Zuberbühler a espalmar para córner.</narracao>
    <narracao id="40631" momento="1ºT" tempo="41">Lance Perigoso - Escanteio cobrado na área da Suiça. A bola desvia no braço de um suiço, e depois de um intenso bate e rebate, Jin-Kyu Kim emenda por cima do gol.</narracao>
    <video id="40657" momento="1ºT" video="489210"> Veja o vídeo:  41' Jin-Kyu Kim perde gol dentro da pequena área.</video>
    <cartao id="40632" momento="1ºT" atletaId="8037" tempo="43" ico="/Portal/esportes/temporeal/swf/icos/cartao_amarelo.swf" cor="amarelo">Philippe Senderos - Senderos faz falta por trás e recebe cartão amarelo.</cartao>
    <narracao id="40634" momento="1ºT" tempo="43">Lance Perigoso - Jogada na área da Suiça, a bola sobra para Chu-Young Park bater da pequena área para fora.</narracao>
    <video id="40653" momento="1ºT" video="489204"> Veja o vídeo:  43' Chu-Young Park tem grande chance para empatar.</video>
    <narracao id="40636" momento="1ºT" tempo="44">Defesa - Chun-Soo Lee bate bem da entrada da área, Zuberbühler espalma para córner em bela defesa.</narracao>
    <video id="40654" momento="1ºT" video="489207"> Veja o vídeo:  44' Chun-Soo Lee bate bem de fora da área e goleiro evita o gol.</video>
    <narracao id="40641" momento="1ºT" tempo="45">Lance Perigoso - Barnetta levanta na área, Frei cara a cara só pega de raspão na bola.</narracao>
    <narracao id="40643" momento="1ºT" tempo="46">FIM DE PRIMEIRO TEMPO!! </narracao>
    <momento id="40650" momento="I">Show do intervalo</momento>
    <narracao id="40651" momento="I" tempo="0">Jogo movimentado em Hannover! Está valendo a primeira posição do Grupo G. A Suiça esteve um pouco melhor neste primeiro tempo. No fim da etapa a Coréia do Sul equilibrou e ficou perto de empatar. As duas equipes tem um forte poder de marcação e muita velocidade. A Suiça teve  boas chances com Barnetta, Yakin e Frei. Coréia do Sul teve algumas chances também, principalmente com Chun-Soo Lee.</narracao>
    <momento id="40658" momento="2ºT">Segundo tempo</momento>
    <narracao id="40659" momento="2ºT" tempo="0">COMEÇA O SEGUNDO TEMPO</narracao>
    <narracao id="40660" momento="2ºT" tempo="1">Ho Lee arrisca de fora. </narracao>
    <video id="40666" momento="2ºT" video="489226"> Veja o vídeo:  1' Ho Lee arrisca de fora no primeiro minuto.</video>
    <narracao id="40662" momento="2ºT" tempo="3">Chun-Soo Lee faz boa jogada individual pela ponta direita, mas Spycher consegue o desarme limpo.</narracao>
    <narracao id="40664" momento="2ºT" tempo="4">A Coréia do Sul volta do intervalo partido para cima.</narracao>
    <substituicao id="40744" momento="2ºT" tempo="7" ico="/Portal/esportes/temporeal/swf/icos/substituicao.swf">Suíça faz substituição: entra Djourou, sai Senderos</substituicao>
    <narracao id="40668" momento="2ºT" tempo="8">Polêmica - Bola bate na mão da zaga suiça dentro da área. O árbitro diz que não foi intencional.</narracao>
    <video id="40680" momento="2ºT" video="489238"> Veja o vídeo:  8' Coreanos pedem pênalti em bola na mão involuntária dentro da área.</video>
    <cartao id="40671" momento="2ºT" atletaId="3330" tempo="9" ico="/Portal/esportes/temporeal/swf/icos/cartao_amarelo.swf" cor="amarelo">Hakan Yakin - Yakin domina com a mão e bate para o gol. É punido com o cartão amarelo.</cartao>
    <narracao id="40672" momento="2ºT" tempo="12">Frei recebe de Spycher na entrada da área, mas pega mal na bola, que passa cruzada, sem perigo.</narracao>
    <video id="40681" momento="2ºT" video="489240"> Veja o vídeo:  12' Frei pega mal na bola.</video>
    <narracao id="40674" momento="2ºT" tempo="13">Barnetta cruza rasante. A bola passa pela pequena área, mas ninguém alcança.</narracao>
    <narracao id="40677" momento="2ºT" tempo="15">Wicky recebe em profundidade e bate fraco nas mãos do goleiro.</narracao>
    <substituicao id="40684" momento="2ºT" tempo="17" ico="/Portal/esportes/temporeal/swf/icos/substituicao.swf">Coréia do Sul faz substituição: entra Jung-Hwan Ahn, sai Young-Pyo Lee</substituicao>
    <narracao id="40683" momento="2ºT" tempo="18">Na Trave - QUE PERIGO!! Frei recebe de Cabanas passe em profundidade pelo lado direito da área, e acerta balaço na trave.</narracao>
    <video id="40699" momento="2ºT" video="489247"> Veja o vídeo:  18' Frei carimba trave.</video>
    <cartao id="40743" momento="2ºT" atletaId="7345" tempo="19" ico="/Portal/esportes/temporeal/swf/icos/cartao_amarelo.swf" cor="amarelo">Wicky - O meia Wicky comete falta dura e recebe cartão amarelo.</cartao>
    <substituicao id="40685" momento="2ºT" tempo="20" ico="/Portal/esportes/temporeal/swf/icos/substituicao.swf">Coréia do Sul faz substituição: entra Ki-Hyeon Seol, sai Chu-Young Park</substituicao>
    <narracao id="40687" momento="2ºT" tempo="20">Lance Perigoso - Jae-Jin Cho desvia córner de cabeça com perigo. Zuberbühler espalma para novo escanteio.</narracao>
    <video id="40713" momento="2ºT" video="489262"> Veja o vídeo:  20' Zuberbühler defende cabeçada à queima roupa.</video>
    <narracao id="40688" momento="2ºT" tempo="21">Outra cabeçada de Jae-Jin Cho para fora.</narracao>
    <narracao id="40689" momento="2ºT" tempo="22">POSSE DE BOLA: Suiça 47% x 53% Coréia do Sul.</narracao>
    <narracao id="40692" momento="2ºT" tempo="24">Após confusão na área suiça, Djourou consegue cortar.</narracao>
    <substituicao id="40745" momento="2ºT" tempo="25" ico="/Portal/esportes/temporeal/swf/icos/substituicao.swf">Suíça faz substituição: entra Margairaz, sai Yakin</substituicao>
    <narracao id="40696" momento="2ºT" tempo="26">Frei avança pela ponta direita, cruza e ganha escanteio.</narracao>
    <narracao id="40697" momento="2ºT" tempo="27">Frei recebe de Margairaz livre na área, mas não consegue dominar. Chun-Soo Lee corta para córner.</narracao>
    <gol id="40704" momento="2ºT" atletaId="7164" tempo="32" escudo="/FlashShow/0,,9468,00.swf" contra="0"> GOL DE ALEXANDER FREI  GOOOL DA SUIÇA!! Frei recebe presente do adversário, dribla o goleiro e empurra para as redes.</gol>
    <video id="40704v" momento="2ºT" video="489264"> Veja o vídeo: Gol de Alexander Frei.  32' GOOOL DA SUIÇA!! Frei recebe presente do adversário, dribla o goleiro e empurra para as redes.</video>
    <narracao id="40707" momento="2ºT" tempo="33">Lance Feio - O árbitro escorrega na hora de correr ao centro do campo.</narracao>
    <video id="40727" momento="2ºT" video="489269"> Veja o vídeo:  33' Árbitro escorrega.</video>
    <cartao id="40708" momento="2ºT" atletaId="1827" tempo="34" ico="/Portal/esportes/temporeal/swf/icos/cartao_amarelo.swf" cor="amarelo">Chun-Soo Lee - Chun-Soo Lee comete falta dura e recebe cartão amarelo.</cartao>
    <cartao id="40716" momento="2ºT" atletaId="8612" tempo="36" ico="/Portal/esportes/temporeal/swf/icos/cartao_amarelo.swf" cor="amarelo">Christoph Spycher - O árbitro dá cartão amarelo para Spycher por agarrar adversário na área fora do lance.</cartao>
    <narracao id="40714" momento="2ºT" tempo="37">Na Trave - Na sobra do escanteio, Kyu Kim recebe passe quase na pequena área e acerta o travessão. </narracao>
    <video id="40728" momento="2ºT" video="489270"> Veja o vídeo:  37' Jin Kyu acerta o travessão.</video>
    <narracao id="40717" momento="2ºT" tempo="41">Frei cabeceia por cima do gol.</narracao>
    <narracao id="40719" momento="2ºT" tempo="41">Defesa - Hwan Ahn gira e bate forte na grande área. Zuberbühler faz boa defesa. </narracao>
    <video id="40733" momento="2ºT" video="489237"> Veja o vídeo:  41' Frei cabeceia por cima.</video>
    <substituicao id="40746" momento="2ºT" tempo="42" ico="/Portal/esportes/temporeal/swf/icos/substituicao.swf">Suíça faz substituição: entra Behrami, sai Wicky</substituicao>
    <cartao id="40726" momento="2ºT" atletaId="10767" tempo="43" ico="/Portal/esportes/temporeal/swf/icos/cartao_amarelo.swf" cor="amarelo">Johan Djourou - Djourou comete falta em Jae-Jin Cho, interrompe contra-ataque e recebe cartão amarelo. </cartao>
    <narracao id="40730" momento="2ºT" tempo="45">4 minutos de acréscimo.</narracao>
    <cartao id="40740" momento="2ºT" atletaId="1829" tempo="46" ico="/Portal/esportes/temporeal/swf/icos/cartao_amarelo.swf" cor="amarelo">Jung-Hwan Ahn - Ahn recebe cartão amarelo.</cartao>
    <narracao id="40732" momento="2ºT" tempo="47">Hwan Ahn bate para o gol, Zuberbühler defende com facilidade.</narracao>
    <narracao id="40735" momento="2ºT" tempo="49">FIM DE PARTIDA! SUIÇA CLASSIFICADA!</narracao>
    <momento id="40736" momento="E">Final de jogo</momento>
    <narracao id="40737" momento="E" tempo="0">A seleção suiça comemora muito a classificação em primeiro lugar no Grupo G!
</narracao>
    <narracao id="40738" momento="E" tempo="0">Os sul-coreanos, desolados, se despedem da Copa!</narracao>
  </lances>
</lancealance>
