<?xml version="1.0" encoding="UTF-8"?>
<lancealance cobertura="1252" leitura="0">
  <placar>
    <equipe id="001" url="" nome="Grêmio" escudo="/FlashShow/0,,7844,00.swf" resultado="1" abreviacao="GRE"/>
    <equipe id="002" url="" nome="Juventude" escudo="/FlashShow/0,,6595,00.swf" resultado="0" abreviacao="JUV"/>
  </placar>
  <lances>
    <momento id="48355" momento="PJ">Pré-jogo</momento>
    <narracao id="48362" momento="PJ" tempo="0">DUELO DE GAÚCHOS NO OLÍMPICO!!!</narracao>
    <narracao id="48363" momento="PJ" tempo="0">O Grêmio recebe o Juventude pela 15ª rodada do Brasileirão!</narracao>
    <narracao id="48365" momento="PJ" tempo="0">Os dois times fazem campanhas apenas razoáveis. A equipe gremista está em décimo terceiro com 17 pontos, apenas dois a mais que o limite da zona de rebaixamento. O time de Caxias do Sul é o nono com 20 pontos somados, posicionando-se na zona da Copa Sul-Americana.
</narracao>
    <narracao id="48366" momento="PJ" tempo="0">A partida marca o reencontro de Jeovânio e o zagueiro Antônio Carlos, punido por 120 dias de suspensão por ofensa racista ao meia tricolor em uma partida entre as duas equipes.
</narracao>
    <narracao id="48367" momento="PJ" tempo="0">O atacante Christian, do Juventude, enfrenta seu ex-clube no Olímpico, onde participou da fatídica campanha do rebaixamento para a série B em 2004.</narracao>
    <narracao id="48368" momento="PJ" tempo="0">O Grêmio deve fazer sua última partida no Olímpico em três meses. O clube foi punido por oito jogos sem poder atuar no estádio devido a violência de sua torcida no Beira-Rio, durante o Gre-Nal da rodada passada.</narracao>
    <momento id="48369" momento="1ºT">Primeiro tempo</momento>
    <narracao id="48370" momento="1ºT" tempo="0">COMEÇA A PARTIDA NO OLÍMPICO!!!</narracao>
    <video id="48403" momento="1ºT" video="516208"> Veja o vídeo:  1' COMEÇA A PARTIDA!</video>
    <narracao id="48373" momento="1ºT" tempo="2">Ivo tenta enfiada em profundidade. Marcelo Grohe sai do gol e fica com a bola.</narracao>
    <narracao id="48375" momento="1ºT" tempo="3">DE NOVO O JUVENTUDE! Marcel recebe boa bola na entrada da área, mas bate prensado na zaga.</narracao>
    <narracao id="48376" momento="1ºT" tempo="4">Raulen recebe bola no lado direito da área, Marcelo Grohe sai do gol com rapidez, divide com o adversário e consegue a defesa.</narracao>
    <video id="48406" momento="1ºT" video="516209"> Veja o vídeo:  4' Marcelo Grohe mostra arrojo ao sair nos pés de Raulen.</video>
    <narracao id="48382" momento="1ºT" tempo="6">CHEGADA DO GRÊMIO! Rômulo recebe no lado esquerdo da grande área, dribla o primeiro, mas adianta na hora do chute e perde a bola.</narracao>
    <narracao id="48384" momento="1ºT" tempo="9">Wellington rouba de Raulen no campo de ataque, mas se embola com a bola na hora de armar o contra-ataque.</narracao>
    <narracao id="48386" momento="1ºT" tempo="10">PRIMEIRO CÓRNER! É para o Juventude. Após boa jogada de Christian, Wellington não brinca em serviço e despacha a bola pela linha de fundo...</narracao>
    <narracao id="48388" momento="1ºT" tempo="11">... Falta de ataque de Renan.</narracao>
    <narracao id="48391" momento="1ºT" tempo="13">VEM O TRICOLOR! Rômulo dribla Antônio Carlos na área e cruza para o meio. O goleiro André consegue defender em dois tempos.</narracao>
    <video id="48409" momento="1ºT" video="516213"> Veja o vídeo:  13' André defende com dificuldade em jogada de Rômulo. </video>
    <narracao id="48392" momento="1ºT" tempo="15">TENTA OUTRA! Rafinha tenta bola longa para Rômulo, mas manda direto pela linha de fundo.</narracao>
    <narracao id="48397" momento="1ºT" tempo="17">Marcel bate escanteio no primeiro pau. A zaga corta para o alto e bola fica com Marcelo Grohe.</narracao>
    <narracao id="48399" momento="1ºT" tempo="18">Rafinha dribla Rafael, invade a área pelo lado esquerdo até a linha de fundo e bate para o meio. A bola desvia em Antônio Carlos, encobre o goleiro, mas fica por cima da rede.</narracao>
    <video id="48416" momento="1ºT" video="516214"> Veja o vídeo:  18' Bola sai por cima do gol em boa jogada de Rafinha.</video>
    <narracao id="48401" momento="1ºT" tempo="20">Em tentativa da entrada da área, Tcheco pega mal com a canhota e manda a bola para fora.</narracao>
    <narracao id="48402" momento="1ºT" tempo="22">ESSA TINHA ENDEREÇO! Tcheco tenta de novo com a canhota, mas Igor entra de carrinho na hora certa para desviar.</narracao>
    <narracao id="48410" momento="1ºT" tempo="26">Falta de Raulen em Hugo na entrada da área...</narracao>
    <narracao id="48412" momento="1ºT" tempo="27">... Rafinha bate no segundo pau, André espalma para escanteio.</narracao>
    <video id="48427" momento="1ºT" video="516215"> Veja o vídeo:  27' Rafinha bate falta, André espalma para fora.</video>
    <narracao id="48414" momento="1ºT" tempo="30">Walker bate falta na área, Marcelo Grohe defende seguro.</narracao>
    <narracao id="48417" momento="1ºT" tempo="30">BOA TENTATIVA! Tcheco solta a bomba de canhota da entrada da área. A bola passa perto da trave esquerda do gol.</narracao>
    <narracao id="48420" momento="1ºT" tempo="31">Christian, sem ângulo, bate mal para o gol.</narracao>
    <narracao id="48422" momento="1ºT" tempo="32">Lucas faz boa tabela com Rômulo, mas a zaga corta a bola para escanteio...</narracao>
    <narracao id="48423" momento="1ºT" tempo="33">... NA VEIA! Lucas pega bem o rebote, André pula no canto direito e faz boa defesa. </narracao>
    <video id="48433" momento="1ºT" video="516217"> Veja o vídeo:  33' André faz outra boa defesa em chute de Lucas.</video>
    <narracao id="48425" momento="1ºT" tempo="35">OUTRA CHANCE DO GRÊMIO! Após batida de escanteio, Hugo recua para a grande área para conseguir cabecear, mas a bola sai pela linha de fundo. </narracao>
    <narracao id="48429" momento="1ºT" tempo="37">Alexandre é atendido no gramado.</narracao>
    <video id="48449" momento="1ºT" video="516218"> Veja o vídeo:  37' Após choque com Evaldo, Alexandre é substituído. </video>
    <substituicao id="48508" momento="1ºT" tempo="39" ico="/Portal/esportes/temporeal/swf/icos/substituicao.swf">Juventude faz substituição: entra Éder Ceccon, sai Alexandre</substituicao>
    <narracao id="48432" momento="1ºT" tempo="40">Wellington cruza na área para Rômulo, Antônio Carlos corta de peixinho.</narracao>
    <narracao id="48435" momento="1ºT" tempo="42">Marcel rouba bola de Wellington, mas na hora de puxar o contra-ataque erra o passe para Éder Ceccon.</narracao>
    <narracao id="48437" momento="1ºT" tempo="43">Wellington cruza na área, Rômulo não alcança e Walker manda para córner. Time gremista fica pedindo pênalti.</narracao>
    <narracao id="48441" momento="1ºT" tempo="44">SÓ DÁ GRÊMIO! Hugo cruza bola para Rômulo na área, Rafinha pega de primeira o rebote da zaga, mas bola é prensada na defesa do Juventude. </narracao>
    <narracao id="48443" momento="1ºT" tempo="46">MELHOR CHANCE DO JUVENTUDE! Christian recebe na entrada da área em perfeitas condições e bate cruzado rente à trave esquerda.</narracao>
    <narracao id="48444" momento="1ºT" tempo="47">TERMINA O PRIMEIRO TEMPO!</narracao>
    <momento id="48445" momento="I">Show do intervalo</momento>
    <narracao id="48456" momento="I" tempo="0">O Juventude começou o jogo com mais ímpeto, mas a partir dos 15 minutos a equipe gremista passou a dominar a partida e desperdiçou as melhores oportunidades.</narracao>
    <momento id="48457" momento="2ºT">Segundo tempo</momento>
    <narracao id="48458" momento="2ºT" tempo="0">RECOMEÇA A PARTIDA!</narracao>
    <narracao id="48464" momento="2ºT" tempo="2">Wellington levanta bola na área. Bola passa por todo mundo e sai pela linha de fundo.</narracao>
    <narracao id="48466" momento="2ºT" tempo="3">DEMOROU A MARCAR! Falta perigosa para o Grêmio em cima de Patrício...</narracao>
    <narracao id="48467" momento="2ºT" tempo="4">... Evaldo tenta de cabeça, mas bola vai fraca para as mãos de André.</narracao>
    <video id="48503" momento="2ºT" video="516236"> Veja o vídeo:  4' Evaldo cabeceia sem força.</video>
    <cartao id="48468" momento="2ºT" atletaId="5100" tempo="5" ico="/Portal/esportes/temporeal/swf/icos/cartao_amarelo.swf" cor="amarelo">Walker - Mais uma falta para o Grêmio. Walker derruba Hugo e recebe cartão amarelo...</cartao>
    <narracao id="48469" momento="2ºT" tempo="5">... Bola no segundo pau, Lucas não alcança.</narracao>
    <narracao id="48472" momento="2ºT" tempo="6">QUE PERIGO! Éder Ceccon alcança bola na linha de fundo e cruza para a área. Marcel pega de primeira em sem pulo de direita e bola passa rente à trave esquerda do gol.</narracao>
    <video id="48504" momento="2ºT" video="516239"> Veja o vídeo:  6' Marcel manda bola rente à trave.</video>
    <narracao id="48473" momento="2ºT" tempo="7">RESPOSTA! Lucas enche o pé em sobra de córner, André faz boa defesa.</narracao>
    <video id="48506" momento="2ºT" video="516240"> Veja o vídeo:  7' Boa defesa de André em batida forte de Lucas.</video>
    <narracao id="48478" momento="2ºT" tempo="9">Rafinha bate escanteio no primeiro pau, Christian afasta o perigo de cabeça.</narracao>
    <narracao id="48479" momento="2ºT" tempo="10">DESPERDIÇOU! Tcheco recebe livre na grande área após grande jogada de Hugo pela ponta esquerda. O meia pega mal na bola e manda para fora.</narracao>
    <narracao id="48480" momento="2ºT" tempo="11">Antônio Carlos comete falta perigosa...</narracao>
    <gol id="48483" momento="2ºT" atletaId="9987" tempo="12" escudo="/FlashShow/0,,7844,00.swf" contra="0"> GOL DE EVALDO  ... É GOOOOOOOL DO GRÊMIO!!!!!!! Bola rolada para trás, Evaldo solta um balaço de fora da área no canto esquerdo do gol.</gol>
    <video id="48483v" momento="2ºT" video="516238"> Veja o vídeo: Gol de Evaldo.  12' ... É GOOOOOOOL DO GRÊMIO!!!!!!! Bola rolada para trás, Evaldo solta um balaço de fora da área no canto esquerdo do gol.</video>
    <narracao id="48484" momento="2ºT" tempo="14">PEGOU MAL! Lucas arremata de fora, mas pega fraco e manda pela linha de fundo.</narracao>
    <narracao id="48487" momento="2ºT" tempo="15">DE NOVO O GRÊMIO! Hugo carrega a bola até a entrada da área e, desequilibrado, bate para fora.</narracao>
    <narracao id="48488" momento="2ºT" tempo="16">Bola na área do Juventude, André espalma.</narracao>
    <substituicao id="48509" momento="2ºT" tempo="18" ico="/Portal/esportes/temporeal/swf/icos/substituicao.swf">Juventude faz substituição: entra Lauro, sai Ivo</substituicao>
    <narracao id="48493" momento="2ºT" tempo="19">QUE BOMBA! Lucas pega forte em mais uma sobra da zaga, André defende em dois tempos. </narracao>
    <narracao id="48495" momento="2ºT" tempo="21">Patrício cruza na área, Antônio Carlos intercepta para fora. É o décimo córner para o Grêmio...</narracao>
    <substituicao id="48526" momento="2ºT" tempo="21" ico="/Portal/esportes/temporeal/swf/icos/substituicao.swf">Grêmio faz substituição: entra Leo Lima, sai Rafinha</substituicao>
    <narracao id="48500" momento="2ºT" tempo="22">... MAL! Em seu primeiro toque na bola, Léo Lima cobra escanteio com força exagerada e manda bola pela linha de fundo.</narracao>
    <narracao id="48501" momento="2ºT" tempo="24">Éder Ceccon escora fraco cruzamento de Christian.</narracao>
    <substituicao id="48510" momento="2ºT" tempo="29" ico="/Portal/esportes/temporeal/swf/icos/substituicao.swf">Juventude faz substituição: entra Leandrinho, sai Marcel</substituicao>
    <narracao id="48511" momento="2ºT" tempo="30">NÃO DOMINOU! Hugo faz belo lançamento para Rômulo na grande área, mas o atacante não consegue dominar.</narracao>
    <narracao id="48512" momento="2ºT" tempo="31">Christian faz boa jogada pela ponta direita e cruza para a área, Marcelo Grohe sai do gol e defende a bola.</narracao>
    <narracao id="48514" momento="2ºT" tempo="31">Wellington arrisca de fora da área por cima do gol.</narracao>
    <narracao id="48516" momento="2ºT" tempo="32">BOM CHUTE! Leandrinho solta pancada da entrada da área, Marcelo Grohe manda para córner...</narracao>
    <video id="48542" momento="2ºT" video="516246"> Veja o vídeo:  32' Leandrinho chuta, Marcelo Grohe manda para córner.</video>
    <narracao id="48517" momento="2ºT" tempo="33">... Marcelo Grohe tira de soco.</narracao>
    <narracao id="48518" momento="2ºT" tempo="33">Wellington tenta caneta em cima de Raulen e sofre falta... </narracao>
    <narracao id="48519" momento="2ºT" tempo="34">... Leo Lima cruza, Antônio Carlos corta no primeiro pau.</narracao>
    <cartao id="48521" momento="2ºT" atletaId="8738" tempo="35" ico="/Portal/esportes/temporeal/swf/icos/cartao_amarelo.swf" cor="amarelo">Lucas - Meia faz falta por trás e leva o primeiro cartão amarelo do Grêmio.</cartao>
    <narracao id="48523" momento="2ºT" tempo="35">Herrera cruza no segundo pau, o goleiro André sai mal do gol, mas a zaga consegue afastar o perigo.</narracao>
    <substituicao id="48527" momento="2ºT" tempo="36" ico="/Portal/esportes/temporeal/swf/icos/substituicao.swf">Grêmio faz substituição: entra Nunes, sai Lucas</substituicao>
    <narracao id="48528" momento="2ºT" tempo="38">Marcelo Grohe defende a bola após cobrança de falta para a área gremista.</narracao>
    <narracao id="48529" momento="2ºT" tempo="39">Leo Lima bate de canhota de fora da área por cima do gol.</narracao>
    <narracao id="48531" momento="2ºT" tempo="40">SENSACIONAL! André faz duas grandes defesas seguidas. Na primeira, o goleiro fecha o ângulo e defende chute de Herrera sozinho na área. No rebote, desvia para córner batida de Rômulo. </narracao>
    <video id="48545" momento="2ºT" video="516253"> Veja o vídeo:  40' Grandes defesas de André em chutes de Herrera e Rômulo.</video>
    <narracao id="48533" momento="2ºT" tempo="42">Leo Lima dribla na ponta direita e manda a bola para a área. Rômulo cabeceia por cima do gol.</narracao>
    <narracao id="48534" momento="2ºT" tempo="43">PÚBLICO APROXIMADO DE 14 MIL TORCEDORES!</narracao>
    <narracao id="48536" momento="2ºT" tempo="45">PARA GARANTIR! Marcelo Grohe segura firme batida de Raulen da grande área.</narracao>
    <narracao id="48537" momento="2ºT" tempo="45">ERA PARA FECHAR O CAIXÃO! Leo Lima chuta rente à trave direita.</narracao>
    <narracao id="48539" momento="2ºT" tempo="46">QUASE O EMPATE NO FINAL! Christian recebe livre na área e manda por cima do gol.</narracao>
    <narracao id="48546" momento="2ºT" tempo="47">TERMINA A PARTIDA NO OLÍMPICO! Com a vitória, o Grêmio chega aos mesmos 20 pontos do Juventude.</narracao>
    <momento id="48547" momento="E">Final de jogo</momento>
  </lances>
</lancealance>
