<?xml version="1.0" encoding="UTF-8"?>
<lancealance cobertura="1363" leitura="0">
  <placar>
    <equipe id="001" url="" nome="Paraná" escudo="/FlashShow/0,,6598,00.swf" resultado="0" abreviacao="PAR"/>
    <equipe id="002" url="" nome="Juventude" escudo="/FlashShow/0,,6595,00.swf" resultado="1" abreviacao="JUV"/>
  </placar>
  <lances>
    <momento id="53916" momento="PJ">Pré-jogo</momento>
    <narracao id="53918" momento="PJ" tempo="0">O Paraná vem de uma derrota para o líder São Paulo por 3 a 2 no Morumbi. Na ocasião, o técnico Caio Junior reclamou muito do "jogo violento" do adversário.</narracao>
    <narracao id="53920" momento="PJ" tempo="0">Além de não poder contar com o capitão Beto, expulso na última rodada, Emerson também não vai a campo, já que está suspenso por ter levado o terceiro cartão amarelo.
</narracao>
    <narracao id="53923" momento="PJ" tempo="0">Líderes da equipe gaúcha como o volante Beto e o zagueiro Émerson também cumprem suspensão. No lugar deles entram, respectivamente, Neguete e Sandro.</narracao>
    <narracao id="53917" momento="PJ" tempo="0">Paraná e Juventude se enfrentam, daqui a pouco, no estádio Pinheirão pelo início do returno do Campeonato Brasileiro. </narracao>
    <narracao id="53922" momento="PJ" tempo="0">No fim do primeiro turno, o time de Caxias do Sul não conseguiu sair de um empate sem gols com o Corinthians, no Alfredo Jaconi. </narracao>
    <narracao id="53921" momento="PJ" tempo="0">Por outro lado, o Juventude não vai poder contar com o atacante Éder Ceccon, que foi negociado com o futebol turco. E o zagueiro Fabrício, suspenso, não viajou para Curitiba. Entra no lugar dele o também defensor Rafael.</narracao>
    <momento id="53951" momento="1ºT">Primeiro tempo</momento>
    <narracao id="53952" momento="1ºT" tempo="0">Começa o jogo.</narracao>
    <narracao id="53965" momento="1ºT" tempo="3">Árbitro marca impedimento do ataque do Juventude.</narracao>
    <narracao id="53969" momento="1ºT" tempo="5">O zagueiro Rafael tenta o lançamento, mas a bola sai muito forte e ninguém consegue alcançá-la. </narracao>
    <narracao id="53972" momento="1ºT" tempo="6">Christian recebe em posição de impedimento e não consegue completar a jogada.</narracao>
    <narracao id="53977" momento="1ºT" tempo="7">Christian pega mal na bola e desperdiça cruzamento, após contra-ataque da equipe gaúcha. </narracao>
    <narracao id="53983" momento="1ºT" tempo="9">Gustavo pisa na bola antes de conseguir aliviar o perigo.</narracao>
    <narracao id="53986" momento="1ºT" tempo="10">Árbitro vê impedimento de Márcio Azevedo, do Juventude.</narracao>
    <video id="54093" momento="1ºT" video="529142"> Veja o vídeo:  10' Márcio Azevedo solta a bomba, mas não valia mais nada. O árbitro já tinha marcado impedimento.</video>
    <narracao id="53992" momento="1ºT" tempo="11">Christian recebe bola na entrada da pequena área, e sem goleiro, manda na trave. No rebote, Leandrinho empurra para a rede, mas o árbitro marca impedimento. </narracao>
    <video id="54027" momento="1ºT" video="529144"> Veja o vídeo:  11' Christian erra gol sem goleiro.</video>
    <narracao id="54002" momento="1ºT" tempo="16">Partida com muitas faltas e pouca criatividade de ambas as equipes.</narracao>
    <narracao id="54010" momento="1ºT" tempo="18">Bom momento para o Tricolor paranaense!!! Edmílson solta a bomba, a bola desvia na barreira e vai para fora.</narracao>
    <narracao id="54012" momento="1ºT" tempo="19">Renan arrisca de longe e a bola chega fraca nas mãos de Flávio.</narracao>
    <video id="54054" momento="1ºT" video="529148"> Veja o vídeo:  19' Renan chute de longe para a defesa de Flávio.</video>
    <narracao id="54018" momento="1ºT" tempo="22">No contra-ataque do Juventude, Lauro e Christian não se entendem e perdem ótima oportunidade.</narracao>
    <video id="54059" momento="1ºT" video="529149"> Veja o vídeo:  22' Ataque do Juventude não se entende e perde uma das melhores chances do jogo.</video>
    <cartao id="54023" momento="1ºT" atletaId="4466" tempo="25" ico="/Portal/esportes/temporeal/swf/icos/cartao_amarelo.swf" cor="amarelo">Pierre - Meio-campo faz falta desleal e é punido com o primeiro cartão da partida.</cartao>
    <narracao id="54030" momento="1ºT" tempo="28">Lauro arrisca do meio da rua e o goleiro Flávio se estica todo para defender a bola que iria no ângulo. </narracao>
    <narracao id="54036" momento="1ºT" tempo="31">Neguete consegue pôr a bola para escanteio em ataque perigoso do Alviverde gaúcho.</narracao>
    <narracao id="54040" momento="1ºT" tempo="32">Árbitro dá impedimento do ataque do time de Caxias do Sul.</narracao>
    <narracao id="54043" momento="1ºT" tempo="34">Sandro tenta a finta, mas é parado pela zaga do Tricolor paranaense.</narracao>
    <narracao id="54047" momento="1ºT" tempo="35">Flávio se antecipa a Leandrinho e faz a defesa.</narracao>
    <narracao id="54051" momento="1ºT" tempo="37">Edinho torce o tornozelo e sai de campo na maca.</narracao>
    <video id="54083" momento="1ºT" video="529159"> Veja o vídeo:  37' Edinho se machuca e sai de campo sentindo dores. </video>
    <narracao id="54062" momento="1ºT" tempo="40">Jéffe é travado na hora do chute. </narracao>
    <narracao id="54075" momento="1ºT" tempo="44">Árbitro dá dois minutos de acréscimo.</narracao>
    <video id="54109" momento="1ºT" video="529165"> Veja o vídeo:  46' Boa chegada do Paraná em cabeçada de Jéffe.</video>
    <narracao id="54085" momento="1ºT" tempo="47">Fim de primeiro tempo.</narracao>
    <momento id="54086" momento="I">Show do intervalo</momento>
    <narracao id="54104" momento="I" tempo="0">O Juventude parece jogar em casa. Sobe ao ataque quando bem entende, sem ser incomodado pelos anfitriões. Em compensação, os atacantes Christian e Leandrinho abusaram de ficar em posição de impedimento e erram um caminhão de gols. O Paraná precisa entrar em campo, para não ser derrotado diante da própria torcida, que lota o Pinheirão. </narracao>
    <momento id="54110" momento="2ºT">Segundo tempo</momento>
    <narracao id="54116" momento="2ºT" tempo="0">Começa o segundo tempo.</narracao>
    <substituicao id="54218" momento="2ºT" tempo="0" ico="/Portal/esportes/temporeal/swf/icos/substituicao.swf">Paraná faz substituição: entra Zumbi, sai Jéffe</substituicao>
    <substituicao id="54219" momento="2ºT" tempo="0" ico="/Portal/esportes/temporeal/swf/icos/substituicao.swf">Paraná faz substituição: entra Joelson, sai Ângelo</substituicao>
    <gol id="54120" momento="2ºT" atletaId="3787" tempo="1" escudo="/FlashShow/0,,6595,00.swf" contra="0"> GOL DE CHRISTIAN  GOOOOOOOOOOOOOLLLLLLL DO JUVENTUDE!!!! Márcio Azevedo cobra escanteio, a bola pára nos pés de Christian que ainda tem tempo de virar e bater no gol.</gol>
    <video id="54120v" momento="2ºT" video="529185"> Veja o vídeo: Gol de Christian.  1' GOOOOOOOOOOOOOLLLLLLL DO JUVENTUDE!!!! Márcio Azevedo cobra escanteio, a bola pára nos pés de Christian que ainda tem tempo de virar e bater no gol.</video>
    <narracao id="54131" momento="2ºT" tempo="3">Bola levantada na área do Juventude, mas ninguém do Paraná chega para concluir a gol.</narracao>
    <narracao id="54142" momento="2ºT" tempo="7">Jogo bastante disputado, mas a bola não sai do meio-de-campo.</narracao>
    <narracao id="54145" momento="2ºT" tempo="8">Sandro arrisca do meio da rua, mas a bola passa longe do goleiro André.</narracao>
    <narracao id="54147" momento="2ºT" tempo="9">Boa chegada do Juventude, mas Gustavo intercepta para o time da casa.</narracao>
    <narracao id="54149" momento="2ºT" tempo="10">Linda defesa do goleiro Flávio, do Paraná.</narracao>
    <video id="54204" momento="2ºT" video="529200"> Veja o vídeo:  10' Bela defesa de Flávio.</video>
    <narracao id="54155" momento="2ºT" tempo="11">Bola alçada na área tricolor e Christian cabeceia prensado com a zaga do Paraná.</narracao>
    <narracao id="54159" momento="2ºT" tempo="12">Batista pega mal na bola e desperdiça jogada na linha de fundo.</narracao>
    <narracao id="54172" momento="2ºT" tempo="15">Christian recebe passe na pequena área, divide a bola com o goleiro Flávio e quase marca o segundo gol do jogo.</narracao>
    <video id="54245" momento="2ºT" video="529220"> Veja o vídeo:  15' Christian quase marca de novo para o Juventude</video>
    <narracao id="54176" momento="2ºT" tempo="16">Contra-ataque do Paraná e Joelson cabeceia com perigo. A bola tira tinta do poste esquerdo do goleiro André.</narracao>
    <video id="54231" momento="2ºT" video="529206"> Veja o vídeo:  16' Ataque perigosso do Paraná em cabecada de Joelson.</video>
    <narracao id="54188" momento="2ºT" tempo="19">Zumbi não consegue dominar a bola no ataque tricolor. </narracao>
    <narracao id="54194" momento="2ºT" tempo="20">O Pinheirão se encontra com o gramado em estado lamentável. A bola não rola, ela quica!!!</narracao>
    <narracao id="54209" momento="2ºT" tempo="22">Gerson vem aí!!!</narracao>
    <cartao id="54216" momento="2ºT" atletaId="12949" tempo="23" ico="/Portal/esportes/temporeal/swf/icos/cartao_amarelo.swf" cor="amarelo">Joélson - Atacante dá entrada criminosa e leva o cartão.</cartao>
    <substituicao id="54220" momento="2ºT" tempo="26" ico="/Portal/esportes/temporeal/swf/icos/substituicao.swf">Paraná faz substituição: entra Gerson, sai Batista</substituicao>
    <narracao id="54226" momento="2ºT" tempo="28">Joelson ajeita de cabeça para Edinho, que chega chutando da entrada da área. A bola passa perto do gol de André.</narracao>
    <video id="54278" momento="2ºT" video="529242"> Veja o vídeo:  28' Chutaço do lateral Edinho, do paraná.</video>
    <substituicao id="54228" momento="2ºT" tempo="29" ico="/Portal/esportes/temporeal/swf/icos/substituicao.swf">Juventude faz substituição: entra Márcio, sai Leandrinho</substituicao>
    <video id="54301" momento="2ºT" video="529245"> Veja o vídeo:  31' Boa defesa do goleiro Flávio, do Paraná.</video>
    <cartao id="54238" momento="2ºT" atletaId="6356" tempo="32" ico="/Portal/esportes/temporeal/swf/icos/cartao_amarelo.swf" cor="amarelo">Lauro - Meia é punido pelo árbitro. </cartao>
    <narracao id="54254" momento="2ºT" tempo="37">Edmílson bate cobrança de falta, a bola desvia na barreira e vai parar nas mãos de André.</narracao>
    <video id="54308" momento="2ºT" video="529248"> Veja o vídeo:  37' Edmílson solta a bomba em cobrança de falta, mas o goleiro André defende.</video>
    <narracao id="54257" momento="2ºT" tempo="38">Zumbi cabeceia à queima-roupa e André faz grande defesa.</narracao>
    <video id="54305" momento="2ºT" video="529251"> Veja o vídeo:  38' André salva o Juventude.</video>
    <narracao id="54266" momento="2ºT" tempo="42">Bola não sai do meio-de-campo por causa das muitas faltas cometidas por ambas as equipes.</narracao>
    <narracao id="54267" momento="2ºT" tempo="43">Árbitro dá impedimento de Zumbi, do Paraná.</narracao>
    <narracao id="54272" momento="2ºT" tempo="45">Árbitro dá três minutos de acréscimo.</narracao>
    <narracao id="54290" momento="2ºT" tempo="48">Fim de jogo no Pinheirão.</narracao>
    <momento id="54298" momento="E">Final de jogo</momento>
  </lances>
</lancealance>
