<?xml version="1.0" encoding="UTF-8"?>
<lancealance cobertura="1029" leitura="0">
  <placar>
    <equipe id="001" url="" nome="Cruzeiro" escudo="/FlashShow/0,,6588,00.swf" resultado="1" abreviacao="CRU"/>
    <equipe id="002" url="" nome="Atlético-PR" escudo="/FlashShow/0,,6584,00.swf" resultado="1" abreviacao="APR"/>
  </placar>
  <lances>
    <narracao id="32172" momento="PJ" tempo="0">Cruzeiro e Atlético-PR se enfrentam às 19h30m.</narracao>
    <momento id="32173" momento="PJ">Pré-jogo</momento>
    <narracao id="32174" momento="PJ" tempo="0">Pedro Oldoni voltou a sentir dores no tornozelo e não joga. Outro desfalque no time da Arena é o lateral-esquerdo Ivan, também no estaleiro.</narracao>
    <narracao id="32176" momento="PJ" tempo="0">O Furacão está na décima posição, com nove pontos, mas de olho nos times do fim da tabela, já que tem apenas um ponto a mais do que o Flamengo, o primeiro da zona de rebaixamento.
</narracao>
    <narracao id="32177" momento="PJ" tempo="0">Apesar do jejum de gols de Élber já completar quatro jogos, o atacante deverá ser confirmado no ataque celeste ao lado de Gil. Com isso, Carlinhos Bala será mais uma opção de PC Gusmão no banco.</narracao>
    <narracao id="32178" momento="PJ" tempo="0">Sem o meia Martinez, que fraturou a mão esquerda, o zagueiro Thiago Heleno entrará no time, que atuará no 3-5-2. Outra mudança na equipe será a entrada de Leandro na esquerda, que será titular pela primeira vez depois de permanecer mais de sete meses no departamento médico.</narracao>
    <narracao id="32179" momento="PJ" tempo="0">Equipe com o melhor ataque do Brasileiro, com 17 gols em oito jogos e 100% de aproveitamento em casa, o Cruzeiro deverá ter duas alterações, além de mudanças no esquema.</narracao>
    <narracao id="32180" momento="PJ" tempo="0">O Cruzeiro pode até assumir a liderança do Brasileiro. Para isso, além de derrotar os paranaenses, precisará torcer para que o Fluminense não vença o São Paulo, no Morumbi.</narracao>
    <momento id="32195" momento="1ºT">Primeiro tempo</momento>
    <narracao id="32197" momento="1ºT" tempo="1">ROLA A BOLA NO MINEIRÃO!!
</narracao>
    <narracao id="32203" momento="1ºT" tempo="2">Gil recebe bom passe de Élber e invade a área do Furação pelo lado esquerdo. O atacante tenta a finalização, mas é desarmado no momento do chute!</narracao>
    <narracao id="32205" momento="1ºT" tempo="5">Wagner domina na intermediária de ataque, tenta enfiada para Gil, mas manda muito forte. A bola sai pela linha de fundo.</narracao>
    <narracao id="32209" momento="1ºT" tempo="8">Wagner domina no círculo central e descola lançamento para Élber na área do Furacão. O árbitro pára o lance e marca a posição de impedimento.</narracao>
    <narracao id="32219" momento="1ºT" tempo="11">Jancarlos recebe na ponta direita, carrega para o meio e tenta passe para Herrera. O zagueiro Luizão se antecipa bem e faz o corte para a Raposa.</narracao>
    <narracao id="32220" momento="1ºT" tempo="11">Jancarlos recebe na ponta direita, carrega para o meio e tenta passe para Herrera. O zagueiro Luizão se antecipa bem e faz o corte para a Raposa.</narracao>
    <narracao id="32223" momento="1ºT" tempo="15">UUUUUH! Jancarlos recebe na entrada da área, pelo lado direito, e chuta cruzado. A bola sai forte e passa rente à trave de Fábio. BOA CHANCE DO FURACÃO!</narracao>
    <narracao id="32228" momento="1ºT" tempo="17">Wagner cobra escanteio para o Cruzeiro. O meia Leandro Bomfim sobe bem, mas testa para fora!</narracao>
    <narracao id="32233" momento="1ºT" tempo="19">O atacante Herrera recebe na entrada da área do Cruzeiro, dá um corte em Luizão e chuta. A bola explode na zaga mineira e sai pela linha de fundo.</narracao>
    <narracao id="32239" momento="1ºT" tempo="21">DEMOROU! Michel recebe ótimo passe em profundidade e invade a área do Rubro-Negro pelo lado direito. O lateral descola cruzamento rasteiro para Élber, mas o atacante demora muito para concluir e acaba desarmado!</narracao>
    <cartao id="32244" momento="1ºT" atletaId="3150" tempo="24" ico="/Portal/esportes/temporeal/swf/icos/cartao_amarelo.swf" cor="amarelo">Jancarlos - Lateral dá uma entrada dura e leva o primeiro amarelo do jogo.</cartao>
    <narracao id="32248" momento="1ºT" tempo="27">QUASE! Após cobrança de escanteio para a área do Cruzeiro, o zagueiro Paulo André sobe no primeiro pau e desvia de cabeça. A bola sai tirando tinta do travessão!</narracao>
    <video id="32251" momento="1ºT" video="470032"> Veja o vídeo:  28' Chute de Jancarlos leva muito perigo ao gol de Fábio.</video>
    <narracao id="32253" momento="1ºT" tempo="29">Élber desce pela ponta direita e cruza para trás. O meia Leandro aparece na entrada da área e arrisca o chute. A bola sai à esquerda do goleiro Cléber.</narracao>
    <gol id="32255" momento="1ºT" atletaId="7945" tempo="33" escudo="/FlashShow/0,,6588,00.swf" contra="0"> GOL DE ÉLBER  É GOOOOOOOL!!!!!!! Após cobrança de escanteio, uma grande confusão acontece na área do Furacão, ninguém consegue dominar, e o atacante, oportunista, acaba dando um toque para o fundo do gol. A RAPOSA SAI NA FRENTE!</gol>
    <video id="32255v" momento="1ºT" video="470053"> Veja o vídeo: Gol de Élber.  33' É GOOOOOOOL!!!!!!! Após cobrança de escanteio, uma grande confusão acontece na área do Furacão, ninguém consegue dominar, e o atacante, oportunista, acaba dando um toque para o fundo do gol. A RAPOSA SAI NA FRENTE!</video>
    <narracao id="32256" momento="1ºT" tempo="35">Élber cai no gramado e pede o atendimento médico...</narracao>
    <narracao id="32272" momento="1ºT" tempo="37">...tudo ok com o atacante.</narracao>
    <narracao id="32275" momento="1ºT" tempo="39">MAL! Herrera puxa contra-ataque para o Furacão, mas erra passe fácil para Ferreira e desperdiça boa chance!</narracao>
    <substituicao id="32336" momento="1ºT" tempo="41" ico="/Portal/esportes/temporeal/swf/icos/substituicao.swf">Cruzeiro faz substituição: entra Sandro, sai Leandro Bomfim</substituicao>
    <narracao id="32281" momento="1ºT" tempo="43">INACREDITÁVEL! Erandir invade a área do Cruzeiro, pelo lado direito, e cruza rasteiro para trás. O atacante Ferreira aparece livre e chuta forte. Fábio faz defesa incrível!</narracao>
    <narracao id="32283" momento="1ºT" tempo="44">MAIS DOIS! O árbitro aponta dois minutos de acréscimo no primeiro tempo.</narracao>
    <narracao id="32285" momento="1ºT" tempo="46">POR CIMA! Ferreira recebe passe em profundidade na entrada da área, dá um corte em Luizão, mas chuta por cima do gol de Fábio.</narracao>
    <narracao id="32288" momento="1ºT" tempo="47">TERMINA O PRIMEIRO TEMPO!
</narracao>
    <momento id="32289" momento="I">Show do intervalo</momento>
    <narracao id="32292" momento="I" tempo="0">Élber afirma que todo atacante tem que contar com a sorte para marcar e diz que hoje ela está do seu lado.</narracao>
    <narracao id="32294" momento="I" tempo="0">Erandir afirma que o Atlético está bem na partida, mas tem que caprichar mais nas finalizações.</narracao>
    <momento id="32295" momento="2ºT">Segundo tempo</momento>
    <narracao id="32297" momento="2ºT" tempo="1">COMEÇA O SEGUNDO TEMPO!</narracao>
    <substituicao id="32337" momento="2ºT" tempo="1" ico="/Portal/esportes/temporeal/swf/icos/substituicao.swf">Cruzeiro faz substituição: entra Ânderson, sai Leandro </substituicao>
    <narracao id="32300" momento="2ºT" tempo="6">Wagner sofre uma entrada dura e fica caído no chão...</narracao>
    <narracao id="32301" momento="2ºT" tempo="8">...tudo ok com o meia.</narracao>
    <substituicao id="32431" momento="2ºT" tempo="11" ico="/Portal/esportes/temporeal/swf/icos/substituicao.swf">Atlético-PR faz substituição: entra Dênis Marques, sai Herrera</substituicao>
    <cartao id="32317" momento="2ºT" atletaId="442" tempo="15" ico="/Portal/esportes/temporeal/swf/icos/cartao_amarelo.swf" cor="amarelo">Fabrício - Meia dá entrada dura e acaba punido com o cartão amarelo.</cartao>
    <narracao id="32321" momento="2ºT" tempo="16">Ânderson recebe na ponta esquerda e tenta cruzamento. A bola sai muito forte e ninguém consegue alcançar.</narracao>
    <narracao id="32323" momento="2ºT" tempo="18">UUUUH! Sandro recebe na entrada da área do Furacão e chuta forte. A bola vai no canto esquerdo e o goleiro Cléber cai bem para fazer boa defesa!</narracao>
    <narracao id="32328" momento="2ºT" tempo="20">PASSOU PERTO! Erandir recebe de Dênis na entrada da área, pelo lado direito, e chuta cruzado. A bola é muito forte e sai tirando tinta da trave de Fábio!</narracao>
    <narracao id="32331" momento="2ºT" tempo="23">Élber volta a cair no gramado do Mineirão...</narracao>
    <narracao id="32335" momento="2ºT" tempo="27">...Não dá mais, vem aí Carlinhos Bala.</narracao>
    <substituicao id="32338" momento="2ºT" tempo="28" ico="/Portal/esportes/temporeal/swf/icos/substituicao.swf">Cruzeiro faz substituição: entra Carlinhos Bala, sai Élber</substituicao>
    <narracao id="32339" momento="2ºT" tempo="29">UUUUH! Sandro arrisca mais uma da entrada da área. A bola sai com muito perigo!</narracao>
    <substituicao id="32432" momento="2ºT" tempo="29" ico="/Portal/esportes/temporeal/swf/icos/substituicao.swf">Atlético-PR faz substituição: entra Evandro, sai Alex</substituicao>
    <narracao id="32381" momento="2ºT" tempo="33">Dênis Marques recebe de Alan na entrada da área, faz um bonito giro e chuta forte. O goleiro Fábio cai bem e faz defesa difícil!</narracao>
    <narracao id="32386" momento="2ºT" tempo="35">Evandro invade a área do Cruzeiro pelo lado esquerdo e cruza para trás. O zagueiro Luizão aparece muito bem e corta antes que a bola chegue em Dênis!</narracao>
    <video id="32390" momento="2ºT" video="470097"> Veja o vídeo:  36' Cruzamento de Anderson, do Cruzeiro, acerta a trave</video>
    <narracao id="32400" momento="2ºT" tempo="39">MAL! Dênis Marques invade a área da Raposa e descola toque de calcanhar para trás. O meia Fabrício aparece para finalizar da entrada da área, mas manda por cima do gol de Fábio!</narracao>
    <cartao id="32405" momento="2ºT" atletaId="58" tempo="41" ico="/Portal/esportes/temporeal/swf/icos/cartao_amarelo.swf" cor="amarelo">Edu Dracena - Zagueiro reclama com o árbitro e acaba punido com o cartão amarelo.</cartao>
    <narracao id="32410" momento="2ºT" tempo="43">NO TRAVESSÃO! Carlinhos Bala cobra falta da intermediária de ataque e manda no travessão do gol de Cléber!</narracao>
    <gol id="32421" momento="2ºT" atletaId="2942" tempo="44" escudo="/FlashShow/0,,6584,00.swf" contra="0"> GOL DE ALAN BAHIA  É DO ATLÉTICO!!!!!! Meia domina na intermediária e chuta de longe. A bola sai forte e o goleiro Fábio aceita! TUDO IGUAL NO MINEIRÃO!</gol>
    <narracao id="32425" momento="2ºT" tempo="45">MAIS QUATRO! O árbitro aponta quatro minutos de acréscimo na etapa final!</narracao>
    <cartao id="32429" momento="2ºT" atletaId="208" tempo="46" ico="/Portal/esportes/temporeal/swf/icos/cartao_amarelo.swf" cor="amarelo">Moreno - Lateral dá entrada dura e é punido com o cartão amarelo.</cartao>
    <substituicao id="32433" momento="2ºT" tempo="48" ico="/Portal/esportes/temporeal/swf/icos/substituicao.swf">Atlético-PR faz substituição: entra João Leonardo, sai Ferreira</substituicao>
    <narracao id="32434" momento="2ºT" tempo="49">TERMINA O JOGO!</narracao>
    <momento id="32435" momento="E">Final de jogo</momento>
  </lances>
</lancealance>
