<?xml version="1.0" encoding="UTF-8"?>
<lancealance cobertura="1010" leitura="0">
  <placar>
    <equipe id="001" url="" nome="Internacional" escudo="/FlashShow/0,,23002,00.swf" resultado="1" abreviacao="INT"/>
    <equipe id="002" url="" nome="Cruzeiro" escudo="/FlashShow/0,,6588,00.swf" resultado="1" abreviacao="CRU"/>
  </placar>
  <lances>
    <momento id="31148" momento="PJ">Pré-jogo</momento>
    <narracao id="31149" momento="PJ" tempo="0">Internacional e Cruzeiro fazem um choque de líderes do Brasileirão, no Beira-Rio. As duas equipes estão no topo da tabela, ambas com 16 pontos, porém a Raposa mineira ocupa a primeira posição do campeonato, com um saldo positivo de 10 gols. O Colorado tem o saldo de 4 gols e ocupa a terceira posição. O segundo lugar é o Fluminense, também com 16 pontos, mas com saldo de 6 gols.</narracao>
    <narracao id="31150" momento="PJ" tempo="0">O jogo será arbitrado pelo paulista Sálvio Spinola Fagundes, auxiliado por Ana Paula Oliveira e Evandro Luís Silveira, ambos também de São Paulo.</narracao>
    <narracao id="31151" momento="PJ" tempo="0">O Colorado tem a grande chance de vencer o Cruzeiro diante da torcida gaúcha e, ao mesmo tempo, ocupar a liderança isolada da competição caso o Fluminense não vença o clássico contra o Flamengo.</narracao>
    <narracao id="31153" momento="PJ" tempo="0">O técnico Abel Braga tem problemas para escalar o time, pois Elder Granja, Fabinho e Rentería estão machucados e não jogam, e Edinho, suspenso, também está fora.</narracao>
    <narracao id="31154" momento="PJ" tempo="0">Wellington Monteiro e Perdigão devem entrar no lugar de Edinho e Fabinho, respectivamente. Bolívar joga na lateral-direita e Rafael Sobis deve substituir o colombiano Rentería no ataque colorado.</narracao>
    <narracao id="31155" momento="PJ" tempo="0">Para a Raposa, o jogo de hoje pode signiificar uma vitória em dobro. Se vencer, além de chegar aos 19 pontos, o Cruzeiro manterá 3 pontos de diferença do concorrente Internacional, no topo da tabela.</narracao>
    <narracao id="31156" momento="PJ" tempo="0">O técnico PC Gusmão ainda não definiu quem será o companheiro de Edu Dracena na zaga celeste. Luizão, com dores na panturrilha esquerda, é dúvida. Thiago Heleno deve começar jogando. No ataque, PC escalou o experiente Élber ao lado do ex-corintiano Gil. Carlinhos Bala é opção no banco de reservas.</narracao>
    <narracao id="31158" momento="PJ" tempo="0">O jogo de hoje é válido pela oitava rodada do Campeonato Brasileiro.</narracao>
    <narracao id="31159" momento="PJ" tempo="0">A expectativa é de Beira-Rio lotado para a partida! </narracao>
    <narracao id="31188" momento="PJ" tempo="0">Trio de arbitragem entra no gramado. Estádio está lotado e o tempo é bom!</narracao>
    <narracao id="31190" momento="PJ" tempo="0">Os dois times ainda estão nos vestiários!</narracao>
    <narracao id="31191" momento="PJ" tempo="0">INTER!!! Colorado entra em campo!!!</narracao>
    <narracao id="31192" momento="PJ" tempo="0">RAPOSA!!! Cruzeiro também em campo!!!</narracao>
    <narracao id="31193" momento="PJ" tempo="0">Times aquecem no gramado!</narracao>
    <narracao id="31195" momento="PJ" tempo="0">Vai começar o jogo!</narracao>
    <momento id="31197" momento="1ºT">Primeiro tempo</momento>
    <narracao id="31198" momento="1ºT" tempo="1">COMEÇA O JOGO!!! INTER x CRUZEIRO!!!</narracao>
    <narracao id="31201" momento="1ºT" tempo="1">Cruzeiro vai tocando a bola e a torcida vaia!</narracao>
    <narracao id="31204" momento="1ºT" tempo="3">Inter tenta ir ao ataque!</narracao>
    <narracao id="31207" momento="1ºT" tempo="5">Jogo é de muita marcação no meio-campo!</narracao>
    <narracao id="31211" momento="1ºT" tempo="6">Cruzeiro vai tocando a bola!</narracao>
    <narracao id="31213" momento="1ºT" tempo="8">Jogo ainda não tem nenhum lance de perigo!</narracao>
    <narracao id="31215" momento="1ºT" tempo="9">Estádio não está totalmente lotado! Há espaços vazios na arquibancada atrás do gol defendido por Fábio!</narracao>
    <narracao id="31216" momento="1ºT" tempo="9">Cruzeiro tem mais posse de bola do que o Inter!</narracao>
    <narracao id="31218" momento="1ºT" tempo="10">Leandro Bonfim cruza para a área e Clemer defende sem problemas!</narracao>
    <narracao id="31220" momento="1ºT" tempo="12">Jogo é ruim! Times não conseguem criar lances perigosos!</narracao>
    <narracao id="31223" momento="1ºT" tempo="13">NAS NUVENS! Ceará arrisca o chute de longe e isola a bola! Fernandão não gosta!</narracao>
    <narracao id="31228" momento="1ºT" tempo="15">NO BRAÇO! Fernandão toca de cabeça para Tinga, que ajeita a bola no braço e chuta para fora! Juiz marca a infração do meia colorado!</narracao>
    <video id="31293" momento="1ºT" video="467310"> Veja o vídeo:  15' Tinga mata a bola no braço e chuta para fora!</video>
    <narracao id="31230" momento="1ºT" tempo="16">FORA! Fabiano Eller cruza da esquerda, e Fernandão cabeceia por cima do gol de Fábio!</narracao>
    <narracao id="31234" momento="1ºT" tempo="17">Fernandão cruza rasteiro, da direita, e Fábio sai do gol para fazer a defesa antes da chegada de Sobis!</narracao>
    <narracao id="31236" momento="1ºT" tempo="18">BOA CLEMER! Élber toca para Gil, que fica livre e tenta driblar Clemer! O goleiro sai bem do gol e tira a bola do atacante cruzeirense!</narracao>
    <narracao id="31239" momento="1ºT" tempo="20">Jogo é equilibrado!</narracao>
    <narracao id="31242" momento="1ºT" tempo="22">Índio arrisca o chute de longe e a bola sobe demais! Fábio acompanha!</narracao>
    <narracao id="31246" momento="1ºT" tempo="23">Fernandão divide pelo alto com Dracena, e cai no gramado! Jogo está parado!</narracao>
    <narracao id="31249" momento="1ºT" tempo="24">Inter troca passes! Fernandão já está de volta ao campo!</narracao>
    <narracao id="31250" momento="1ºT" tempo="26">Jogo continua com poucos lances de emoção!</narracao>
    <gol id="31253" momento="1ºT" atletaId="178" tempo="26" escudo="/FlashShow/0,,23002,00.swf" contra="0"> GOL DE ÍNDIO  É DO INTER!!! Jorge Wagner bate o escanteio da direita, Fábio sai mal do gol e tromba com a defesa cruzeirense, e Índio, de cabeça, manda para as redes!!! 1 a 0 para o Colorado gaúcho!!!</gol>
    <video id="31253v" momento="1ºT" video="467311"> Veja o vídeo: Gol de Índio.  26' É DO INTER!!! Jorge Wagner bate o escanteio da direita, Fábio sai mal do gol e tromba com a defesa cruzeirense, e Índio, de cabeça, manda para as redes!!! 1 a 0 para o Colorado gaúcho!!!</video>
    <narracao id="31257" momento="1ºT" tempo="28">PEGOU!!! Fernandão chuta de primeira e Fábio faz uma defesa espetacular, espalmando a bola!</narracao>
    <narracao id="31258" momento="1ºT" tempo="29">Leandro Bonfim arrisca o chute, e Clemer defende com segurança!</narracao>
    <narracao id="31262" momento="1ºT" tempo="31">BISONHO! Bolívar tenta chutar a bola, "fura", e cai na linha lateral!</narracao>
    <gol id="31265" momento="1ºT" atletaId="58" tempo="31" escudo="/FlashShow/0,,6588,00.swf" contra="0"> GOL DE EDU DRACENA  É DO CRUZEIRO!!! Wagner bate escanteio e Dracena toca de pé direito, sem chances para Clemer! Raposa empata!!! 1 a 1!</gol>
    <video id="31265v" momento="1ºT" video="467312"> Veja o vídeo: Gol de Edu Dracena.  31' É DO CRUZEIRO!!! Wagner bate escanteio e Dracena toca de pé direito, sem chances para Clemer! Raposa empata!!! 1 a 1!</video>
    <narracao id="31269" momento="1ºT" tempo="34">Defesa colorada vai se complicando nas bolas altas!</narracao>
    <cartao id="31272" momento="1ºT" atletaId="6604" tempo="35" ico="/Portal/esportes/temporeal/swf/icos/cartao_amarelo.swf" cor="amarelo">Jonílson - Por fazer falta em Wellington Monteiro, meia cruzeirense recebe o amarelo!</cartao>
    <narracao id="31276" momento="1ºT" tempo="36">NO TRAVESSÃO! Jorge Wagner arrisca o chute, a bola explode no travessão de Fábio e vai para fora!</narracao>
    <narracao id="31277" momento="1ºT" tempo="37">Michel chuta e Clemer defende com segurança!</narracao>
    <narracao id="31282" momento="1ºT" tempo="39">Tinga recebe a bola livre, mas cruza mal para Fernandão!</narracao>
    <narracao id="31285" momento="1ºT" tempo="41">Alex arrisca o chute cruzado e a bola vai para fora! Fábio acompanha a trajetória da bola!</narracao>
    <narracao id="31291" momento="1ºT" tempo="44">Sobis recebe em impedimento, juiz marca e torcida se irrita!</narracao>
    <narracao id="31294" momento="1ºT" tempo="45">+1 É o acréscimo do primeiro tempo.</narracao>
    <narracao id="31296" momento="1ºT" tempo="46">TERMINA O PRIMEIRO TEMPO!!! 1 x 1!!!</narracao>
    <momento id="31304" momento="I">Show do intervalo</momento>
    <narracao id="31307" momento="I" tempo="0">Zagueiro Índio vibra com o gol, mas não se contenta com o empate. Jogador quer que o time colorado busque a vitória no segundo tempo.</narracao>
    <narracao id="31310" momento="I" tempo="0">Meia Wagner, do Cruzeiro, quer atenção na defesa e rapidez no ataque, para que a Raposa consiga virar o placar.</narracao>
    <narracao id="31311" momento="I" tempo="0">Jogo foi bem disputado no primeiro tempo, porém com poucas oportunidades de gol. Times precisam criar mais na segunda etapa, se quiserem sair com a vitória.</narracao>
    <narracao id="31331" momento="I" tempo="0">Trio de arbitragem já volta ao gramado.</narracao>
    <narracao id="31333" momento="I" tempo="0">Inter volta ao campo!</narracao>
    <narracao id="31342" momento="I" tempo="0">Raposa também em campo!</narracao>
    <narracao id="31345" momento="I" tempo="0">Vai começar o segundo tempo!</narracao>
    <momento id="31347" momento="2ºT">Segundo tempo</momento>
    <substituicao id="31438" momento="2ºT" tempo="0" ico="/Portal/esportes/temporeal/swf/icos/substituicao.swf">Cruzeiro faz substituição: entra Leandro, sai Francismar</substituicao>
    <substituicao id="31472" momento="2ºT" tempo="0" ico="/Portal/esportes/temporeal/swf/icos/substituicao.swf">Internacional faz substituição: entra Perdigão, sai Tinga</substituicao>
    <narracao id="31354" momento="2ºT" tempo="1">COMEÇA O SEGUNDO TEMPO!!!</narracao>
    <narracao id="31356" momento="2ºT" tempo="1">Temperatura cai no Beira-Rio!</narracao>
    <narracao id="31363" momento="2ºT" tempo="2">Inter começa a segunda etapa pressionando o Cruzeiro!</narracao>
    <narracao id="31369" momento="2ºT" tempo="3">MAL! Rafael Sobis dá bom passe para Fernandão, que pega mal na bola e chuta rasteiro para fora!</narracao>
    <video id="31399" momento="2ºT" video="467319"> Veja o vídeo:  3' Fernandão chuta para fora!</video>
    <narracao id="31375" momento="2ºT" tempo="5">Cruzeiro ainda não atacou na segunda etapa!</narracao>
    <narracao id="31381" momento="2ºT" tempo="7">Raposa erra muitos passes no jogo!</narracao>
    <narracao id="31385" momento="2ºT" tempo="9">Jogo segue ruim, com muita marcação e pouca criação de boas jogadas!</narracao>
    <substituicao id="31473" momento="2ºT" tempo="10" ico="/Portal/esportes/temporeal/swf/icos/substituicao.swf">Internacional faz substituição: entra Ediglê, sai Fabiano Eller</substituicao>
    <narracao id="31391" momento="2ºT" tempo="11">Fabiano Eller sai machucado de campo!</narracao>
    <narracao id="31393" momento="2ºT" tempo="12">Eller teve problema muscular na coxa!</narracao>
    <substituicao id="31439" momento="2ºT" tempo="14" ico="/Portal/esportes/temporeal/swf/icos/substituicao.swf">Cruzeiro faz substituição: entra Carlinhos Bala, sai Élber</substituicao>
    <narracao id="31407" momento="2ºT" tempo="15">Ediglê divide com Carlinhos Bala! Atacante cruzeirense leva a pior e cai sobre o gramado!</narracao>
    <narracao id="31411" momento="2ºT" tempo="16">Carlinhos Bala já está de volta ao jogo!</narracao>
    <narracao id="31415" momento="2ºT" tempo="18">QUASE! Sobis levanta a bola na área e Fernandão cabeceia bem! A bola passa rente à trave esquerda de Fábio!</narracao>
    <narracao id="31420" momento="2ºT" tempo="20">Rafael Sobis tabela com Perdigão e chuta bem! A bola passa, rasteira, rente à trave direita de Fábio, que se assusta!</narracao>
    <narracao id="31422" momento="2ºT" tempo="20">Alex cruza, Fábio sai mal do gol, e Sobis cabeceia para fora! Bola passa perto da trave esquerda cruzeirense!</narracao>
    <narracao id="31423" momento="2ºT" tempo="22">Michel chuta e Fábio defende com segurança! Inter é só pressão!</narracao>
    <narracao id="31427" momento="2ºT" tempo="23">Inter segue pressionando a Raposa!</narracao>
    <narracao id="31428" momento="2ºT" tempo="24">Cruzeiro joga mal neste segundo tempo!</narracao>
    <narracao id="31436" momento="2ºT" tempo="24">QUASE! Sobis toca para Fernandão, que chuta forte! A bola passa perto da trave esquerda de Fábio, que só observa!</narracao>
    <video id="31492" momento="2ºT" video="467337"> Veja o vídeo:  24' Fernandão chuta forte e assusta Fábio!</video>
    <substituicao id="31440" momento="2ºT" tempo="25" ico="/Portal/esportes/temporeal/swf/icos/substituicao.swf">Cruzeiro faz substituição: entra Sandro, sai Leandro Bomfim</substituicao>
    <narracao id="31445" momento="2ºT" tempo="27">Inter pressiona e Cruzeiro ainda não chegou com perigo na segunda etapa!</narracao>
    <narracao id="31451" momento="2ºT" tempo="29">Alex chuta rasteiro e Fábio defende com segurança!</narracao>
    <narracao id="31452" momento="2ºT" tempo="30">Cruzeiro toca a bola e torcida vaia!</narracao>
    <narracao id="31458" momento="2ºT" tempo="31">Time mineiro só se defende na segunda etapa!</narracao>
    <cartao id="31460" momento="2ºT" atletaId="6685" tempo="31" ico="/Portal/esportes/temporeal/swf/icos/cartao_amarelo.swf" cor="amarelo">Ediglê - Por fazer falta em Michel, zagueiro colorado recebe o amarelo!</cartao>
    <narracao id="31463" momento="2ºT" tempo="33">Jorge Wagner cruza e Martinez cabeceia bem! A bola passa perto da trave esquerda de Clemer, que se assusta!</narracao>
    <narracao id="31469" momento="2ºT" tempo="35">PERDEU!!! Carlinhos Bala chuta cruzado, e Sandro, na pequena área, chuta pelo alto! Juiz marca impedimento, mas meia perde um gol incrível!</narracao>
    <substituicao id="31474" momento="2ºT" tempo="37" ico="/Portal/esportes/temporeal/swf/icos/substituicao.swf">Internacional faz substituição: entra Léo, sai Ceará</substituicao>
    <narracao id="31478" momento="2ºT" tempo="38">Léo, que acabou de entrar, escorrega na entrada da área e torcida se irrita!</narracao>
    <narracao id="31481" momento="2ºT" tempo="39">Fábio tem muitas dificuldades nas saídas de gol! Colorado aperta!</narracao>
    <narracao id="31487" momento="2ºT" tempo="40">Léo cabeceia e Fábio, tranquilo, faz defesa segura!</narracao>
    <narracao id="31496" momento="2ºT" tempo="42">Léo recebe livre e chuta! Fábio sai bem do gol e salva o Cruzeiro!</narracao>
    <cartao id="31499" momento="2ºT" atletaId="6488" tempo="42" ico="/Portal/esportes/temporeal/swf/icos/cartao_amarelo.swf" cor="amarelo">Alex - Por fazer falta em Carlinhos Bala, meia colorado recebe o amarelo!</cartao>
    <narracao id="31504" momento="2ºT" tempo="43">Inter segue pressionando no final!</narracao>
    <narracao id="31508" momento="2ºT" tempo="45">+3 É o acréscimo do jogo!</narracao>
    <narracao id="31513" momento="2ºT" tempo="47">Cruzeiro faz péssimo segundo tempo e Inter pressiona o tempo inteiro!</narracao>
    <cartao id="31515" momento="2ºT" atletaId="5912" tempo="47" ico="/Portal/esportes/temporeal/swf/icos/cartao_amarelo.swf" cor="amarelo">Leo - Por reclamar com o árbitro, atacante colorado recebe o amarelo!</cartao>
    <narracao id="31517" momento="2ºT" tempo="48">ACABA O JOGO!!! INTER 1 x 1 CRUZEIRO!!! Torcida colorada não gosta do resultado!</narracao>
    <momento id="31518" momento="E">Final de jogo</momento>
    <narracao id="31526" momento="E" tempo="0">O empate de 1 a 1 foi injusto para o Internacional que, apesar de não ter feito um grande jogo, pressionou o Cruzeiro e buscou o gol o tempo todo. A Raposa só se defendeu na segunda etapa, e saiu do Beira-Rio com um bom resultado.</narracao>
  </lances>
</lancealance>
