<?xml version="1.0" encoding="UTF-8"?>
<lancealance cobertura="1228" leitura="0">
  <placar>
    <equipe id="001" url="" nome="Vasco" escudo="/FlashShow/0,,13442,00.swf" resultado="0" abreviacao="VAS"/>
    <equipe id="002" url="" nome="Flamengo" escudo="/FlashShow/0,,13453,00.swf" resultado="1" abreviacao="FLA"/>
  </placar>
  <lances>
    <narracao id="46785" momento="PJ" tempo="0">Vasco e Flamengo entram em campo às 21h45m para decidir a Copa do Brasil 2006!</narracao>
    <momento id="46786" momento="PJ">Pré-jogo</momento>
    <narracao id="46787" momento="PJ" tempo="0">Na véspera do clássico decisivo contra o Flamengo, o técnico Renato Gaúcho priorizou o treino de finalizações para os jogadores do Vasco em São Januário. Na parte da manhã, atividade fechada para imprensa. À tarde, recreativo e mais trabalho intensivo, principalmente para os atacantes.</narracao>
    <narracao id="46788" momento="PJ" tempo="0">A missão vascaína é das mais complicadas. O time não vence o Flamengo por mais de um gol de diferença desde 2002. Já são 17 jogos no período. Para completar, em 2006, o clube só teve vitória simples contra adversários da primeira divisão do futebol brasileiro.</narracao>
    <narracao id="46789" momento="PJ" tempo="0">Caso o Flamengo se consagre campeão da Copa do Brasil nesta quarta-feira, o cabeça-de-área Jônatas terá o privilégio de levantar a taça pela primeira vez. O capitão rubro-negro já sonha em dedicar o título à família e ao ex-técnico rubro-negro Waldemar Lemos, atualmente no Figueirense.</narracao>
    <narracao id="46790" momento="PJ" tempo="0">O técnico Ney Franco vai escalar o Flamengo no esquema 3-6-1 no jogo decisivo desta quarta-feira. O treinador tomou a decisão após o treinamento secreto que comandou no Ninho do Urubu, em Vargem Grande, e vai apostar na escalação de Rodrigo Arroz na vaga de Ronaldo Angelim, suspenso. O treinador, porém, está confiante e empolgado por poder utilizar o time em mais de um esquema. No treino reservado desta terça-feira, ele testou a equipe no 4-4-2, com Léo e Obina, e no 3-5-2, com Obina na vaga de Toró e Arroz na zaga.</narracao>
    <narracao id="46791" momento="PJ" tempo="0">O Flamengo está confiante. Com a vantagem, o clube se preparou em Itu. Além disso, vai ter o apoio maciço do torcedor, que vai estar em maior número no Maracanã. Os jogadores visitaram a Igreja de São Judas Tadeu, no Rio. O padroeiro benzeu os uniformes da equipe.</narracao>
    <narracao id="46792" momento="PJ" tempo="0">Na noite em que lançará a sua nova logomarca, a Federação de Futebol do Estado do Rio de Janeiro vai dar ao campeão da Copa do Brasil a primeira Taça Futebol do Rio. Pela primeira vez a competição é decidida por dois clubes do mesmo estado, e o vencedor de Flamengo e Vasco leva para casa mais este troféu.</narracao>
    <narracao id="46793" momento="PJ" tempo="0">O último treino mostrou bem o clima de cada um dos clubes. Na Gávea, torcedores puxavam um coro de "seremos campeões" e ensaiaram uma música de provocação ao Vasco: "vice de novo". Já em São Januário, torcedores e seguranças brigaram na arquibancada.</narracao>
    <narracao id="46794" momento="PJ" tempo="0">Os dois técnicos fizeram mistério e comandaram treinos secretos na véspera da partida. Mas se Renato Gaúcho esconde o time - o provável é que Valdiram seja o companheiro de Edílson no ataque, pois ficou treinando finalizações após o fim das atividades -, Ney Franco confirmou o Flamengo no esquema 3-6-1, com Rodrigo Arroz, Fernando e Renato Silva na defesa, e apenas Luizão no ataque.</narracao>
    <narracao id="46795" momento="PJ" tempo="0">O Rubro-Negro venceu o primeiro duelo por 2 a 0 e, por isso, tem a vantagem.  Pode até perder por um gol de diferença que leva o título. Se o Vasco ganhar por dois gols, a decisão será nos pênaltis. Vitória cruzmaltina por três ou mais gols, a taça vai para a Colina.</narracao>
    <narracao id="46796" momento="PJ" tempo="0">Se a taça parar na Gávea, os rubro-negros vão se gabar de vencer a quinta final consecutiva sobre o Vasco. Mas se o destino for São Januário, os vascaínos vão dar o troco, já que será  a quarta final seguida da competição perdida pelo rival. O Flamengo amargou o vice-campeonato em 1997, 2003 e 2004.</narracao>
    <narracao id="46797" momento="PJ" tempo="0">O ônibus da delegação cruzmaltina chegou ao Maracanã faltando uma hora para o início do jogo. Alguns integrantes da equipe, no entanto, chegaram um pouco antes, como é o caso do preparador físico Alexandre Mendes. Já a equipe rubro-negra se adiantou e chegou ao estádio por volta das 20h, tendo até iniciado o aquecimento no vestiário. Enquanto isso, a arquibancada reflete o estado de ânimo dos dois times: o espaço destinado à torcida do Flamengo está quase todo ocupado; já a parte do Vasco tem no máximo 200 torcedores.</narracao>
    <narracao id="46799" momento="PJ" tempo="0">O Vasco já está no gramado do Maracanã! A equipe entra em campo com o uniforme todo preto!</narracao>
    <narracao id="46800" momento="PJ" tempo="0">O Flamengo entra no campo do Maracanã! A equipe veste o tradicional uniforme vermelho e preto!</narracao>
    <momento id="46807" momento="1ºT">Primeiro tempo</momento>
    <narracao id="46809" momento="1ºT" tempo="1">ROLA A BOLA NO MARACANÃ!</narracao>
    <narracao id="46810" momento="1ºT" tempo="1">INACREDITÁVEL! Luizão descola ótimo lançamento para Léo Moura na ponta direita. O lateral coloca Renato Augusto na cara do gol, mas o meia chuta fraco e perde chance incrível!</narracao>
    <narracao id="46814" momento="1ºT" tempo="2">Léo Moura recebe de Luizão na entrada da área, mas erra passe fácil para Renato.</narracao>
    <cartao id="46817" momento="1ºT" atletaId="3964" tempo="4" ico="/Portal/esportes/temporeal/swf/icos/cartao_amarelo.swf" cor="amarelo">Valdir Papel - Atacante faz falta por trás em Rodrigo Arroz e é punido com o cartão amarelo.</cartao>
    <narracao id="46820" momento="1ºT" tempo="5">O técnico Renato Gaúcho está muito nervoso e grita com seus jogadores na beira do campo.</narracao>
    <narracao id="46822" momento="1ºT" tempo="6">Edílson recebe no lado direito de ataque e sofre falta de Jônatas. É chance de cruzamento para a área do Fla!</narracao>
    <narracao id="46824" momento="1ºT" tempo="7">Após levantamento para a área do Fla, o zagueiro Jorge Luiz aparece bem no segundo pau, mas chuta torto. A bola sai à direita do gol de Diego.</narracao>
    <narracao id="46828" momento="1ºT" tempo="9">Valdir Papel recebe bom lançamento no lado direito da área do Fla, domina no peito, mas acaba desarmado por Renato Silva.</narracao>
    <narracao id="46830" momento="1ºT" tempo="11">BOA CHANCE PARA O VASCO! Morais recebe no lado esquerdo de ataque e sofre falta de Toró. Chance de cruzamento para a área do Flamengo!</narracao>
    <narracao id="46832" momento="1ºT" tempo="12">NA BARREIRA! O meia Ramon cobra a falta e manda na barreira.</narracao>
    <narracao id="46834" momento="1ºT" tempo="12">Renato Augusto cobra escanteio para a área do Vasco. O atacante Luizão sobe muito bem, mas testa fraco. O goleiro Cássio faz defesa fácil!</narracao>
    <cartao id="46836" momento="1ºT" atletaId="4836" tempo="13" ico="/Portal/esportes/temporeal/swf/icos/cartao_amarelo.swf" cor="amarelo">Toró - Meia faz a segunda falta em menos de dois minutos e é punido com o cartão amarelo.</cartao>
    <cartao id="46840" momento="1ºT" atletaId="3964" tempo="16" ico="/Portal/esportes/temporeal/swf/icos/cartao_vermelho.swf" cor="vermelho">Valdir Papel - FORA!!!!!!!!! Atacante dá uma entrada dura em Léo Moura e recebe o cartão vermelho.</cartao>
    <narracao id="46843" momento="1ºT" tempo="17">DIEGO!!!! Após cobrança de escanteio para a área do Flamengo, a zaga corta nos pés de Morais na entrada da área e o meia pega de primeira. O chute sai muito forte e o goleiro rubro-negro faz grande defesa!</narracao>
    <substituicao id="46989" momento="1ºT" tempo="19" ico="/Portal/esportes/temporeal/swf/icos/substituicao.swf">Flamengo faz substituição: entra Obina, sai Toró</substituicao>
    <narracao id="46847" momento="1ºT" tempo="21">O lateral Diego desce bem pelo lado esquerdo, chega à linha de fundo e cruza. O goleiro Diego sai bem do gol e recupera para o Fla.</narracao>
    <narracao id="46848" momento="1ºT" tempo="22">Jonatas recebe na intermediária de ataque e tenta enfiada para Renato Augusto na área do Vasco. O meia não alcança por pouco!</narracao>
    <narracao id="46852" momento="1ºT" tempo="24">POR CIMA! Obina recebe ótimo passe de Renato e entra na área do Vasco. O atacante chuta e a bola explode na zaga. No rebote, Obina tenta de novo, mas manda por cima!</narracao>
    <cartao id="46853" momento="1ºT" atletaId="1876" tempo="26" ico="/Portal/esportes/temporeal/swf/icos/cartao_amarelo.swf" cor="amarelo">Luizão - Atacante faz falta dura em Morais e é punido com o cartão amarelo.</cartao>
    <narracao id="46855" momento="1ºT" tempo="27">Andrade cobra falta da intermediária de ataque, mas pega mal. A bola sai por cima do gol de Diego.</narracao>
    <gol id="46858" momento="1ºT" atletaId="5022" tempo="27" escudo="/FlashShow/0,,13453,00.swf" contra="0"> GOL DE JUAN  É GOOOOOOOOOOOOOOOOOOOOOOOOOOOL! Léo Moura arrisca da entrada da área. A bola bate na zaga e volta para Juan. O Lateral chuta no canto esquerdo do goleiro Cássio e faz o primeiro gol rubro-negro! O FLAMENGO SAI NA FRENTE!</gol>
    <cartao id="46863" momento="1ºT" atletaId="6849" tempo="30" ico="/Portal/esportes/temporeal/swf/icos/cartao_amarelo.swf" cor="amarelo">Renato Augusto - Meia atrapalha uma cobrança de falta do adversário e acaba punido com o cartão amarelo.</cartao>
    <substituicao id="46930" momento="1ºT" tempo="32" ico="/Portal/esportes/temporeal/swf/icos/substituicao.swf">Vasco faz substituição: entra Valdiram, sai Ramon</substituicao>
    <narracao id="46868" momento="1ºT" tempo="34">FRACO! O meia Morais recebe na intermediária de ataque e arrisca. O chute sai fraco e a bola sai à esquerda do gol de Diego.</narracao>
    <narracao id="46874" momento="1ºT" tempo="38">O Flamengo domina completamente a partida. A equipe rubro-negra troca passes no campo de ataque e a torcida grita "olé"!</narracao>
    <cartao id="46876" momento="1ºT" atletaId="6891" tempo="39" ico="/Portal/esportes/temporeal/swf/icos/cartao_amarelo.swf" cor="amarelo">Wágner Diniz - Lateral faz falta dura em Juan e é punido com o cartão amarelo.</cartao>
    <narracao id="46879" momento="1ºT" tempo="40">UUUUUH! Obina recebe de Jonatas na intermediária e solta a bomba! O chute sai muito forte, mas o goleiro Cássio faz grande defesa!</narracao>
    <narracao id="46881" momento="1ºT" tempo="42">NADA! O lateral Wágner Diniz invade a área do Fla pelo lado direito, recebe a marcação de Juan e cai pedindo o pênalti. O árbitro não marca nada e manda o jogo seguir.</narracao>
    <narracao id="46882" momento="1ºT" tempo="43">MAIS DOIS! O árbitro aponta dois minutos de acréscimo no primeiro tempo!</narracao>
    <narracao id="46885" momento="1ºT" tempo="44">NA ZAGA! Valdiram recebe na entrada da área do Fla e arrisca. A bola explode na zaga rubro-negra!</narracao>
    <narracao id="46889" momento="1ºT" tempo="47">TERMINA O PRIMEIRO TEMPO!</narracao>
    <momento id="46890" momento="I">Show do intervalo</momento>
    <narracao id="46891" momento="I" tempo="0">Edílson: "Continuar jogando, é o jeito".</narracao>
    <narracao id="46892" momento="I" tempo="0">Juan: "Não tem nada ganho, ainda tem todo o segundo tempo pela frente".</narracao>
    <narracao id="46896" momento="I" tempo="0">O Flamengo está com a mão na taça. O Rubro-Negro tem uma vantagem de três gols e ainda joga com um homem a mais. A equipe faz uma boa partida e está bem posicionada em campo. O Vasco está muito nervoso. O técnico Renato Gaúcho grita muito da beira do gramado e está irritado com os seus jogadores. Mais 45 minutos para decidir quem leva a Copa do Brasil 2006!</narracao>
    <momento id="46902" momento="2ºT">Segundo tempo</momento>
    <narracao id="46903" momento="2ºT" tempo="1">ROLA A BOLA PARA O SEGUNDO TEMPO!</narracao>
    <narracao id="46907" momento="2ºT" tempo="2">BOA CHANCE PARA O FLA! Léo Moura desce pelo lado direito e é derrubado. O árbitro marca a falta e é chance de cruzamento para a área do Vasco.</narracao>
    <narracao id="46909" momento="2ºT" tempo="3">TIRA A ZAGA! Após cobrança de falta para a área do Vasco, a zaga aparece bem e corta.</narracao>
    <narracao id="46911" momento="2ºT" tempo="4">Rodrigo Arroz recebe bom passe de Obina na ponta direita e cruza. O zagueiro Jorge Luiz aparece bem e afasta.</narracao>
    <narracao id="46913" momento="2ºT" tempo="5">NA ZAGA! O atacante Edílson recebe bom passe na entrada da área e arrisca. A bola explode em Fernando!</narracao>
    <substituicao id="46931" momento="2ºT" tempo="7" ico="/Portal/esportes/temporeal/swf/icos/substituicao.swf">Vasco faz substituição: entra Abedi, sai Andrade</substituicao>
    <narracao id="46920" momento="2ºT" tempo="9">FALTA PERIGOSA! Edílson desce pelo lado esquerdo e é derrubado por Léo Moura. O árbitro marca a falta e é perigo para a área do Fla! </narracao>
    <narracao id="46922" momento="2ºT" tempo="9">NA BARREIRA! O meia Abedi cobra a falta na barreira.</narracao>
    <narracao id="46924" momento="2ºT" tempo="10">UUUUUUUUUH! Obina recebe na ponta esquerda e tenta direto. A bola passa muito perto, mas sai por cima do gol de Cássio!</narracao>
    <cartao id="46926" momento="2ºT" atletaId="6313" tempo="11" ico="/Portal/esportes/temporeal/swf/icos/cartao_amarelo.swf" cor="amarelo">Morais - Meia faz falta dura em Renato e é punido com o cartão amarelo.</cartao>
    <narracao id="46928" momento="2ºT" tempo="12">Renato Augusto cobra falta da intermediária de ataque e manda por cima do gol de Cássio.</narracao>
    <substituicao id="46932" momento="2ºT" tempo="13" ico="/Portal/esportes/temporeal/swf/icos/substituicao.swf">Vasco faz substituição: entra Ernane, sai Morais</substituicao>
    <narracao id="46935" momento="2ºT" tempo="13">MAAAAAAAAL! Abedi recebe na entrada da área do Fla, tenta de primeira, mas chuta torto. A bola sai longe do gol de Diego!</narracao>
    <narracao id="46937" momento="2ºT" tempo="15">POR POUCO! Jonatas recebe na intermediária, passa por dois adversários e fica de frente para Cássio. O meia chuta no canto direito, mas o goleiro vascaíno faz grande defesa!</narracao>
    <cartao id="46939" momento="2ºT" atletaId="6731" tempo="16" ico="/Portal/esportes/temporeal/swf/icos/cartao_amarelo.swf" cor="amarelo">Fernando - Zagueiro faz falta em Ernane e é punido com o cartão amarelo.</cartao>
    <narracao id="46944" momento="2ºT" tempo="19">ACABOU O CAMPO! O lateral Wágner Diniz imprime velocidade pelo lado direito, mas adianta muito e acaba saindo com bola e tudo!</narracao>
    <narracao id="46948" momento="2ºT" tempo="21">NA TRAVE!!!!! Luizão recebe ótimo passe de Renato Augusto livre na entrada da área e arrisca. O chute sai rasteiro e a bola bate caprichosamente na trave do canto esquerdo!</narracao>
    <cartao id="46950" momento="2ºT" atletaId="4433" tempo="23" ico="/Portal/esportes/temporeal/swf/icos/cartao_amarelo.swf" cor="amarelo">Abedi - Meia faz falta dura e é punido com o cartão amarelo.</cartao>
    <narracao id="46953" momento="2ºT" tempo="24">Juan recebe na ponta esquerda e descola cruzamento para a área do Vasco. O goleiro Cássio sai bem e defende nos pés de Luizão.</narracao>
    <narracao id="46957" momento="2ºT" tempo="27">Edílson recebe no meio e tenta enfiada para Wágner Diniz. O lateral Juan se antecipa bem e corta.</narracao>
    <substituicao id="46990" momento="2ºT" tempo="30" ico="/Portal/esportes/temporeal/swf/icos/substituicao.swf">Flamengo faz substituição: entra Horacio Peralta, sai Renato Augusto</substituicao>
    <narracao id="46969" momento="2ºT" tempo="32">Ernane cobra falta do lado esquerdo de ataque, tenta levantar para a área do Fla, mas pega mal. A bola sai pela linha de fundo.</narracao>
    <narracao id="46970" momento="2ºT" tempo="33">FALTA PERIGOSA! Valdiram recebe no lado esquerdo de ataque e sofre falta de Peralta. Perigo para a área do Flamengo!</narracao>
    <narracao id="46972" momento="2ºT" tempo="34">TIRA A ZAGA! Após cobrança de falta para a área do Flamengo, o zagueiro Fernando sobe bem e afasta de cabeça.</narracao>
    <narracao id="46975" momento="2ºT" tempo="36">PAROU! O lateral Juan recebe ótimo lançamento e fica de frente para Cássio. O árbitro pára o jogo e marca a posição de impedimento.</narracao>
    <narracao id="46978" momento="2ºT" tempo="38">IMPEDIDO! Agora é a vez de Luizão receber de frente para o gol, mas em posição de impedimento.</narracao>
    <narracao id="46985" momento="2ºT" tempo="40">OLÉ! O Flamengo troca passes no campo de ataque e a torcida grita "olé".</narracao>
    <narracao id="46988" momento="2ºT" tempo="42">POR CIMA! Ernane recebe na entrada da área do Fla e arrisca. A bola sai por cima do gol de Diego!</narracao>
    <substituicao id="46991" momento="2ºT" tempo="43" ico="/Portal/esportes/temporeal/swf/icos/substituicao.swf">Flamengo faz substituição: entra Léo, sai Luizão</substituicao>
    <narracao id="46995" momento="2ºT" tempo="44">UUUUUUUH! Juan chega bem à linha de fundo e cruza. Léo Moura aparece no segundo pau e emenda de primeira. A bola sai por pouco à direita do gol de Cássio!</narracao>
    <narracao id="46997" momento="2ºT" tempo="45">MAIS QUATRO! O árbitro aponta quatro minutos de acréscimo no segundo tempo!</narracao>
    <narracao id="47000" momento="2ºT" tempo="47">PARA FORA! Valdiram recebe ótimo passe na área do Fla e chuta cruzado. A bola sai à direita de Diego!</narracao>
    <narracao id="47001" momento="2ºT" tempo="49">ACABOU!!!!!!!!!!!! O FLAMENGO É CAMPEÃO DA COPA DO BRASIL 2006!</narracao>
    <momento id="47002" momento="E">Final de jogo</momento>
  </lances>
</lancealance>
