<?xml version="1.0" encoding="UTF-8"?>
<lancealance cobertura="1007" leitura="0">
  <placar>
    <equipe id="001" url="" nome="Atlético-PR" escudo="/FlashShow/0,,6584,00.swf" resultado="1" abreviacao="APR"/>
    <equipe id="002" url="" nome="Juventude" escudo="/FlashShow/0,,6595,00.swf" resultado="0" abreviacao="JUV"/>
  </placar>
  <lances>
    <narracao id="30892" momento="PJ" tempo="0">Com o time gaúcho em sexto lugar na competição, o técnico Hélio do Anjos mantém a dupla de ataque Éder Ceccon e Leandrinho. Ceccon fez dois gols no jogo contra o Santa Cruz, na quarta, deu o passe para outro e tomou o lugar de Felipe. O restante do time segue indefinido. Suspenso, o zagueiro Igor não joga.</narracao>
    <momento id="30893" momento="PJ">Pré-jogo</momento>
    <narracao id="30895" momento="PJ" tempo="0">No banco do Juventude neste sábado está um dos nomes cotados para assumir o comando do Furacão. Segundo jornais de Caxias do Sul, Hélio dos Anjos teria sido contactado pelo diretoria do clube paranaense e afirmado que somente conversaria após o confronto do sábado.</narracao>
    <narracao id="30896" momento="PJ" tempo="0">Um desfalque certo é o ala-direito Jancarlos, ex-Juventude, expulso na derrota para o São Caetano. Carlos Alberto é o substituto.</narracao>
    <narracao id="30897" momento="PJ" tempo="0">O técnico tem problemas para escalar o time. A menos que Pedro Oldoni se recupere de lesão, o que é improvável, os colombianos Ferreira e Herrera vão formar o ataque.</narracao>
    <narracao id="30898" momento="PJ" tempo="0">A partida é fundamental para o treinador Givanildo de Oliveira. Alvo de fortes críticas por torcedores, o técnico foi mantido no cargo pela diretoria, mas dificilmente resistirá a um novo mau resultado em casa. Em três jogos na Arena, o time sofreu três derrotas.</narracao>
    <narracao id="30899" momento="PJ" tempo="0">Atlético-PR e Juventude se enfrentam às 18h10m.</narracao>
    <momento id="30914" momento="1ºT">Primeiro tempo</momento>
    <narracao id="30915" momento="1ºT" tempo="1">BOLA ROLANDO NO PRIMEIRO TEMPO!</narracao>
    <narracao id="30923" momento="1ºT" tempo="3">PRIMEIRO ATAQUE RUBRO-NEGRO! Ferreira recebe na intermediária de ataque e descobre Herrera livre na área. O atacante tenta a devolução, mas erra o passe.</narracao>
    <narracao id="30930" momento="1ºT" tempo="7">QUASE! Alan Bahia recebe na entrada da área e tenta passe para Herrera. O zagueiro Renan se antecipa bem e corta.</narracao>
    <narracao id="30932" momento="1ºT" tempo="9">NÃO DÁ MAIS! O meia Vanderson sofreu uma entrada dura e está caído no gramado. Os médicos do Juventude já pedem a substituição!</narracao>
    <substituicao id="31053" momento="1ºT" tempo="11" ico="/Portal/esportes/temporeal/swf/icos/substituicao.swf">Juventude faz substituição: entra Marcão, sai Vanderson</substituicao>
    <narracao id="30938" momento="1ºT" tempo="12">CLÉBER! O meia Raullen levanta a bola para a área do Furacão. O goleiro Cléber sai bem do gol e recupera.</narracao>
    <narracao id="30942" momento="1ºT" tempo="14">PARA FORA! O zagueiro Paulo André domina na intermediária de ataque e arrisca chute de longe. A bola sai forte, mas vai para fora!</narracao>
    <narracao id="30949" momento="1ºT" tempo="17">OPA! Ferreira invade a área do Juventude, pelo lado esquerdo, e é derrubado pelo zagueiro Renan. O árbitro Elvecio Zaquetto erra e não marca o pênalti claro para o Furacão!</narracao>
    <narracao id="30951" momento="1ºT" tempo="20">NO TRAVESSÃO! Evandro recebe na área do Juventude, pelo lado direito, e chuta forte. A bola explode no travessão do goleiro André! QUASE O PRIMEIRO RUBRO-NEGRO!</narracao>
    <narracao id="30960" momento="1ºT" tempo="24">ADIANTOU DEMAIS! Herrera domina no lado esquerdo de atque, tenta chegar à linha de fundo, mas adianta demais e a bola acaba saindo!</narracao>
    <narracao id="30963" momento="1ºT" tempo="28">QUE DEFESA! Carlos Alberto apoia pelo lado direito e descola o cruzamento. O atacante Ferreira sobe na pequena área e testa. O goleiro André faz defesa incrível!</narracao>
    <narracao id="30969" momento="1ºT" tempo="31">DE SOCO! O lateral Lino cobra falta para o Ju do lado direito de ataque e manda para a área. O goleiro Cléber sai bem do gol e tira de soco!</narracao>
    <narracao id="30971" momento="1ºT" tempo="33">Raullen imprime velocidade e invade a área do Furacão pelo lado direito. O goleiro Cléber sai nos pés do meia e evita a finalização!</narracao>
    <cartao id="30972" momento="1ºT" atletaId="12492" tempo="34" ico="/Portal/esportes/temporeal/swf/icos/cartao_amarelo.swf" cor="amarelo">Fábio Ferreira - Lateral faz falta dura e acaba punido com o cartão amarelo.</cartao>
    <narracao id="30974" momento="1ºT" tempo="35">RECUOU! Erandir tabela com Herrera na intermediária de ataque e arrisca de longe. O chute sai muito fraco e o goleiro André faz defesa fácil!</narracao>
    <narracao id="30978" momento="1ºT" tempo="37">PASSOU PERTO! Evandro domina na intermediária de ataque, adianta e chuta rasteiro. A bola passe rente à trave, mas vai para fora!</narracao>
    <substituicao id="31054" momento="1ºT" tempo="39" ico="/Portal/esportes/temporeal/swf/icos/substituicao.swf">Juventude faz substituição: entra Wellington, sai Raullen</substituicao>
    <cartao id="30982" momento="1ºT" atletaId="7033" tempo="40" ico="/Portal/esportes/temporeal/swf/icos/cartao_amarelo.swf" cor="amarelo">Marcão - Zagueiro chega com tudo em Herrera e acaba punido com o cartão amarelo.</cartao>
    <narracao id="30989" momento="1ºT" tempo="43">POR CIMA! Fábio Ferreira arrisca chute de longe. A bola sai por cima do gol de Cléber!</narracao>
    <narracao id="30991" momento="1ºT" tempo="44">FALTA PERIGOSA PARA O FURACÃO! Evandro recebe na entrada da área e é derrubado por Marcão. QUE PERIGO PARA O JU!</narracao>
    <narracao id="30993" momento="1ºT" tempo="44">POR CIMA! Carlos Alberto cobra a falta e manda por cima do gol de André!</narracao>
    <narracao id="30994" momento="1ºT" tempo="45">MAIS DOIS! O árbitro aponta dois minutos de acréscimo na primeiro etapa.</narracao>
    <narracao id="30997" momento="1ºT" tempo="46">UUUUH! Ferreira recebe à direita da grande área e chuta forte. A bola sai tirando tinta da trave de André!!</narracao>
    <momento id="30998" momento="I">Show do intervalo</momento>
    <narracao id="31000" momento="I" tempo="0">O lateral Ivan afirma que o time tem que fazer logo o primeiro gol para contar com o apoio da torcida.</narracao>
    <narracao id="31003" momento="I" tempo="0">O goleiro André afirma que já esperava dificuldade neste jogo e diz que o Ju tem que volorizar mais a posse de bola para chegar ao ataque.</narracao>
    <video id="31012" momento="I" video="466941"> Veja o vídeo:  0' Evandro, do Atlético-PR, manda uma bomba no travessão</video>
    <momento id="31013" momento="2ºT">Segundo tempo</momento>
    <narracao id="31015" momento="2ºT" tempo="1">BOLA ROLANDO PARA O SEGUNDO TEMPO!</narracao>
    <video id="31020" momento="2ºT" video="466940"> Veja o vídeo:  2' Paulo André, do Atlético-PR, cabeceia com perigo.</video>
    <cartao id="31021" momento="2ºT" atletaId="6487" tempo="3" ico="/Portal/esportes/temporeal/swf/icos/cartao_amarelo.swf" cor="amarelo">Danilo - Zagueiro faz falta dura e é punido com o cartão amarelo.</cartao>
    <narracao id="31031" momento="2ºT" tempo="5">Ivan tenta apoiar pela ponta, mas adianta demais a bola e acaba perdendo uma boa chance de ataque.</narracao>
    <narracao id="31034" momento="2ºT" tempo="7">TIRA A ZAGA! Evandro cobra escanteio e levanta a bola para a área do Ju. O zagueiro Marcão sobe bem e afasta de cabeça!</narracao>
    <cartao id="31040" momento="2ºT" atletaId="4827" tempo="10" ico="/Portal/esportes/temporeal/swf/icos/cartao_amarelo.swf" cor="amarelo">Paulo André - Zagueiro faz falta violenta e acaba punido com o cartão amarelo.</cartao>
    <narracao id="31044" momento="2ºT" tempo="13">MUITO FORTE! Herrera apoia pelo lado direito e descola cruzamento rasteiro. O passe sai muito forte e o atacante Ferrera não alcança.</narracao>
    <narracao id="31045" momento="2ºT" tempo="14">FALTA PERIGOSA PARA O FURACÃO! Alan Bahia recebe na intermediária de ataque e acaba derrubado por Renan. A falta leva perigo ao goleiro André!</narracao>
    <narracao id="31047" momento="2ºT" tempo="15">POR CIMA! O lateral Carlos Alberto cobra a falta e manda por cima do gol.</narracao>
    <narracao id="31050" momento="2ºT" tempo="17">RECUOU! O zagueiro Alex tenta armar o ataque do Furacão, não encontra ninguém para passar e arrisca. O chute sai fraco e o goleiro André faz defesa fácil!</narracao>
    <substituicao id="31055" momento="2ºT" tempo="19" ico="/Portal/esportes/temporeal/swf/icos/substituicao.swf">Juventude faz substituição: entra Lauro, sai Éder Ceccon</substituicao>
    <substituicao id="31108" momento="2ºT" tempo="21" ico="/Portal/esportes/temporeal/swf/icos/substituicao.swf">Atlético-PR faz substituição: entra Dennys, sai Danilo</substituicao>
    <substituicao id="31109" momento="2ºT" tempo="21" ico="/Portal/esportes/temporeal/swf/icos/substituicao.swf">Atlético-PR faz substituição: entra Fabrício, sai Evandro</substituicao>
    <narracao id="31063" momento="2ºT" tempo="22">UUUUH! Dennys invade a área do Ju pelo lado esquerdo e chuta forte. O goleiro André cai bem e espalma para escanteio! </narracao>
    <narracao id="31071" momento="2ºT" tempo="24">Carlos Alberto apoia pelo lado direito e cruza. O goleiro André sai bem do gol e recupera para o Juventude.</narracao>
    <narracao id="31081" momento="2ºT" tempo="27">MAL! O zagueiro Renan recebe na intermediária e arrisca. A bola sai por cima do gol de Cléber.</narracao>
    <narracao id="31096" momento="2ºT" tempo="32">INACREDITÁVEL! Fabrício faz ótima jogada individual pelo lado esquerdo e cruza rasteiro para trás. O atacante Dennys aparece livre para concluir, mas manda por cima!</narracao>
    <video id="31101" momento="2ºT" video="466981"> Veja o vídeo:  34' Cobrança de falta de Carlos Alberto, do Atlético-PR, leva perigo ao gol de André.</video>
    <narracao id="31106" momento="2ºT" tempo="37">PARA FORA! O atacante Marcel arrisca da entrada da área, mas a bola vai para fora.</narracao>
    <substituicao id="31110" momento="2ºT" tempo="38" ico="/Portal/esportes/temporeal/swf/icos/substituicao.swf">Atlético-PR faz substituição: entra Cristian, sai Carlos Alberto</substituicao>
    <cartao id="31113" momento="2ºT" atletaId="12492" tempo="39" ico="/Portal/esportes/temporeal/swf/icos/cartao_vermelho.swf" cor="vermelho">Fábio Ferreira - FORA! Lateral puxa Dennys pela camisa, recebe o segundo amarelo e acaba expulso da partida!</cartao>
    <narracao id="31115" momento="2ºT" tempo="41">FALTA PERIGOSA PARA O FURACÃO! Herrera apoia pelo lado direito e é derrubado. Chance de cruzamento para a área do Juventude.</narracao>
    <narracao id="31121" momento="2ºT" tempo="42">MAL! O meia Fabrício cobra a falta, mas cruza direto para fora!</narracao>
    <narracao id="31123" momento="2ºT" tempo="44">MAIS TRÊS! O árbitro aponta três minutos de acréscimo na etapa final!</narracao>
    <gol id="31133" momento="2ºT" atletaId="6915" tempo="47" escudo="/FlashShow/0,,6584,00.swf" contra="0"> GOL DE DENNYS  É GOOOOOL! Após cobrança de falta para a área do Ju, o zagueiro Paulo André ajeita de cabeça e a bola sobra para o atacante, livre e dentro da pequena área, mandar para o fundo do gol! NOS ACRÉSCIMOS!!!</gol>
    <narracao id="31134" momento="2ºT" tempo="48">TERMINA O JOGO!</narracao>
    <momento id="31135" momento="E">Final de jogo</momento>
    <narracao id="31139" momento="E" tempo="0">O técnico Givanildo volta a falar e afirma que o seu time ainda está devendo muito para o torcedor atleticano.</narracao>
  </lances>
</lancealance>
