<?xml version="1.0" encoding="UTF-8"?>
<lancealance cobertura="1402" leitura="0">
  <placar>
    <equipe id="001" url="" nome="Santos" escudo="/FlashShow/0,,7270,00.swf" resultado="5" abreviacao="SAN"/>
    <equipe id="002" url="" nome="Palmeiras" escudo="/FlashShow/0,,7255,00.swf" resultado="1" abreviacao="PAL"/>
  </placar>
  <lances>
    <narracao id="55853" momento="PJ" tempo="0">O Palmeiras é o 12º colocado, com 27 pontos. O time tem problemas. Na zaga, o técnico Tite terá a volta de Daniel no lugar de Dininho, suspenso. Nen, com dores musculares, poderá ficar fora da partida. O volante Wendel também sente dores e é dúvida. Por fim, o atacante Enílton, suspenso, desfalca o time, sendo substituído por Marcinho.</narracao>
    <momento id="55854" momento="PJ">Pré-jogo</momento>
    <narracao id="55855" momento="PJ" tempo="0">O Santos está na vice-liderança com 35 pontos. O time é formado por um elenco sem medalhões e um tanto irregular, tanto que o técnico vem sendo obrigado a mexer na escalação rodada após rodada. Vanderlei Luxemburgo não poderá contar com o zagueiro Domingos e com o volante Heleno, que estão suspensos. Com isso, Luiz Alberto deverá voltar ao time titular. O meia André Luiz, contratado semana passada, também poderá fazer sua estréia.</narracao>
    <narracao id="55856" momento="PJ" tempo="0">Santos e Palmeiras se enfrentam às 16h (horário de Brasília), na Vila Belmiro (Santos/SP), pela 22ª rodada do Campeonato Brasileiro. Apita o jogo Leonardo Gaciba da Silva (Fifa/RS). Auxiliado por Altemir Hausmann (Fifa/RS) e Paulo Ricardo Silva Conceção (RS).</narracao>
    <momento id="55895" momento="1ºT">Primeiro tempo</momento>
    <narracao id="55898" momento="1ºT" tempo="0">BOLA ROLANDO NA VILA BELMIRO! Começa Santos e Palmeiras.</narracao>
    <narracao id="55910" momento="1ºT" tempo="0">UUUUUUUHHHHHH! PEIXE! Com menos de um minuto, Rodrigo Tiuí parte na velocidade, adianta a bola e, na área, chuta cruzado. A bola sai com perigo, à direita do gol de Diego Cavalieri</narracao>
    <narracao id="55913" momento="1ºT" tempo="2">Lançamento no meio da zaga do Palmeiras para Wellington Paulista. Atacante domina, mas perde o equilíbrio. Consegue o arremesso lateral após chutar em Daniel.</narracao>
    <narracao id="55916" momento="1ºT" tempo="2">QUASE! Wellington Paulista invade a área pela esquerda e chuta cruzado. Diego Cavalieri defende com segurança.</narracao>
    <video id="55944" momento="1ºT" video="533565"> Veja o vídeo:  2' Wellington Paulista chuta cruzado e Diego Cavalieri defende para o Palmeiras.</video>
    <narracao id="55922" momento="1ºT" tempo="5">DEPOIS DA PRESSÃO, TROCA DE PASSES! O Palmeiras trabalha a bola no seu campo de defesa, procurando espaço para atacar.</narracao>
    <narracao id="55924" momento="1ºT" tempo="6">FALTA PERIGOSA! Para o Santos na ponta direita. Kléber cobra na área e Francis corta de cabeça.</narracao>
    <narracao id="55927" momento="1ºT" tempo="6">UUUUUHHHHH! Daniel e Nen não se entendem na marcação. Wellington Paulista recebe cruzamento e, por pouco, não completa de cabeça para o gol. O Santos é melhor na partida.</narracao>
    <video id="55966" momento="1ºT" video="533572"> Veja o vídeo:  6' Wellington Paulista tenta de cabeça e Diego Cavalieri defende para o Palmeiras.</video>
    <narracao id="55933" momento="1ºT" tempo="8">O ALTO É A MINA! Rodrigo Tabata cobra falta na área do Palmeiras. Luiz Alberto entra por trás da zaga e escora de cabeça. A bola sai com perigo, por cima do gol de Diego Cavalieri.</narracao>
    <narracao id="55938" momento="1ºT" tempo="9">Wellington Paulista recebe boa bola na frente e inverte para Rodrigo Tiuí. Atacante penetra na área do Palmeiras, mas comete falta em Daniel.</narracao>
    <narracao id="55941" momento="1ºT" tempo="10">PRIMEIRA CHEGADA DO VERDÃO! Marcinho recebe boa bola na frente, penetra na área e chuta em cima de Fábio Costa. No rebote, Juninho Paulista pega de fora da área... Por cima do gol.</narracao>
    <narracao id="55948" momento="1ºT" tempo="12">Kléber cobra falta na área do Palmeiras e Alceu corta para escanteio...</narracao>
    <gol id="55952" momento="1ºT" atletaId="2870" tempo="13" escudo="/FlashShow/0,,7270,00.swf" contra="0"> GOL DE LUIZ ALBERTO  GOOOOOOOOOOOL! A defesa do Palmeiras parou pedindo impedimento que não houve. Wellington Paulista escora de cabeça e Diego Cavalieri solta nos pés do zagueiro, que só escora para o fundo da rede!</gol>
    <video id="55952v" momento="1ºT" video="533578"> Veja o vídeo: Gol de Luiz Alberto.  13' GOOOOOOOOOOOL! A defesa do Palmeiras parou pedindo impedimento que não houve. Wellington Paulista escora de cabeça e Diego Cavalieri solta nos pés do zagueiro, que só escora para o fundo da rede!</video>
    <narracao id="55956" momento="1ºT" tempo="15">CHUTAÇO! Edmundo avança pela ponta canhota e chuta cruzado. A bola explode na zaga do Santos.</narracao>
    <cartao id="55960" momento="1ºT" atletaId="3306" tempo="16" ico="/Portal/esportes/temporeal/swf/icos/cartao_amarelo.swf" cor="amarelo">Fábio Costa - Goleiro do Santos é punido após entrar de carrinho em Marcinho fora do lance de bola. Imprudente!</cartao>
    <narracao id="55968" momento="1ºT" tempo="18">Paulo Baier recebe na direita e cruza na área do Santos. Dênis corta de cabeça.</narracao>
    <video id="56018" momento="1ºT" video="533593"> Veja o vídeo:  18' Rodrigo Tiuí invade a área e chuta para fora.</video>
    <narracao id="55976" momento="1ºT" tempo="20">TIUÍ! Atacante recebe boa bola, avança pelo lado esquerdo da área e chuta forte. À direita do gol de Diego Cavalieri.</narracao>
    <narracao id="55980" momento="1ºT" tempo="21">Dênis recebe na direita e cruza na área do Palmeiras. Wellington Paulista sobe junto com a zaga, que afasta o perigo.</narracao>
    <gol id="55987" momento="1ºT" atletaId="1874" tempo="22" escudo="/FlashShow/0,,7255,00.swf" contra="0"> GOL DE JUNINHO PAULISTA  GOOOOOOOOOOOOL! Após "furada" de Manzur, contra-ataque do Palmeiras no três contra dois. Edmundo recebe na área, mas erra no domínio. Atacante se recupera e toca para trás. Meia chega batendo forte e empata na Vila!!!!</gol>
    <video id="55987v" momento="1ºT" video="533595"> Veja o vídeo: Gol de Juninho Paulista.  22' GOOOOOOOOOOOOL! Após "furada" de Manzur, contra-ataque do Palmeiras no três contra dois. Edmundo recebe na área, mas erra no domínio. Atacante se recupera e toca para trás. Meia chega batendo forte e empata na Vila!!!!</video>
    <gol id="55990" momento="1ºT" atletaId="2870" tempo="24" escudo="/FlashShow/0,,7270,00.swf" contra="0"> GOL DE LUIZ ALBERTO  GOOOOOOOOOOL! Após cobrança de falta de Rodrigo Tabata, no lado esquerdo. Zagueiro, livre de marcação, escora de direita e, novamente, coloca o Santos em vantagem!</gol>
    <video id="55990v" momento="1ºT" video="533600"> Veja o vídeo: Gol de Luiz Alberto.  24' GOOOOOOOOOOL! Após cobrança de falta de Rodrigo Tabata, no lado esquerdo. Zagueiro, livre de marcação, escora de direita e, novamente, coloca o Santos em vantagem!</video>
    <cartao id="55994" momento="1ºT" atletaId="3347" tempo="25" ico="/Portal/esportes/temporeal/swf/icos/cartao_amarelo.swf" cor="amarelo">Alceu - Volante do Palmeiras é punido após colocar a mão na bola, impedindo contra-ataque do Santos.</cartao>
    <narracao id="56001" momento="1ºT" tempo="27">Rodrigo Tabata cobra falta da ponta direita na área do Palmeiras. A zaga se antecipa e afasta o perigo.</narracao>
    <narracao id="56007" momento="1ºT" tempo="28">IMPEDIDO! Após bela jogada de Edmundo pelo meio, atacante lança Marcinho. Auxiliar corretamente marca posição irregular.</narracao>
    <narracao id="56015" momento="1ºT" tempo="32">Wellington Paulista recebe na esquerda e cruza na área do Palmeiras. Rodrigo Tabata cai e pede o pênalti. Árbitro manda seguir o jogo.</narracao>
    <narracao id="56022" momento="1ºT" tempo="33">PEIXE! André Luiz estica boa bola para Dênis na direita. Lateral cruza rasteiro e Alceu se antecipa para afastar o perigo.</narracao>
    <narracao id="56026" momento="1ºT" tempo="34">Juninho Paulista levanta na entrada da área procurando Edmundo. Manzur se antecipa pelo alto e corta de cabeça.</narracao>
    <narracao id="56031" momento="1ºT" tempo="37">O PALMEIRAS TEM DIFICULDADE NA SAÍDA DE BOLA E ERRA MUITOS PASSES.</narracao>
    <narracao id="56035" momento="1ºT" tempo="38">TEATRO! Edmundo cai na área do Santos simulando um pênalti. Árbitro manda seguir o jogo.</narracao>
    <substituicao id="56203" momento="1ºT" tempo="39" ico="/Portal/esportes/temporeal/swf/icos/substituicao.swf">Palmeiras faz substituição: entra Marcinho Guerreiro, sai Francis</substituicao>
    <narracao id="56048" momento="1ºT" tempo="41">LINDA JOGADA! De Juninho Paulista. Meia penetra na área do Santos, se livra de quatro jogadores e ganha o escanteio.</narracao>
    <video id="56076" momento="1ºT" video="533618"> Veja o vídeo:  41' Juninho Paulista faz boa jogada para o Palmeiras, mas manda para fora.</video>
    <narracao id="56053" momento="1ºT" tempo="42">BALAÇO! Juninho Paulista arrisca de longe e Fábio Costa salva o Santos.</narracao>
    <narracao id="56058" momento="1ºT" tempo="44">NA FOGUEIRA! Luiz Alberto recua mal para Fábio Costa, que se vira para salvar o Santos.</narracao>
    <narracao id="56060" momento="1ºT" tempo="45">ACRÉSCIMOS! Árbitro assinala mais dois minutos neste primeiro tempo.</narracao>
    <narracao id="56063" momento="1ºT" tempo="45">Juninho Paulista estica boa bola para Michael na esquerda. Lateral avança e cruza rasteiro. Luiz Alberto se antecipa e salva o Peixe!</narracao>
    <narracao id="56067" momento="1ºT" tempo="47">FIM DE PRIMEIRO TEMPO! Em partida movimentada, o Santos vai derrotando o Palmeiras na Vila Belmiro.</narracao>
    <momento id="56070" momento="I">Show do intervalo</momento>
    <narracao id="56074" momento="I" tempo="0">Com muita dificuldade na saída de bola, o Palmeiras foi dominado pelo Santos na primeira etapa. Daniel, Nen e Alceu não se entendem na zaga e os atacantes Rodrigo Tiuí e Wellington Paulista levaram muito perigo. Porém, o artilheiro acabou sendo o zagueiro Luiz Alberto, que marcou dois gols de cabeça para o Peixe. O Verdão criou duas oportunidades além do gol de Juninho Paulista, após excelente passe de Edmundo, mas peca pela falta de criatividade do seu meio-de-campo.</narracao>
    <momento id="56087" momento="2ºT">Segundo tempo</momento>
    <narracao id="56101" momento="2ºT" tempo="0">BOLA ROLANDO PARA O SEGUNDO TEMPO! As duas equipes não fizeram modificações durante o intervalo.</narracao>
    <narracao id="56113" momento="2ºT" tempo="2">Lançamento para Wellington Paulista na área do Palmeiras. Alceu se antecipa e corta pelo alto.</narracao>
    <narracao id="56122" momento="2ºT" tempo="5">UUUUUHHHHH! Dênis recebe em posição legal na direita e cruza rasteiro na área do Palmeiras. A bola passa por todo mundo e ninguém aparece para finalizar a jogada.</narracao>
    <video id="56179" momento="2ºT" video="533636"> Veja o vídeo:  5' Dênis chuta cruzado e ninguém completa a jogada.</video>
    <narracao id="56126" momento="2ºT" tempo="6">Paulo Baier cobra falta no segundo pau procurando Daniel. Manzur se antecipa e corta para escanteio...</narracao>
    <narracao id="56128" momento="2ºT" tempo="6">... Escanteio para o Palmeiras. A bola sai muito fechada, direto para fora.</narracao>
    <narracao id="56135" momento="2ºT" tempo="8">VACILO! Cléber Santana chuta o tornozelo de Edmundo na maldade. Árbitro ignora a falta.</narracao>
    <substituicao id="56271" momento="2ºT" tempo="10" ico="/Portal/esportes/temporeal/swf/icos/substituicao.swf">Santos faz substituição: entra Jonas, sai Rodrigo Tiuí</substituicao>
    <narracao id="56147" momento="2ºT" tempo="12">Marcinho Guerreiro sofre falta de Dênis na intermediária. Juninho Paulista cobra no segundo pau e Fábio Costa sobe para fazer a defesa.</narracao>
    <narracao id="56156" momento="2ºT" tempo="13">BOA DEFESA! Jonas estica boa bola para Wellington Paulista na área do Palmeiras. Atacante chuta cruzado e Diego Cavalieri salva.</narracao>
    <gol id="56162" momento="2ºT" atletaId="5332" tempo="14" escudo="/FlashShow/0,,7270,00.swf" contra="0"> GOL DE WELLINGTON PAULISTA  GOOOOOOOOOOOOOL! Atacante recebe um "presente"  no erro de passe de Paulo Baier, invade a área e chuta no alto, sem chances para o goleiro Diego Cavalieri. O Peixe faz o terceiro em cima do Verdão!</gol>
    <video id="56292" momento="2ºT" video="533650"> Veja o vídeo:  14' O TERCEIRO GOL DO SANTOS - Wellington Paulista.</video>
    <substituicao id="56204" momento="2ºT" tempo="16" ico="/Portal/esportes/temporeal/swf/icos/substituicao.swf">Palmeiras faz substituição: entra Marcelo Costa, sai Michael</substituicao>
    <narracao id="56173" momento="2ºT" tempo="17">MAIS UMA LAMBANÇA! Paulo Baier dá mais um "presente" para Wellington Paulista. Atacante invade a área, enfeita a jogada e perde excelente oportunidade de fazer o quarto gol.</narracao>
    <video id="56296" momento="2ºT" video="533653"> Veja o vídeo:  17' Wellington Paulista perde excelente chance para o Santos.</video>
    <narracao id="56184" momento="2ºT" tempo="19">DEFESA CONFUSA! Alceu perde a bola para Wellington Paulista. Atacante avança e tenta encobrir Diego Cavalieri. A bola sai por cima do gol.</narracao>
    <narracao id="56188" momento="2ºT" tempo="20">QUE DEFESA! Diego Cavalieri espalma para escanteio após um chutaço de Rodrigo Tabata, de fora da área.</narracao>
    <video id="56301" momento="2ºT" video="533657"> Veja o vídeo:  20' Rodrigo Tabata chuta forte e Diego Cavalieri salva o Palmeiras.</video>
    <gol id="56201" momento="2ºT" atletaId="5332" tempo="22" escudo="/FlashShow/0,,7270,00.swf" contra="0"> GOL DE WELLINGTON PAULISTA  GOOOOOOOOOOOOOL! Após excelente jogada de Kléber pelo lado esquerdo, atacante sobe livre na pequena área e completa de cabeça. Goleada do Peixe para cima do Verdão na Vila Belmiro!</gol>
    <video id="56305" momento="2ºT" video="533658"> Veja o vídeo:  22' O QUARTO GOL DO SANTOS - Wellington Paulista.</video>
    <substituicao id="56205" momento="2ºT" tempo="23" ico="/Portal/esportes/temporeal/swf/icos/substituicao.swf">Palmeiras faz substituição: entra Chiquinho, sai Alceu</substituicao>
    <narracao id="56206" momento="2ºT" tempo="24">OLÉ! A torcida do Santos grita na vila Belmiro.</narracao>
    <gol id="56211" momento="2ºT" atletaId="6200" tempo="24" escudo="/FlashShow/0,,7270,00.swf" contra="0"> GOL DE JONAS  GOOOOOOLEEEEAAAADA! Kléber estica boa bola para atacante pelo meio, em posição legal, que só completa na saída de Diego Cavalieri.</gol>
    <video id="56211v" momento="2ºT" video="533665"> Veja o vídeo: Gol de Jonas.  24' GOOOOOOLEEEEAAAADA! Kléber estica boa bola para atacante pelo meio, em posição legal, que só completa na saída de Diego Cavalieri.</video>
    <cartao id="56214" momento="2ºT" atletaId="6200" tempo="25" ico="/Portal/esportes/temporeal/swf/icos/cartao_amarelo.swf" cor="amarelo">Jonas - Atacante é punido após comemorar o seu gol subindo no alambrado.</cartao>
    <narracao id="56223" momento="2ºT" tempo="28">A TORCIDA DO PALMEIRAS COMEÇA A DEIXAR O ESTÁDIO DA VILA BELMIRO.</narracao>
    <cartao id="56225" momento="2ºT" atletaId="2982" tempo="28" ico="/Portal/esportes/temporeal/swf/icos/cartao_amarelo.swf" cor="amarelo">Marcinho Guerreiro - Volante do Palmeiras é punido após ser flagrado pelo árbitro discutindo com Wellington Paulista.</cartao>
    <narracao id="56237" momento="2ºT" tempo="31">PÚBLICO E RENDA NA VILA! 10.873 pagantes / R$167.060,00.</narracao>
    <narracao id="56245" momento="2ºT" tempo="32">UUUUUUHHHH! Kléber avança pela esquerda e toca para Rodrigo Tabata. Meia domina, gira e chuta na área. no rebote, Jonas chuta forte, por cima do gol de Diego Cavalieri.</narracao>
    <narracao id="56249" momento="2ºT" tempo="34">IMPEDIDO! Edmundo rcebe boa bola, mas está em posição irregular.</narracao>
    <cartao id="56254" momento="2ºT" atletaId="9099" tempo="35" ico="/Portal/esportes/temporeal/swf/icos/cartao_amarelo.swf" cor="amarelo">Manzur - Zagueiro do Santos é punido após falta dura em Juninho Paulista.</cartao>
    <substituicao id="56272" momento="2ºT" tempo="38" ico="/Portal/esportes/temporeal/swf/icos/substituicao.swf">Santos faz substituição: entra Carlinhos, sai André Luiz</substituicao>
    <narracao id="56268" momento="2ºT" tempo="39">O PALMEIRAS ESTÁ ENTREGUE EM CAMPO E NÃO CONSEGUE JOGAR!</narracao>
    <substituicao id="56273" momento="2ºT" tempo="39" ico="/Portal/esportes/temporeal/swf/icos/substituicao.swf">Santos faz substituição: entra Renatinho, sai Wellington Paulista</substituicao>
    <narracao id="56274" momento="2ºT" tempo="40">UUUUUUUHHHHH! Rodrigo Tabata arrisca da entrada da área... Por cima do gol.</narracao>
    <narracao id="56276" momento="2ºT" tempo="41">O SANTOS PRESSIONA E QUER O SEXTO GOL!</narracao>
    <video id="56316" momento="2ºT" video="533668"> Veja o vídeo:  41' Cléber Santana solta a bomba e Diego Cavalieri espalma</video>
    <narracao id="56294" momento="2ºT" tempo="43">NA TRAVE! Após bela jogada de Rodrigo Tabata, Renatinho pega de primeira na área do Palmeiras.</narracao>
    <narracao id="56298" momento="2ºT" tempo="45">ACRÉSCIMOS! Árbitro assinala mais dois minutos neste segundo tempo.</narracao>
    <narracao id="56302" momento="2ºT" tempo="47">FIM DE JOGO NA VILA BELMIRO! O Santos goleia o Palmeiras por 5 a 1.</narracao>
    <momento id="56317" momento="E">Final de jogo</momento>
  </lances>
</lancealance>
