<?xml version="1.0" encoding="UTF-8"?>
<lancealance cobertura="1051" leitura="0">
  <placar>
    <equipe id="001" url="" nome="Alemanha" escudo="/FlashShow/0,,9440,00.swf" resultado="3" abreviacao="ALE"/>
    <equipe id="002" url="" nome="Colômbia" escudo="/FlashShow/0,,14490,00.swf" resultado="0" abreviacao="null"/>
  </placar>
  <lances>
    <momento id="33095" momento="PJ">Pré-jogo</momento>
    <narracao id="33096" momento="PJ" tempo="0">
A seleção alemã terá outro duro desafio daqui a pouco, às 14 horas, quando enfrentará a Colômbia, em Mönchengladbach, em seu último amistoso antes do início da Copa do Mundo.
</narracao>
    <narracao id="33097" momento="PJ" tempo="0">Os alemães comandados por Jürgen Klinsmann ainda tentam apagar a imagem ruim da equipe, agravada depois do empate em 2 a 2 com o Japão, na quarta-feira.</narracao>
    <narracao id="33098" momento="PJ" tempo="0">A torcida, no entanto, parece ainda confiar na seleção alemã. Nos treinos desta quinta-feira, em Düsseldorf, mais de 40 mil pessoas foram ver as atividades, o que serviu de motivação aos jogadores após as críticas ao frágil sistema defensivo.
</narracao>
    <narracao id="33099" momento="PJ" tempo="0">Fora do Mundial, os colombianos jogam sem preocupações. A equipe aproveita a viagem para fazer um planejamento a médio e longo prazos, tendo como objetivo a preparação para a Copa América de 2007 e as Eliminatórias para a Copa do Mundo de 2010.
</narracao>
    <narracao id="33100" momento="PJ" tempo="0">Equipes já estão perfiladas em campo! Hino da Colômbia é executado!</narracao>
    <narracao id="33101" momento="PJ" tempo="0">Agora o hino da Alemanha é executado!</narracao>
    <narracao id="33102" momento="PJ" tempo="0">Jogadores aquecem em campo!</narracao>
    <narracao id="33103" momento="PJ" tempo="0">Vai começar o amistoso!</narracao>
    <momento id="33104" momento="1ºT">Primeiro tempo</momento>
    <narracao id="33105" momento="1ºT" tempo="1">COMEÇA O JOGO!!! ALEMANHA x COLÔMBIA!!!</narracao>
    <narracao id="33106" momento="1ºT" tempo="2">Alemanha começa pressionando! Schweinsteiger faz boa jogada e chuta rasteiro! A bola raspa a trave esquerda de Córdoba! Alemães quase abrem o placar! </narracao>
    <narracao id="33107" momento="1ºT" tempo="3">Colômbia vai tocando a bola!</narracao>
    <narracao id="33108" momento="1ºT" tempo="4">Alemanha segue pressionando os colombianos!</narracao>
    <narracao id="33109" momento="1ºT" tempo="5">Colombianos exploram os contra-ataques!</narracao>
    <narracao id="33110" momento="1ºT" tempo="7">Klose divide com colombiano e cai no gramado! Alemão sente dor na região abdominal!</narracao>
    <narracao id="33111" momento="1ºT" tempo="8">Klose volta ao jogo!</narracao>
    <narracao id="33112" momento="1ºT" tempo="8">Schweinsteiger arrisca o chute e a bola sobe demais!</narracao>
    <narracao id="33113" momento="1ºT" tempo="9">Colombianos tocam a bola!</narracao>
    <narracao id="33114" momento="1ºT" tempo="10">Colômbia tenta atacar! Viáfara cruza rasteiro e Lehmann faz defesa segura!</narracao>
    <narracao id="33115" momento="1ºT" tempo="12">ELE DE NOVO!!! Schweinsteiger arrisca o chute novamente e a bola passa perto da trave esquerda da Colômbia!</narracao>
    <narracao id="33116" momento="1ºT" tempo="13">Time colombiano só se defende!</narracao>
    <narracao id="33117" momento="1ºT" tempo="14">Oliver Kahn está no banco de reservas da Alemanha! </narracao>
    <narracao id="33118" momento="1ºT" tempo="16">Time colombiano apela para as faltas!</narracao>
    <narracao id="33119" momento="1ºT" tempo="17">Colombianos tentam atacar, mas falta qualidade!</narracao>
    <cartao id="33120" momento="1ºT" atletaId="12697" tempo="19" ico="/Portal/esportes/temporeal/swf/icos/cartao_amarelo.swf" cor="amarelo">Vargas - Por fazer falta em Podolski, meia colombiano recebe o amarelo!</cartao>
    <gol id="33121" momento="1ºT" atletaId="1762" tempo="20" escudo="/FlashShow/0,,9440,00.swf" contra="0"> GOL DE MICHAEL BALLACK  É DA ALEMANHA!!! Schweinsteiger bate falta para a área e Ballack cabeceia com estilo, para as redes de Córdoba!!! 1 a 0 para a Alemanha!!!</gol>
    <narracao id="33122" momento="1ºT" tempo="21">E SÓ DÁ ALEMANHA! Schneider arrisca o chute e a bola passa rente à trave esquerda de Córdoba, que observa o lance!</narracao>
    <narracao id="33123" momento="1ºT" tempo="22">Alemanha toca a bola e Colômbia marca!</narracao>
    <narracao id="33124" momento="1ºT" tempo="23">Ballack cai na área e pede pênalti! Juiz não marca e meia alemão se irrita!</narracao>
    <narracao id="33125" momento="1ºT" tempo="25">Alemães dominam a partida!</narracao>
    <narracao id="33126" momento="1ºT" tempo="26">Jogadores da Alemanha vão tocando a bola!</narracao>
    <narracao id="33127" momento="1ºT" tempo="27">Colombianos fazem muitas faltas no jogo!</narracao>
    <narracao id="33128" momento="1ºT" tempo="28">Schweinsteiger cruza e Schneider acerta um belo chute, de primeira! Córdoba espalma a bola, fazendo ótima defesa!</narracao>
    <narracao id="33129" momento="1ºT" tempo="29">Time colombiano erra demais e não consegue jogar um bom futebol!</narracao>
    <narracao id="33130" momento="1ºT" tempo="32">Alemães seguem tocando a bola e dominando o jogo!</narracao>
    <narracao id="33131" momento="1ºT" tempo="33">Klose entra na área e Córdoba sai do gol! Atacante alemão tenta driblar o goleiro colombiano, mas a bola vai para a linha de fundo!</narracao>
    <narracao id="33132" momento="1ºT" tempo="35">Alemães insistem nas bolas levantadas na área!</narracao>
    <narracao id="33133" momento="1ºT" tempo="35">Colombianos abusam da violência!</narracao>
    <cartao id="33134" momento="1ºT" atletaId="3753" tempo="36" ico="/Portal/esportes/temporeal/swf/icos/cartao_amarelo.swf" cor="amarelo">Jong Viáfara - Por fazer falta em Ballack, meia colombiano recebe o amarelo!</cartao>
    <gol id="33135" momento="1ºT" atletaId="8115" tempo="37" escudo="/FlashShow/0,,9440,00.swf" contra="0"> GOL DE BASTIAN SCHWEINSTEIGER  É DA ALEMANHA!!! Schweinsteiger solta a bomba em cobrança de falta e marca um golaço! A bola passa pela barreira e engana Córdoba! 2 a 0 para a Alemanha!!! </gol>
    <narracao id="33136" momento="1ºT" tempo="38">O autor do segundo gol alemão abraça o reserva Oliver Kahn!</narracao>
    <narracao id="33137" momento="1ºT" tempo="40">Alemanha segue pressionando!</narracao>
    <narracao id="33138" momento="1ºT" tempo="41">PERDEU!!! Klose entra na área, dribla Córdoba e chuta para fora, perdendo um gol incrível!</narracao>
    <narracao id="33139" momento="1ºT" tempo="41">Soto arrisca o chute de longe e Lehmann defende com segurança!</narracao>
    <narracao id="33140" momento="1ºT" tempo="43">Alemanha segue pressionando! Schweinsteiger vai tendo boa atuação!</narracao>
    <narracao id="33141" momento="1ºT" tempo="44">Podolski entra na área e chuta cruzado, para fora! Alemanha vai perdendo muitos gols! </narracao>
    <narracao id="33142" momento="1ºT" tempo="46">Vai terminar o primeiro tempo!</narracao>
    <narracao id="33143" momento="1ºT" tempo="47">Time da Colômbia vai fazendo muitas faltas!</narracao>
    <narracao id="33144" momento="1ºT" tempo="48">ACABA O PRIMEIRO TEMPO!!!</narracao>
    <momento id="33145" momento="I">Show do intervalo</momento>
    <narracao id="33146" momento="I" tempo="0">No primeiro tempo, o jogo foi de uma seleção só. Apesar de não fazer uma partida brilhante, a Alemanha dominou a fraquíssima seleção colombiana, e chegou aos 2 a 0 com facilidade. Klose e Podolski perderam boas chances e poderiam ter feito um placar ainda maior a favor dos anfitriões da Copa. O time colombiano é fraco tecnicamente, e vai apelando para a violência com o objetivo de impedir os ataques alemães. Se conseguir aproveitar melhor as chances criadas, a Alemanha pode disparar uma goleada no segundo tempo.   </narracao>
    <narracao id="33147" momento="I" tempo="0">Times retornam para a segunda etapa!</narracao>
    <momento id="33148" momento="2ºT">Segundo tempo</momento>
    <substituicao id="33186" momento="2ºT" tempo="0" ico="/Portal/esportes/temporeal/swf/icos/substituicao.swf">Colômbia faz substituição: entra Rodallega, sai T. Moreno</substituicao>
    <narracao id="33150" momento="2ºT" tempo="1">COMEÇA O SEGUNDO TEMPO!!!</narracao>
    <narracao id="33151" momento="2ºT" tempo="2">Alemanha inicia o segundo tempo pressionando a Colômbia!</narracao>
    <narracao id="33152" momento="2ºT" tempo="3">ISOLOU!!! Ballack arrisca o chute e isola a bola!</narracao>
    <narracao id="33153" momento="2ºT" tempo="6">Lahm arrisca o chute e a bola sobe demais!</narracao>
    <narracao id="33154" momento="2ºT" tempo="6">Jogo é da Alemanha! Colômbia não consegue ter posse de bola e continua apelando para as faltas!</narracao>
    <narracao id="33155" momento="2ºT" tempo="8">Frings arrisca o chute e a bola vai para fora, longe do gol de Córdoba!</narracao>
    <substituicao id="33187" momento="2ºT" tempo="8" ico="/Portal/esportes/temporeal/swf/icos/substituicao.swf">Colômbia faz substituição: entra Castrillón, sai Viáfara</substituicao>
    <narracao id="33156" momento="2ºT" tempo="9">Alemanha vai tocando a bola!</narracao>
    <narracao id="33159" momento="2ºT" tempo="10">Colômbia ainda não chutou a gol no segundo tempo!</narracao>
    <narracao id="33160" momento="2ºT" tempo="12">Colômbia tenta atacar, mas erra muitos passes!</narracao>
    <narracao id="33161" momento="2ºT" tempo="14">Alemanha diminui o ritmo e vai administrando o jogo, que é tranquilo!</narracao>
    <narracao id="33162" momento="2ºT" tempo="15">Soto recebe lançamento de Rodallega, mas cabeceia para fora, por cima do gol de Lehmann!</narracao>
    <substituicao id="33206" momento="2ºT" tempo="16" ico="/Portal/esportes/temporeal/swf/icos/substituicao.swf">Alemanha faz substituição: entra Borowski, sai Schneider</substituicao>
    <substituicao id="33207" momento="2ºT" tempo="16" ico="/Portal/esportes/temporeal/swf/icos/substituicao.swf">Alemanha faz substituição: entra Neuville, sai Klose</substituicao>
    <substituicao id="33188" momento="2ºT" tempo="17" ico="/Portal/esportes/temporeal/swf/icos/substituicao.swf">Colômbia faz substituição: entra Murillo, sai Patiño</substituicao>
    <narracao id="33169" momento="2ºT" tempo="18">Jogo é morno no momento! A Alemanha vai administrando o resultado e a Colômbia não tem competência para atacar os germânicos!</narracao>
    <narracao id="33170" momento="2ºT" tempo="21">Neuville cruza rasteiro, Córdoba falha e Perea salva a Colômbia! Podolski estava pronto para marcar!</narracao>
    <narracao id="33171" momento="2ºT" tempo="23">BISONHO!!! Rodallega tromba com o juiz e arma o contra-ataque alemão! Neuville desperdiça!</narracao>
    <gol id="33172" momento="2ºT" atletaId="7635" tempo="23" escudo="/FlashShow/0,,9440,00.swf" contra="0"> GOL DE TIM BOROWSKI  É DA ALEMANHA!!! Ballack lança a bola para Borowski, que domina e chuta cruzado e rasteiro! Córdoba apenas observa a bola entrando no canto direito! 3 a 0 para a Alemanha, que goleia!</gol>
    <narracao id="33173" momento="2ºT" tempo="24">Lehmann falha e Murillo perde a chance de diminuir o placar para a Colômbia! A bola vai para fora!</narracao>
    <substituicao id="33208" momento="2ºT" tempo="25" ico="/Portal/esportes/temporeal/swf/icos/substituicao.swf">Alemanha faz substituição: entra Asamoah, sai Podolski</substituicao>
    <substituicao id="33209" momento="2ºT" tempo="27" ico="/Portal/esportes/temporeal/swf/icos/substituicao.swf">Alemanha faz substituição: entra Marcell Jansen, sai Schweinsteiger</substituicao>
    <narracao id="33181" momento="2ºT" tempo="28">Jansen entra bem! Ele avança e chuta forte! Córdoba faz boa defesa, espalmando a bola!</narracao>
    <substituicao id="33189" momento="2ºT" tempo="30" ico="/Portal/esportes/temporeal/swf/icos/substituicao.swf">Colômbia faz substituição: entra Carmelo Valencia, sai Vargas</substituicao>
    <substituicao id="33190" momento="2ºT" tempo="31" ico="/Portal/esportes/temporeal/swf/icos/substituicao.swf">Colômbia faz substituição: entra Guarín, sai Soto</substituicao>
    <narracao id="33191" momento="2ºT" tempo="33">Alemanha segue melhor em campo!</narracao>
    <narracao id="33192" momento="2ºT" tempo="34">Colômbia joga muito mal!</narracao>
    <cartao id="33193" momento="2ºT" atletaId="12704" tempo="35" ico="/Portal/esportes/temporeal/swf/icos/cartao_amarelo.swf" cor="amarelo">Pachon - Por fazer falta em Neuville, lateral colombiano recebe o amarelo!</cartao>
    <narracao id="33194" momento="2ºT" tempo="37">Torcida alemã canta em Monchengladbach!</narracao>
    <narracao id="33195" momento="2ºT" tempo="38">Colombianos tentam fazer uma pressão, mas sem grandes oportunidades de gol!</narracao>
    <substituicao id="33210" momento="2ºT" tempo="40" ico="/Portal/esportes/temporeal/swf/icos/substituicao.swf">Alemanha faz substituição: entra Hitzlsperger , sai Lahm</substituicao>
    <narracao id="33203" momento="2ºT" tempo="42">Mertesacker recebe um pisão de Castrillón e cai no gramado!</narracao>
    <narracao id="33204" momento="2ºT" tempo="43">Tudo bem com o zagueiro alemão!</narracao>
    <substituicao id="33211" momento="2ºT" tempo="44" ico="/Portal/esportes/temporeal/swf/icos/substituicao.swf">Alemanha faz substituição: entra Sebastian Kehl, sai Friedrich</substituicao>
    <narracao id="33205" momento="2ºT" tempo="45">Time alemão administra o resultado!</narracao>
    <narracao id="33212" momento="2ºT" tempo="46">Vai terminar o jogo!</narracao>
    <narracao id="33214" momento="2ºT" tempo="48">ACABA O JOGO!!! ALEMANHA 3 x 0 COLÔMBIA!!!</narracao>
    <momento id="33216" momento="E">Final de jogo</momento>
    <narracao id="33221" momento="E" tempo="0">A Alemanha goleou e empolgou sua torcida, porém não se pode dizer que a Colômbia tenha sido um grande teste para a equipe do técnico Klinsmann. No último amistoso antes da Copa do mundo, a Alemanha venceu os colombianos por 3 a 0, com facilidade. A seleção colombiana se mostrou muito fraca tecnicamente, com uma defesa confusa e com um ataque que pouco incomodou os germânicos. Se o time alemão pressionasse um pouco mais na segunda etapa, poderia ter aplicado uma goleada ainda maior. Os anfitriões da Copa não fizeram uma partida brilhante, mas pelo menos conseguiram vencer bem e apagar a má impressão deixada pelo empate de 2 a 2 com o Japão.</narracao>
  </lances>
</lancealance>
