<?xml version="1.0" encoding="UTF-8"?>
<lancealance cobertura="1446" leitura="0">
  <placar>
    <equipe id="001" url="" nome="Juventude" escudo="/FlashShow/0,,6595,00.swf" resultado="2" abreviacao="JUV"/>
    <equipe id="002" url="" nome="Cruzeiro" escudo="/FlashShow/0,,6588,00.swf" resultado="0" abreviacao="CRU"/>
  </placar>
  <lances>
    <momento id="57478" momento="PJ">Pré-jogo</momento>
    <narracao id="57479" momento="PJ" tempo="0">Juventude e Cruzeiro se enfrentam, daqui a pouco, pela 23ª rodada do Campeonato Brasileiro. O jogo, que acontecerá no estádio Alfredo Jaconi, em Caxias do Sul, será arbitrado pelo catarinense Paulo Henrique de Godoy Bezerra, auxiliado por Carlos Berkenbrock e Claudemir Maffessoni, ambos também de Santa Catarina.</narracao>
    <narracao id="57480" momento="PJ" tempo="0">As duas equipes estão realizando campanhas medianas na competição nacional. O Juventude está na 12ª colocação, com 29 pontos ganhos, e luta para entrar na zona de classificação à Copa Sul-Americana. O Cruzeiro ocupa a 8ª colocação, com 31 pontos, sonhando com vaga para a Libertadores 2007. Portanto, a vitória hoje é fundamental para as pretensões de ambos os times.</narracao>
    <narracao id="57482" momento="PJ" tempo="0">Apesar da colocação razoável, os dois times estão à beira de uma crise. O Juventude stá com os salários atrasados; o Cruzeiro está há 12 jogos sem vencer.</narracao>
    <narracao id="57484" momento="PJ" tempo="0">A equipe gaúcha vem de uma derrota por 2 a 0 para o Goiás e, por isso, precisa vencer em casa. Com problemas na folha de pagamento, os jogadores têm reclamado com os dirigentes. Os mais experientes, como Antônio Carlos e Christian, tentam mobilizar o elenco e manter o foco no futebol.</narracao>
    <narracao id="57487" momento="PJ" tempo="0">O técnico Ivo Wormann não poderá contar com quatro titulares. Antônio Carlos e o volante Lauro cumprem suspensão e serão substituídos por Rafael e Walker, respectivamente. O zagueiro Fabrício e o meia Alexandre estão vetados pelo departamento médico. Com isso, Igor e Marcel ganham uma oportunidade na equipe titular.</narracao>
    <narracao id="57488" momento="PJ" tempo="0">No Cruzeiro, depois da derrota para o Santos pela Sul-Americana (1 a 0), o técnico Oswaldo de Oliveira mudará praticamente metade do time para reencontrar o caminho das vitórias. A última vez que a Raposa derrotou um adversário foi no dia 12 de julho, contra o Corinthians, no Mineirão.</narracao>
    <narracao id="57489" momento="PJ" tempo="0">O treinador cruzeirense desmanchou o esquema 3-5-2 e voltou a escalar o time no 4-4-2. Fábio, que estava a serviço da seleção brasileira, retorna ao gol celeste. Os volantes Aldo e Léo Silva ganharam chance na equipe principal. Júlio César assumiu a lateral esquerda, Élson foi improvisado na lateral direita, e Carlinhos Bala ganhou vaga no ataque. Geovanni recua, assim, para o meio-de-campo.</narracao>
    <narracao id="57490" momento="PJ" tempo="0">Juventude x Cruzeiro!!! Os dois times tentam afastar a crise!!! QUE VENÇA O MELHOR!!!</narracao>
    <narracao id="57496" momento="PJ" tempo="0">O público é regular no estádio Alfredo Jaconi!</narracao>
    <narracao id="57497" momento="PJ" tempo="0">O trio de arbitragem já está em campo!</narracao>
    <narracao id="57504" momento="PJ" tempo="0">OLHA OS FOGOS!!! O Juventude entra no gramado!!! O foguetório é grande!!!</narracao>
    <narracao id="57505" momento="PJ" tempo="0">É A RAPOSA!!! O Cruzeiro também está no gramado!!!</narracao>
    <narracao id="57509" momento="PJ" tempo="0">O Juventude atua com a camisa listrada em branco e verde, e calção branco! O Cruzeiro joga com a camisa branca e calção azul!</narracao>
    <narracao id="57510" momento="PJ" tempo="0">Vai começar a partida!!!</narracao>
    <momento id="57511" momento="1ºT">Primeiro tempo</momento>
    <narracao id="57513" momento="1ºT" tempo="0">COMEÇA O JOGO!!! JUVENTUDE x CRUZEIRO!!!</narracao>
    <narracao id="57515" momento="1ºT" tempo="0">A saída de bola é cruzeirense!!!</narracao>
    <narracao id="57519" momento="1ºT" tempo="2">O Juventude vai trocando passes!</narracao>
    <narracao id="57522" momento="1ºT" tempo="3">POR CIMA!!! Élber arrisca o chute da entrada da área! A bola sobe demais, sem problemas para André!!!</narracao>
    <narracao id="57527" momento="1ºT" tempo="5">O Cruzeiro vai pressionando! O Juventude vai se defendendo!</narracao>
    <narracao id="57531" momento="1ºT" tempo="7">A Raposa segue trocando passes!</narracao>
    <narracao id="57538" momento="1ºT" tempo="9">O jogo é ruim, com muita marcação e erros de passe!</narracao>
    <cartao id="57544" momento="1ºT" atletaId="12861" tempo="11" ico="/Portal/esportes/temporeal/swf/icos/cartao_amarelo.swf" cor="amarelo">Ivo - SUJOU!!! Por tentar simular um pênalti, o meia alviverde recebe o amarelo! </cartao>
    <video id="57577" momento="1ºT" video="537209"> Veja o vídeo:  11' SEGUE O JOGO!!! Ivo cai na área! O juiz não marca o pênalti e mostra o cartão amarelo!</video>
    <narracao id="57549" momento="1ºT" tempo="13">O Juventude melhora no jogo e se lança ao ataque!</narracao>
    <narracao id="57551" momento="1ºT" tempo="14">Polêmica - É PÊNALTI!!! Igor é empurrado por Léo Silva, dentro da área! O Juventude pode abrir o placar!!!</narracao>
    <gol id="57554" momento="1ºT" atletaId="3787" tempo="15" escudo="/FlashShow/0,,6595,00.swf" contra="0"> GOL DE CHRISTIAN  GOOOOL!!! É DO JUVENTUDE!!! Christian marca!!! O atacante cobra o pênalti, com força, no canto esquerdo de Fábio!!! O goleiro celeste se estica, mas nada pode fazer!!! 1 a 0 para o Alviverde da Serra Gaúcha!!!</gol>
    <video id="57554v" momento="1ºT" video="537214"> Veja o vídeo: Gol de Christian.  15' GOOOOL!!! É DO JUVENTUDE!!! Christian marca!!! O atacante cobra o pênalti, com força, no canto esquerdo de Fábio!!! O goleiro celeste se estica, mas nada pode fazer!!! 1 a 0 para o Alviverde da Serra Gaúcha!!!</video>
    <video id="57593" momento="1ºT" video="537216"> Veja o vídeo:  16' PEGUEI!!! Élber arrisca o chute! André faz boa defesa!</video>
    <narracao id="57562" momento="1ºT" tempo="17">O Cruzeiro vai para o ataque e busca o empate de imediato!</narracao>
    <narracao id="57565" momento="1ºT" tempo="18">Lance Perigoso - POR CIMA!!! Élson cruza da direita! Gladstone, dentro da área, sobe e cabeceia a bola! Ela sobe demais e sai em tiro de meta!!!</narracao>
    <narracao id="57567" momento="1ºT" tempo="19">Lance Feio - NAS NUVENS!!! O meia Ivo arrisca o chute da entrada da área! A bola passa muito longe do gol de Fábio!!!</narracao>
    <narracao id="57570" momento="1ºT" tempo="21">O Cruzeiro toca a bola, e a torcida do Juventude vaia!</narracao>
    <narracao id="57573" momento="1ºT" tempo="21">Defesa - É MINHA!!! Sandro tabela com Léo Silva e, livre, entra na área! O goleiro André sai bem do gol e faz boa defesa!!!</narracao>
    <narracao id="57579" momento="1ºT" tempo="23">O Juventude tenta pressionar com jogadas de bola aérea! Fábio vai tendo trabalho nas saídas do gol!</narracao>
    <video id="57611" momento="1ºT" video="537220"> Veja o vídeo:  24' POR COBERTURA!!! Fábio evita o gol do time gaúcho!</video>
    <narracao id="57583" momento="1ºT" tempo="25">O Cruzeiro vai errando passes infantis no meio-de-campo!</narracao>
    <narracao id="57586" momento="1ºT" tempo="27">SEM DIREÇÃO!!! Carlinhos Bala arrisca o chute, de fora da área! A bola sai à direita, sem perigo algum para André!!!</narracao>
    <video id="57619" momento="1ºT" video="537223"> Veja o vídeo:  28' BRINCA!!! O goleiro Fábio dá um drible no meia Marcel, do Juventude!</video>
    <cartao id="57591" momento="1ºT" atletaId="5191" tempo="29" ico="/Portal/esportes/temporeal/swf/icos/cartao_amarelo.swf" cor="amarelo">Renan - AMARELOU!!! Por fazer falta em Carlinhhos Bala, o meia do Juventude recebe o cartão!</cartao>
    <narracao id="57599" momento="1ºT" tempo="31">O time mineiro tem mais posse de bola, mas não consegue criar bons lances de ataque!</narracao>
    <narracao id="57603" momento="1ºT" tempo="32">Defesa - É MINHA!!! Geovanni cruza rasteiro, da esquerda! Élber, dentro da área, chuta de primeira! André defende a bola, em dois tempos!!!</narracao>
    <video id="57624" momento="1ºT" video="537225"> Veja o vídeo:  32' DEIXA COMIGO!!! André defende o chute de Élber!</video>
    <narracao id="57608" momento="1ºT" tempo="34">PARA FORA!!! Fábio, do Juventude, em cobrança de falta, chuta a bola à esquerda do gol cruzeirense! O goleiro Fábio só observa!!!</narracao>
    <narracao id="57616" momento="1ºT" tempo="36">Defesa - SEGURO!!! Élson arrisca o chute, em cobrança de falta! André defende a bola, com tranqüilidade!!!</narracao>
    <video id="57652" momento="1ºT" video="537227"> Veja o vídeo:  37' BOA!!! André defende o chute de Élson!</video>
    <narracao id="57623" momento="1ºT" tempo="38">O Juventude está melhor em campo!</narracao>
    <narracao id="57627" momento="1ºT" tempo="40">O Cruzeiro explora os contra-ataques!</narracao>
    <video id="57653" momento="1ºT" video="537229"> Veja o vídeo:  41' QUASE!!! Sandro chuta com perigo!</video>
    <narracao id="57632" momento="1ºT" tempo="42">Lance Perigoso - TIRO DE META!!! Sandro arrisca o chute da entrada da área! A bola sai, com perigo, à direita do gol de André!!!</narracao>
    <narracao id="57635" momento="1ºT" tempo="44">+1 É o acréscimo do primeiro tempo!</narracao>
    <gol id="57641" momento="1ºT" atletaId="3787" tempo="44" escudo="/FlashShow/0,,6595,00.swf" contra="0"> GOL DE CHRISTIAN  GOOOOL!!! É DO JUVENTUDE!!! Christian marca de novo!!! Marcel faz ótimo cruzamento, da direita! Christian, livre dentro da área, cabeceia forte! Fábio não tem chance alguma!!! Inapelável!!! A bola balança as redes do Cruzeiro!!! 2 a 0 para o Juventude!!!</gol>
    <video id="57641v" momento="1ºT" video="537231"> Veja o vídeo: Gol de Christian.  44' GOOOOL!!! É DO JUVENTUDE!!! Christian marca de novo!!! Marcel faz ótimo cruzamento, da direita! Christian, livre dentro da área, cabeceia forte! Fábio não tem chance alguma!!! Inapelável!!! A bola balança as redes do Cruzeiro!!! 2 a 0 para o Juventude!!!</video>
    <narracao id="57645" momento="1ºT" tempo="45">Vai acabar a primeira etapa!</narracao>
    <narracao id="57646" momento="1ºT" tempo="46">TERMINA O PRIMEIRO TEMPO!!!</narracao>
    <momento id="57648" momento="I">Show do intervalo</momento>
    <narracao id="57663" momento="I" tempo="0">O Cruzeiro não jogou bem neste primeiro tempo e mereceu sair derrotado na primeira metade do jogo. O Juventude, que é sempre muito forte em casa, pressionou, explorou os erros do time mineiro e contou com um artilheiro Christian inspirado na primeira etapa. O jogo não está decidido, mas a Raposa terá que melhorar muito, caso queira sair de Caxias do Sul com, pelo menos, 1 pontinho!</narracao>
    <narracao id="57668" momento="I" tempo="0">Os dois times ainda estão nos vestiários!</narracao>
    <narracao id="57676" momento="I" tempo="0">Ambas as equipes voltam ao campo! Vai começar a segunda etapa!!!</narracao>
    <momento id="57677" momento="2ºT">Segundo tempo</momento>
    <narracao id="57678" momento="2ºT" tempo="0">COMEÇA O SEGUNDO TEMPO!!!</narracao>
    <narracao id="57680" momento="2ºT" tempo="0">A saída de bola é do Juventude!!!</narracao>
    <narracao id="57687" momento="2ºT" tempo="2">O Juventude já começa a pressionar!</narracao>
    <narracao id="57692" momento="2ºT" tempo="4">O Cruzeiro vai tocando a bola!</narracao>
    <substituicao id="57791" momento="2ºT" tempo="6" ico="/Portal/esportes/temporeal/swf/icos/substituicao.swf">Cruzeiro faz substituição: entra Michel, sai Léo Silva</substituicao>
    <narracao id="57701" momento="2ºT" tempo="8">A Raposa tenta pressionar com jogadas de bola aérea!</narracao>
    <narracao id="57709" momento="2ºT" tempo="10">Lance Perigoso - QUASE!!! Carlinhos Bala faz boa jogada, invade a área e chuta cruzado! A bola sai, com muito perigo, à esquerda do gol de André!!!</narracao>
    <narracao id="57712" momento="2ºT" tempo="12">O Juventude ainda não criou grandes chances de gol, na segunda etapa!</narracao>
    <cartao id="57716" momento="2ºT" atletaId="12435" tempo="12" ico="/Portal/esportes/temporeal/swf/icos/cartao_amarelo.swf" cor="amarelo">Michel - SUJOU!!! Por fazer falta em Ivo, o meia celeste recebe o amarelo!</cartao>
    <narracao id="57719" momento="2ºT" tempo="14">O Cruzeiro vai tendo mais posse de bola no jogo!</narracao>
    <narracao id="57724" momento="2ºT" tempo="16">Defesa - BOA!!! Geovanni entra na área e chuta forte! André, no centro do gol, espalma a bola!!!</narracao>
    <video id="57757" momento="2ºT" video="537268"> Veja o vídeo:  16' É MINHA!!! André defende o chute de Geovanni!</video>
    <substituicao id="57792" momento="2ºT" tempo="17" ico="/Portal/esportes/temporeal/swf/icos/substituicao.swf">Cruzeiro faz substituição: entra Diego, sai Élber</substituicao>
    <narracao id="57730" momento="2ºT" tempo="18">Lance Perigoso - QUE SUSTO!!! Ivo cruza da direita! Marcel, dentro da área, cabeceia bem! A bola raspa a trave direita de Fábio, que se assusta com o lance!!!</narracao>
    <substituicao id="57827" momento="2ºT" tempo="19" ico="/Portal/esportes/temporeal/swf/icos/substituicao.swf">Juventude faz substituição: entra Fernando, sai Ivo</substituicao>
    <narracao id="57741" momento="2ºT" tempo="21">PRESSÃO TOTAL!!! O Cruzeiro domina a partida!</narracao>
    <video id="57766" momento="2ºT" video="537271"> Veja o vídeo:  21' POR CIMA!!! Júlio César arrisca o chute!</video>
    <narracao id="57747" momento="2ºT" tempo="23">O Juventude continua perigoso nas jogadas de bola aérea!</narracao>
    <narracao id="57751" momento="2ºT" tempo="25">FALTA!!! De Renan em Geovanni! Perigo para o Juventude!</narracao>
    <narracao id="57755" momento="2ºT" tempo="26">LONGE!!! Élson arrisca o chute, em cobrança de falta! A bola sai à esquerda, sem perigo para André!!!</narracao>
    <narracao id="57763" momento="2ºT" tempo="28">Defesa - SENSACIONAL!!! Michel faz boa jogada, entra na área e chuta forte! André defende com a mão direita! No rebote, André faz outra defesa épica, salvando o Juventude!!! Incrível!!!</narracao>
    <video id="57807" momento="2ºT" video="537281"> Veja o vídeo:  28' SÃO ANDRÉ!!! O goleiro do time gaúcho faz uma seqüência de defesas heróicas!</video>
    <narracao id="57769" momento="2ºT" tempo="30">O Juventude se fecha na defesa e tenta garantir o resultado positivo!</narracao>
    <narracao id="57776" momento="2ºT" tempo="31">Lance Perigoso - PERDEU!!! Marcel tabela com Christian e, livre, de frente para Fábio, perde o gol! O goleiro celeste salva com o pé! Boa defesa!!! </narracao>
    <video id="57813" momento="2ºT" video="537283"> Veja o vídeo:  32' BOA!!! Fábio faz ótima defesa, em chute de Marcel!</video>
    <narracao id="57779" momento="2ºT" tempo="33">O time gaúcho explora os contra-ataques!</narracao>
    <substituicao id="57793" momento="2ºT" tempo="35" ico="/Portal/esportes/temporeal/swf/icos/substituicao.swf">Cruzeiro faz substituição: entra Kerlon, sai Aldo</substituicao>
    <narracao id="57797" momento="2ºT" tempo="37">O goleiro André, do Juventude, vai tendo boa atuação!</narracao>
    <narracao id="57800" momento="2ºT" tempo="38">Lance Perigoso - QUASE!!! Wellington, em chute cruzado, quase marca! A bola sai à direita do gol de Fábio!!!</narracao>
    <substituicao id="57828" momento="2ºT" tempo="40" ico="/Portal/esportes/temporeal/swf/icos/substituicao.swf">Juventude faz substituição: entra Leandrinho, sai Marcel</substituicao>
    <cartao id="57809" momento="2ºT" atletaId="619" tempo="41" ico="/Portal/esportes/temporeal/swf/icos/cartao_amarelo.swf" cor="amarelo">Sandro - PUNIDO!!! Por empurrar Leandrinho, o meia celeste recebe o amarelo!</cartao>
    <narracao id="57814" momento="2ºT" tempo="43">+3 É o acréscimo do jogo!!!</narracao>
    <narracao id="57818" momento="2ºT" tempo="44">Lance Perigoso - UHHH!!! Christian cabeceia com muito perigo! Fábio se assusta!!! É tiro de meta!!!</narracao>
    <substituicao id="57829" momento="2ºT" tempo="45" ico="/Portal/esportes/temporeal/swf/icos/substituicao.swf">Juventude faz substituição: entra João Paulo, sai Christian</substituicao>
    <narracao id="57830" momento="2ºT" tempo="47">Vai acabar o jogo!!!</narracao>
    <narracao id="57833" momento="2ºT" tempo="48">TERMINA A PARTIDA!!! JUVENTUDE 2 x 0 CRUZEIRO!!!</narracao>
    <momento id="57835" momento="E">Final de jogo</momento>
    <narracao id="57839" momento="E" tempo="0">O Juventude venceu o Cruzeiro por 2 a 0, com justiça, e fez o time mineiro chegar a 13 jogos sem vitória! Com isso, os gaúchos entram de vez na briga por uma das vagas à Copa Sul-Americana!</narracao>
  </lances>
</lancealance>
