<?xml version="1.0" encoding="UTF-8"?>
<lancealance cobertura="1287" leitura="0">
  <placar>
    <equipe id="001" url="" nome="Paraná" escudo="/FlashShow/0,,6598,00.swf" resultado="1" abreviacao="PAR"/>
    <equipe id="002" url="" nome="Santos" escudo="/FlashShow/0,,7270,00.swf" resultado="1" abreviacao="SAN"/>
  </placar>
  <lances>
    <momento id="50085" momento="PJ">Pré-jogo</momento>
    <narracao id="50086" momento="PJ" tempo="0">Paraná Clube e Santos se enfrentam, daqui a pouco, pela 16ª rodada do Campeonato Brasileiro. O jogo, que acontecerá no estádio Pinheirão, em Curitiba, será arbitrado pelo sergipano Antôno Hora Filho, auxiliado por Ivaney Alves de Lima e Antônio da Cruz dos Santos, ambos também de Sergipe.</narracao>
    <narracao id="50087" momento="PJ" tempo="0">As duas equipes fazem campanhas muitíssimo parecidas, e lutam pela liderança da competição nacional. O Paraná é o vice-lider, com 27 pontos ganhos. Já o Santos, também com 27, é o terceiro colocado. Ambos os times possuem oito vitórias, três empates e quatro derrotas no campeonato. O Paraná, porém, vence os santistas no saldo de gols: 11 contra 10. O líder do Brasileirão é o São Paulo, com 30 pontos ganhos.</narracao>
    <narracao id="50088" momento="PJ" tempo="0">Fazendo uma ótima campanha no Brasileirão, o Paraná tenta mais uma vitória jogando em casa. O técnico Caio Júnior deve escalar o time no esquema 3-5-2, com Maicossuel e Leonardo jogando mais adiantados. A equipe tem cinco desfalques para o jogo de hoje: Flávio, Serginho e Batista, suspensos, além de Beto e Goiano, machucados. Por outro lado, o volante volante Pierre treinou normalmente e faz sua estréia no time paranista.</narracao>
    <narracao id="50089" momento="PJ" tempo="0">A provável escalação do Paraná para o jogo de hoje, é a seguinte: Marcos Leandro; Gustavo, Edmilson e Emerson; Ángelo, Pierre, Felipe Alves, Sandro e Edinho; Maicosuel e Leonardo.</narracao>
    <narracao id="50090" momento="PJ" tempo="0">O Paraná Clube vem de uma vitória no Brasileirão: 2 a 1 sobre o Vasco, em Curitiba.</narracao>
    <narracao id="50092" momento="PJ" tempo="0">No Santos, o técnico Vanderlei Luxemburgo não poderá contar com o atacante Reinaldo, suspenso, nem com o Maldonado, machucado, para o duelo de hoje. Wellington Paulista assume o lugar no ataque ao lado de Jonas, e Wendel fica com a vaga do chileno. Luxa deverá fazer outras duas mudanças na equipe, mas por questões técnicas: Tabata perde o lugar na meia para André e, na zaga, Manzur dará lugar a Domingos.</narracao>
    <narracao id="50094" momento="PJ" tempo="0">A provável escalação do Santos para o jogo de hoje, é a seguinte: Fábio Costa; Domingos, Ronaldo e Luiz Alberto; Dênis, Wendel, Cléber Santana, André e Kléber; Jonas e Wellington Paulista.</narracao>
    <narracao id="50096" momento="PJ" tempo="0">O Peixe vem de uma vitória no Brasileirão: 2 a 1 sobre o Internacional, na Vila Belmiro.</narracao>
    <narracao id="50097" momento="PJ" tempo="0">Paraná x Santos!!! Dois dos melhores times do Campeonato Brasileiro 2006!!! Um duelo que pode valer a liderança da competição!!! Que vença o melhor!!!</narracao>
    <narracao id="50261" momento="PJ" tempo="0">Os dois times já estão em campo!</narracao>
    <narracao id="50263" momento="PJ" tempo="0">Vai começar o jogo!!!</narracao>
    <momento id="50267" momento="1ºT">Primeiro tempo</momento>
    <narracao id="50268" momento="1ºT" tempo="0">COMEÇA O JOGO!!! PARANÁ x SANTOS!!!</narracao>
    <narracao id="50269" momento="1ºT" tempo="0">A saída de bola é santista!!!</narracao>
    <narracao id="50270" momento="1ºT" tempo="1">Defesa - PEGUEI!!! Luiz Alberto tenta o gol, de cabeça! Marcos Leandro faz a defesa, com segurança!!!</narracao>
    <narracao id="50272" momento="1ºT" tempo="2">No Paraná, Sandro é quem forma o ataque ao lado de Leonardo! Maicossuel jogará no meio-de-campo!</narracao>
    <gol id="50273" momento="1ºT" atletaId="5332" tempo="4" escudo="/FlashShow/0,,7270,00.swf" contra="0"> GOL DE WELLINGTON PAULISTA  GOOOOL!!! É DO SANTOS!!! Wellington Paulista marca!!! O atacante ganha da zaga paranista na velocidade, e invade a área! O chute sai cruzado e rasteiro, à direita de Marcos Leandro, que nada pode fazer!!! 1 a 0 para o Santos!!!</gol>
    <video id="50273v" momento="1ºT" video="520917"> Veja o vídeo: Gol de Wellington Paulista.  4' GOOOOL!!! É DO SANTOS!!! Wellington Paulista marca!!! O atacante ganha da zaga paranista na velocidade, e invade a área! O chute sai cruzado e rasteiro, à direita de Marcos Leandro, que nada pode fazer!!! 1 a 0 para o Santos!!!</video>
    <narracao id="50280" momento="1ºT" tempo="6">Lance Perigoso - A RESPOSTA!!! O Paraná não se assusta com o gol sofrido, e parte para o ataque! Wendel tira o gol em cima da linha, na tentativa de Sandro!!!</narracao>
    <video id="50297" momento="1ºT" video="520919"> Veja o vídeo:  6' NA LINHA!!! Wendel salva o Santos!</video>
    <narracao id="50284" momento="1ºT" tempo="8">O público, que é muito bom no Pinheirão, tenta incentivar o Paraná, que pressiona!</narracao>
    <narracao id="50286" momento="1ºT" tempo="9">O Paraná joga com a camisa vermelha e azul, com detalhes em branco, e calção branco! O Santos joga com a camisa listrada, em preto e branco, e calção preto!</narracao>
    <narracao id="50288" momento="1ºT" tempo="11">O Paraná tem mais posse de bola, mas o Peixe é perigoso nos contra-ataques!</narracao>
    <video id="50308" momento="1ºT" video="520922"> Veja o vídeo:  11' QUASE!!! Peixe contra-ataca! O goleiro paranista quase se complica!</video>
    <narracao id="50289" momento="1ºT" tempo="12">VOCÊ JOGA!!! Luxa confirma Manzur na zaga! O zagueiro corria o risco de ser barrado!</narracao>
    <gol id="50293" momento="1ºT" atletaId="5999" tempo="13" escudo="/FlashShow/0,,6598,00.swf" contra="0"> GOL DE MAICOSUEL  GOOOOL!!! É DO PARANÁ!!! Maicossuel marca!!! O meia-atacante tabela com Edinho, entra na área e toca na saída de Fábio Costa!!! A bola entra, rasteira, no canto esquerdo do gol santista!!! O Paraná empata!!! 1 a 1!!!</gol>
    <video id="50293v" momento="1ºT" video="520923"> Veja o vídeo: Gol de Maicosuel.  13' GOOOOL!!! É DO PARANÁ!!! Maicossuel marca!!! O meia-atacante tabela com Edinho, entra na área e toca na saída de Fábio Costa!!! A bola entra, rasteira, no canto esquerdo do gol santista!!! O Paraná empata!!! 1 a 1!!!</video>
    <narracao id="50295" momento="1ºT" tempo="15">O Tricolor paranaense segue pressionando o Peixe!</narracao>
    <narracao id="50300" momento="1ºT" tempo="17">Lance Feio - MAL!!! Ângelo entra na área, pelo lado direito! O chute sai torto, sem perigo para Fábio Costa!!!</narracao>
    <narracao id="50303" momento="1ºT" tempo="19">O Santos joga muito recuado! O time da Vila Belmiro vai apostando nos contra-ataques!</narracao>
    <narracao id="50306" momento="1ºT" tempo="21">Defesa - É MINHA!!! Wellington Paulista entra na área e tenta o cruzamento, pela direita! A bola faz uma curva e vai direto para o gol! Marcos Leandro, atento, faz defesa segura!!!</narracao>
    <narracao id="50310" momento="1ºT" tempo="23">Lance Feio - NAS NUVENS!!! Cléber Santana arrisca o chute de longe, em cobrança de falta! Destino: a rua ao lado do estádio Pinheirão!!!</narracao>
    <narracao id="50311" momento="1ºT" tempo="25">FALTAS COMETIDAS: 5 pelo Paraná, 4 pelo Santos.</narracao>
    <video id="50335" momento="1ºT" video="520936"> Veja o vídeo:  25' DEIXA COMIGO!!! Jonas tenta de cabeça! Marcos Leandro faz a defesa!</video>
    <narracao id="50319" momento="1ºT" tempo="27">O Santos se lança mais ao ataque! O jogo é equilibrado!</narracao>
    <narracao id="50322" momento="1ºT" tempo="29">O ritmo do jogo diminui! Os times se preocupam com a marcação!</narracao>
    <narracao id="50328" momento="1ºT" tempo="31">O Paraná vai tocando a bola! Luiz Alberto faz falta em Leonardo, na entrada da área! Perigo para o Santos!!!</narracao>
    <narracao id="50330" momento="1ºT" tempo="33">POR CIMA!!! Ângelo cobra a falta! A bola sobe demais, e Fábio Costa só observa o lance!!!</narracao>
    <narracao id="50338" momento="1ºT" tempo="36">Lance Perigoso - UHHH!!! A defesa santista bate cabeça e Sandro, da entrada da área, arrisca o chute! A bola raspa o travessão de Fábio Costa!!!</narracao>
    <video id="50362" momento="1ºT" video="520944"> Veja o vídeo:  36' BOA!!! Sandro chuta por cima! Fábio Costa se assusta!</video>
    <narracao id="50342" momento="1ºT" tempo="38">Lance Perigoso - PARA FORA!!! Dênis lança a bola para Wellington Paulista! A defesa do Paraná erra a linha do impedimento, e o atacante santista chuta por cima do gol, perdendo boa chance!!!</narracao>
    <video id="50366" momento="1ºT" video="520948"> Veja o vídeo:  38' PERDEU!!! Wellington Paulista desperdiça uma boa oportunidade para o Peixe!</video>
    <narracao id="50344" momento="1ºT" tempo="39">Lance Perigoso - QUASE!!! Wellington Paulista tenta a cabeçada! A bola encobre Marcos Leandro e sai, por cima do gol paranista!!!</narracao>
    <video id="50380" momento="1ºT" video="520950"> Veja o vídeo:  39' POR POUCO!!! Marcos Leandro quase toma um gol por cobertura!</video>
    <narracao id="50345" momento="1ºT" tempo="41">ESCANTEIOS: 3 para o Paraná, 2 para o Santos.</narracao>
    <narracao id="50348" momento="1ºT" tempo="41">O Santos melhora muito na partida, e pressiona o time dono da casa!</narracao>
    <narracao id="50353" momento="1ºT" tempo="42">Lance Perigoso - QUASE!!! Jonas solta a bomba, de longe! A bola raspa a trave esquerda de Marcos Leandro!!!</narracao>
    <narracao id="50355" momento="1ºT" tempo="44">+2 É o acréscimo do primeiro tempo!</narracao>
    <narracao id="50357" momento="1ºT" tempo="45">Vai terminar o primeiro tempo!</narracao>
    <narracao id="50359" momento="1ºT" tempo="46">ACABA A PRIMEIRA ETAPA!!! 1 a 1!!!</narracao>
    <momento id="50367" momento="I">Show do intervalo</momento>
    <narracao id="50376" momento="I" tempo="0">Em um primeiro tempo que começou movimentado e depois caiu de ritmo, Paraná e Santos empatam por 1 a 1. As duas equipes perderam boas chances e, por isso, a igualdade no placar é justa. Se os dois times tiverem, na segunda etapa, o mesmo ritmo apresentado no início do jogo, mais gols deverão aparecer no Pinheirão!  </narracao>
    <narracao id="50378" momento="I" tempo="0">As duas equipes ainda estão nos vestiários!</narracao>
    <narracao id="50383" momento="I" tempo="0">Os times voltam para o campo! Vai começar o segundo tempo!!!</narracao>
    <momento id="50386" momento="2ºT">Segundo tempo</momento>
    <narracao id="50388" momento="2ºT" tempo="0">COMEÇA O SEGUNDO TEMPO!!!</narracao>
    <narracao id="50390" momento="2ºT" tempo="0">A saída de bola é paranista!!!</narracao>
    <substituicao id="50450" momento="2ºT" tempo="0" ico="/Portal/esportes/temporeal/swf/icos/substituicao.swf">Santos faz substituição: entra Rodrigo Tabata, sai André</substituicao>
    <narracao id="50391" momento="2ºT" tempo="1">O Paraná começa a etapa final pressionando!</narracao>
    <narracao id="50399" momento="2ºT" tempo="3">O time paranista vai tocando a bola!</narracao>
    <narracao id="50401" momento="2ºT" tempo="5">FALTAS COMETIDAS: 12 pelo Paraná, 10 pelo Santos.</narracao>
    <narracao id="50406" momento="2ºT" tempo="7">O jogo não é bom! As oportunidades de gol não aparecem!</narracao>
    <narracao id="50410" momento="2ºT" tempo="9">Lance Bonito - VEM DANÇAR!!! Maicossuel entorta Manzur com belos dribles, pela esquerda!</narracao>
    <narracao id="50412" momento="2ºT" tempo="11">Lance Perigoso - PARA TRÁS!!! Ângelo cruza a bola para a área santista! Ronaldo corta o lance para a linha de fundo, assustando Fábio Costa!!!</narracao>
    <narracao id="50416" momento="2ºT" tempo="13">IMPEDIMENTOS: 1 do Paraná, 4 do Santos.</narracao>
    <cartao id="50418" momento="2ºT" atletaId="12013" tempo="14" ico="/Portal/esportes/temporeal/swf/icos/cartao_amarelo.swf" cor="amarelo">Edmílson - SUJOU!!! Por fazer falta em Dênis, o zagueiro paranista recebe o primeiro amarelo do jogo!</cartao>
    <narracao id="50426" momento="2ºT" tempo="16">Defesa - PEGUEI!!! Edmilson solta a pancada, em cobrança de falta! Fábio Costa cai no canto direito e faz a defesa!!!</narracao>
    <substituicao id="50451" momento="2ºT" tempo="18" ico="/Portal/esportes/temporeal/swf/icos/substituicao.swf">Santos faz substituição: entra Leandro Rodrigues, sai Wellington Paulista</substituicao>
    <substituicao id="50478" momento="2ºT" tempo="18" ico="/Portal/esportes/temporeal/swf/icos/substituicao.swf">Paraná faz substituição: entra Neguete, sai Edmílson</substituicao>
    <narracao id="50434" momento="2ºT" tempo="20">VAMOS ACORDAR!!! A partida continua sem empolgação!</narracao>
    <narracao id="50437" momento="2ºT" tempo="21">Polêmica - NÃO VALE!!! Maicossuel recebe passe de Leonardo, entra na área e toca para o gol! O auxiliar pára o lance, apontando um impedimento duvidoso!!!</narracao>
    <video id="50448" momento="2ºT" video="520971"> Veja o vídeo:  21' STOP!!! O auxiliar anula o gol de Maicossuel!</video>
    <narracao id="50442" momento="2ºT" tempo="23">Os dois times se preocupam mais em marcar do que em criar!</narracao>
    <narracao id="50446" momento="2ºT" tempo="25">Lance Feio - QUE HORROR!!! Leandro arrisca o chute e consegue isolar a bola!!!</narracao>
    <substituicao id="50452" momento="2ºT" tempo="27" ico="/Portal/esportes/temporeal/swf/icos/substituicao.swf">Santos faz substituição: entra Rodrigo Tiuí, sai Ronaldo Guiaro</substituicao>
    <substituicao id="50479" momento="2ºT" tempo="28" ico="/Portal/esportes/temporeal/swf/icos/substituicao.swf">Paraná faz substituição: entra Zumbi, sai Sandro</substituicao>
    <narracao id="50462" momento="2ºT" tempo="29">O goleiro do Paraná, Marcos Leandro, vai demonstrando insegurança nas bolas cruzadas sobre a área!</narracao>
    <video id="50483" momento="2ºT" video="520979"> Veja o vídeo:  29' MAIONESE!!! Marcos Leandro quase complica a vida do Tricolor paranaense!</video>
    <narracao id="50467" momento="2ºT" tempo="31">O Paraná se lança mais ao ataque, mas não consegue ameaçar o gol de Fábio Costa!</narracao>
    <narracao id="50468" momento="2ºT" tempo="33">O Santos vai tocando a bola!</narracao>
    <narracao id="50474" momento="2ºT" tempo="35">Lance Perigoso - FORA!!! Leonardo arrisca o chute da entrada da área! A bola passa por cima do gol de Fábio Costa!!!</narracao>
    <substituicao id="50480" momento="2ºT" tempo="37" ico="/Portal/esportes/temporeal/swf/icos/substituicao.swf">Paraná faz substituição: entra João Vítor, sai Pierre</substituicao>
    <narracao id="50485" momento="2ºT" tempo="39">As equipes parecem satisfeitas com o 1 a 1! O segundo tempo é muito ruim!</narracao>
    <cartao id="50487" momento="2ºT" atletaId="12887" tempo="40" ico="/Portal/esportes/temporeal/swf/icos/cartao_amarelo.swf" cor="amarelo">Leandro Rodrigues - SUJOU!!! Por encenar uma contusão, o atacante santista é punido com o amarelo!</cartao>
    <narracao id="50489" momento="2ºT" tempo="42">O Paraná toca a bola, esperando pelo apito final!</narracao>
    <narracao id="50493" momento="2ºT" tempo="44">FINALIZAÇÕES: 13 do Paraná, 11 do Santos.</narracao>
    <narracao id="50495" momento="2ºT" tempo="45">+2 É o acréscimo do jogo!!!</narracao>
    <narracao id="50497" momento="2ºT" tempo="46">Vai acabar a partida!!!</narracao>
    <narracao id="50502" momento="2ºT" tempo="46">Polêmica - SÓ ESCANTEIO!!! Tiuí entra na área e divide o lance com o goleiro do Paraná! A bola sai pela linha de fundo, e Tiuí se joga no gramado! O juiz não dá o pênalti, e nem o cartão para o santista!!!</narracao>
    <narracao id="50505" momento="2ºT" tempo="47">ACABA O JOGO!!! PARANÁ 1 x 1 SANTOS!!!</narracao>
    <momento id="50511" momento="E">Final de jogo</momento>
    <narracao id="50521" momento="E" tempo="0">Pelo segundo tempo que fizeram, Paraná e Santos não mereciam mesmo terminar a rodada na liderança do Brasileirão. O 1 a 1 foi justo, pois nenhum dos dois times quis buscar a vitória. O início do primeiro tempo deu a falsa impressão de que a partida seria ótima. Porém, após os gols, o ritmo do jogo caiu e as equipes se acomodaram em campo. O segundo tempo foi muito ruim, e fez com que Paraná e Santos ficassem mais longe do líder São Paulo.  </narracao>
  </lances>
</lancealance>
