<?xml version="1.0" encoding="UTF-8"?>
<lancealance cobertura="1135" leitura="0">
  <placar>
    <equipe id="001" url="" nome="Brasil" escudo="/FlashShow/0,,9446,00.swf" resultado="4" abreviacao="BRA"/>
    <equipe id="002" url="" nome="Japão" escudo="/FlashShow/0,,9460,00.swf" resultado="1" abreviacao="JAP"/>
  </placar>
  <lances>
    <narracao id="40056" momento="PJ" tempo="0">Brasil e Japão se enfrentam às 16h (horário de Brasília), no Westfalenstadion (Dortmund), pelo Grupo F. Esta é a terceira partida de ambas as equipes no Mundial. Apita o jogo Eric Poulat (França). Auxiliado por Lionel Dagorne (França) e Vincent Texier (França).</narracao>
    <momento id="40057" momento="PJ">Pré-jogo</momento>
    <narracao id="40058" momento="PJ" tempo="0">Japão e Brasil já se enfrentaram sete vezes, com dois empates e cinco vitórias para os brasileiros. Mas nos dois últimos encontros, dois empates, em 2001 e em 2005, todos pela Copa das Confederações.</narracao>
    <narracao id="40059" momento="PJ" tempo="0">Para se classificar para as oitavas-de-final, O Japão precisa derrotar o Brasil e torcer por uma combinação de resultados entre Austrália e Croácia. o técnico Zico pode barrar Naohiro Takahara e Atsushi Yanagisawa. Caso isso aconteça, Keiji Tamada e Seiichiro Maki podem começar jogando.</narracao>
    <narracao id="40060" momento="PJ" tempo="0">O Brasil está classificado e com isso, o técnico Carlos Alberto Parreira deve poupar alguns titulares. Quem não deve ser poupado é o atacante Ronaldo, que terá mais uma chance de demostrar seu verdadeiro futebol, que há algum tempo parece adormecido.</narracao>
    <narracao id="40061" momento="PJ" tempo="0">Esta é a terceira participação do Japão em um Mundial. Em 1998 terminaram em último na fase de grupos e foram eliminados, em 2002, quando dividiram a condição de país sede com a Coréia do Sul, foram eliminados pela Turquia nas oitavas-de-final.</narracao>
    <narracao id="40062" momento="PJ" tempo="0">Na partida de estréia o Japão vencia a Austrália por 1 a 0 até os 39 minutos do segundo tempo, então levaram três gols nos últimos sete minutos e perderam por 3 a 1. Na história das Copas do Mundo, nenhuma outra seleção havia levado três gols nos últimos sete minutos de uma partida.</narracao>
    <narracao id="40063" momento="PJ" tempo="0">O Brasil é o único país a disputar todas as Copas do Mundo com 18 participações e a conquistar cinco vezes o torneio (1958, 1962, 1970, 1994 e 2002). A seleção brasileira não perde em Mundial há 9 jogos, o que também é um recorde, a última derrota aconteceu na final do Mundial de 1998, 3 a 0 para a França, que conquistaria assim a única Copa do Mundo de sua história.</narracao>
    <narracao id="40064" momento="PJ" tempo="0">A defesa brasileira está invicta em Copas do Mundo há quatro jogos, ou 427 minutos. Caso não leve gol contra o Japão, vai igualar o recorde de 517 minutos, que pertence a zaga italiana de 1990.</narracao>
    <narracao id="40065" momento="PJ" tempo="0">Tsuneyasu Miyamoto cumpre suspensão. Alex Santos, Teruyuki Moniwa, Naohiro Takahara e Yoshikatsu Kawaguchi estão pendurados. Hidetoshi Nakata é o único jogador do atual elenco a jogar todos os nove jogos que o Japão disputou até hoje em Copas do Mundo e a dupla Naohiro Takahara e Atsushi Yanagisawa são os artilheiros, juntos somam 17 gols.</narracao>
    <narracao id="40066" momento="PJ" tempo="0">Emerson, Robinho, Cafu e Ronaldo estão pendurados. No último jogo contra a Austrália. O Fenômeno está a dois gols de igualar o recorde do alemão Gerd Müller, com 14 gols em Copas do Mundo.</narracao>
    <narracao id="40067" momento="PJ" tempo="0">Zico, técnico brasileiro do Japão, Marcou 52 gols em 72 jogos pelo Brasil quando jogador, incluindo 14 jogos e 5 gols em Copas do Mundo. Ele é o quarto maior artilheiro da história da seleção brasileira.</narracao>
    <video id="40076" momento="PJ" video="488172"> Veja o vídeo:  0' Delegação brasileira chega ao Westfalenstadion (Dortmund).</video>
    <video id="40077" momento="PJ" video="488173"> Veja o vídeo:  0' Jogadores de Brasil e Japão entram em campo para o aquecimento.</video>
    <video id="40078" momento="PJ" video="488174"> Veja o vídeo:  0' O vestiário da seleção brasileira.</video>
    <video id="40079" momento="PJ" video="488176"> Veja o vídeo:  0' Jogadores brasileiros conversam com Zico, técnico do Japão, antes do aquecimento.</video>
    <video id="40080" momento="PJ" video="488178"> Veja o vídeo:  0' O aquecimento da seleção brasileira.</video>
    <video id="40081" momento="PJ" video="488180"> Veja o vídeo:  0' Acaba o aquecimento dos jogadores brasileiros.</video>
    <narracao id="40083" momento="PJ" tempo="0">Neste momento as duas equipes entram no gramado do Westfalenstadion e se alinham para a execução dos respectivos hinos nacionais.</narracao>
    <narracao id="40085" momento="PJ" tempo="0">CELEBRIDADES! Pelé e Franz Beckenbauer estão juntos na tribuna de honra do Westfalenstadion.</narracao>
    <narracao id="40088" momento="PJ" tempo="0">Lance Bonito - Mesmo treinando a seleção japonesa, Zico canta o hino nacional brasileiro.</narracao>
    <narracao id="40090" momento="PJ" tempo="0">Os jogadores das duas equipes se cumprimentam.</narracao>
    <video id="40098" momento="PJ" video="488181"> Veja o vídeo:  0' Brasil e Japão entram em campo.</video>
    <video id="40105" momento="PJ" video="488182"> Veja o vídeo:  0' Jogadores de Brasil e Japão antes da entrada em campo.</video>
    <video id="40111" momento="PJ" video="488183"> Veja o vídeo:  0' Os hinos de Brasil e Japão.</video>
    <momento id="40092" momento="1ºT">Primeiro tempo</momento>
    <narracao id="40096" momento="1ºT" tempo="0">BOLA ROLANDO! Começa Brasil x Japão.</narracao>
    <narracao id="40099" momento="1ºT" tempo="0">Com menos de um minuto Juninho Pernambucano faz boa jogada pela direita e cruza na área. A zaga japonesa afasta o perigo.</narracao>
    <video id="40113" momento="1ºT" video="488185"> Veja o vídeo:  0' Começa Brasil x Japão.</video>
    <narracao id="40101" momento="1ºT" tempo="1">Lançamento para Tamada na área brasileira. A bola sai muito forte e se perde pela linha de fundo.</narracao>
    <narracao id="40103" momento="1ºT" tempo="2">Tamada avança pela esquerda, ginga para cima de Lúcio e cruza rasteiro para a área. Juan tira na pequena área.</narracao>
    <narracao id="40104" momento="1ºT" tempo="3">Cicinho levanta da direita na cabeça de Ronaldo. Fenômeno não escora e a bola se perde pela linha de fundo.</narracao>
    <video id="40118" momento="1ºT" video="488188"> Veja o vídeo:  3' Cicinho cruza da direita, mas Ronaldo não consegue escorar de cabeça.</video>
    <narracao id="40107" momento="1ºT" tempo="5">Inamoto comete falta em Juninho Pernambucano na intermediária.</narracao>
    <narracao id="40108" momento="1ºT" tempo="5">Lance Perigoso - Robinho recebe na pequena área pelo lado direito e tenta o chapéu em Nakasawa, mas perde a bola.</narracao>
    <narracao id="40110" momento="1ºT" tempo="6">Lance Bonito - Ronaldinho Gaúcho toca para Ronaldo na área. Fenômeno pedala na frente de Tsuboi e chuta forte. Kawaguchi espalma.</narracao>
    <video id="40120" momento="1ºT" video="488189"> Veja o vídeo:  6' Ronaldo pedela na área e chuta forte para defesa de Kawaguchi.</video>
    <narracao id="40116" momento="1ºT" tempo="9">Lance Bonito - Kaká avança desde o meio-campo, tira Nakata da jogada e solta a bomba de direita. A bola se perde por cima do gol de Kawaguchi.</narracao>
    <video id="40130" momento="1ºT" video="488191"> Veja o vídeo:  9' Kaká chuta forte de fora da área.</video>
    <narracao id="40117" momento="1ºT" tempo="10">Lance Bonito - Robinho avança pela direita, trás para a entrada da área e solta a canhota. Kawaguchi espalma.</narracao>
    <video id="40131" momento="1ºT" video="488193"> Veja o vídeo:  10' Kawaguchi defende belo chute de Robinho.</video>
    <narracao id="40122" momento="1ºT" tempo="13">Juninho Pernambucano faz fila na intermediária e sofre falta de Nakata. Brasileiro cobra a falta e a bola se perde por cima do gol de Kawaguchi.</narracao>
    <video id="40136" momento="1ºT" video="488196"> Veja o vídeo:  13' Juninho Pernambucano cobra falta e a bola sobe demais.</video>
    <narracao id="40123" momento="1ºT" tempo="14">Lance Perigoso - Inamoto solta a bomba de direita de fora da área. A bola se perde por cima do gol de Dida.</narracao>
    <video id="40147" momento="1ºT" video="488197"> Veja o vídeo:  14' Inamoto chuta de primeira por cima do gol de Dida.</video>
    <narracao id="40125" momento="1ºT" tempo="15">Lance Bonito - Robinho faz bela jogada na entrada da área, tira Tsuboi da jogada e chuta de canhota. Kawaguchi espalma para escanteio.</narracao>
    <video id="40148" momento="1ºT" video="488198"> Veja o vídeo:  15' Kawaguchi defende belo chute de Robinho.</video>
    <narracao id="40127" momento="1ºT" tempo="16">Ronaldinho Gaúcho lança rasteiro para Kaká na área. Meia tenta o cruzamento, mas a bola bate na zaga e por último no brasileiro.</narracao>
    <narracao id="40128" momento="1ºT" tempo="17">Lance Perigoso - Kaji recebe na direita e cruza no segundo pau. Cicinho aparece para cortar de cabeça.</narracao>
    <narracao id="40133" momento="1ºT" tempo="19">Ogasawara levanta da intermediária na área brasileira. Dida sai para fazer a defesa.</narracao>
    <narracao id="40134" momento="1ºT" tempo="19">Lance Bonito - Ronaldo recebe na área, tira Tsuboi da jogada e toca no canto. Kawaguchi espalma mais uma para escanteio.</narracao>
    <video id="40150" momento="1ºT" video="488200"> Veja o vídeo:  19' Dida sai bem do gol.</video>
    <video id="40151" momento="1ºT" video="488201"> Veja o vídeo:  19' Kawaguchi evita golaço de Ronaldo.</video>
    <narracao id="40137" momento="1ºT" tempo="21">Lance Bonito - Bela triângulação entra Ronaldinho Gaúcho, Ronaldo e Juninho Pernambucano. Meia recebe do Fenômeno na entrada da área e solta a bomba para Kawaguchi espalmar.</narracao>
    <video id="40152" momento="1ºT" video="488202"> Veja o vídeo:  21' Kawaguchi salva o Japão em mais uma oportunidade.</video>
    <narracao id="40139" momento="1ºT" tempo="22">Robinho invade a área, mas fica na marcação de Tsuboi e perde a bola.</narracao>
    <video id="40154" momento="1ºT" video="488203"> Veja o vídeo:  23' Kaji cruza na pequena área e Gilberto salva o Brasil.</video>
    <narracao id="40140" momento="1ºT" tempo="25">Lance Perigoso - Kaji avança pela esquerda e tenta o cruzamento. Gilberto faz o corte.</narracao>
    <narracao id="40141" momento="1ºT" tempo="25">Lance Perigoso - Maki chuta de fora da área, mas pega mal na bola. A bola se perde por cima do gol de Dida.</narracao>
    <narracao id="40143" momento="1ºT" tempo="26">Kaká vança pela direita e tenta o cruzamento. Tsuboi corta para escanteio.</narracao>
    <video id="40158" momento="1ºT" video="488205"> Veja o vídeo:  27' Lúcio se atrapalha com a bola e não consegue finalizar.</video>
    <narracao id="40145" momento="1ºT" tempo="28">Lance Perigoso - Ronaldinho Gaúcho tabela com Kaká na entrada da área, recebe na frenta, mas perde a bola para a zaga japonesa.</narracao>
    <video id="40163" momento="1ºT" video="488208"> Veja o vídeo:  28' Ronaldinho Gaúcho enfeita demais e perde a bola.</video>
    <video id="40171" momento="1ºT" video="488211"> Veja o vídeo:  31' Ronaldo finaliza entre os zagueiros, mas é travado.</video>
    <gol id="40156" momento="1ºT" atletaId="12182" tempo="33" escudo="/FlashShow/0,,9460,00.swf" contra="0"> GOL DE TAMADA  GOOOOL! Tamada recebe na área brasileira e chuta no alto, de canhota.</gol>
    <video id="40156v" momento="1ºT" video="488226"> Veja o vídeo: Gol de Tamada.  33' GOOOOL! Tamada recebe na área brasileira e chuta no alto, de canhota.</video>
    <narracao id="40160" momento="1ºT" tempo="34">Lance Perigoso - Ronaldo dribla Kawaguchi, mas perde o ângulo e toca para Robinho. Atacante toca mais a trás para Ronaldinho Gaúcho que chuta pela linha de fundo.</narracao>
    <video id="40184" momento="1ºT" video="488215"> Veja o vídeo:  34' Ronaldinho Gaúcho pega mal na bola.</video>
    <narracao id="40162" momento="1ºT" tempo="36">Robinho estica para Cicinho na direita. Lateral chuta por cima do gol de Kawaguchi.</narracao>
    <video id="40175" momento="1ºT" video="488214"> Veja o vídeo:  36' Chute ou cruzamento? Cicinho coloca pela linha de fundo.</video>
    <narracao id="40165" momento="1ºT" tempo="38">Robinho perde a bola na intermediária e arma o contra-ataque para o Japão.</narracao>
    <cartao id="40167" momento="1ºT" atletaId="6924" tempo="39" ico="/Portal/esportes/temporeal/swf/icos/cartao_amarelo.swf" cor="amarelo">Kaji - Kaji, letral-direito do Japão, é punido após falta dura em Gilberto.</cartao>
    <narracao id="40169" momento="1ºT" tempo="40">Lance Perigoso - Ronaldo tenta fazer fila na entrada da área, mas perde a bola para a zaga japonesa.</narracao>
    <narracao id="40173" momento="1ºT" tempo="41">Ronaldinho Gaúcho faz jogada individual, penetra na área e chuta fraco. Kawaguchi faz defesa segura.</narracao>
    <narracao id="40186" momento="1ºT" tempo="41">Displicente, Ronaldinho Gaúcho finaliza muito mal.</narracao>
    <video id="40197" momento="1ºT" video="488220"> Veja o vídeo:  43' Gilberto é punido com cartão amarelo.</video>
    <cartao id="40177" momento="1ºT" atletaId="7412" tempo="44" ico="/Portal/esportes/temporeal/swf/icos/cartao_amarelo.swf" cor="amarelo">Gilberto - Gilberto, lateral-esquerdo do Brasil, é punido após falta dura em Kaji.</cartao>
    <narracao id="40180" momento="1ºT" tempo="44">Lance Perigoso - Bola na área brasileira. Maki sobe mais que a zaga e escora por cima do gol de Dida.</narracao>
    <video id="40195" momento="1ºT" video="488221"> Veja o vídeo:  44' Maki cabeceia por cima do gol de Dida.</video>
    <gol id="40182" momento="1ºT" atletaId="1754" tempo="46" escudo="/FlashShow/0,,9446,00.swf" contra="0"> GOL DE RONALDO    GOOOOL! Ronaldo recebe de Cicinho na pequena área e escora de cabeça para empatar em Dortmund. Segundo gol de cabeça do Fenômeno pela seleção.</gol>
    <video id="40182v" momento="1ºT" video="488223"> Veja o vídeo: Gol de Ronaldo  .  46' GOOOOL! Ronaldo recebe de Cicinho na pequena área e escora de cabeça para empatar em Dortmund. Segundo gol de cabeça do Fenômeno pela seleção.</video>
    <narracao id="40187" momento="1ºT" tempo="47">TERMINA O PRIMEIRO TEMPO!</narracao>
    <momento id="40188" momento="I">Show do intervalo</momento>
    <narracao id="40194" momento="I" tempo="0">SÓ FALTAM DOIS! Com o gol marcado, faltam apenas dois para Ronaldo se tornar o maior artilheiro da história das Copas do Mundo.</narracao>
    <narracao id="40191" momento="I" tempo="0">Um bom primeiro tempo em Dortmund. O Brasil se movimenta muito bem no ataque e domina completamente a partida. O Japão abriu o placar no seu primeiro chute a gol, mas a seleção brasileira conseguiu o empate no final da primeira etapa. O jogo é franco. O SEGUNDO TEMPO PROMETE!</narracao>
    <video id="40207" momento="I" video="488224"> Veja o vídeo:  0' Os melhores momentos do primeiro tempo.</video>
    <momento id="40198" momento="2ºT">Segundo tempo</momento>
    <narracao id="40201" momento="2ºT" tempo="0">BOLA ROLANDO! Começa o segundo tempo.</narracao>
    <narracao id="40203" momento="2ºT" tempo="0">Lance Perigoso - Com menos de um minuto, Robinho abre com Kaká na direita e meia solta a bomba. Kawaguchi espalma para escanteio.</narracao>
    <video id="40223" momento="2ºT" video="488227"> Veja o vídeo:  0' Kaká chuta e ganha o escanteio.</video>
    <narracao id="40205" momento="2ºT" tempo="2">O Japão está todo rewcuado, dificultando a penetração do ataque brasileiro.</narracao>
    <narracao id="40210" momento="2ºT" tempo="4">Começa a chover em Dortmund.</narracao>
    <video id="40233" momento="2ºT" video="488230"> Veja o vídeo:  4' Juninho Pernambucano cobra mal a falta.</video>
    <narracao id="40212" momento="2ºT" tempo="5">Lance Bonito - Ronaldo tabela com Ronaldinho Gaúcho na entrada da área, recebe de volta e solta a bomba de direita. A bola sai com perigo, à esquerda do gol de Kawaguchi.</narracao>
    <narracao id="40234" momento="2ºT" tempo="5">Lance Bonito - Quase gol brasileiro em tabela de Ronaldos.</narracao>
    <narracao id="40215" momento="2ºT" tempo="6">Lançamento para Maki na área. Juan corta de cabeça.</narracao>
    <gol id="40216" momento="2ºT" atletaId="3286" tempo="7" escudo="/FlashShow/0,,9446,00.swf" contra="0"> GOL DE JUNINHO PERNAMBUCANO  GOOOOL! Meia solta a bomba de fora da área e Kawaguchi não segura.</gol>
    <video id="40216v" momento="2ºT" video="488234"> Veja o vídeo: Gol de Juninho Pernambucano.  7' GOOOOL! Meia solta a bomba de fora da área e Kawaguchi não segura.</video>
    <video id="40237" momento="2ºT" video="488235"> Veja o vídeo:  9' Kawaguchi defende a cabeçada de Ronaldo.</video>
    <substituicao id="40246" momento="2ºT" tempo="10" ico="/Portal/esportes/temporeal/swf/icos/substituicao.swf">Japão faz substituição: entra Koji Nakata, sai Ogasawara</substituicao>
    <narracao id="40224" momento="2ºT" tempo="11">Lance Bonito - Kaká recebe na linha de fundo pela direita, avança para a área e dá uma "caneta" Nakazawa. Na seqüência a zaga japonesa afasta o perigo.</narracao>
    <narracao id="40226" momento="2ºT" tempo="12">Nakata chuta forte de fora da área e Dida defende com segurança.</narracao>
    <gol id="40227" momento="2ºT" atletaId="7412" tempo="14" escudo="/FlashShow/0,,9446,00.swf" contra="0"> GOL DE GILBERTO  GOOOOL! Gilberto, Lateral-esquerdo, avança, penetra na área e chuta cruzado, no canto esquerdo de Kawaguchi.</gol>
    <video id="40227v" momento="2ºT" video="488239"> Veja o vídeo: Gol de Gilberto.  14' GOOOOL! Gilberto, Lateral-esquerdo, avança, penetra na área e chuta cruzado, no canto esquerdo de Kawaguchi.</video>
    <substituicao id="40247" momento="2ºT" tempo="15" ico="/Portal/esportes/temporeal/swf/icos/substituicao.swf">Japão faz substituição: entra Takahara, sai Maki</substituicao>
    <video id="40261" momento="2ºT" video="488241"> Veja o vídeo:  15' A zaga corta o cruzamento de Cicinho.</video>
    <narracao id="40239" momento="2ºT" tempo="18">Defesa - Robinho solta a bomba de fora da área e Kawaguchi espalma para escanteio.</narracao>
    <video id="40262" momento="2ºT" video="488243"> Veja o vídeo:  18' Kawaguchi salva chute de Robinho.</video>
    <narracao id="40241" momento="2ºT" tempo="19">ESCANTEIOS: 1 - Japão / 10 - Brasil. </narracao>
    <substituicao id="40248" momento="2ºT" tempo="22" ico="/Portal/esportes/temporeal/swf/icos/substituicao.swf">Japão faz substituição: entra Oguro, sai Takahara</substituicao>
    <narracao id="40249" momento="2ºT" tempo="22">Lançamento na área brasileira, Lúcio tira de cabeça.</narracao>
    <narracao id="40251" momento="2ºT" tempo="23">Lance Bonito - Robinho arranca da intermediária, pentre na área e chuta cruzado. Ronaldo não chega para completar e a bola se perde pela linha de fundo.</narracao>
    <video id="40272" momento="2ºT" video="488245"> Veja o vídeo:  23' Robinho faz bela jogada e Ronaldo não alcança.</video>
    <narracao id="40253" momento="2ºT" tempo="24">Inamoto chuta fraco e a bola se perde pela linha de fundo.</narracao>
    <narracao id="40255" momento="2ºT" tempo="24">Nakata invade pela esquerda e tenta o cruzamento. Gilberto Silva corta para escanteio.</narracao>
    <substituicao id="40285" momento="2ºT" tempo="25" ico="/Portal/esportes/temporeal/swf/icos/substituicao.swf">Brasil faz substituição: entra Zé Roberto, sai Kaká</substituicao>
    <substituicao id="40286" momento="2ºT" tempo="25" ico="/Portal/esportes/temporeal/swf/icos/substituicao.swf">Brasil faz substituição: entra Ricardinho  , sai Ronaldinho Gaúcho</substituicao>
    <video id="40280" momento="2ºT" video="488247"> Veja o vídeo:  26' Ricardinho e Zé Roberto entram no time.</video>
    <narracao id="40263" momento="2ºT" tempo="28">FINALIZAÇÕES: 7 - Japão / 18 - Brasil.</narracao>
    <narracao id="40273" momento="2ºT" tempo="30">Lance Feio - Lúcio erra bola fácil no campo de defesa e quase complica para a zaga brasileira.</narracao>
    <narracao id="40275" momento="2ºT" tempo="31">Alex comete falta dura em Robinho na intermediária.</narracao>
    <narracao id="40279" momento="2ºT" tempo="33">Robinho tenta partir na velocidade desde a intermediária, mas pára na zaga japonesa.</narracao>
    <gol id="40282" momento="2ºT" atletaId="1754" tempo="35" escudo="/FlashShow/0,,9446,00.swf" contra="0"> GOL DE RONALDO    GOOOL! Juan tabela com Ronaldo na intermediária. Fenômeno recebe e chuta forte.</gol>
    <video id="40282v" momento="2ºT" video="488250"> Veja o vídeo: Gol de Ronaldo  .  35' GOOOL! Juan tabela com Ronaldo na intermediária. Fenômeno recebe e chuta forte.</video>
    <substituicao id="40287" momento="2ºT" tempo="36" ico="/Portal/esportes/temporeal/swf/icos/substituicao.swf">Brasil faz substituição: entra Rogério Ceni, sai Dida</substituicao>
    <video id="40304" momento="2ºT" video="488251"> Veja o vídeo:  36' Rogério Ceni entra no lugar de Dida.</video>
    <narracao id="40288" momento="2ºT" tempo="37">Lance Feio - Cicinho tenta de muito longe encobrir Kawaguchi. Goleiro japonês defende sem problemas.</narracao>
    <narracao id="40293" momento="2ºT" tempo="38">Lance Bonito - Mesmo sendo eliminado da Copa do Mundo, torcida japonesa exalta o nome do país das arquibancadas.</narracao>
    <narracao id="40295" momento="2ºT" tempo="40">Lance Perigoso - Nakamura cobra falta de fora da área. A bola sai com perigo, tirando tinta da trave esquerda.</narracao>
    <video id="40316" momento="2ºT" video="488256"> Veja o vídeo:  40' Nakamura cobra falta com perigo para o Japão.</video>
    <narracao id="40297" momento="2ºT" tempo="41">Kaji cruza bola da direita na área, Juan sobe de cabeça e afasta o perigo.</narracao>
    <narracao id="40299" momento="2ºT" tempo="41">Oguro recebe na frente, em impedimento e finaliza a jogada. Rogério Ceni só pára o pé para fazer a defesa.</narracao>
    <narracao id="40302" momento="2ºT" tempo="43">Bola cruzada da esquerda na área. Zé Roberto tenta tirar de bicicleta, fura e Lúcio afasta o perigo. Oguro não chega para finalizar a jogada.</narracao>
    <narracao id="40305" momento="2ºT" tempo="45">ACRÉSCIMOS! Árbitro assinala mais três minutos neste segundo tempo.</narracao>
    <narracao id="40307" momento="2ºT" tempo="46">Ricardinho cobra escanteio do lado esquerdo. É só tiro de meta para Kawaguchi.</narracao>
    <narracao id="40310" momento="2ºT" tempo="46">Defesa - Koji Nakata chuta forte de fora da área. Rogério Ceni defende sem dificuldades.</narracao>
    <video id="40323" momento="2ºT" video="488263"> Veja o vídeo:  46' Rogério Ceni faz sua primeirta defesa no jogo.</video>
    <narracao id="40312" momento="2ºT" tempo="47">Bola nas costas de Cicinho para Alex. Lateral cruza rasteiro na área para Nakamura, mas Juan se antecipa e corta.</narracao>
    <narracao id="40313" momento="2ºT" tempo="48">FIM DE JOGO! O Brasil goleia o Japão e enfrenta Gana nas oitavas-de-final. Já o Japão está eliminado do Mundial.</narracao>
    <momento id="40319" momento="E">Final de jogo</momento>
  </lances>
</lancealance>
