<?xml version="1.0" encoding="UTF-8"?>
<lancealance cobertura="112" leitura="0">
  <placar>
    <equipe id="001" url="" nome="Americano" escudo="/FlashShow/0,,7220,00.swf" resultado="1" abreviacao="Americano"/>
    <equipe id="002" url="" nome="Botafogo" escudo="/FlashShow/0,,7240,00.swf" resultado="2" abreviacao="BOT"/>
  </placar>
  <lances>
    <narracao id="3497" momento="PJ" tempo="0">Americano e Botafogo fazem logo mais, às 16h no Maracanã, uma das semifinais da Taça Guanabara 2006.</narracao>
    <momento id="3498" momento="PJ">Pré-jogo</momento>
    <narracao id="3500" momento="PJ" tempo="0">No ano passado, Americano e Botafogo também fizeram uma das semifinais da Taça Guanabara, e o time campista levou a melhor derrotando o Botafogo, em pleno Maracanã, por 2 a 1.</narracao>
    <narracao id="3502" momento="PJ" tempo="0">O Americano é o time de melhor campanha na Taça Guanabara 2006 com 10 pontos somados.</narracao>
    <narracao id="3507" momento="PJ" tempo="0">O técnico do Botafogo Carlos Roberto, já conquistou duas vezes a Taça Guanabara como jogador do clube.</narracao>
    <narracao id="3525" momento="PJ" tempo="0">Se a partida terminar empatada, teremos disputa de pênaltis.</narracao>
    <narracao id="3526" momento="PJ" tempo="0">O Botafogo entra com Macelinho no lugar de Reinaldo, fazendo dupla de ataque com Dodô.</narracao>
    <narracao id="3527" momento="PJ" tempo="0">Julio César: Time tem que entrar com marcação forte, e sair nos contra-ataques.</narracao>
    <narracao id="3530" momento="PJ" tempo="0">Rafael Marques: Espero que esse ano seja diferente do ano passado, quando fomos eliminados pelo Americano.</narracao>
    <narracao id="3533" momento="PJ" tempo="0">Vai começar a semifinal da Taça Guanabara 2006.</narracao>
    <momento id="3536" momento="1ºT">Primeiro tempo</momento>
    <narracao id="3539" momento="1ºT" tempo="1">Começa a semifinal da Taça Guanabara 2006, primeiro turno do Campeonato Carioca.</narracao>
    <narracao id="3541" momento="1ºT" tempo="1">Botafogo já começa apertando.</narracao>
    <narracao id="3542" momento="1ºT" tempo="1">Primeira falta do jogo, de Elson em Dodô.</narracao>
    <narracao id="3545" momento="1ºT" tempo="1">Botafogo toca a bola no seu campo de defesa.</narracao>
    <narracao id="3547" momento="1ºT" tempo="2">Arbitragem quer jogo, e não marca faltas claras no início deste primeiro tempo.</narracao>
    <narracao id="3549" momento="1ºT" tempo="3">Rui rouba a bola de Butti, tenta jogada pela lateral, mas Erivelton faz a defesa.</narracao>
    <narracao id="3551" momento="1ºT" tempo="4">Impedimento de Faioli.</narracao>
    <narracao id="3555" momento="1ºT" tempo="5">Dodô recebe de Bill na esquerda, faz bela jogada, bota na velocidade, mas não consegue alcançar. É tiro de meta para Erivelton.</narracao>
    <narracao id="3557" momento="1ºT" tempo="6">Lúcio Flávio arrisca da entrada da área, Elson faz o desvio. Escanteio para o Botafogo.</narracao>
    <narracao id="3558" momento="1ºT" tempo="7">Escanteio cobrado, a zaga do Americano afasta.</narracao>
    <narracao id="3559" momento="1ºT" tempo="8">Falta em Faioli na lateral esquerda.</narracao>
    <narracao id="3560" momento="1ºT" tempo="8">Ernani cobra, a zaga desvia, é escanteio para o Americano.</narracao>
    <narracao id="3562" momento="1ºT" tempo="9">Escanteio cobrado, Elson faz o desvio de cabeça, e a bola sai em tiro de meta para o Botafogo.</narracao>
    <narracao id="3564" momento="1ºT" tempo="10">Falta forte de Julio César em Diguinho no meio-campo.</narracao>
    <cartao id="3566" momento="1ºT" atletaId="9288" tempo="10" ico="/Portal/esportes/temporeal/swf/icos/cartao_amarelo.swf" cor="amarelo">Julio César - Meia do Americano é punido após falta dura em Diguinho.</cartao>
    <video id="3567" momento="1ºT" video="1"> Veja o vídeo:  11' Bill faz bela jogada, cruza para Dodô, Zé Roberto se antecipa e cabeceia pela linha de fundo.</video>
    <narracao id="3568" momento="1ºT" tempo="12">Marcelinho recebe na frente, escorrega, rola para Dodô que chuta sem perigo para Erivelton.</narracao>
    <narracao id="3570" momento="1ºT" tempo="13">Impedimento de Flavinho pelo lado esquerdo.</narracao>
    <narracao id="3572" momento="1ºT" tempo="14">Bill avança pela esquerda, faz o cruzamento, a zaga do Americano desvia para escanteio.</narracao>
    <narracao id="3573" momento="1ºT" tempo="14">Escanteio cobrado, Ernani afasta o perigo.</narracao>
    <narracao id="3579" momento="1ºT" tempo="17">Zé Roberto arrisca de longe, a bola sai por cima do gol de Erivelton.</narracao>
    <gol id="3577" momento="1ºT" atletaId="9562" tempo="17" escudo="/FlashShow/0,,7220,00.swf" contra="0"> GOL DE ERNANI  Ernani arrisca de longe, Max falha e a bola tá na rede, Americano 1 x 0 Botafogo.</gol>
    <video id="3577v" momento="1ºT" video="1"> Veja o vídeo: Gol de Ernani.  17' Ernani arrisca de longe, Max falha e a bola tá na rede, Americano 1 x 0 Botafogo.</video>
    <narracao id="3580" momento="1ºT" tempo="18">Falta clara em Marcelinho ignorada pela arbitragem. Apenas lateral para o Americano.</narracao>
    <narracao id="3583" momento="1ºT" tempo="19">Julio César cruza da esquerda, Bruno Rangel chuta, a zaga do Botafogo afasta.</narracao>
    <narracao id="3584" momento="1ºT" tempo="20">Falta de Rafael Marques em Flavinho.</narracao>
    <cartao id="3586" momento="1ºT" atletaId="6368" tempo="20" ico="/Portal/esportes/temporeal/swf/icos/cartao_amarelo.swf" cor="amarelo">Rafael Marques - Zagueiro do Botafogo é punido após falta em Flavinho.</cartao>
    <narracao id="3588" momento="1ºT" tempo="22">Ernani cobra falta de longe, e Maz faz bela defesa.</narracao>
    <narracao id="3590" momento="1ºT" tempo="23">Escanteio para o Americano.</narracao>
    <narracao id="3591" momento="1ºT" tempo="23">Já cobrado, a zaga do Botafogo afasta.</narracao>
    <cartao id="3594" momento="1ºT" atletaId="9563" tempo="24" ico="/Portal/esportes/temporeal/swf/icos/cartao_amarelo.swf" cor="amarelo">Caetano - Meia do Americano é punido após falta dura no meio-campo.</cartao>
    <video id="3593" momento="1ºT" video="1"> Veja o vídeo:  24' Ernani avança pela entrada da área do Botafogo, rola na direita para Faioli, o atacante carimba a trave do goleiro Max.</video>
    <narracao id="3595" momento="1ºT" tempo="26">Bill recebe de Dodô na esquerda, chuta cruzado, Erivelton faz bela defesa.</narracao>
    <narracao id="3596" momento="1ºT" tempo="26">Rui arrisca chute da direita, a bola bate na zaga do Americano.</narracao>
    <narracao id="3597" momento="1ºT" tempo="27">Botafogo pressiona o Americano.</narracao>
    <narracao id="3599" momento="1ºT" tempo="27">Penalti para o Botafogo, Rafael Marques tenta dominar a bola, e é empurrado por Elson dentro da área.</narracao>
    <narracao id="3600" momento="1ºT" tempo="29">Dodô na cobrança.</narracao>
    <gol id="3601" momento="1ºT" atletaId="27" tempo="29" escudo="/FlashShow/0,,7240,00.swf" contra="0"> GOL DE DODÔ  Atacante cobra no cantinho de Erivelton e empata o jogo no Maracanã.</gol>
    <video id="3601v" momento="1ºT" video="1"> Veja o vídeo: Gol de Dodô.  29' Atacante cobra no cantinho de Erivelton e empata o jogo no Maracanã.</video>
    <narracao id="3605" momento="1ºT" tempo="31">Falta dura de Butti em Diguinho no meio-campo.</narracao>
    <narracao id="3607" momento="1ºT" tempo="33">Faioli cruza na área do Botafogo e Scheidt faz o corte.</narracao>
    <narracao id="3609" momento="1ºT" tempo="34">Impedimento de Faioli.</narracao>
    <cartao id="3612" momento="1ºT" atletaId="6540" tempo="36" ico="/Portal/esportes/temporeal/swf/icos/cartao_amarelo.swf" cor="amarelo">Ruy - Lateral do Botafogo faz falta dura e é punido.</cartao>
    <narracao id="3616" momento="1ºT" tempo="38">Lucio Flávio toca para Dodô, atacante lança Bill que não alcança, Erivelton faz a defesa.</narracao>
    <narracao id="3618" momento="1ºT" tempo="41">Butti lança Faioli, Max se antecipa e faz a defesa.</narracao>
    <narracao id="3624" momento="1ºT" tempo="42">Marcelinho invade a área do Americano pela linha de fundo, arrisca chute, Erivelton faz bela defesa.</narracao>
    <substituicao id="3700" momento="1ºT" tempo="43" ico="/Portal/esportes/temporeal/swf/icos/substituicao.swf">No Americano, Entrou: Kleber Goiano / Saiu: Robson</substituicao>
    <narracao id="3628" momento="1ºT" tempo="45">Bela jogada de Bill na intermediária, o lateral é derrubado, falta para o Botafogo.</narracao>
    <narracao id="3629" momento="1ºT" tempo="46">Lucio Flávio levanta na área para Rafael Marques, a zaga afasta.</narracao>
    <narracao id="3630" momento="1ºT" tempo="47">Termina o primeiro tempo. Americano 1 x 1 Botafogo.</narracao>
    <momento id="3631" momento="I">Show do intervalo</momento>
    <narracao id="3632" momento="I" tempo="0">Max: Falhei, mas a bola não ajuda, não só eu como outros goleiros estão reclamando dessa bola.</narracao>
    <narracao id="3643" momento="I" tempo="0">O Botafogo retorna para o gramado.</narracao>
    <narracao id="3645" momento="I" tempo="0">Carlos Roberto, técnico do botafogo: Temos que neutralizar os pontos fortes do Americano, como as laterais, temos que ter inteligência na hora de atacar.</narracao>
    <narracao id="3646" momento="I" tempo="0">O Americano retorna ao gramado.</narracao>
    <momento id="3647" momento="2ºT">Segundo tempo</momento>
    <narracao id="3651" momento="2ºT" tempo="1">Autoriza Luiz Antônio Silva Santos, começa o segundo tempo.</narracao>
    <narracao id="3653" momento="2ºT" tempo="1">Botafogo toca a bola no campo de defesa.</narracao>
    <narracao id="3654" momento="2ºT" tempo="1">Ernani lança Faioli na esquerda, e árbitro marca impedimento.</narracao>
    <narracao id="3656" momento="2ºT" tempo="2">Scheidt e Dodô tentam tabelar, a zaga do Americano afasta.</narracao>
    <cartao id="3657" momento="2ºT" atletaId="6852" tempo="2" ico="/Portal/esportes/temporeal/swf/icos/cartao_amarelo.swf" cor="amarelo">Zé Roberto - Meia do Botafogo é punido após falta no meio campo.</cartao>
    <narracao id="3660" momento="2ºT" tempo="3">Lúcio Flávio levanta na área do Americano, sem perigo.</narracao>
    <narracao id="3659" momento="2ºT" tempo="3">Falta dura de Butti em Zé Roberto na direita.</narracao>
    <narracao id="3662" momento="2ºT" tempo="5">Botafogo toma iniciativa no começo deste segundo tempo.</narracao>
    <narracao id="3664" momento="2ºT" tempo="5">Ernani lança Faioli, e bandeira marca impedimento inexistente.</narracao>
    <cartao id="3666" momento="2ºT" atletaId="5881" tempo="6" ico="/Portal/esportes/temporeal/swf/icos/cartao_amarelo.swf" cor="amarelo">Faioli - Atacante do Americano é punido após puxar a camisa de Lúcio Flávio.</cartao>
    <narracao id="3668" momento="2ºT" tempo="8">Mais um lançamento de Ernani para Faioli em impedimento.</narracao>
    <narracao id="3670" momento="2ºT" tempo="10">Falta de Marcelinho em Kléber Goiano.</narracao>
    <narracao id="3671" momento="2ºT" tempo="11">Falta de Elson em Dodô na intermediária.</narracao>
    <narracao id="3674" momento="2ºT" tempo="12">Marcelinho levanta da direita para Dodô, atacante tenta dominar, mas a zaga do Americano afasta.</narracao>
    <narracao id="3676" momento="2ºT" tempo="13">Rui recebe sozinho na frente, tenta o drible, a zaga do Americano corta.</narracao>
    <gol id="3679" momento="2ºT" atletaId="2974" tempo="15" escudo="/FlashShow/0,,7240,00.swf" contra="0"> GOL DE LUCIO FLAVIO  Lúcio Flávio recebe na área lançamento de lateral de Rui, corta a zaga do Americano, e finaliza no cantinho de Erivelton. Agora o Botafogo tá na frete 2 a 1.</gol>
    <video id="3679v" momento="2ºT" video="1"> Veja o vídeo: Gol de Lucio Flavio.  15' Lúcio Flávio recebe na área lançamento de lateral de Rui, corta a zaga do Americano, e finaliza no cantinho de Erivelton. Agora o Botafogo tá na frete 2 a 1.</video>
    <narracao id="3682" momento="2ºT" tempo="17">Zé Roberto avança pela esquerda, cruza na área, Marcelinho chega atrasado.</narracao>
    <substituicao id="3741" momento="2ºT" tempo="20" ico="/Portal/esportes/temporeal/swf/icos/substituicao.swf">Entrou: Gláuber / Saiu: Zé Roberto</substituicao>
    <video id="3689" momento="2ºT" video="1"> Veja o vídeo:  21' Gláuber recebe de Dodô cara-a-cara com Erivelton, e chuta em cima do goleiro do Americano.</video>
    <narracao id="3697" momento="2ºT" tempo="23">Escanteio para o Americano.</narracao>
    <substituicao id="3701" momento="2ºT" tempo="23" ico="/Portal/esportes/temporeal/swf/icos/substituicao.swf">No Americano, Entrou: Vinícius / Saiu: Caetano</substituicao>
    <narracao id="3703" momento="2ºT" tempo="24">Escanteio cobrado e Butti cabeceia com perigo pela linha de fundo.</narracao>
    <substituicao id="3702" momento="2ºT" tempo="24" ico="/Portal/esportes/temporeal/swf/icos/substituicao.swf">No Americano, Entrou: Alexandre / Saiu: Bruno Rangel</substituicao>
    <narracao id="3705" momento="2ºT" tempo="25">Rui cobra falta de longe, a bola sai pela linha de fundo.</narracao>
    <narracao id="3709" momento="2ºT" tempo="28">Ernani tenta cruzamento, a bola bate na zaga, sobra para Flavinho que chuta por cima do gol de Max.</narracao>
    <narracao id="3712" momento="2ºT" tempo="29">Thiago Xavier antecipa lançamento para Flavinho na direita.</narracao>
    <narracao id="3713" momento="2ºT" tempo="30">Falta de Lúcio Flávio em Alexandre.</narracao>
    <narracao id="3716" momento="2ºT" tempo="31">Jogada de Marcelinho pela esquerda, atacante rola na entrada da área para Bill, a zaga do Americano corta.</narracao>
    <narracao id="3718" momento="2ºT" tempo="32">Bill recebe de Diguinho na esquerda, tenta cruzar, a bola bate na zaga do Americano.</narracao>
    <narracao id="3719" momento="2ºT" tempo="33">Impedimento de Flavinho.</narracao>
    <narracao id="3722" momento="2ºT" tempo="33">Marcelinho rouba bola da zaga do Americano, rola para Gláuber, meia tenta o chute, mas a zaga corta.</narracao>
    <substituicao id="3742" momento="2ºT" tempo="35" ico="/Portal/esportes/temporeal/swf/icos/substituicao.swf">Entrou: Neném / Saiu: Ruy</substituicao>
    <narracao id="3727" momento="2ºT" tempo="36">Gláuber tenta cruzamento para Marcelinho, a bola fica com o goleiro Erivelton.</narracao>
    <cartao id="3729" momento="2ºT" atletaId="2974" tempo="36" ico="/Portal/esportes/temporeal/swf/icos/cartao_amarelo.swf" cor="amarelo">Lucio Flavio - Meia faz falta no meio-campo, e é punido pela arbitragem.</cartao>
    <narracao id="3734" momento="2ºT" tempo="38">Falta de Neném no meio-campo.</narracao>
    <narracao id="3738" momento="2ºT" tempo="40">Botafogo recuado, Americano pressiona.</narracao>
    <substituicao id="3743" momento="2ºT" tempo="43" ico="/Portal/esportes/temporeal/swf/icos/substituicao.swf">No Botafogo, Entrou: Joílson / Saiu: Diguinho</substituicao>
    <narracao id="3745" momento="2ºT" tempo="43">Falta perigosa para o Americano.</narracao>
    <narracao id="3747" momento="2ºT" tempo="44">Ernani cobra, a bola sai pela linha de fundo.</narracao>
    <narracao id="3750" momento="2ºT" tempo="44">Árbitro assinala mais 4 minutos de acréscimo.</narracao>
    <narracao id="3753" momento="2ºT" tempo="45">Lúcio Flávio recebe na entrada da área, bate colocado, a bola desvia na zaga e sai. Escanteio para o Botafogo.</narracao>
    <narracao id="3754" momento="2ºT" tempo="46">Botafogo toca a bola, a torcida grita Olé.</narracao>
    <narracao id="3755" momento="2ºT" tempo="47">Marcelinho recebe passe de Neném dentro da área do Americano, bate errado, a zaga afasta.</narracao>
    <narracao id="3757" momento="2ºT" tempo="48">Apita Luíz Antônio Silva Santos, o Botafogo está na decisão da Taça Guanabara 2006. Vence o Americano, de virada, por 2 a 1.</narracao>
    <momento id="3758" momento="E">Final de jogo</momento>
    <narracao id="3761" momento="E" tempo="0">O Botafogo espera agora o vencedor de América e Cabofriense.</narracao>
  </lances>
</lancealance>
