<?xml version="1.0" encoding="UTF-8"?>
<lancealance cobertura="1222" leitura="0">
  <placar>
    <equipe id="001" url="" nome="Internacional" escudo="/FlashShow/0,,23002,00.swf" resultado="0" abreviacao="INT"/>
    <equipe id="002" url="" nome="Botafogo" escudo="/FlashShow/0,,7240,00.swf" resultado="0" abreviacao="BOT"/>
  </placar>
  <lances>
    <narracao id="46208" momento="PJ" tempo="0">No Botafogo, o técnico Cuca dedicou a semana para corrigir os erros, e aposta no artilheiro da competição Dodô, com nove gols, para conquistar a vitória sobre o Colorado. Reinaldo deve ser o seu companheiro no ataque Alvinegro. A outra mudança, de ordem técnica, será no meio-de-campo. Diguinho deve entrar no lugar do contestado volante Ataliba.</narracao>
    <momento id="46209" momento="PJ">Pré-jogo</momento>
    <narracao id="46210" momento="PJ" tempo="0">No Internacional, o técnico Abel Braga deve escalar um time de reservas, pois está priorizando a Taça Libertadores da América e com isso, pretende poupar os titulares para o jogo contra o Libertad, do Paraguai. A novidade deve ser a escalação do meia Márcio Mossoró, que retorna de uma lesão no púbis, que o tirou dos gramados por mais de dois meses.</narracao>
    <narracao id="46211" momento="PJ" tempo="0">Internacional e Botafogo se enfrentam às 18h10m (horário de Brasília), no Estádio Beira-Rio (Porto Alegre/RS), pela 13ª rodada do Campeonato Brasileiro. Apita o jogo Luis Marcelo Vicentin Cansian/SP. Auxiliado por Ana Paula da Silva Oliveira/SP (Fifa) e João Bourgalber Chaves/SP.</narracao>
    <momento id="46520" momento="1ºT">Primeiro tempo</momento>
    <narracao id="46523" momento="1ºT" tempo="0">BOLA ROLANDO NO BEIRA-RIO! Começa Internacional x Botafogo.</narracao>
    <narracao id="46526" momento="1ºT" tempo="0">Com menos de um minuto! Diguinho é punido com cartão amarelo após falta dura em Adriano.</narracao>
    <cartao id="46527" momento="1ºT" atletaId="6614" tempo="0" ico="/Portal/esportes/temporeal/swf/icos/cartao_amarelo.swf" cor="amarelo">Diguinho - Meio-campo do Botafogo é punido após puxar Adriano pela camisa.</cartao>
    <narracao id="46528" momento="1ºT" tempo="1">Iarley comete falta perigosa em Claiton, na entrada da área do Inter...</narracao>
    <video id="46541" momento="1ºT" video="508956"> Veja o vídeo:  1' Diguinho é punido com cartão amarelo.</video>
    <narracao id="46530" momento="1ºT" tempo="2">... Dodô cobra direto e a bola sai com perigo, por cima do gol de Renan.</narracao>
    <narracao id="46532" momento="1ºT" tempo="2">Lançamento para Reinaldo nas costas de Wellington Monteiro. Renan se antecipa e faz a defesa.</narracao>
    <narracao id="46534" momento="1ºT" tempo="3">CHUTAÇO! Claiton chuta forte de fora da área e a bola se perde com perigo, no canto, pela linha de fundo.</narracao>
    <video id="46624" momento="1ºT" video="508983"> Veja o vídeo:  3' Botafogo assusta no chute de Claiton.</video>
    <narracao id="46538" momento="1ºT" tempo="5">Rubens Cardoso é lançado na esquerda e ganha o escanteio para o Inter. Na seqüência, árbitro já parava o lance marcando falta do ataque colorado.</narracao>
    <narracao id="46542" momento="1ºT" tempo="8">CHUTAÇO! Iarley arrisca de fora da área e a bola sai com perigo, por cima do gol de Lopes.</narracao>
    <narracao id="46544" momento="1ºT" tempo="9">Escanteio para o Botafogo. Claiton recebe na direita, cruza na área e Renan sobe para fazer a defesa.</narracao>
    <narracao id="46547" momento="1ºT" tempo="10">Impedido! Rubens Cardoso levanta boa bola da esquerda na área, Rentería tenta de cabeça. Mas árbitro já parava o lance marcando posição irregular do atacante colorado.</narracao>
    <narracao id="46550" momento="1ºT" tempo="12">LAMBANÇA! Júnior César recua de cabeça para o goleiro Lopes e quase marca o gol contra.</narracao>
    <narracao id="46552" momento="1ºT" tempo="14">VACILOU A ZAGA COLORADA! Diguinho estica bola para Dodô. Atacante chuta e ganha o escanteio...</narracao>
    <narracao id="46553" momento="1ºT" tempo="14">... Bola na área do Inter e a zaga afasta o perigo.</narracao>
    <substituicao id="46710" momento="1ºT" tempo="15" ico="/Portal/esportes/temporeal/swf/icos/substituicao.swf">Internacional faz substituição: entra Ramon, sai Perdigão</substituicao>
    <narracao id="46560" momento="1ºT" tempo="17">Júnior César cruza bola da esqueda na área do Inter. Reinaldo escora de cabeça e Renan defende com segurança.</narracao>
    <narracao id="46563" momento="1ºT" tempo="17">O QUE É ISSO COMPANHEIRO!? Rafael Marques, zagueiro do Botafogo e Rentería, atacante do Inter, trocam empurrões e árbitro adverte os dois jogadores. </narracao>
    <narracao id="46566" momento="1ºT" tempo="19">Seqüência de escanteios para o Botafogo. Ruy cruza bola da direita na área do Inter e a zaga afasta o perigo.</narracao>
    <narracao id="46568" momento="1ºT" tempo="21">UUUUHHHH! Ruy arrisca de muito longe e a bola sai com perigo, no alto, à esquerda do gol de Renan.</narracao>
    <video id="46623" momento="1ºT" video="508982"> Veja o vídeo:  21' Ruy, lateral-direito do Botafogo, arrisca chute forte.</video>
    <narracao id="46571" momento="1ºT" tempo="22">Wellington Monteiro, meio-campo do Inter, é retirado de maca do gramado neste momento.</narracao>
    <cartao id="46573" momento="1ºT" atletaId="6852" tempo="23" ico="/Portal/esportes/temporeal/swf/icos/cartao_amarelo.swf" cor="amarelo">Zé Roberto - Meio-campo do Botafogo é punido após falta dura em Iarley.</cartao>
    <narracao id="46575" momento="1ºT" tempo="24">Falta cobrada na área do Botafogo. Lopes sobe para fazer a defesa.</narracao>
    <narracao id="46578" momento="1ºT" tempo="25">Wellington Monteiro, meio-campo do Inter, já está de volta ao gramado.</narracao>
    <narracao id="46584" momento="1ºT" tempo="28">Rubens Cardoso "força" a passagem sobre a marcação de Claiton, comete falta dura no volante do Botafogo, mas árbitro não pune o lateral-esquerdo do Inter com o cartão amarelo.</narracao>
    <narracao id="46586" momento="1ºT" tempo="30">MUITA MARCAÇÃO E POUCA CRIATIVIDADE! As duas equipes erram muitos passes e o jogo está feio neste momento.</narracao>
    <narracao id="46589" momento="1ºT" tempo="32">Escanteio para o Internacional. Bola rasteira na área do Botafogo e Alê corta para mais um escanteio...</narracao>
    <narracao id="46591" momento="1ºT" tempo="33">... Bola na área do Botafogo. Árbitro já parava o lance marcando falta do ataque colorado.</narracao>
    <narracao id="46594" momento="1ºT" tempo="33">MAL! Diguinho arrisca lançamento... Para ninguém e a bola se perde pela linha de fundo. É tiro de meta para o Inter.</narracao>
    <cartao id="46597" momento="1ºT" atletaId="7288" tempo="34" ico="/Portal/esportes/temporeal/swf/icos/cartao_amarelo.swf" cor="amarelo">Rentería - Atacante do Inter é punido após falta dura em Júnio César.</cartao>
    <narracao id="46598" momento="1ºT" tempo="35">IMPEDIDO! Ceará cruza bola na área do Botafogo para Rentería. Árbitro já parava a jogada marcando posição irregular do atacante colorado.</narracao>
    <narracao id="46600" momento="1ºT" tempo="36">IMPEDIDO! Rubens Cardoso e mais dois jogadores do Inter estavam em posição irregular.</narracao>
    <cartao id="46601" momento="1ºT" atletaId="6540" tempo="37" ico="/Portal/esportes/temporeal/swf/icos/cartao_amarelo.swf" cor="amarelo">Ruy - Lateral-direito do Botafogo é punido após empurrar Rubens Cardoso.</cartao>
    <narracao id="46604" momento="1ºT" tempo="38">Falta perigosa para o Internacional! Rentería é seguro na entrada da área do Botafogo...</narracao>
    <narracao id="46606" momento="1ºT" tempo="39">... Ceará cobra e a bola explode na bareira.</narracao>
    <narracao id="46609" momento="1ºT" tempo="40">PRESSÃO COLORADA! No fim deste primeiro tempo.</narracao>
    <narracao id="46613" momento="1ºT" tempo="41">Zé Roberto é derrubado por Ceará no limite da linha de fundo, pelo lado esquerdo...</narracao>
    <narracao id="46615" momento="1ºT" tempo="41">... Ruy cobra fechado e Renan sobe para fazer a defesa.</narracao>
    <video id="46655" momento="1ºT" video="508993"> Veja o vídeo:  41' Renan, goleiro do Inter, faz boa defesa em cobrança de falta do Botafogo.</video>
    <narracao id="46616" momento="1ºT" tempo="42">NA TRAVE! Júnior César recebe excelente bola de Reinaldo na canhota e chuta forte de fora da área. A bola explode no travessão do gol de Renan.</narracao>
    <video id="46656" momento="1ºT" video="508994"> Veja o vídeo:  42' Júnior César "carimba" o travessão do gol de Renan.</video>
    <narracao id="46619" momento="1ºT" tempo="44">Dodô arrisca de fora da área e Renan defende com segurança.</narracao>
    <narracao id="46621" momento="1ºT" tempo="45">ACRÉSCIMOS! Árbitro assinala mais um minuto neste primeiro tempo.</narracao>
    <narracao id="46625" momento="1ºT" tempo="46">FIM DE PRIMEIRO TEMPO! Em partida muito fraca, Internacional e Botafogo, por enquanto, estão no "zero a zero".</narracao>
    <momento id="46626" momento="I">Show do intervalo</momento>
    <narracao id="46627" momento="I" tempo="0">PRIMEIRO TEMPO FRACO! Muitos passes errados e jogo concentrado no meio-de-campo. O Botafogo está um pouco melhor e conseguiu uma bola na trave, aos 42, com o lateral-esquerdo Júnior César. Pelo lado Colorado, a dupla de ataque Rentería e Iarley estão "batendo cabeça" e a zaga tem dificuldades para sair jogando.</narracao>
    <momento id="46639" momento="2ºT">Segundo tempo</momento>
    <narracao id="46644" momento="2ºT" tempo="0">BOLA ROLANDO PARA O SEGUNDO TEMPO! O Inter é o mesmo da primeira etapa, já o Botafogo tem o goleiro Max no lugar do arqueiro lopes, que saiu contundido.</narracao>
    <substituicao id="46697" momento="2ºT" tempo="0" ico="/Portal/esportes/temporeal/swf/icos/substituicao.swf">Botafogo faz substituição: entra Max, sai Lopes</substituicao>
    <narracao id="46646" momento="2ºT" tempo="1">Rubens Cardoso avança na velocidade pelo lado esquerdo e cruza na área. A bola sai muito forte e se perde pela linha de fundo, no lado direito.</narracao>
    <narracao id="46650" momento="2ºT" tempo="3">Falta para o Botafogo na intermediária do Inter. Zé Roberto é derrubado por Maycon.</narracao>
    <narracao id="46652" momento="2ºT" tempo="3">Júnior César mata no peito e chuta "de bate pronto" da entrada da área. Renan cai no canto para fazer a defesa.</narracao>
    <narracao id="46659" momento="2ºT" tempo="6">RENAN! Goleiro do inter espalma o chute de Reinaldo após bela troca de passes do ataque do Botafogo.</narracao>
    <video id="46685" momento="2ºT" video="509007"> Veja o vídeo:  7' Renan salva o Inter após chute de Reinaldo.</video>
    <narracao id="46661" momento="2ºT" tempo="8">A TORCIDA COLORADA COMEÇA A FICAR IRRITADA! O Internacional ainda não "se encontrou" neste segundo tempo.</narracao>
    <narracao id="46667" momento="2ºT" tempo="9">Iarley estica bola para Rentería pelo meio da área do Botafogo. Rafael Marques se antecipa e domina para o Alvinegro.</narracao>
    <narracao id="46668" momento="2ºT" tempo="10">PASSES ERRADOS: 14 - Inter / 20 - Botafogo.</narracao>
    <narracao id="46670" momento="2ºT" tempo="11">BOA JOGADA! De Zé Roberto pela esquerda. Meio-campo avança na velocidade, penetra na área e chuta forte. A bola bate em Maycon e fica com o goleiro Renan.</narracao>
    <narracao id="46672" momento="2ºT" tempo="12">A MELHOR CHANCE DO INTER ATÉ AGORA! a bola sobra para Adriano na área do Botafogo. Meio-campo mata no peito e chuta de primeira... Por cima do gol de Max.</narracao>
    <narracao id="46673" momento="2ºT" tempo="13">RESPOSTA! Claiton chuta forte da entrada da área do Inter e Renan faz boa defesa.</narracao>
    <video id="46715" momento="2ºT" video="509017"> Veja o vídeo:  13' Adriano perde o gol para o Inter.</video>
    <narracao id="46676" momento="2ºT" tempo="15">CANHOTAÇO! Zé Roberto chuta forte de fora da área e Renan defende com segurança.</narracao>
    <narracao id="46677" momento="2ºT" tempo="15">MILAGRE! Rentería sobe mais que a zaga do Botafogo e cabeceia. MAx espalma para escanteio...</narracao>
    <narracao id="46679" momento="2ºT" tempo="16">... Bola na área do Botafogo e Índio cabeceia por cima do gol de Max.</narracao>
    <substituicao id="46711" momento="2ºT" tempo="16" ico="/Portal/esportes/temporeal/swf/icos/substituicao.swf">Internacional faz substituição: entra Márcio Mossoró, sai Adriano</substituicao>
    <narracao id="46683" momento="2ºT" tempo="17">ACORDA O INTER! O Colorado gaúcho desperta na partida e sufoca o Botafogo. Após cobrança de escanteio, Índio cabeceia no travessão do gol de Max.</narracao>
    <video id="46720" momento="2ºT" video="509019"> Veja o vídeo:  17' Max salva o Botafogo após cabeçada de Rentería.</video>
    <video id="46724" momento="2ºT" video="509024"> Veja o vídeo:  18' Índio, zagueiro do Inter, acerta o travessão.</video>
    <narracao id="46690" momento="2ºT" tempo="20">O Botafogo recua inexplicávelmente, enquanto o Inter pressiona e melhora após a entrada de Márcio Mossoró!</narracao>
    <substituicao id="46698" momento="2ºT" tempo="22" ico="/Portal/esportes/temporeal/swf/icos/substituicao.swf">Botafogo faz substituição: entra Thiago Xavier, sai Diguinho</substituicao>
    <substituicao id="46699" momento="2ºT" tempo="22" ico="/Portal/esportes/temporeal/swf/icos/substituicao.swf">Botafogo faz substituição: entra Wando, sai Reinaldo</substituicao>
    <narracao id="46704" momento="2ºT" tempo="24">Maycon tenta surpreender o goleiro Max com um chute de fora da área. A bola se perde por cima do gol.</narracao>
    <substituicao id="46712" momento="2ºT" tempo="26" ico="/Portal/esportes/temporeal/swf/icos/substituicao.swf">Internacional faz substituição: entra Léo, sai Iarley</substituicao>
    <cartao id="46716" momento="2ºT" atletaId="4526" tempo="27" ico="/Portal/esportes/temporeal/swf/icos/cartao_amarelo.swf" cor="amarelo">Márcio Mossoró - Meio-campo do Inter é punido após falta dura em Ruy.</cartao>
    <narracao id="46730" momento="2ºT" tempo="30">Falta perigosa para o Inter. Márcio Mossoró faz boa jogada pelo lado esquerdo da área e é derrubado por Thiago Xavier...</narracao>
    <narracao id="46731" momento="2ºT" tempo="31">... Ramon cobra no segundo pau e Índio desvia de cabeça. Na seqüência, o goleiro Max do Botafogo defende duas bolas milagrosas!</narracao>
    <video id="46756" momento="2ºT" video="509041"> Veja o vídeo:  32' Max salva o Botafogo após cabeçada de Ceará.</video>
    <video id="46758" momento="2ºT" video="509042"> Veja o vídeo:  33' Max salva mais uma vez o Botafogo, em mais uma cabeçada de Ceará. </video>
    <narracao id="46741" momento="2ºT" tempo="35">ROUBADAS DE BOLA: 12 - Inter / 8 - Botafogo.</narracao>
    <narracao id="46747" momento="2ºT" tempo="37">O Inter pressiona o Botafogo e adianta a sua marcação. O Alvinegro está recuado.</narracao>
    <narracao id="46750" momento="2ºT" tempo="38">PREJUÍZO PARA O BOTA! O atacante Wando está sentindo contusão muscular na coxa, mas o técnico Cuca já fez as três alterações.</narracao>
    <narracao id="46755" momento="2ºT" tempo="39">INCRÍVEL! Sumido na partida, Dodô recebe excelente bola na área do Inter, mas chuta por cima do gol, na sáida do goleiro Renan.</narracao>
    <video id="46770" momento="2ºT" video="509049"> Veja o vídeo:  41' Dodô perde gol feito para o Botafogo.</video>
    <narracao id="46763" momento="2ºT" tempo="42">POLÊMICA! Maycon penetra na área do Botafogo sobre a marcação de Claiton, cai e fica pedindo o pênalti. Árbitro manda seguir o jogo.</narracao>
    <narracao id="46764" momento="2ºT" tempo="43">ACRÉSCIMOS! Árbitro assinala mais três minutos neste segundo tempo.</narracao>
    <narracao id="46765" momento="2ºT" tempo="44">EM CIMA DA LINHA! Após chute de Márcio Mossoró na área do Botafogo, Rafael Marques salva o Alvinegro e corta para escanteio...</narracao>
    <narracao id="46766" momento="2ºT" tempo="45">... Seqüência de escanteios para o Inter e mais uma vez o goleiro Max faz excelente defesa!</narracao>
    <narracao id="46767" momento="2ºT" tempo="46">Júnior César recebe na área do Inter pela esquerda e chuta cruzado... Pela linha de fundo.</narracao>
    <video id="46773" momento="2ºT" video="509051"> Veja o vídeo:  46' Max faz linda defesa na cabeçada de Ediglê.</video>
    <cartao id="46768" momento="2ºT" atletaId="5797" tempo="47" ico="/Portal/esportes/temporeal/swf/icos/cartao_amarelo.swf" cor="amarelo">Scheidt - Zagueiro do Botafogo é punido após falta dura em Léo.</cartao>
    <narracao id="46769" momento="2ºT" tempo="48">FIM DE JOGO NO BEIRA-RIO! Com uma excelente atuação do goleiro Max, Internacional e Botafogo não saem do "zero a zero".</narracao>
    <momento id="46771" momento="E">Final de jogo</momento>
    <narracao id="46772" momento="E" tempo="0">ESQUEÇAM O PRIMEIRO TEMPO! Quem acompanhou os 45 minutos finais da partida, acompanhou 90 minutos. O goleiro Max do Botafogo, com uma excelente atuação e defesas milagrosas, garantiu um pontinho fora de casa para o Glorioso. O Colorado só resolveu jogar após a entrada de Márcio Mossoró, tentou, tentou, mas no fim, acabou empatando em casa e agora está há duas partidas sem vencer no Brasileirão.</narracao>
  </lances>
</lancealance>
