<?xml version="1.0" encoding="UTF-8"?>
<lancealance cobertura="11" leitura="0">
  <placar>
    <equipe id="001" url="" nome="Botafogo" escudo="/FlashShow/0,,7240,00.swf" resultado="3" abreviacao="BOT"/>
    <equipe id="002" url="" nome="Friburguense" escudo="/FlashShow/0,,7242,00.swf" resultado="0" abreviacao="Friburguense"/>
  </placar>
  <lances>
    <momento id="317" momento="PJ">Pré-jogo</momento>
    <narracao id="318" momento="PJ" tempo="0">Acompanhe daqui a pouco, a partir das 18h, a estréia do Botafogo no Campeonato Carioca</narracao>
    <narracao id="319" momento="PJ" tempo="0">O Botafogo anunciou neste domingo a contratação do atacante Pena, ex-Palmeiras e que estava no futebol português</narracao>
    <narracao id="409" momento="PJ" tempo="0">Lucio Flavio, do Botafogo, diz que está animado com a estréia pelo clube</narracao>
    <momento id="410" momento="1ºT">Primeiro tempo</momento>
    <narracao id="411" momento="1ºT" tempo="1">Começa o jogo</narracao>
    <narracao id="418" momento="1ºT" tempo="3">Reinaldo faz bela jogada e entra na área. Na hora do chute, o atacante acaba travado pela zaga</narracao>
    <video id="419" momento="1ºT" video="1"> Veja o vídeo:  4' Marcelinho rola para Reinaldo, que entra na área. O atacante chuta com força e erra o gol bisonhamente</video>
    <narracao id="422" momento="1ºT" tempo="7">Marcelinho recebe dentro da área e chuta. A bola bate na defesa e nem chega ao gol do Friburguense</narracao>
    <narracao id="428" momento="1ºT" tempo="13">Botafogo segue pressionando o Friburguense</narracao>
    <narracao id="431" momento="1ºT" tempo="14">Jones recebe pela direita, dribla um zagueiro e chuta. O goleiro Max faz bela defesa</narracao>
    <narracao id="432" momento="1ºT" tempo="15">Marcelinho domina dentro da área e chuta. O goleiro Jefferson faz ótima defesa, espalmando para escanteio</narracao>
    <cartao id="436" momento="1ºT" atletaId="9232" tempo="16" ico="/Portal/esportes/temporeal/swf/icos/cartao_amarelo.swf" cor="amarelo">Daniel - O meia faz falta em Lucio Flavio e é advertido pelo árbitro</cartao>
    <video id="438" momento="1ºT" video="1"> Veja o vídeo:  18' Neném cobra falta do lado esquerdo da grande área e o goleiro Jefferson faz uma bela defesa, colocando a bola para escanteio</video>
    <narracao id="441" momento="1ºT" tempo="20">Reinaldo cruza na área e ninguém aproveita</narracao>
    <narracao id="443" momento="1ºT" tempo="21">Sérgio Gomes avança até a entrada da área e arrisca. O goleiro Max faz boa defesa, no meio do gol</narracao>
    <narracao id="446" momento="1ºT" tempo="24">Zé Roberto domina na entrada da grande área e arrisca. O goleiro Jefferson defende com tranqüilidade</narracao>
    <narracao id="455" momento="1ºT" tempo="32">Jogo perde velocidade e equipes erram muitos passes</narracao>
    <narracao id="458" momento="1ºT" tempo="36">Reinaldo domina na frente do goleiro Jefferson, que faz a defesa. A bola sobra para Lucio Flavio, que toca para Marcelinho. Em impedimento, o atacante marca o gol. O árbitro anula o lance</narracao>
    <narracao id="460" momento="1ºT" tempo="39">Nil, do Friburguense, cobra falta da entrada da área e o goleiro Max faz excelente defesa</narracao>
    <narracao id="462" momento="1ºT" tempo="40">Reinaldo recebe dentro da área e chuta. O goleiro Jefferson faz outra bela defesa</narracao>
    <narracao id="465" momento="1ºT" tempo="41">Bruno avança pela direita e cruza. O goleiro Max se antecipa e faz a defesa</narracao>
    <gol id="472" momento="1ºT" atletaId="695" tempo="45" escudo="/FlashShow/0,,7240,00.swf" contra="0"> GOL DE NENÉM  Neném tabela com Marcelinho e redebe na entrada da área. O lateral arrisca o chute e marca o primeiro do Fogão</gol>
    <momento id="474" momento="I">Show do intervalo</momento>
    <narracao id="476" momento="I" tempo="0">Neném, do Botafogo, afirma que o gol foi importante para a equipe alvinegra</narracao>
    <momento id="483" momento="2ºT">Segundo tempo</momento>
    <narracao id="485" momento="2ºT" tempo="1">Começa o segundo tempo</narracao>
    <narracao id="492" momento="2ºT" tempo="5">Jones faz boa jogada e entra na área. O jogador dribla um zagueiro e chuta para boa defesa de Max</narracao>
    <narracao id="494" momento="2ºT" tempo="6">Neném cruza na área e Reinaldo cabeceia para fora</narracao>
    <narracao id="505" momento="2ºT" tempo="16">Marcelo faz ótima jogada e chuta. A bola passa à direita do goleiro Max, do Botafogo</narracao>
    <narracao id="506" momento="2ºT" tempo="19">Neném cobra falta da entrada da área. A bola passa por cima do gol do Friburguense</narracao>
    <substituicao id="529" momento="2ºT" tempo="20" ico="/Portal/esportes/temporeal/swf/icos/substituicao.swf">Entrou: Marcelinho / Saiu: Gedeil</substituicao>
    <gol id="514" momento="2ºT" atletaId="6696" tempo="24" escudo="/FlashShow/0,,7240,00.swf" contra="0"> GOL DE MARCELINHO HENRIQUE  Zé Roberto toca para Marcelinho, que marca o segundo gol do Botafogo</gol>
    <video id="514v" momento="2ºT" video="1"> Veja o vídeo: Gol de Marcelinho Henrique.  24' Zé Roberto toca para Marcelinho, que marca o segundo gol do Botafogo</video>
    <gol id="515" momento="2ºT" atletaId="5076" tempo="27" escudo="/FlashShow/0,,7240,00.swf" contra="0"> GOL DE REINALDO  Bill chuta e o goleiro Jefferson espalma. A bola sobra para Reinaldo, que marca o terceiro do Botafogo</gol>
    <video id="515v" momento="2ºT" video="1"> Veja o vídeo: Gol de Reinaldo.  27' Bill chuta e o goleiro Jefferson espalma. A bola sobra para Reinaldo, que marca o terceiro do Botafogo</video>
    <substituicao id="541" momento="2ºT" tempo="28" ico="/Portal/esportes/temporeal/swf/icos/substituicao.swf">Entrou: Joílson / Saiu: Zé Roberto</substituicao>
    <substituicao id="530" momento="2ºT" tempo="33" ico="/Portal/esportes/temporeal/swf/icos/substituicao.swf">Entrou: Bruno / Saiu: Alan Júnior</substituicao>
    <substituicao id="543" momento="2ºT" tempo="37" ico="/Portal/esportes/temporeal/swf/icos/substituicao.swf">Entrou: Gláuber / Saiu: Bill</substituicao>
    <cartao id="532" momento="2ºT" atletaId="6614" tempo="40" ico="/Portal/esportes/temporeal/swf/icos/cartao_amarelo.swf" cor="amarelo">Diguinho - Diguinho faz falta dura e é advertido pelo árbitro</cartao>
    <substituicao id="542" momento="2ºT" tempo="41" ico="/Portal/esportes/temporeal/swf/icos/substituicao.swf">Entrou: Leandro Carvalho / Saiu: Neném</substituicao>
    <narracao id="549" momento="2ºT" tempo="48">O árbitro encerra a partida</narracao>
    <momento id="551" momento="E">Final de jogo</momento>
  </lances>
</lancealance>
