<?xml version="1.0" encoding="UTF-8"?>
<lancealance cobertura="1265" leitura="0">
  <placar>
    <equipe id="001" url="" nome="Ponte Preta" escudo="/FlashShow/0,,7275,00.swf" resultado="3" abreviacao="PON"/>
    <equipe id="002" url="" nome="Fluminense" escudo="/FlashShow/0,,7236,00.swf" resultado="0" abreviacao="FLU"/>
  </placar>
  <lances>
    <momento id="48932" momento="PJ">Pré-jogo</momento>
    <narracao id="48933" momento="PJ" tempo="0">Ponte Preta e Fluminense jogam pela 15ª rodada do Brasleirão, às 18h10m, no Moisés Lucarelli!</narracao>
    <narracao id="48935" momento="PJ" tempo="0">A Ponte não faz boa campanha no campeonato. A equipe não vence há quatro jogos, tem a defesa mais vazada da competição com 31 gols sofridos e ocupa a incômoda 18ª posição, na zona de rebaixamento. Uma vitória salva a equipe da degola provisória.</narracao>
    <narracao id="48936" momento="PJ" tempo="0">Rafael Santos e Carlinhos estão suspensos e não podem atuar. O tradicional 4-4-2 volta no lugar do esquema 3-6-1. </narracao>
    <narracao id="48938" momento="PJ" tempo="0">O Fluminense também vem de jejum de vitórias. Foram três empates consecutivos, contra Grêmio, São Caetano e Botafogo que impossibilitaram uma acensão da equipe à ponta da tabela. Apesar disso, o Flu está em quarto na tabela com 25 pontos, quatro a menos que o líder São Paulo. O Tricolor das Laranjeiras não perde há quatro jogos. </narracao>
    <narracao id="48939" momento="PJ" tempo="0">Fernando entra no lugar de Arouca, que foi expulso pela primeira vez na carreira profissional contra o Botafogo. Oswaldo de Oliveira mantém a dupla de ataque Lenny-Tuta.</narracao>
    <narracao id="49107" momento="PJ" tempo="0">A Ponte Preta entra em campo saudado por sua torcida!</narracao>
    <narracao id="49112" momento="PJ" tempo="0">O Fluminense entra no gramado do Moisés Lucarelli!</narracao>
    <momento id="49121" momento="1ºT">Primeiro tempo</momento>
    <narracao id="49123" momento="1ºT" tempo="0">COMEÇA A PARTIDA NO MOISÉS LUCARELLI!!!</narracao>
    <narracao id="49129" momento="1ºT" tempo="3">BOLA PARADA! Petkovic bate forte falta de longe, bola passa perto e sai por cima do gol.</narracao>
    <narracao id="49132" momento="1ºT" tempo="4">TENTA DE NOVO! Wellington cruza forte da esquerda, bola atravessa o campo e sai pela outra lateral.</narracao>
    <narracao id="49137" momento="1ºT" tempo="6">Luis Mário cobra córner, Marcão desvia. </narracao>
    <narracao id="49139" momento="1ºT" tempo="7">Lenny recebe bola em contra-ataque veloz e tenta toque na frente para Tuta. O goleiro sai do gol e fica com a bola.</narracao>
    <narracao id="49140" momento="1ºT" tempo="9">MAL! Thiago Silva arrisca de longe sem direção.</narracao>
    <narracao id="49143" momento="1ºT" tempo="10">Mossoró acredita em bola quase perdida e cruza na área para Almir, Thiago Silva faz desvio providencial de cabeça.</narracao>
    <narracao id="49149" momento="1ºT" tempo="12">Luis Mário levanta no segundo pau, Mossoró domina com finta em Roger na grande área, mas Marcelo salva o Flu.</narracao>
    <narracao id="49152" momento="1ºT" tempo="13">É O PERIGO! Petkovic bate falta no ângulo, goleiro da Ponte espalma para córner.</narracao>
    <video id="49170" momento="1ºT" video="516589"> Veja o vídeo:  13' Petkovic bate falta, Mário espalma para córner.</video>
    <narracao id="49155" momento="1ºT" tempo="16">Juliano, Marcelo e Petkovic fazem boa triângulação, mas Luís Carlos desarma o sérvio.</narracao>
    <narracao id="49157" momento="1ºT" tempo="17">Falta perigosa de Wellington sobre Lenny...</narracao>
    <narracao id="49159" momento="1ºT" tempo="17">... Mário tira de soco bom cruzamento de Petkovic.</narracao>
    <narracao id="49164" momento="1ºT" tempo="18">Pará recebe ótimo passe de Luís Mário e cruza na área. Fernando Henrique sai com arrojo e defende a bola.</narracao>
    <narracao id="49169" momento="1ºT" tempo="22">Bola na área do Flu. Mossoró não domina e Marcão afasta o perigo.</narracao>
    <narracao id="49171" momento="1ºT" tempo="23">Mossoró recebe bola em posição de impedimento.</narracao>
    <narracao id="49176" momento="1ºT" tempo="24">Petkovic tenta lançamento longo para Tuta. O atacante não alcança e a bola fica com o goleiro.</narracao>
    <narracao id="49177" momento="1ºT" tempo="25">DEFESA ESPETACULAR! Almir recebe de Mossoró livre na área e bate forte cara a cara com o goleiro. Fernando Henrique espalma para escanteio.</narracao>
    <video id="49198" momento="1ºT" video="516600"> Veja o vídeo:  25' Grande defesa de Fernando Henrique em batida de Almir.</video>
    <cartao id="49178" momento="1ºT" atletaId="7997" tempo="26" ico="/Portal/esportes/temporeal/swf/icos/cartao_amarelo.swf" cor="amarelo">Lenny - Atacante entra duro em adversário e leva o primeiro cartão amarelo da partida.</cartao>
    <narracao id="49181" momento="1ºT" tempo="27">Juliano tenta chute, a bola bate na zaga. Em seguida, o meia luta pela bola e ganha escanteio...</narracao>
    <narracao id="49182" momento="1ºT" tempo="28">... Petkovic cobra fechado e Flu ganha sequência de escanteios.</narracao>
    <narracao id="49185" momento="1ºT" tempo="30">Mossoró cruza na área para ninguém.</narracao>
    <narracao id="49190" momento="1ºT" tempo="31">Petkovic bate falta na área. A bola passa por todo mundo e sai pela linha de fundo.</narracao>
    <narracao id="49193" momento="1ºT" tempo="32">Juliano tenta toque para Marcelo na área. Mário sai do gol e defende a bola.</narracao>
    <narracao id="49195" momento="1ºT" tempo="33">Após lançamento de Juliano, Marcelo cruza bem na área, mas Tuta não alcança.</narracao>
    <narracao id="49199" momento="1ºT" tempo="35">Marcelo pega sobra em jogada perdida de Tuta e arrisca de fora da área. A bola passa perto do gol.</narracao>
    <video id="49220" momento="1ºT" video="516606"> Veja o vídeo:  35' Marcelo bate por cima do gol.</video>
    <narracao id="49202" momento="1ºT" tempo="36">Mossoró recebe mais uma bola completamente impedido.</narracao>
    <cartao id="49207" momento="1ºT" atletaId="492" tempo="37" ico="/Portal/esportes/temporeal/swf/icos/cartao_amarelo.swf" cor="amarelo">Luís Carlos - PÊNALTI PARA O FLU!!! Tuta é puxado por Luís Carlos na grande área. Zagueiro é punido com cartão amarelo.</cartao>
    <narracao id="49210" momento="1ºT" tempo="38">PEGOU!!! Mário pula no canto direito e defende a cobrança de Petkovic.</narracao>
    <video id="49238" momento="1ºT" video="516610"> Veja o vídeo:  38' Mário defende pênalti de Petkovic.</video>
    <narracao id="49215" momento="1ºT" tempo="40">Petkovic bate córner na área, Mário tira de soco, mas o árbitro já marcava falta de ataque.</narracao>
    <narracao id="49217" momento="1ºT" tempo="42">Petkovic bate falta na área, Mário tira de soco novamente.</narracao>
    <narracao id="49218" momento="1ºT" tempo="43">Árbitro sinaliza dois minutos de acréscimo.</narracao>
    <cartao id="49224" momento="1ºT" atletaId="12879" tempo="45" ico="/Portal/esportes/temporeal/swf/icos/cartao_amarelo.swf" cor="amarelo">Thiago Carpini - Meia derruba Fernando por trás e recebe cartão amarelo.</cartao>
    <narracao id="49227" momento="1ºT" tempo="46">Confusão na área da Ponte. Almir tenta cortar e quase faz contra. Mário tira para escanteio...</narracao>
    <narracao id="49228" momento="1ºT" tempo="47">... Após cobrança do córner, falta de ataque do Flu.</narracao>
    <narracao id="49229" momento="1ºT" tempo="47">TERMINA O PRIMEIRO TEMPO!</narracao>
    <momento id="49230" momento="I">Show do intervalo</momento>
    <narracao id="49236" momento="I" tempo="0">Jogo truncado em Campinas com poucas chances de gol. A Ponte Preta sente o grande número de desfalques. O Fluminense não consegue se impor na partida. Cada equipe teve uma chance clara e a bola não entrou pela ótima atuação dos goleiros. Almir perdeu gol na cara do elástico Fernando Henrique e Petkovic perdeu pênalti para o Tricolor em grande defesa do reserva Mário.</narracao>
    <momento id="49246" momento="2ºT">Segundo tempo</momento>
    <narracao id="49248" momento="2ºT" tempo="0">COMEÇA O SEGUNDO TEMPO!</narracao>
    <substituicao id="49294" momento="2ºT" tempo="0" ico="/Portal/esportes/temporeal/swf/icos/substituicao.swf">Fluminense faz substituição: entra Gabriel Santos, sai Roger</substituicao>
    <narracao id="49251" momento="2ºT" tempo="1">MACACA COM TUDO! Almir recbe na grande área e bate forte para o gol. Fernando Henrique faz ótima defesa.</narracao>
    <gol id="49260" momento="2ºT" atletaId="6655" tempo="2" escudo="/FlashShow/0,,7275,00.swf" contra="0"> GOL DE LUÍS MÁRIO  GOOOOOL DA PONTE PRETA!!! Preto faz ótimo lançamento para Luís Mário na área e o atacante não desperdiça. Cabeçada certeira no canto esquerdo de Fernando Henrique.</gol>
    <video id="49260v" momento="2ºT" video="516644"> Veja o vídeo: Gol de Luís Mário.  2' GOOOOOL DA PONTE PRETA!!! Preto faz ótimo lançamento para Luís Mário na área e o atacante não desperdiça. Cabeçada certeira no canto esquerdo de Fernando Henrique.</video>
    <narracao id="49264" momento="2ºT" tempo="4">Thiago Carpini lança Mossoró, mas o atacante está impedido.</narracao>
    <cartao id="49267" momento="2ºT" atletaId="11900" tempo="5" ico="/Portal/esportes/temporeal/swf/icos/cartao_amarelo.swf" cor="amarelo">Pará - Lateral recebe cartão amarelo por bater falta no lugar de um arremesso lateral.</cartao>
    <narracao id="49268" momento="2ºT" tempo="6">Mossoró bate para gol, Fernando Henrique defende firme.</narracao>
    <cartao id="49272" momento="2ºT" atletaId="6741" tempo="7" ico="/Portal/esportes/temporeal/swf/icos/cartao_amarelo.swf" cor="amarelo">Fernando - Meia entra forte em Wellington e leva cartão amarelo.</cartao>
    <cartao id="49274" momento="2ºT" atletaId="6655" tempo="9" ico="/Portal/esportes/temporeal/swf/icos/cartao_amarelo.swf" cor="amarelo">Luís Mário - Atacante recebe cartão amarelo por reclamação.</cartao>
    <narracao id="49277" momento="2ºT" tempo="10">Petkovic bate falta na área, Mário divide a bola e sofre falta de Tuta.</narracao>
    <narracao id="49280" momento="2ºT" tempo="11">Os times lutam pela bola no meio-campo.</narracao>
    <narracao id="49282" momento="2ºT" tempo="12">Thiago Carpini está caído no gramado.</narracao>
    <cartao id="49286" momento="2ºT" atletaId="11900" tempo="14" ico="/Portal/esportes/temporeal/swf/icos/cartao_vermelho.swf" cor="vermelho">Pará - Lateral leva caneta de Marcelo e segura o adversário. Está expulso de campo.</cartao>
    <video id="49319" momento="2ºT" video="516663"> Veja o vídeo:  14' Pará é expulso.</video>
    <narracao id="49293" momento="2ºT" tempo="17">Juliano faz boa jogada e a bola sobra para Fernando cruzar na área. Tuta tenta pegar de primeira mas fura a bola. Marcelo pega sobra e levanta na área, Mário afasta de soco.</narracao>
    <substituicao id="49295" momento="2ºT" tempo="18" ico="/Portal/esportes/temporeal/swf/icos/substituicao.swf">Fluminense faz substituição: entra Cláudio Pitbull, sai Lenny</substituicao>
    <substituicao id="49296" momento="2ºT" tempo="18" ico="/Portal/esportes/temporeal/swf/icos/substituicao.swf">Fluminense faz substituição: entra Beto, sai Fernando</substituicao>
    <substituicao id="49339" momento="2ºT" tempo="18" ico="/Portal/esportes/temporeal/swf/icos/substituicao.swf">Ponte Preta faz substituição: entra Jean Carlos, sai Mossoró</substituicao>
    <narracao id="49301" momento="2ºT" tempo="20">INCRÍVEL! Luís Mário chuta de fora da área, a bola bate nas duas traves e não entra!</narracao>
    <narracao id="49304" momento="2ºT" tempo="20">Rogério cruza, Beto cabeceia, a bola desvia na zaga e sai para córner...</narracao>
    <narracao id="49305" momento="2ºT" tempo="21">... Zaga da Ponte corta pela lateral.</narracao>
    <narracao id="49308" momento="2ºT" tempo="22">QUE CHANCE! Após jogada sensacional de Luís Mário com direito à chapéu, Nei rola para o meio da área e Almir isola por cima do gol.</narracao>
    <cartao id="49310" momento="2ºT" atletaId="9366" tempo="23" ico="/Portal/esportes/temporeal/swf/icos/cartao_amarelo.swf" cor="amarelo">Thiago Silva - Zagueiro é punido com cartão amarelo por reclamação.</cartao>
    <narracao id="49312" momento="2ºT" tempo="24">Beto tenta cruzar para a área, bola bate na mão de adversário. Falta para o Flu...</narracao>
    <narracao id="49315" momento="2ºT" tempo="25">... Pet cobra na área, Almir corta para escanteio...</narracao>
    <narracao id="49316" momento="2ºT" tempo="25">... Falta no goleiro.</narracao>
    <narracao id="49322" momento="2ºT" tempo="27">O time do Flu está irreconhecível. Mesmo com um a mais, não consegue penetrar na defesa da Ponte Preta, que teve mais chances de ampliar mesmo com um jogador a menos.</narracao>
    <narracao id="49324" momento="2ºT" tempo="30">QUE ISSO? Cláudio Pitbull cruza direto pela linha de fundo. </narracao>
    <narracao id="49326" momento="2ºT" tempo="31">Beto lança Rogério na área, Almir corta para córner...</narracao>
    <narracao id="49327" momento="2ºT" tempo="31">... Pet cobra na área, Luís Carlos tira de cabeça.</narracao>
    <narracao id="49330" momento="2ºT" tempo="32">BOA TENTATIVA! Luís Mário recebe bola de arremesso lateral e tenta toque por cobertura. A bola passa perto do gol. </narracao>
    <narracao id="49335" momento="2ºT" tempo="34">Nei tenta chapéu em Marcelo na grande área, mas o lateral tricolor consegue cortar. </narracao>
    <narracao id="49336" momento="2ºT" tempo="35">Tuta recebe no lado direito da área e cruza rasteiro. A zaga da Ponte afasta pela lateral.</narracao>
    <narracao id="49338" momento="2ºT" tempo="35">Falta em Cláudio Pitbull no campo de ataque tricolor...</narracao>
    <substituicao id="49340" momento="2ºT" tempo="36" ico="/Portal/esportes/temporeal/swf/icos/substituicao.swf">Ponte Preta faz substituição: entra Vélber, sai Luís Mário</substituicao>
    <narracao id="49342" momento="2ºT" tempo="36">... Petkovic cobra na área, Mário tira de soco.</narracao>
    <narracao id="49346" momento="2ºT" tempo="37">MUITO MAL! Marcelo cruza direto pela linha de fundo.</narracao>
    <gol id="49351" momento="2ºT" atletaId="5152" tempo="38" escudo="/FlashShow/0,,7275,00.swf" contra="0"> GOL DE RICARDO CONCEIÇÃO  GOOOOOOL DA PONTE PRETA!!!! Ricardo Conceição empurra para o fundo da rede, após boa jogada de Vélber pelo lado direito da área.</gol>
    <cartao id="49352" momento="2ºT" atletaId="8462" tempo="39" ico="/Portal/esportes/temporeal/swf/icos/cartao_amarelo.swf" cor="amarelo">Marcelo - Lateral faz falta dura e é punido com cartão amarelo.</cartao>
    <gol id="49355" momento="2ºT" atletaId="9732" tempo="40" escudo="/FlashShow/0,,7275,00.swf" contra="0"> GOL DE JEAN CARLOS  GOOOOOOOL!!! MAIS UM DA MACACA!!! Jean Carlos bate rasteiro da entrada da área no canto esquerdo de Fernando Henrique. </gol>
    <narracao id="49357" momento="2ºT" tempo="42">Cláudio Pitbull lança Tuta na área, a zaga divide com o atacante e a bola sobra para o goleiro Mário.</narracao>
    <narracao id="49361" momento="2ºT" tempo="44">TENTANDO O DE HONRA! Gabriel Santos cruza na área, Beto cabeceia para o gol e Mário espalma para córner.</narracao>
    <narracao id="49364" momento="2ºT" tempo="45">FIM DE JOGO NO MOISÉS LUCARELLI!</narracao>
    <momento id="49366" momento="E">Final de jogo</momento>
  </lances>
</lancealance>
