<?xml version="1.0" encoding="UTF-8"?>
<lancealance cobertura="1071" leitura="0">
  <placar>
    <equipe id="001" url="" nome="Goiás" escudo="/FlashShow/0,,7681,00.swf" resultado="1" abreviacao="GOI"/>
    <equipe id="002" url="" nome="Paraná" escudo="/FlashShow/0,,6598,00.swf" resultado="2" abreviacao="PAR"/>
  </placar>
  <lances>
    <momento id="34523" momento="PJ">Pré-jogo</momento>
    <narracao id="34528" momento="PJ" tempo="0">Goiás e Paraná Clube se enfrentam pela décima rodada do Brasileirão. O jogo, que acontece no estádio Serra Dourada, será arbitrado pelo gaúcho Leonardo Gaciba, auxiliado por Júlio César Rodrigues Santos e Luiz Roberto Porto Guaranha, ambos também do Rio Grande do Sul.
</narracao>
    <narracao id="34530" momento="PJ" tempo="0">Os dois times fazem boa campanha na competição nacional. O Goiás é o sexto colocado, com 17 pontos na tabela. O Paraná é o décimo lugar, com 12 pontos ganhos. As duas equipes buscam a vitória para se aproximarem dos líderes do campeonato.</narracao>
    <narracao id="34531" momento="PJ" tempo="0">O Goiás usa o fato de jogar em casa para buscar vantagem no jogo. E o Paraná entra em campo animado, depois da goleada de 5 a 2 sobre a Ponte Preta, em Campinas. A partida promete ser boa, pois os dois times estão motivados.</narracao>
    <narracao id="34534" momento="PJ" tempo="0">Público é pequeno no Serra Dourada!</narracao>
    <narracao id="34535" momento="PJ" tempo="0">Paraná Clube entra em campo!</narracao>
    <narracao id="34536" momento="PJ" tempo="0">O Goiás também já está no gramado! </narracao>
    <narracao id="34537" momento="PJ" tempo="0">Times aquecem no campo!</narracao>
    <narracao id="34539" momento="PJ" tempo="0">Vai começar o jogo!</narracao>
    <momento id="34540" momento="1ºT">Primeiro tempo</momento>
    <narracao id="34541" momento="1ºT" tempo="1">COMEÇA O JOGO!!! GOIÁS x PARANÁ!!!</narracao>
    <narracao id="34544" momento="1ºT" tempo="1">Time goiano começa a pressionar os paranistas!</narracao>
    <narracao id="34545" momento="1ºT" tempo="3">Goiás vai tocando a bola!</narracao>
    <narracao id="34547" momento="1ºT" tempo="3">Jadílson cruza a bola e Vítor cabeceia por cima do gol de Flávio!</narracao>
    <narracao id="34550" momento="1ºT" tempo="5">Goiás segue pressionando o Paraná!</narracao>
    <narracao id="34553" momento="1ºT" tempo="7">Welliton avança e entra na área! Flávio sai do gol e faz ótima defesa, tirando a bola dos pés do centroavante goiano! </narracao>
    <video id="34577" momento="1ºT" video="473413"> Veja o vídeo:  7' Welliton entra na área e Flávio faz ótima defesa!</video>
    <narracao id="34557" momento="1ºT" tempo="8">Paraná vai tocando a bola!</narracao>
    <narracao id="34559" momento="1ºT" tempo="11">Jogo é de muita marcação no meio-campo!</narracao>
    <narracao id="34560" momento="1ºT" tempo="11">Vitor sofre falta de Edinho! Perigo para o Paraná! Jadílson ajeita a bola!</narracao>
    <narracao id="34561" momento="1ºT" tempo="12">Jadílson cobra a falta por cima do gol de Flávio!</narracao>
    <narracao id="34563" momento="1ºT" tempo="13">Paraná vai mantendo a posse de bola!</narracao>
    <narracao id="34565" momento="1ºT" tempo="14">Maicossuel levanta a bola na área e João Vitor cabeceia com perigo, à esquerda do gol de Harlei!</narracao>
    <narracao id="34568" momento="1ºT" tempo="15">Goleiro Flávio sente contusão e cai no gramado!</narracao>
    <narracao id="34571" momento="1ºT" tempo="17">Time goiano vai fazendo muitas faltas!</narracao>
    <narracao id="34572" momento="1ºT" tempo="17">Tudo bem com Flávio!</narracao>
    <narracao id="34574" momento="1ºT" tempo="18">Atacantes do Goiás estão constantemente em posição de impedimento! Jogo não é bom!</narracao>
    <narracao id="34575" momento="1ºT" tempo="19">Sandro bate falta e Harlei defende em dois tempos! Paraná melhor em campo!</narracao>
    <narracao id="34578" momento="1ºT" tempo="21">Goiás segue fazendo muitas faltas!</narracao>
    <cartao id="34582" momento="1ºT" atletaId="6337" tempo="22" ico="/Portal/esportes/temporeal/swf/icos/cartao_amarelo.swf" cor="amarelo">Rafael Dias - Por fazer falta em Maicossuel, o zagueiro do Goiás recebe o amarelo!</cartao>
    <narracao id="34585" momento="1ºT" tempo="24">Jogo é muito ruim tecnicamente! Paraná é um pouco melhor do que o Goiás!</narracao>
    <narracao id="34588" momento="1ºT" tempo="25">PERDEU!!! Roni, livre, entra na área e perde o gol de frente para Flávio! O goleiro paranista defende sem dar rebote! Goiás perde a chance de abrir o placar!</narracao>
    <video id="34612" momento="1ºT" video="473428"> Veja o vídeo:  25' Roni perde uma grande chance para o Goiás!</video>
    <narracao id="34590" momento="1ºT" tempo="26">Arbitragem é boa no Serra Dourada!</narracao>
    <narracao id="34593" momento="1ºT" tempo="29">Jogo tem muitas faltas e poucas chances de gol!</narracao>
    <narracao id="34595" momento="1ºT" tempo="30">Welliton faz boa tabela com Danilo Portugal, e chuta para fora, à direita de Flávio, que se assusta com o lance!</narracao>
    <narracao id="34598" momento="1ºT" tempo="31">Danilo Portugal cai sobre o gramado, após tentar subir para cabecear a bola! Atleta sai de campo na maca!</narracao>
    <cartao id="34602" momento="1ºT" atletaId="11902" tempo="32" ico="/Portal/esportes/temporeal/swf/icos/cartao_amarelo.swf" cor="amarelo">Serginho - Por fazer falta em Fabiano, o meia paranista recebe  o amarelo!</cartao>
    <narracao id="34603" momento="1ºT" tempo="33">Danilo Portugal está de volta ao campo!</narracao>
    <narracao id="34604" momento="1ºT" tempo="34">Goiás pressiona no momento! Jogo está equilibrado!</narracao>
    <narracao id="34606" momento="1ºT" tempo="36">Goiás adianta a marcação em campo!</narracao>
    <narracao id="34609" momento="1ºT" tempo="38">Jogo continua morno! Os dois times marcam muito e finalizam pouco!</narracao>
    <narracao id="34610" momento="1ºT" tempo="40">Paraná toca a bola e a pequena torcida goiana vaia!</narracao>
    <narracao id="34613" momento="1ºT" tempo="42">Times continuam errando muitos passes!</narracao>
    <narracao id="34615" momento="1ºT" tempo="43">Danilo Portugal faz falta em Maicossuel! Batista ajeita a bola para a cobrança!</narracao>
    <narracao id="34617" momento="1ºT" tempo="43">QUASE!!! Maicossuel bate bem! A bola raspa a trave direita de Harlei, que se assusta com o lance!</narracao>
    <narracao id="34619" momento="1ºT" tempo="45">+2 É o acréscimo do primeiro tempo.</narracao>
    <narracao id="34622" momento="1ºT" tempo="46">Vai acabar o primeiro tempo!</narracao>
    <narracao id="34625" momento="1ºT" tempo="47">ACABA O PRIMEIRO TEMPO!!! 0 a 0!!!</narracao>
    <momento id="34626" momento="I">Show do intervalo</momento>
    <narracao id="34630" momento="I" tempo="0">Welliton, do Goiás, reclama dos gols perdidos pelo time na primeira etapa. </narracao>
    <narracao id="34632" momento="I" tempo="0">Flávio, goleiro do Paraná, se mostra satisfeito por ter atuado bem no primeiro tempo. O arqueiro evitou alguns gols do Goiás, mantendo o placar em 0 a 0.</narracao>
    <narracao id="34638" momento="I" tempo="0">Times voltam para a segunda etapa!</narracao>
    <narracao id="34639" momento="I" tempo="0">Equipes já aquecem no gramado!</narracao>
    <narracao id="34640" momento="I" tempo="0">Vai começar o segundo tempo!</narracao>
    <momento id="34641" momento="2ºT">Segundo tempo</momento>
    <narracao id="34644" momento="2ºT" tempo="1">COMEÇA O SEGUNDO TEMPO!!!</narracao>
    <narracao id="34646" momento="2ºT" tempo="1">Times marcam muito forte!</narracao>
    <narracao id="34649" momento="2ºT" tempo="2">Goiás toca a bola!</narracao>
    <narracao id="34651" momento="2ºT" tempo="4">Romerito arrisca o chute e a bola passa por cima do gol de Flávio, assustando o goleiro paranista!</narracao>
    <video id="34741" momento="2ºT" video="473466"> Veja o vídeo:  4' Romerito cobra falta e assusta Harlei!</video>
    <narracao id="34655" momento="2ºT" tempo="6">Danilo Portugal chuta rasteiro! A bola passa, fraquinha, à direita do gol de Flávio!</narracao>
    <narracao id="34656" momento="2ºT" tempo="7">Batista tenta concluir a jogada na área! Harlei sai bem do gol, evitando o gol paranista!</narracao>
    <narracao id="34657" momento="2ºT" tempo="9">Goiás pressiona o Paraná!</narracao>
    <narracao id="34659" momento="2ºT" tempo="9">Emerson faz falta em Romerito! Perigo para o Paraná! Fabiano ajeita a bola para a cobrança!</narracao>
    <substituicao id="34723" momento="2ºT" tempo="10" ico="/Portal/esportes/temporeal/swf/icos/substituicao.swf">Goiás faz substituição: entra Nonato, sai Roni</substituicao>
    <narracao id="34662" momento="2ºT" tempo="11">Jadílson cobra mal! A bola sobe demais e sai por cima do gol de Flávio!</narracao>
    <narracao id="34665" momento="2ºT" tempo="12">Goiás bem melhor do que o Paraná na segunda etapa!</narracao>
    <narracao id="34668" momento="2ºT" tempo="13">Os dois times vão errando muitos passes!</narracao>
    <narracao id="34670" momento="2ºT" tempo="15">Paraná tenta explorar os contra-ataques!</narracao>
    <cartao id="34676" momento="2ºT" atletaId="3091" tempo="16" ico="/Portal/esportes/temporeal/swf/icos/cartao_amarelo.swf" cor="amarelo">Goiano - Por fazer falta em Welliton, lateral paranista recebe o amarelo! É falta perigosa para o Goiás!</cartao>
    <substituicao id="34724" momento="2ºT" tempo="16" ico="/Portal/esportes/temporeal/swf/icos/substituicao.swf">Goiás faz substituição: entra Juliano, sai Hugo Leonardo</substituicao>
    <gol id="34680" momento="2ºT" atletaId="5237" tempo="17" escudo="/FlashShow/0,,7681,00.swf" contra="0"> GOL DE FABIANO  É DO GOIÁS!!! Fabiano cobra bem a falta, no canto esquerdo de Flávio, que fica estático vendo a bola balançar as redes! 1 a 0 para o Goiás!!! </gol>
    <video id="34740" momento="2ºT" video="473477"> Veja o vídeo:  17' Fabiano marca para o Goiás!</video>
    <narracao id="34684" momento="2ºT" tempo="20">Paraná joga mal no segundo tempo!</narracao>
    <narracao id="34688" momento="2ºT" tempo="21">Goiás muito superior no jogo!</narracao>
    <substituicao id="34736" momento="2ºT" tempo="21" ico="/Portal/esportes/temporeal/swf/icos/substituicao.swf">Paraná faz substituição: entra Cristiano, sai Serginho</substituicao>
    <narracao id="34700" momento="2ºT" tempo="24">Fabiano, com o nariz sangrando após receber uma bolada, vai sendo atendido fora de campo! </narracao>
    <narracao id="34709" momento="2ºT" tempo="26">UHHH! Romerito gira e chuta forte! A bola acerta a rede pelo lado de fora!</narracao>
    <narracao id="34711" momento="2ºT" tempo="28">Paraná erra muitos passes e não consegue atacar o Goiás!</narracao>
    <narracao id="34714" momento="2ºT" tempo="29">Batista arrisca o chute de longe e assusta Harlei! A bola sai à direita do gol do Goiás!</narracao>
    <narracao id="34715" momento="2ºT" tempo="29">Fabiano sente dores musculares e sai na maca!</narracao>
    <substituicao id="34725" momento="2ºT" tempo="30" ico="/Portal/esportes/temporeal/swf/icos/substituicao.swf">Goiás faz substituição: entra Rael, sai Fabiano</substituicao>
    <narracao id="34726" momento="2ºT" tempo="32">Goiás segue na pressão!</narracao>
    <cartao id="34728" momento="2ºT" atletaId="6584" tempo="33" ico="/Portal/esportes/temporeal/swf/icos/cartao_amarelo.swf" cor="amarelo">Danilo Portugal - Por fazer falta em Cristiano, o meia esmeraldino recebe o amarelo!</cartao>
    <substituicao id="34737" momento="2ºT" tempo="35" ico="/Portal/esportes/temporeal/swf/icos/substituicao.swf">Paraná faz substituição: entra Ângelo, sai Goiano</substituicao>
    <substituicao id="34738" momento="2ºT" tempo="35" ico="/Portal/esportes/temporeal/swf/icos/substituicao.swf">Paraná faz substituição: entra Henrique, sai Leonardo</substituicao>
    <narracao id="34742" momento="2ºT" tempo="37">Mudanças de Caio Júnior fazem efeito e o Paraná começa a pressionar o Goiás!</narracao>
    <gol id="34745" momento="2ºT" atletaId="12039" tempo="40" escudo="/FlashShow/0,,6598,00.swf" contra="0"> GOL DE ÂNGELO  É DO PARANÁ!!! Angelo cobra uma falta e a bola entra no ângulo esquerdo de Harlei, que se estica mas não alcança! 1 a 1!!! Empata o Paraná!!!</gol>
    <video id="34745v" momento="2ºT" video="473491"> Veja o vídeo: Gol de Ângelo.  40' É DO PARANÁ!!! Angelo cobra uma falta e a bola entra no ângulo esquerdo de Harlei, que se estica mas não alcança! 1 a 1!!! Empata o Paraná!!!</video>
    <narracao id="34748" momento="2ºT" tempo="42">Paraná quer a virada e parte para o ataque!</narracao>
    <gol id="34753" momento="2ºT" atletaId="6227" tempo="43" escudo="/FlashShow/0,,6598,00.swf" contra="0"> GOL DE JOÃO PAULO  É DO PARANÁ!!! Harlei bate o tiro de meta e, no meio-campo, João Paulo rebate a bola e manda para o gol! Harlei corre de volta ao gol mas não evita o segundo do Paraná!!! Gol incrível de João Paulo!!! Paraná vira o jogo!!!</gol>
    <video id="34753v" momento="2ºT" video="473492"> Veja o vídeo: Gol de João Paulo.  43' É DO PARANÁ!!! Harlei bate o tiro de meta e, no meio-campo, João Paulo rebate a bola e manda para o gol! Harlei corre de volta ao gol mas não evita o segundo do Paraná!!! Gol incrível de João Paulo!!! Paraná vira o jogo!!!</video>
    <narracao id="34755" momento="2ºT" tempo="44">+3 É o acréscimo do jogo!</narracao>
    <cartao id="34757" momento="2ºT" atletaId="12770" tempo="45" ico="/Portal/esportes/temporeal/swf/icos/cartao_amarelo.swf" cor="amarelo">Rael - Por fazer falta em Batista, zagueiro goiano recebe o amarelo!</cartao>
    <narracao id="34758" momento="2ºT" tempo="46">Goiás ainda tonto com o gol incrível marcado pelo Paraná!</narracao>
    <narracao id="34759" momento="2ºT" tempo="47">Vai acabar o jogo!</narracao>
    <narracao id="34761" momento="2ºT" tempo="48">ACABA O JOGO!!! PARANÁ VIRA!!! 2 a 1!!!</narracao>
    <momento id="34763" momento="E">Final de jogo</momento>
    <narracao id="34772" momento="E" tempo="0">Com um gol incrível do zagueiro João Paulo, o Paraná venceu por 2 a 1, de virada, o Goiás, no Serra Dourada. A partida não chegou a empolgar, e o empate seria o resultado mais justo para o equilibrado jogo. O Goiás pressionou os paranistas na segunda etapa e chegou ao gol, mas as substituições feitas por Caio Júnior surtiram efeito e o Paraná encontrou o caminho para a virada. Com isso, o time paranista sobe para a oitava colocação do Brasileiro!</narracao>
    <video id="34774" momento="E" video="473485"> Veja o vídeo:  26' Romerito acerta a rede pelo lado de fora!</video>
  </lances>
</lancealance>
