<?xml version="1.0" encoding="UTF-8"?>
<lancealance cobertura="1305" leitura="0">
  <placar>
    <equipe id="001" url="" nome="Fluminense" escudo="/FlashShow/0,,7236,00.swf" resultado="1" abreviacao="FLU"/>
    <equipe id="002" url="" nome="Corinthians" escudo="/FlashShow/0,,7285,00.swf" resultado="2" abreviacao="COR"/>
  </placar>
  <lances>
    <momento id="50845" momento="PJ">Pré-jogo</momento>
    <narracao id="51034" momento="PJ" tempo="0">O MARACANÃ VAI SER PALCO PARA UM DOS MAIORES CLÁSSICOS DO PAÍS: FLUMINENSE X CORINTHIANS!
</narracao>
    <narracao id="51035" momento="PJ" tempo="0">A partida começa às 22h.</narracao>
    <narracao id="51037" momento="PJ" tempo="0">ESTRÉIAS NO COMANDO! Josué Teixeira comanda o Flu no Maracanã pela primeira vez em sua carreira. Émerson Leão inicia sua missão de tirar o Timão da rabeira da tabela. 
</narracao>
    <narracao id="51039" momento="PJ" tempo="0">Após alguns maus resultados que custaram o cargo de Oswaldo de Oliveira, o Tricolor vai a campo reabilitado pela sensacional virada sobre o Cruzeiro no Mineirão. Como no ano passado, o Flu briga pelas primeiras posições. A torcida espera que a reta final seja diferente desta vez.
</narracao>
    <narracao id="51041" momento="PJ" tempo="0">
Já o atual campeão segue seu calvário nesta temporada. O Corinthians é o único time que já ultrapassou uma dezena de derrotas no campeonato. A última para o Figueirense por 3 a 1 em pleno Pacaembu também custou o cargo de Geninho no comando do time. A defesa é a segunda mais vazada da competição.
</narracao>
    <narracao id="51042" momento="PJ" tempo="0">O time do Fluminense está desfigurado para a partida. Marcelo, Arouca, Juliano e Thiago estão suspensos. O outro zagueiro titular, Thiago Silva, está machucado. Djordjevic, compatriota de Petkovic, está confirmado na zaga.</narracao>
    <narracao id="51043" momento="PJ" tempo="0">Leão quase não teve tempo para treinar o Corinthians, mas vai promover mudanças. Mascherano e Gustavo Nery devem retornar ao time. É provável a volta de Roger e a estréia de Nádson, que disputa vaga no ataque com Rafael Moura.   </narracao>
    <narracao id="51044" momento="PJ" tempo="0">Carlos Alberto e Roger vão enfrentar o clube que os revelou. Rogério também atua contra seu ex-time.</narracao>
    <narracao id="51045" momento="PJ" tempo="0">O gaúcho Leonardo Gaciba apita a partida.</narracao>
    <narracao id="51046" momento="PJ" tempo="0">O Tricolor leva pequena vantagem no histórico de confrontos: 31 vitórias, 20 empates e 28 derrotas. Em Campeonatos Brasileiros, empate no retrospecto: 11 vitórias para cada lado e 9 empates, com 30 gols paulistas e 29 cariocas.</narracao>
    <narracao id="51078" momento="PJ" tempo="0">O Fluminense entra em campo saudado pela torcida tricolor!</narracao>
    <narracao id="51082" momento="PJ" tempo="0">O Corinthians está no gramado do Maracanã!</narracao>
    <narracao id="51086" momento="PJ" tempo="0">O Flu joga de grená, o Timão joga de branco.</narracao>
    <momento id="51097" momento="1ºT">Primeiro tempo</momento>
    <narracao id="51101" momento="1ºT" tempo="0">BOLA ROLANDO NO MARACANÃ!</narracao>
    <narracao id="51107" momento="1ºT" tempo="1">QUE LINDO! Pet aplica linda caneta em adversário e bate colocado de fora da área. Bola passa perto da trave.</narracao>
    <video id="51147" momento="1ºT" video="523386"> Veja o vídeo:  1' Petkovic chuta de longe para fora.</video>
    <gol id="51111" momento="1ºT" atletaId="6504" tempo="2" escudo="/FlashShow/0,,7285,00.swf" contra="0"> GOL DE CARLOS TEVEZ  GOOOOOOOL DO CORINTHIANS!!!! Eduardo Ratinho recebe bola no lado direito da área e rola para o meio. O argentino apenas tem o trabalho de empurrar para o fundo da rede.</gol>
    <video id="51111v" momento="1ºT" video="523391"> Veja o vídeo: Gol de Carlos Tevez.  2' GOOOOOOOL DO CORINTHIANS!!!! Eduardo Ratinho recebe bola no lado direito da área e rola para o meio. O argentino apenas tem o trabalho de empurrar para o fundo da rede.</video>
    <narracao id="51119" momento="1ºT" tempo="3">QUASE O SEGUNDO! Após rebatida de Marcus Vinícius na zaga, Tevez consegue o dominío na frente e bate da entrada da área. Bola passa perto do gol.</narracao>
    <narracao id="51122" momento="1ºT" tempo="4">Falta perigosa para o Flu...</narracao>
    <narracao id="51128" momento="1ºT" tempo="5">... Petkovic bate na barreira, pega o rebote e cruza na área. A zaga corintiana afasta.</narracao>
    <narracao id="51136" momento="1ºT" tempo="7">UUUUUUH! Petkovic bate falta de longe com veneno, Marcelo espalma. O Flu pega o rebote e a bola é levantada na área, Marcão cabeceia para defesa de Marcelo.</narracao>
    <video id="51193" momento="1ºT" video="523400"> Veja o vídeo:  7' Marcelo faz boas defesas.</video>
    <narracao id="51139" momento="1ºT" tempo="9">Carlos Alberto faz linda jogada e sofre falta próximo à área...</narracao>
    <gol id="51142" momento="1ºT" atletaId="6479" tempo="10" escudo="/FlashShow/0,,7285,00.swf" contra="0"> GOL DE MARINHO  ... GOOOOOOL DO CORINTHIANS!! Carlos Alberto cruza na área, Marinho completa de cabeça.</gol>
    <video id="51142v" momento="1ºT" video="523404"> Veja o vídeo: Gol de Marinho.  10' ... GOOOOOOL DO CORINTHIANS!! Carlos Alberto cruza na área, Marinho completa de cabeça.</video>
    <narracao id="51156" momento="1ºT" tempo="12">Carlos Alberto está inspirado! O meia dá lindo elástico, mas perde a bola na seqüência.</narracao>
    <narracao id="51160" momento="1ºT" tempo="13">Rissut recebe na entrada da área e bate por cima do gol.</narracao>
    <narracao id="51167" momento="1ºT" tempo="15">Gustavo Nery chega bem na marcação e impede cruzamento de Rissut.</narracao>
    <narracao id="51171" momento="1ºT" tempo="16">Gustavo Nery pega rebote de Marcão e bate de fora da área. Defesa fácil de Fernando Henrique.</narracao>
    <substituicao id="51370" momento="1ºT" tempo="17" ico="/Portal/esportes/temporeal/swf/icos/substituicao.swf">Fluminense faz substituição: entra Beto, sai Rissutt</substituicao>
    <narracao id="51176" momento="1ºT" tempo="18">Cláudio Pitbull bate forte da grande área. Marcelo dá rebote e a zaga corintiana afasta o perigo.</narracao>
    <narracao id="51178" momento="1ºT" tempo="19">Carlos Alberto finta Marcão e bate rasteiro de fora da área. Defesa tranqüila de Fernando Henrique.</narracao>
    <narracao id="51185" momento="1ºT" tempo="20">Impedimento mal marcado de Tevez. Seria contra-ataque mortal.</narracao>
    <narracao id="51189" momento="1ºT" tempo="21">QUASE! Pet bate falta na área, Romeu cabeceia rente à trave.</narracao>
    <video id="51213" momento="1ºT" video="523410"> Veja o vídeo:  21' Romeu cabeceia com perigo.</video>
    <narracao id="51201" momento="1ºT" tempo="23">PÊNALTI PARA O FLU!!! Tuta é puxado por Gustavo Nery e cava a penalidade...</narracao>
    <gol id="51206" momento="1ºT" atletaId="3421" tempo="25" escudo="/FlashShow/0,,7236,00.swf" contra="0"> GOL DE TUTA   ... GOOOOOOOL DO FLUMINENSE!!!!! Tuta bate certeiro no canto direito. O goleiro vai certo, toca na bola, mas não evita o gol.</gol>
    <video id="51206v" momento="1ºT" video="523412"> Veja o vídeo: Gol de Tuta .  25' ... GOOOOOOOL DO FLUMINENSE!!!!! Tuta bate certeiro no canto direito. O goleiro vai certo, toca na bola, mas não evita o gol.</video>
    <narracao id="51207" momento="1ºT" tempo="27">Romeu entra de carrinho e manda para córner...</narracao>
    <narracao id="51208" momento="1ºT" tempo="27">... Roger bate com efeito, Fernando Henrique sai do gol e defende.</narracao>
    <narracao id="51211" momento="1ºT" tempo="28">Jean arrisca de muito longe, Marcelo defende firme.</narracao>
    <narracao id="51216" momento="1ºT" tempo="29">Petkovic bate falta na área, Marcelo voa e tira de soco.</narracao>
    <narracao id="51221" momento="1ºT" tempo="30">Os técnicos Émerson Leão e Josué Teixeira discutem à beira do campo.</narracao>
    <cartao id="51224" momento="1ºT" atletaId="104" tempo="32" ico="/Portal/esportes/temporeal/swf/icos/cartao_amarelo.swf" cor="amarelo">Gustavo Nery - O lateral atropela Rogério e recebe o primeiro cartão da partida.</cartao>
    <narracao id="51227" momento="1ºT" tempo="33">Rogério cruza para a área e Tuta cabeceia prensado. A bola sobra para o goleiro Marcelo.</narracao>
    <narracao id="51230" momento="1ºT" tempo="34">PEGOU MAL! Cláudio Pitbull bate falta por cima do gol.</narracao>
    <narracao id="51236" momento="1ºT" tempo="36">BOA JOGADA! Cláudio Pitbull gira na linha de fundo e cruza para a área, Mascherano salva de cabeça.</narracao>
    <cartao id="51239" momento="1ºT" atletaId="53" tempo="37" ico="/Portal/esportes/temporeal/swf/icos/cartao_amarelo.swf" cor="amarelo">Marcão  - Meia faz falta em Roger fora do lance e recebe o primeiro cartão do Fluminense.</cartao>
    <narracao id="51240" momento="1ºT" tempo="38">Tevez faz boa tabela e toca para o meio da área, Marcão consegue afastar o perigo.</narracao>
    <narracao id="51243" momento="1ºT" tempo="39">POR POUCO! Tevez bate de fora da área, bola desvia em Djordjevic e quase entra.</narracao>
    <video id="51272" momento="1ºT" video="523420"> Veja o vídeo:  39' Tevez chuta rasteiro de fora da área e quase marca.</video>
    <narracao id="51246" momento="1ºT" tempo="41">Beto recebe bom passe de Petkovic, mas bate sem direção.</narracao>
    <narracao id="51249" momento="1ºT" tempo="42">Petkovic bate falta na área, Betão desvia para córner...</narracao>
    <narracao id="51250" momento="1ºT" tempo="42">... Pet tenta gol olímpico, mas não tem sucesso.</narracao>
    <narracao id="51258" momento="1ºT" tempo="44">Roger mete a mão na bola no campo de defesa corintiano.</narracao>
    <narracao id="51260" momento="1ºT" tempo="45">Pet levanta bola na área, a zaga do Timão afasta.</narracao>
    <narracao id="51263" momento="1ºT" tempo="46">FIM DE PRIMEIRO TEMPO!</narracao>
    <momento id="51264" momento="I">Show do intervalo</momento>
    <narracao id="51269" momento="I" tempo="0">JOGO ELETRIZANTE NO MARACANÃ!! O Corinthians começou a partida como um rolo compressor e marcou dois gols nos primeiros dez minutos. Dava até impressão de que aumentaria o placar. Josué Teixeira mexeu aos 17 minutos e com a entrada de Beto o time melhorou. O Fluminense conseguiu diminuir o placar em um pênalti duvidoso, e a partir daí, equilibrou a partida que continuou movimentada até o fim do primeiro tempo.</narracao>
    <narracao id="51282" momento="I" tempo="0">O Corinthians volta do vestiário!</narracao>
    <narracao id="51288" momento="I" tempo="0">O Flu também está no gramado!</narracao>
    <momento id="51289" momento="2ºT">Segundo tempo</momento>
    <narracao id="51290" momento="2ºT" tempo="0">COMEÇA O SEGUNDO TEMPO!</narracao>
    <narracao id="51294" momento="2ºT" tempo="1">GOL DO FLU É ANULADO! Jean marca em impedimento, mas uma falta já estava marcada para o Tricolor...</narracao>
    <cartao id="51295" momento="2ºT" atletaId="3041" tempo="1" ico="/Portal/esportes/temporeal/swf/icos/cartao_amarelo.swf" cor="amarelo">Paulo Almeida - Paulo Almeida leva cartão amarelo pela falta no lance...</cartao>
    <video id="51321" momento="2ºT" video="523430"> Veja o vídeo:  1' Fluminense tem gol anulado.</video>
    <narracao id="51297" momento="2ºT" tempo="2">... Pet bate a falta, a bola toca na barreira e sai para córner...</narracao>
    <narracao id="51298" momento="2ºT" tempo="3">... Nova falta para o Flu! Beto pega o rebote do córner e é puxado por Carlos Alberto...</narracao>
    <narracao id="51299" momento="2ºT" tempo="4">... UUUUUUUH!! Petkovic bate direto, a bola passa perto do ângulo esquerdo do gol.</narracao>
    <narracao id="51302" momento="2ºT" tempo="6">Rogério cruza para a área, Beto não consegue dominar e bola sai pela linha de fundo.</narracao>
    <narracao id="51308" momento="2ºT" tempo="7">Roger bate falta na área, ninguém consegue desviar e bola sobra para Fernando Henrique.</narracao>
    <cartao id="51310" momento="2ºT" atletaId="46" tempo="8" ico="/Portal/esportes/temporeal/swf/icos/cartao_amarelo.swf" cor="amarelo">Petkovic - Meia dá carrinho criminoso em Roger e recebe cartão amarelo.</cartao>
    <narracao id="51315" momento="2ºT" tempo="10">Romeu pega rebote após cruzamento de Roger, mas bate sem direção.</narracao>
    <narracao id="51316" momento="2ºT" tempo="11">O Fluminense volta melhor para o segundo tempo.</narracao>
    <narracao id="51324" momento="2ºT" tempo="12">Carlos Alberto bate córner, Fernando Henrique defende.</narracao>
    <narracao id="51326" momento="2ºT" tempo="13">Roger ganha bola na raça e cruza na área, Pet chuta forte para o gol, mas bola bate na zaga.</narracao>
    <cartao id="51330" momento="2ºT" atletaId="3089" tempo="15" ico="/Portal/esportes/temporeal/swf/icos/cartao_amarelo.swf" cor="amarelo">Romeu - Carlos Alberto está endiabrado! Meia entorta Roger e Romeu e sofre falta...</cartao>
    <narracao id="51332" momento="2ºT" tempo="16">... Bola rolada para trás, Gustavo Nery bate para fora, sem perigo.</narracao>
    <narracao id="51334" momento="2ºT" tempo="17">Romeu levanta bola na área e Tuta divide com Marcelo. O goleiro corintiano leva a pior.</narracao>
    <video id="51362" momento="2ºT" video="523435"> Veja o vídeo:  17' Marcelo sai do gol para cortar cruzamento.</video>
    <narracao id="51337" momento="2ºT" tempo="19">Rogério rouba a bola no ataque e rola na entrada na área para Cláudio Pitbull. O atacante pega mal e chuta errado.</narracao>
    <narracao id="51341" momento="2ºT" tempo="20">Cláudio Pitbull chuta para o gol, bola bate na zaga e sai para escanteio.</narracao>
    <video id="51387" momento="2ºT" video="523436"> Veja o vídeo:  20' Cláudio Pitbull chuta rasteiro com perigo.</video>
    <substituicao id="51371" momento="2ºT" tempo="24" ico="/Portal/esportes/temporeal/swf/icos/substituicao.swf">Fluminense faz substituição: entra Radamés, sai Rogério</substituicao>
    <narracao id="51352" momento="2ºT" tempo="25">Carlos Alberto sofre falta quase na marca de escanteio...</narracao>
    <substituicao id="51354" momento="2ºT" tempo="25" ico="/Portal/esportes/temporeal/swf/icos/substituicao.swf">Corinthians faz substituição: entra Rafael Moura, sai Carlos Alberto</substituicao>
    <narracao id="51355" momento="2ºT" tempo="26">... Bola na área tricolor, Rafael Moura cabeceia por cima.</narracao>
    <narracao id="51359" momento="2ºT" tempo="27">GOL FEITO! Tevez dá passe na cara do gol para Roger, o meia erra no domínio e perde tempo. Fernando Henrique fecha o ângulo e defende a conclusão.</narracao>
    <video id="51390" momento="2ºT" video="523439"> Veja o vídeo:  27' Roger desperdiça ótima oportunidade.</video>
    <narracao id="51364" momento="2ºT" tempo="28">NA TRAVE!!! Gustavo Nery encontra Tevez livre na área. O atacante explode a trave!</narracao>
    <video id="51405" momento="2ºT" video="523440"> Veja o vídeo:  28' Tevez chuta na trave.</video>
    <narracao id="51367" momento="2ºT" tempo="29">PRESSÃO DO TIMÃO!!! Tevez perde outro gol na cara. Fernando Henrique faz duas defesas muito importantes.</narracao>
    <substituicao id="51372" momento="2ºT" tempo="30" ico="/Portal/esportes/temporeal/swf/icos/substituicao.swf">Fluminense faz substituição: entra Ânderson, sai Jean</substituicao>
    <cartao id="51376" momento="2ºT" atletaId="6742" tempo="32" ico="/Portal/esportes/temporeal/swf/icos/cartao_amarelo.swf" cor="amarelo">Marcus Vinícius - Cartão amarelo para o zagueiro por falta dura em Beto.</cartao>
    <cartao id="51379" momento="2ºT" atletaId="3041" tempo="33" ico="/Portal/esportes/temporeal/swf/icos/cartao_vermelho.swf" cor="vermelho">Paulo Almeida - PARA FORA!! Paulo Almeida entra de carrinho em Petkovic, leva o segundo cartão amarelo e vai para o vestiário mais cedo.</cartao>
    <video id="51412" momento="2ºT" video="523441"> Veja o vídeo:  33' Paulo Almeida é expulso.</video>
    <narracao id="51386" momento="2ºT" tempo="34">Marcão invade o lado esquerdo da área, tenta um toque para o meio, mas perde a bola.</narracao>
    <narracao id="51392" momento="2ºT" tempo="36">NA CARA DO GOL! Bola levantada na área para Tuta, que sozinho, cabeceia para fora.</narracao>
    <narracao id="51395" momento="2ºT" tempo="37">Beto faz boa jogada na linha de fundo, mas desequilibrado, cruza fraco.</narracao>
    <narracao id="51396" momento="2ºT" tempo="38">ENLOUQUECE A TORCIDA! Djordjevic toca na fogueira para Fernando Henrique que tem que se virar para tirar a bola da área.</narracao>
    <narracao id="51401" momento="2ºT" tempo="40">PÉSSIMO! Roger cruza direto pela linha de fundo.</narracao>
    <narracao id="51404" momento="2ºT" tempo="41">QUE DEFESA! Tuta recebe bola na marca do pênalti, gira e bate forte. Marcelo faz ótima defesa.</narracao>
    <video id="51425" momento="2ºT" video="523442"> Veja o vídeo:  41' Marcelo faz ótima defesa em chute de Tuta.</video>
    <narracao id="51417" momento="2ºT" tempo="44">Árbitro marca falta de ataque de Beto em disputa com Betão.</narracao>
    <narracao id="51418" momento="2ºT" tempo="47">Beto cruza bola na área, Marcelo defende.</narracao>
    <narracao id="51420" momento="2ºT" tempo="47">UUUUUUUH!! Gustavo Nery bate cruzado para fora e leva muito perigo.</narracao>
    <narracao id="51421" momento="2ºT" tempo="48">FIM DE JOGO NO MARACANÃ!</narracao>
    <momento id="51422" momento="E">Final de jogo</momento>
    <narracao id="51424" momento="E" tempo="0">Na primeira partida de Émerson Leão como técnico, o Corinthians vence o Fluminense no Maracanã com exibição sensacional de Carlos Alberto e consegue largar a lanterna do campeonato! </narracao>
  </lances>
</lancealance>
