<?xml version="1.0" encoding="UTF-8"?>
<lancealance cobertura="1285" leitura="0">
  <placar>
    <equipe id="001" url="" nome="Grêmio" escudo="/FlashShow/0,,7844,00.swf" resultado="2" abreviacao="GRE"/>
    <equipe id="002" url="" nome="Atlético-PR" escudo="/FlashShow/0,,6584,00.swf" resultado="0" abreviacao="APR"/>
  </placar>
  <lances>
    <momento id="49946" momento="PJ">Pré-jogo</momento>
    <narracao id="49949" momento="PJ" tempo="0">Grêmio e Atlético Paranaense se enfrentam, daqui a pouco, no estádio Centenário, em Caxias do Sul, com portões fechados. O Tricolor gaúcho começa a cumprir a punição imposta pelo STJD de perda de mando de campo por oito jogos, após sua torcida ser culpada dos atos de vandalismo ocorridos no último Gre-Nal, no Beira-Rio.
</narracao>
    <narracao id="49952" momento="PJ" tempo="0">O técnico Mano Menezes comemora o fato de poder escalar o mesmo time que bateu o Juventude por 1 a 0 no Olímpico, na última rodada. Jeovânio, que chegou a ser poupado de alguns treinos nesta semana, era a única dúvida. Era porque se recuperou de uma dor muscular e está confirmado.</narracao>
    <narracao id="49953" momento="PJ" tempo="0">Em quinze jogos, o Grêmio venceu cinco, empatou outras cinco e também perdeu cinco vezes. Com isso, acumula 20 pontos e se encontra na 11ª colocação. Já o Atlético do Paraná tem retrospecto um pouco inferior. Conquistou 17 pontos por ter ganho cinco partidas e empatado duas. Foi derrotado em oito confrotos. </narracao>
    <narracao id="49955" momento="PJ" tempo="0">O Furação tenta se reabilitar da derrota sofrida para o Corinthians por 2 a 1 no Pacaembu, no fim de semana passado.
</narracao>
    <narracao id="49956" momento="PJ" tempo="0">O time rubro-negro não conta com o lateral Jancarlos, expulso contra o Corinthians, e o zagueiro Danilo, suspenso por ter recebido o terceiro cartão amarelo. César vai estrear formando a dupla de zaga com João Leonardo. A dúvida do técnico Vadão é na lateral-direita. Mais especificamente, entre Carlos Roberto e André Rocha. No banco de reservas, a novidade
é o goleiro Navarro Montoya, de 40 anos.</narracao>
    <narracao id="49957" momento="PJ" tempo="0">Torcedores do Grêmio se espremem em um morro próximo ao estádio Centenário, na Serra Gaúcha, para tentar assistir ao jogo. Como diz o hino..."com o Grêmio, onde o Grêmio estiver" </narracao>
    <narracao id="49966" momento="1ºT" tempo="0">Começa o jogo.</narracao>
    <momento id="49967" momento="1ºT">Primeiro tempo</momento>
    <narracao id="49970" momento="1ºT" tempo="1">Evaldo afasta o perigo em cruzamento perigoso do Furacão. </narracao>
    <video id="49999" momento="1ºT" video="520845"> Veja o vídeo:  3' Ataque do time rubro-negro com Dênis Marquês, que tenta voleio, mas a bola vai para fora.</video>
    <narracao id="49978" momento="1ºT" tempo="4">Impedimento de Dagoberto bem marcado pelo árbitro.</narracao>
    <narracao id="49980" momento="1ºT" tempo="5">Estado do gramado do estádio Centenário é lamentável. Não possibilita o bom futebol e está longe do ideal.</narracao>
    <narracao id="49984" momento="1ºT" tempo="8">Boa chegada do Grêmio. Mas o goleiro Cléber se antecipa e evita o pior.</narracao>
    <narracao id="49987" momento="1ºT" tempo="10">Furacão está melhor na partida. Ganha mais bolas no meio-de-campo e tem mais posse de bola até o momento.</narracao>
    <narracao id="49989" momento="1ºT" tempo="11">Impedimento do meio-campista Tcheco, do Grêmio.</narracao>
    <narracao id="49994" momento="1ºT" tempo="13">Tcheco não consegue se livrar da marcação de Ivan e perde a bola na entrada da área, no comando de ataque.</narracao>
    <narracao id="49997" momento="1ºT" tempo="13">Primeira finalização do Tricolor, com Rômulo chutando forte e bola indo no cantinho. Cléber consegue chegar nela.</narracao>
    <video id="50013" momento="1ºT" video="520848"> Veja o vídeo:  13' Rômulo enche o pé, mas o goleiro Cleber chega a tempo de fazer bela defesa.</video>
    <narracao id="50004" momento="1ºT" tempo="18">Grêmio tem dificuldade para tocar a bola. Atlético Paranaense marca muito bem.</narracao>
    <narracao id="50007" momento="1ºT" tempo="19">Bola levantada na área pelo Grêmio, a zaga do Rubro-negro consegue afastar o perigo.</narracao>
    <narracao id="50011" momento="1ºT" tempo="21">Quase que o goleiro Cléber se complita. Ele chuta a bola em cima de Hugo e por pouco o Tricolor não abre o placar.</narracao>
    <narracao id="50015" momento="1ºT" tempo="24">Ataque tricolor desperdiça boa oportunidade de gol.</narracao>
    <narracao id="50018" momento="1ºT" tempo="25">Partida bastante truncada em jogadas no meio-de-campo.</narracao>
    <narracao id="50019" momento="1ºT" tempo="25">Grêmio ganha escanteio....Tcheco bate para ninguém!!!</narracao>
    <narracao id="50023" momento="1ºT" tempo="26">Pressão do Grêmio!!!Cruzamento de João Leonardo é interceptado pela zaga rubro-negra. </narracao>
    <narracao id="50026" momento="1ºT" tempo="28">Tcheco acerta o atacante Dagoberto, que está caido em campo e recebe atendimento médico.</narracao>
    <narracao id="50030" momento="1ºT" tempo="30">Rômulo perde gol cara a cara com Cléber. É a melhor jogada do Grêmio na partida.</narracao>
    <video id="50060" momento="1ºT" video="520861"> Veja o vídeo:  30' Rômulo peca na finalização à queima-roupa diante de Cléber.</video>
    <narracao id="50033" momento="1ºT" tempo="31">Mesmo com a proibição do STJD, alguns sortudos estão na arquibancada assistindo ao jogo.</narracao>
    <substituicao id="50221" momento="1ºT" tempo="31" ico="/Portal/esportes/temporeal/swf/icos/substituicao.swf">Grêmio faz substituição: entra Herrera, sai Hugo</substituicao>
    <narracao id="50035" momento="1ºT" tempo="32">Rafinha pega mal na bola e chuta por cima do gol. </narracao>
    <narracao id="50040" momento="1ºT" tempo="33">Patrício não consegue concluir no gol em chute da entrada da área.</narracao>
    <narracao id="50042" momento="1ºT" tempo="34">Marcelo mostra que está bem posicionado e evita ataque rubro-negro.</narracao>
    <video id="50106" momento="1ºT" video="520867"> Veja o vídeo:  34' Romulo não consegue empurrar para a rede</video>
    <narracao id="50045" momento="1ºT" tempo="38">Hugo perde bola no ataque, mas o Grêmio se recupera ... </narracao>
    <narracao id="50048" momento="1ºT" tempo="38">...Em bola cruzada na área, Romulo chuta com perigo e a bola passa rente à trave.</narracao>
    <narracao id="50050" momento="1ºT" tempo="38">Bola tabelinha entre Hugo e Romulo, mas o árbitro marca impedimento.</narracao>
    <narracao id="50051" momento="1ºT" tempo="39">Mais um impedimento do ataque gremista!!!</narracao>
    <narracao id="50054" momento="1ºT" tempo="39">Romulo vai na linha de fundo e cruza. Rafinha tenta a conclusão, mas a bola passa por cima da trave.</narracao>
    <narracao id="50055" momento="1ºT" tempo="40">QUE ISSO??? Rafinha erra gol embaixo da trave. </narracao>
    <cartao id="50058" momento="1ºT" atletaId="540" tempo="41" ico="/Portal/esportes/temporeal/swf/icos/cartao_amarelo.swf" cor="amarelo">Patrício - Lateral é punido por fazer falta desleal.</cartao>
    <narracao id="50062" momento="1ºT" tempo="43">Pressão do Atlético Paranaense!!! Bate-rebate e Tricolor tira a bola no sufoco.</narracao>
    <video id="50121" momento="1ºT" video="520880"> Veja o vídeo:  43' Dagoberto cruza na área e Alex não consegue marcar para o Furacão. </video>
    <narracao id="50064" momento="1ºT" tempo="44">Árbitro dá 1 minuto de acréscimo!!!</narracao>
    <narracao id="50069" momento="1ºT" tempo="46">Fim de primeiro tempo!!!</narracao>
    <momento id="50071" momento="I">Show do intervalo</momento>
    <narracao id="50083" momento="I" tempo="0">O Furacão começou melhor, mas o Grêmio se impôs a partir dos 10 minutos iniciais. O atacante Rômulo desperdiçou as duas melhores chances de gol da partida. E Rafinha não conseguiu balançar a rede em duas finalizações embaixo da trave. O Atlético Paranaense joga na base do contra-ataque.</narracao>
    <momento id="50091" momento="2ºT">Segundo tempo</momento>
    <narracao id="50095" momento="2ºT" tempo="0">Começa o segundo tempo.</narracao>
    <substituicao id="50204" momento="2ºT" tempo="0" ico="/Portal/esportes/temporeal/swf/icos/substituicao.swf">Atlético-PR faz substituição: entra Fabrício, sai Alex</substituicao>
    <narracao id="50104" momento="2ºT" tempo="2">Patrício dá o primeiro chute a gol do segundo tempo.</narracao>
    <video id="50199" momento="2ºT" video="520890"> Veja o vídeo:  2' Ataque tricolor ameaça com Patrício.</video>
    <narracao id="50113" momento="2ºT" tempo="4">Ferreira põe Dênis Marques na cara do gol, mas este conclui nas mãos de Marcelo.</narracao>
    <video id="50210" momento="2ºT" video="520893"> Veja o vídeo:  4' Dênis Marques erra gol incrível!!!</video>
    <narracao id="50114" momento="2ºT" tempo="5">Tcheco cabeceia para baixo, mas a bola sai fraca nas mãos do goleiro Cléber.</narracao>
    <narracao id="50118" momento="2ºT" tempo="7">Dênis Marques chuta desequilibrado para a fácil defesa de Marcelo.</narracao>
    <gol id="50126" momento="2ºT" atletaId="2749" tempo="9" escudo="/FlashShow/0,,7844,00.swf" contra="0"> GOL DE HUGO  GOOLLLLLLL DO GRÊMIO!!!! Bela tabela gremista entre Rômulo e Hugo. Depois, este solta a bomba para abrir o placar.</gol>
    <narracao id="50130" momento="2ºT" tempo="11">Torcida gremista comemora em uma escadaria ao redor do estádio Centenário.</narracao>
    <narracao id="50137" momento="2ºT" tempo="14">Fabrício cruza bola nas mãos do goleiro Marcelo.</narracao>
    <narracao id="50140" momento="2ºT" tempo="15">Wellington chuta cruzado da entrada da área, muito mal. A bola passa longe do gol e sai pela linha de fundo.</narracao>
    <narracao id="50144" momento="2ºT" tempo="16">Dênis Marques arrisca do meio da rua. A bola desvia na zaga tricolor. Escanteio para o Furacão.</narracao>
    <narracao id="50150" momento="2ºT" tempo="18">Patrício toca a bola para Rômulo, que não consegue dominar, e desperdiça mais chance de gol. </narracao>
    <substituicao id="50222" momento="2ºT" tempo="20" ico="/Portal/esportes/temporeal/swf/icos/substituicao.swf">Grêmio faz substituição: entra Leo Lima, sai Rafinha</substituicao>
    <narracao id="50156" momento="2ºT" tempo="21">Fabrício cruza e William tira de qualquer jeito.</narracao>
    <narracao id="50159" momento="2ºT" tempo="22">André Rocha erra gol cara a cara com Marcelo.</narracao>
    <cartao id="50161" momento="2ºT" atletaId="198" tempo="23" ico="/Portal/esportes/temporeal/swf/icos/cartao_amarelo.swf" cor="amarelo">César - Zagueiro faz falta feia em leo Lima</cartao>
    <substituicao id="50205" momento="2ºT" tempo="27" ico="/Portal/esportes/temporeal/swf/icos/substituicao.swf">Atlético-PR faz substituição: entra Herrera, sai Ferreira</substituicao>
    <cartao id="50171" momento="2ºT" atletaId="458" tempo="29" ico="/Portal/esportes/temporeal/swf/icos/cartao_vermelho.swf" cor="vermelho">Dagoberto - Atacante é expulso por falta e depois reclamação.</cartao>
    <video id="50219" momento="2ºT" video="520905"> Veja o vídeo:  29' Atacante é punido por fazer falta feia e depois reclamar com o árbitro.</video>
    <narracao id="50179" momento="2ºT" tempo="32">Árbitro não marca pênalti a favor do Grêmio. </narracao>
    <video id="50235" momento="2ºT" video="520908"> Veja o vídeo:  34' Rômulo erra o feio o gol.</video>
    <narracao id="50196" momento="2ºT" tempo="36">Boa chegada do Grêmio com Leo Lima. Quase quase amplia o placar.</narracao>
    <substituicao id="50206" momento="2ºT" tempo="38" ico="/Portal/esportes/temporeal/swf/icos/substituicao.swf">Atlético-PR faz substituição: entra Evandro, sai Cristian</substituicao>
    <gol id="50260" momento="2ºT" atletaId="10709" tempo="42" escudo="/FlashShow/0,,7844,00.swf" contra="0"> GOL DE HERRERA  GOOOOOOOLLLLL DO GRÊMIO!!!! Herrera mostra oportunismo e recebe bola cara a cara com Cléber, que foi encoberto pelo atacante do Tricolor gaúcho.</gol>
    <substituicao id="50223" momento="2ºT" tempo="44" ico="/Portal/esportes/temporeal/swf/icos/substituicao.swf">Grêmio faz substituição: entra Ramón, sai Rômulo</substituicao>
    <narracao id="50228" momento="2ºT" tempo="46">Fim de jogo.</narracao>
    <momento id="50230" momento="E">Final de jogo</momento>
  </lances>
</lancealance>
