<?xml version="1.0" encoding="UTF-8"?>
<lancealance cobertura="1005" leitura="0">
  <placar>
    <equipe id="001" url="" nome="Figueirense" escudo="/FlashShow/0,,6591,00.swf" resultado="0" abreviacao="FIG"/>
    <equipe id="002" url="" nome="Fortaleza" escudo="/FlashShow/0,,6592,00.swf" resultado="0" abreviacao="FOR"/>
  </placar>
  <lances>
    <narracao id="30796" momento="PJ" tempo="0">Para o Fortaleza, a meta é recuperar-se da goleada sofrida em casa contra o Fluminense por 5 a 2. O time que vinha fazendo campanha regular, está ameaçado de entrar para a zona de rebaixamento se sofrer mais uma derrota. Dude cumpre suspensão e Chicão deve ficar com a vaga.  </narracao>
    <momento id="30797" momento="PJ">Pré-jogo</momento>
    <narracao id="30798" momento="PJ" tempo="0">O Figueira quer a vitória para encostar nos primeiros colocados. A equipe tem um desfalque importante no ataque. 
Soares, que já marcou quatro gols na competição, sofreu uma entorse no tornolezo esquerdo na última partida e não joga. 
O zagueiro Vinícius está suspenso e também está fora.</narracao>
    <narracao id="30799" momento="PJ" tempo="0">Figueirense e Fortaleza se enfrentam às 18h10m no Orlando Scarpelli.</narracao>
    <momento id="30921" momento="1ºT">Primeiro tempo</momento>
    <narracao id="30925" momento="1ºT" tempo="1">Começa a partida no Orlando Scarpelli!</narracao>
    <narracao id="30928" momento="1ºT" tempo="5">Falta perigosa para o Figueirense..
</narracao>
    <narracao id="30931" momento="1ºT" tempo="5">...Flávio lança na área, Chicão resvala de cabeça e a bola vai tranquila para Albérico.</narracao>
    <narracao id="30934" momento="1ºT" tempo="7">Vacilo! Marquinhos Paraná se atrapalha sozinho na lateral esquerda e deixa a bola sair.</narracao>
    <narracao id="30936" momento="1ºT" tempo="9">Escanteio para o Figueirense..</narracao>
    <narracao id="30939" momento="1ºT" tempo="10">..Schwenck chega bem de cabeça e o goleiro faz difícil defesa. Mas o árbitro já marcava falta do atacante.</narracao>
    <narracao id="30941" momento="1ºT" tempo="11">Rinaldo tenta o lançamento, mas a bola sai forte e cai nas mãos de Andrey.</narracao>
    <narracao id="30946" momento="1ºT" tempo="14">QUE PERIGO! Ricardo Miranda arrisca uma bomba de fora, mas a bola passa à direita do goleiro do Figueira.</narracao>
    <narracao id="30952" momento="1ºT" tempo="18">Escanteio para o Figueira.. Fernandes cruza no segundo pau. Thiago Prado desvia de cabeça pra fora.</narracao>
    <narracao id="30958" momento="1ºT" tempo="22">Henrique divide uma bola de cabeça no meio e cai no chão desacordado. Ele é retirado de campo de maca.  </narracao>
    <narracao id="30959" momento="1ºT" tempo="24">O volante está bem e retorna ao campo.</narracao>
    <narracao id="30961" momento="1ºT" tempo="25">Samir faz bonita jogada pela direita e cruza rasteiro para a área. A bola passa pelo goleiro e pela zaga, mas não aparece ninguém para concluir.</narracao>
    <narracao id="30965" momento="1ºT" tempo="26">Carlos Alberto cruza da esquerda e a zaga desvia para escanteio.</narracao>
    <narracao id="30966" momento="1ºT" tempo="27">Flávio cobra o córner, Galeano escora, mas a zaga manda novamente pela linha de fundo.</narracao>
    <cartao id="30970" momento="1ºT" atletaId="11868" tempo="29" ico="/Portal/esportes/temporeal/swf/icos/cartao_amarelo.swf" cor="amarelo">Samir - O atacante conduz a bola pelo meio e cai pedindo falta. O árbitro interpreta simulação e o jogador do Figueira é punido com o cartão amarelo.</cartao>
    <narracao id="30976" momento="1ºT" tempo="32">Bechara cobra falta para a área. A zaga afasta pela lateral.</narracao>
    <narracao id="30983" momento="1ºT" tempo="33">Carlos Alberto cruza bola venenosa da esquerda. Albérico se antecipa, sai bem do gol e agarra a bola com segurança. </narracao>
    <narracao id="30985" momento="1ºT" tempo="36">Samir dá um lindo drible da vaca pela ponta direita, mas não conclui bem a jogada. O atacante adianta a bola e ela escapa pela linha de fundo.</narracao>
    <narracao id="30987" momento="1ºT" tempo="38">QUASE!! Carlos Alberto recebe livre pela canhota e rola para trás. Schweck bate de primeira. A bola desvia na zaga e sai para escanteio.</narracao>
    <narracao id="30990" momento="1ºT" tempo="40">E só dá Figueira! Carlos Alberto recebe de novo pela esquerda, mas bate prensado.</narracao>
    <narracao id="31001" momento="1ºT" tempo="44">Rinaldo enfia boa para Maurílio, mas o atacante estava impedido.</narracao>
    <narracao id="31005" momento="1ºT" tempo="46">Fernandes cobra falta na área. O goleiro Albérico tira de soco.</narracao>
    <momento id="31006" momento="I">Show do intervalo</momento>
    <video id="31019" momento="I" video="466937"> Veja o vídeo:  0' Alan, do Fortaleza, chuta de longe e a bola passa rente à trave.</video>
    <narracao id="31022" momento="I" tempo="0">O jogo correu morno, com poucas chances de gol. O Figueirense teve maior volume de jogo, mas desperdiçou as poucas chances que teve no primeiro tempo. </narracao>
    <video id="31026" momento="I" video="466950"> Veja o vídeo:  0' Schwenck, do Figueirense, perde gol incrível</video>
    <momento id="31028" momento="2ºT">Segundo tempo</momento>
    <narracao id="31030" momento="2ºT" tempo="1">Começa o segundo tempo!</narracao>
    <narracao id="31033" momento="2ºT" tempo="1">BOM INÍCIO! Samir bate forte e Albérico espalma a bola.</narracao>
    <cartao id="31035" momento="2ºT" atletaId="6282" tempo="2" ico="/Portal/esportes/temporeal/swf/icos/cartao_amarelo.swf" cor="amarelo">Mazinho Lima - O meia faz falta dura em Samir e é punido.</cartao>
    <narracao id="31037" momento="2ºT" tempo="3">QUE LAMBANÇA! Albérico sai mal do gol e espalma a bola para a meia-lua. Carlos Alberto pega de primeira por cobertura, mas exagera na força.</narracao>
    <narracao id="31041" momento="2ºT" tempo="6">Falta para o Fortaleza. A bola é alçada na área. Galeano, de cabeça, manda pra fora.</narracao>
    <narracao id="31043" momento="2ºT" tempo="7">CONTRA-ATAQUE! Mazinho Lima arranca em jogada individual e bate no canto direito do goleiro. Andrey pula bem e defende a bola.</narracao>
    <video id="31049" momento="2ºT" video="466962"> Veja o vídeo:  11' Samir, do Figueirense, chuta forte e Albérico espalma.</video>
    <substituicao id="31098" momento="2ºT" tempo="12" ico="/Portal/esportes/temporeal/swf/icos/substituicao.swf">Figueirense faz substituição: entra Cícero Santos, sai Flávio</substituicao>
    <cartao id="31061" momento="2ºT" atletaId="265" tempo="15" ico="/Portal/esportes/temporeal/swf/icos/cartao_amarelo.swf" cor="amarelo">Galeano - Meia segura jogador adversário, mata contra-ataque e é punido com cartão amarelo.</cartao>
    <narracao id="31065" momento="2ºT" tempo="16">POR POUCO!!! Chicão desvia de cabeça para baixo e a bola passa rente à trave.</narracao>
    <video id="31069" momento="2ºT" video="466967"> Veja o vídeo:  18' Goleiro Albérico, do Fortaleza, faz lambança.</video>
    <cartao id="31073" momento="2ºT" atletaId="5136" tempo="19" ico="/Portal/esportes/temporeal/swf/icos/cartao_amarelo.swf" cor="amarelo">Gláuber - O zagueiro tem atitude infantil. Chuta a bola para fora com o jogo paralisado, e é punido com cartão amarelo.</cartao>
    <narracao id="31077" momento="2ºT" tempo="21">BOA CHANCE! Samir faz jogada individual e aparece cara a cara com Albérico. O goleiro sai bem e salva com os pés. </narracao>
    <substituicao id="31099" momento="2ºT" tempo="22" ico="/Portal/esportes/temporeal/swf/icos/substituicao.swf">Figueirense faz substituição: entra Thiago Silvy, sai Fernandes</substituicao>
    <cartao id="31086" momento="2ºT" atletaId="3953" tempo="23" ico="/Portal/esportes/temporeal/swf/icos/cartao_vermelho.swf" cor="vermelho">Chicão - PRO CHUVEIRO! Entrada criminosa do meia.</cartao>
    <substituicao id="31141" momento="2ºT" tempo="24" ico="/Portal/esportes/temporeal/swf/icos/substituicao.swf">Fortaleza faz substituição: entra Válter, sai Ricardo Miranda</substituicao>
    <narracao id="31092" momento="2ºT" tempo="28">Muito Mal! Carlos Alberto pega rebote e chuta pro alto. A bola não chega a sair. A bola novamente chega para ele, e desta vez ele isola pela linha de fundo.</narracao>
    <substituicao id="31100" momento="2ºT" tempo="29" ico="/Portal/esportes/temporeal/swf/icos/substituicao.swf">Figueirense faz substituição: entra Fininho, sai Henrique</substituicao>
    <narracao id="31102" momento="2ºT" tempo="30">Fininho toca na bola pela primeira vez com muito perigo. Arrisca chute forte da esquerda e Albérico espalma.</narracao>
    <narracao id="31104" momento="2ºT" tempo="31">PRESSÂO! A bola é alçada na área do Fortaleza e Thiago Silvy desvia de cabeça para grande defesa de Albérico. No rebote, bate e rebate na área, e a zaga cearense se salva como pode.</narracao>
    <narracao id="31112" momento="2ºT" tempo="33">Fininho cruza na área. Cícero tenta se adiantar do zagueiro e entra de cabeça. A bola sai longe do gol de Albérico.</narracao>
    <narracao id="31117" momento="2ºT" tempo="37">Rinaldo puxa contra-ataque pela esquerda, tromba com o zagueiro e cai. O árbitro, perto do lance, manda o lance seguir.</narracao>
    <narracao id="31120" momento="2ºT" tempo="39">Falta para o Figueira. Fininho levanta no segundo pau e Thiago Prado cabeceia por cima.</narracao>
    <narracao id="31125" momento="2ºT" tempo="40">Samir tenta de fora da área. A bola vai fraca para as mãos do goleiro tricolor.</narracao>
    <substituicao id="31142" momento="2ºT" tempo="41" ico="/Portal/esportes/temporeal/swf/icos/substituicao.swf">Fortaleza faz substituição: entra Patrick, sai Rinaldo</substituicao>
    <cartao id="31131" momento="2ºT" atletaId="8771" tempo="45" ico="/Portal/esportes/temporeal/swf/icos/cartao_amarelo.swf" cor="amarelo">Chicão - O zagueiro comete falta e reclama da marcação do árbitro.</cartao>
    <narracao id="31132" momento="2ºT" tempo="45">Quatro minutos de acréscimo.</narracao>
    <narracao id="31138" momento="2ºT" tempo="46">O árbitro adiciona mais um minuto de acréscimo.</narracao>
    <narracao id="31140" momento="2ºT" tempo="47">O técnico do Fortaleza, Márcio Bittencourt, reclama do minuto adicionado e é expulso.</narracao>
    <substituicao id="31143" momento="2ºT" tempo="48" ico="/Portal/esportes/temporeal/swf/icos/substituicao.swf">Fortaleza faz substituição: entra Preto Casagrande, sai Bechara</substituicao>
    <narracao id="31144" momento="2ºT" tempo="50">Termina a partida em Florianópolis. A rede não balançou.    </narracao>
    <momento id="31146" momento="E">Final de jogo</momento>
    <narracao id="31147" momento="E" tempo="0">Em jogo fraco, Figueirense e Fortaleza não tiveram competência para marcar. A equipe catarinense não soube aproveitar a superioridade numérica a partir da metade do segundo tempo e decepcionou sua torcida.</narracao>
  </lances>
</lancealance>
