<?xml version="1.0" encoding="UTF-8"?>
<lancealance cobertura="1339" leitura="0">
  <placar>
    <equipe id="001" url="" nome="Grêmio" escudo="/FlashShow/0,,7844,00.swf" resultado="4" abreviacao="GRE"/>
    <equipe id="002" url="" nome="Fortaleza" escudo="/FlashShow/0,,6592,00.swf" resultado="1" abreviacao="FOR"/>
  </placar>
  <lances>
    <momento id="53322" momento="PJ">Pré-jogo</momento>
    <narracao id="53326" momento="PJ" tempo="0">Grêmio e Fortaleza se enfrentam às 20h30m.</narracao>
    <narracao id="53321" momento="PJ" tempo="0">O Tricolor gaúcho planejava encerrar o primeiro turno com 30 pontos, no mínimo, e beirando a zona de classificação a Libertadores. A derrota para o Flamengo por 1 a 0 no último minuto, sábado, no Maracanã, prejudicou o projeto. Uma vitória sobre o Fortaleza levará a equipe a 29 pontos.</narracao>
    <narracao id="53323" momento="PJ" tempo="0">O técnico Mano Menezes mudou a escalação do time para esta quinta-feira. O lateral-esquerdo Wellington e o meia Tcheco, suspensos, dão lugar a Escalona e Léo Lima, respectivamente. Com o objetivo de explorar o jogo aéreo, Ramón – recuperado de lesão muscular – ganha a vaga de Rafinha.</narracao>
    <narracao id="53324" momento="PJ" tempo="0">Como o Grêmio foi punido pelo STJD, a partida será no estádio do Caxias, com portões fechados. Porém, o time não deve sentir tanto o frio da Serra Gaúcha como os visitantes, acostumados ao calor do nordeste. O técnico do Fortaleza acredita que os jogadores vão sentir dificuldade para atuar numa temperatura perto dos 5°C em Caxias do Sul.</narracao>
    <narracao id="53325" momento="PJ" tempo="0">Na 16ª colocação, o Tricolor cearense está apenas um ponto à frente do primeiro time na zona de degola, o Corinthians. Apesar da situação mais confortável - oitavo lugar com 26 pontos - a direção do Grêmio não está satisfeita com o desempenho.</narracao>
    <narracao id="53337" momento="PJ" tempo="0">VAI COMEÇAR! Os dois times já estão no gramado do estádio Centenário!</narracao>
    <momento id="53338" momento="1ºT">Primeiro tempo</momento>
    <narracao id="53341" momento="1ºT" tempo="1">BOLA ROLANDO!</narracao>
    <narracao id="53345" momento="1ºT" tempo="1">PERTO! Mazinho Lima domina no lado direito de ataque e solta a bomba! A bola sai à direita do gol de Marcelo.</narracao>
    <video id="53363" momento="1ºT" video="528049"> Veja o vídeo:  1' Mazinho Lima arrisca de longe para o Fortaleza
</video>
    <narracao id="53348" momento="1ºT" tempo="2">UUUUUH! Ramón recebe ótimo passe e invade a área do Fortaleza pelo lado direito. O meia chuta forte, no canto direito, e o goleiro Albérico faz grande defesa!</narracao>
    <video id="53365" momento="1ºT" video="528052"> Veja o vídeo:  2' Ramon chuta com perigo e Albérico salva o Fortaleza
</video>
    <narracao id="53354" momento="1ºT" tempo="4">PAROU! Ramalho recebe na intermediária e tenta passe em profundidade para Ivan. O árbitro pára o jogo e marca a posição de impedimento.</narracao>
    <narracao id="53358" momento="1ºT" tempo="7">Patrício recebe no lado esquerdo de ataque, invade a área do Fortaleza e tenta o cruzamento. A bola desvia na zaga e sai pela linha de fundo.</narracao>
    <video id="53378" momento="1ºT" video="528064"> Veja o vídeo:  7' Quase o Grêmio consegue gol olímpico após desvio na zaga cearense.</video>
    <narracao id="53360" momento="1ºT" tempo="8">Ramalho descola ótimo lançamento para Lúcio na área do Grêmio. O meia tenta a finalização, mas o zagueiro Evaldo aparece bem e trava o chute!</narracao>
    <narracao id="53370" momento="1ºT" tempo="11">FORTE! William tenta passe longo para Jeovânio na ponta esquerda, mas a bola sai muito forte e o meia não alcança.</narracao>
    <narracao id="53376" momento="1ºT" tempo="14">GRÊMIO MELHOR! A equipe gaúcha domina o jogo no meio campo e tem mais a posse de bola até aqui. O Fortaleza está muito recuado!</narracao>
    <narracao id="53382" momento="1ºT" tempo="18">Ivan apoia pelo lado direito e tenta cruzamento para a área do Grêmio. O lateral Escalona aparece bem e trava.</narracao>
    <narracao id="53383" momento="1ºT" tempo="21">Bruno Barros invade a área do Grêmio, pelo lado direito, e arrisca. O chute sai torto e a bola sai à esquerda de Marcelo.</narracao>
    <gol id="53387" momento="1ºT" atletaId="8336" tempo="24" escudo="/FlashShow/0,,7844,00.swf" contra="0"> GOL DE LÉO LIMA  É GOOOOOOOOOOOOOOOOOOOOOOOL! Jeovânio faz jogada individual pelo lado direito e cruza rasteiro. O atacante Rômulo domina na área e rola para Léo Lima chutar forte. A bola balança a rede do Fortaleza! GRÊMIO NA FRENTE!</gol>
    <video id="53387v" momento="1ºT" video="528088"> Veja o vídeo: Gol de Léo Lima.  24' É GOOOOOOOOOOOOOOOOOOOOOOOL! Jeovânio faz jogada individual pelo lado direito e cruza rasteiro. O atacante Rômulo domina na área e rola para Léo Lima chutar forte. A bola balança a rede do Fortaleza! GRÊMIO NA FRENTE!</video>
    <gol id="53390" momento="1ºT" atletaId="2749" tempo="27" escudo="/FlashShow/0,,7844,00.swf" contra="0"> GOL DE HUGO  É GOOOOOOOOOOOOOOOOOOOOOOOL! O meia Hugo recebe ótimo lançamento na área do Fortaleza, pelo lado esquerdo, e dá um lindo chute de primeira. O goleiro Albérico não alcança e o Grêmio amplia o placar no estádio Centenário!</gol>
    <video id="53390v" momento="1ºT" video="528091"> Veja o vídeo: Gol de Hugo.  27' É GOOOOOOOOOOOOOOOOOOOOOOOL! O meia Hugo recebe ótimo lançamento na área do Fortaleza, pelo lado esquerdo, e dá um lindo chute de primeira. O goleiro Albérico não alcança e o Grêmio amplia o placar no estádio Centenário!</video>
    <narracao id="53397" momento="1ºT" tempo="30">Ramon apoia pelo lado direito e tenta cruzamento para a área. A bola desvia na zaga e sai pela linha de fundo...</narracao>
    <narracao id="53398" momento="1ºT" tempo="31">... Após cobrança de escanteio para a área do Fortaleza, o atacante Léo Lima sobe bem, mas testa à direita do gol de Albérico.</narracao>
    <cartao id="53403" momento="1ºT" atletaId="8336" tempo="33" ico="/Portal/esportes/temporeal/swf/icos/cartao_amarelo.swf" cor="amarelo">Léo Lima - Atacante discute com Dude e recebe o cartão amarelo.</cartao>
    <cartao id="53404" momento="1ºT" atletaId="3864" tempo="33" ico="/Portal/esportes/temporeal/swf/icos/cartao_amarelo.swf" cor="amarelo">Dude - Zagueiro discute com Léo Lima e é punido com o cartão amarelo!</cartao>
    <narracao id="53407" momento="1ºT" tempo="34">É PÊNALTI!!!!! Léo Lima invade a área pelo lado esquerdo e é derrubado! O árbitro marca o pênalti para o Grêmio!</narracao>
    <cartao id="53416" momento="1ºT" atletaId="3166" tempo="34" ico="/Portal/esportes/temporeal/swf/icos/cartao_amarelo.swf" cor="amarelo">Wendel - Meia comete o pênalti e acaba punido com o cartão amarelo.</cartao>
    <gol id="53409" momento="1ºT" atletaId="12810" tempo="35" escudo="/FlashShow/0,,7844,00.swf" contra="0"> GOL DE RÔMULO  Atacante cobra bem o pênalti, forte e no lado direito, e faz o terceiro da equipe gaúcha na partida! O GRÊMIO FAZ 3 A 0!</gol>
    <video id="53409v" momento="1ºT" video="528099"> Veja o vídeo: Gol de Rômulo.  35' Atacante cobra bem o pênalti, forte e no lado direito, e faz o terceiro da equipe gaúcha na partida! O GRÊMIO FAZ 3 A 0!</video>
    <narracao id="53418" momento="1ºT" tempo="39">POR POUCO! Bruno Barros recebe ótimo passe, invade a área do Grêmio pelo lado esquerdo e chuta forte. O goleiro Marcelo cai bem e faz grande defesa!</narracao>
    <narracao id="53428" momento="1ºT" tempo="43">MAIS UM!</narracao>
    <narracao id="53430" momento="1ºT" tempo="45">Lúcio recebe na entrada da área, dá um bonito drible na marcação, mas chuta à direita do gol de Marcelo.</narracao>
    <narracao id="53431" momento="1ºT" tempo="46">TERMINA O PRIMEIRO TEMPO!</narracao>
    <momento id="53432" momento="I">Show do intervalo</momento>
    <narracao id="53438" momento="I" tempo="0">O Grêmio jogou muito bem no primeiro tempo. A equipe gaúcha dominou o meio campo e teve mais a posse de bola. O Fortaleza joga muito mal, a equipe visitante chegou pouco ao ataque na primeira etapa. O resultado é justo no estádio Centenário! </narracao>
    <momento id="53452" momento="2ºT">Segundo tempo</momento>
    <narracao id="53454" momento="2ºT" tempo="1">ROLA A BOLA PARA O SEGUNDO TEMPO!</narracao>
    <substituicao id="53539" momento="2ºT" tempo="1" ico="/Portal/esportes/temporeal/swf/icos/substituicao.swf">Fortaleza faz substituição: entra Rinaldo, sai Ramalho</substituicao>
    <narracao id="53465" momento="2ºT" tempo="3">MAL! Léo Lima recebe de Hugo na entrada da área, tenta passe de efeito, mas manda nos pés do zagueiro Alan.</narracao>
    <narracao id="53470" momento="2ºT" tempo="5">Ramón recebe de Rômulo na entrada da área e arrisca. O meia não pega bem na bola e manda para fora.</narracao>
    <narracao id="53475" momento="2ºT" tempo="7">Ramon apoia pelo lado direito e descola o cruzamento para a área do Fortaleza. A bola desvia na zaga e sai pela linha de fundo ...</narracao>
    <narracao id="53478" momento="2ºT" tempo="9">UUUUUUH! Após cobrança de escanteio para a área do Fortaleza, o zagueiro Evaldo sobe muito bem mas testa por cima do gol de Albérico! </narracao>
    <narracao id="53484" momento="2ºT" tempo="12">MAAAAL! Rinaldo recebe no lado direito de ataque, tenta invadir a área do Grêmio, mas acaba pisindo na bola e caindo sozinho!</narracao>
    <video id="53531" momento="2ºT" video="528109"> Veja o vídeo:  12' Cabeçada gremista assusta o goleiro Abérico.</video>
    <narracao id="53491" momento="2ºT" tempo="15">Hugo invade a área do Fortaleza pelo lado direito e descola cruzamento rasteiro. O atacante Rômulo tenta o chute de primeira, mas manda à esquerda do gol de Albérico.</narracao>
    <narracao id="53498" momento="2ºT" tempo="17">Ivan aparece bem na linha de fundo, mas cruza mal. A bola sai direto pela linha de fundo!</narracao>
    <substituicao id="53540" momento="2ºT" tempo="20" ico="/Portal/esportes/temporeal/swf/icos/substituicao.swf">Fortaleza faz substituição: entra Chicão, sai Wendel</substituicao>
    <narracao id="53508" momento="2ºT" tempo="23">O jogo cai em qualidade. As duas equipes erram muitos passes e não conseguem criar jogadas de perigo! O Fortaleza joga um pouco melhor neste momento.</narracao>
    <narracao id="53511" momento="2ºT" tempo="26">Lúcio cobra falta de muito longe e tenta direto para o gol. O chute sai fraco e o goleiro Marcelo faz defesa fácil.</narracao>
    <video id="53553" momento="2ºT" video="528129"> Veja o vídeo:  27' Lúcio bate falta para o Fortaleza e Marcelo faz defesa segura.</video>
    <narracao id="53517" momento="2ºT" tempo="29">PAROU! Após levantamento para a área do Fortaleza, o meia Lucas aparece livre para concluir no segundo pau, mas o árbitro pára o lance e marca a posição de impedimento.</narracao>
    <narracao id="53523" momento="2ºT" tempo="32">Patrício apoia pelo lado direito e descola bom cruzamento. O meia Hugo sobe bem, mas testa à esquerda do gol de Jeovânio.</narracao>
    <substituicao id="53548" momento="2ºT" tempo="32" ico="/Portal/esportes/temporeal/swf/icos/substituicao.swf">Grêmio faz substituição: entra Herrera, sai Ramón</substituicao>
    <substituicao id="53541" momento="2ºT" tempo="35" ico="/Portal/esportes/temporeal/swf/icos/substituicao.swf">Fortaleza faz substituição: entra Nunes, sai Finazzi</substituicao>
    <narracao id="53543" momento="2ºT" tempo="36">PERDEU! Nunes recebe ótimo passe e fica de frente para Marcelo. O atacante finaliza mal e a bola bate no goleiro e vai para fora!</narracao>
    <gol id="53546" momento="2ºT" atletaId="6282" tempo="37" escudo="/FlashShow/0,,6592,00.swf" contra="0"> GOL DE MAZINHO LIMA  É GOOOOOOOOOOOOOOOOOOL! Após cobrança de escanteio para a área do Grêmio, a zaga corta mal e o meia aparece sozinho para concluir para o fundo do gol de Marcelo. O FORTALEZA DIMINUI!</gol>
    <substituicao id="53549" momento="2ºT" tempo="38" ico="/Portal/esportes/temporeal/swf/icos/substituicao.swf">Grêmio faz substituição: entra Rafinha, sai Leo Lima</substituicao>
    <narracao id="53554" momento="2ºT" tempo="40">FALTA! Albérico recebe na ponta direita e descola o cruzamento. O meia Lucas sobe para finalizar de cabeça, mas faz falta no goleiro Albérico.</narracao>
    <narracao id="53559" momento="2ºT" tempo="41">MAAAAAAL! Escalona recebe na ponta esquerda e rola para Herrera na entrada da área. O atacante tenta chute de primeira, mas fura feio!</narracao>
    <cartao id="53561" momento="2ºT" atletaId="8738" tempo="42" ico="/Portal/esportes/temporeal/swf/icos/cartao_amarelo.swf" cor="amarelo">Lucas - Meia faz falta dura e é punido com o cartão amarelo.</cartao>
    <cartao id="53567" momento="2ºT" atletaId="8736" tempo="45" ico="/Portal/esportes/temporeal/swf/icos/cartao_amarelo.swf" cor="amarelo">Marcelo Grohe - Goleiro demora para repor a bola e acaba punido com o cartão amarelo.</cartao>
    <cartao id="53568" momento="2ºT" atletaId="10132" tempo="45" ico="/Portal/esportes/temporeal/swf/icos/cartao_amarelo.swf" cor="amarelo">Bruno Barros - Meia faz falta dura e é punido com o cartão amarelo.</cartao>
    <narracao id="53570" momento="2ºT" tempo="46">MAIS TRÊS!</narracao>
    <gol id="53573" momento="2ºT" atletaId="10709" tempo="46" escudo="/FlashShow/0,,7844,00.swf" contra="0"> GOL DE HERRERA  É GOOOOOOOOOOOOOOOOOOOL! Hugo recebe na ponta esquerda e descola cruzamento rasteiro para a área do Fortaleza. O atacante aparece muito bem na pequena área e conclui para o fundo do gol de Albérico! GOLEADA DO GRÊMIO!</gol>
    <narracao id="53578" momento="2ºT" tempo="48">TERMINA A PARTIDA!</narracao>
    <momento id="53579" momento="E">Final de jogo</momento>
    <narracao id="53584" momento="E" tempo="0">Com essa vitória, o Grêmio entra na zona de classificação para a Libertadores!</narracao>
  </lances>
</lancealance>
