<?xml version="1.0" encoding="UTF-8"?>
<lancealance cobertura="1114" leitura="0">
  <placar>
    <equipe id="001" url="" nome="Holanda" escudo="/FlashShow/0,,9456,00.swf" resultado="2" abreviacao="HOL"/>
    <equipe id="002" url="" nome="Costa do Marfim" escudo="/FlashShow/0,,9448,00.swf" resultado="1" abreviacao="CMA"/>
  </placar>
  <lances>
    <momento id="37601" momento="PJ">Pré-jogo</momento>
    <narracao id="37602" momento="PJ" tempo="0">Holanda e Costa do Marfim se enfrentam em Stuttgart! As duas seleções que vestem laranja disputam partida decisiva pela segunda rodada do Grupo da Morte no estádio Gottlieb-Daimler.</narracao>
    <narracao id="37603" momento="PJ" tempo="0">
O trio de arbitragem é colombiano. Oscar Ruiz é o árbitro, Fernando Tamayo e Marco Rodriguez seus assistentes.</narracao>
    <narracao id="37604" momento="PJ" tempo="0">A Holanda garante a classificação com uma vitória. O time de Marco Van Basten não deve realizar mudanças na sua escalação com relação à estréia. O goleiro Edwin van der Sar se recuperou de um problema muscular e estará em campo, chegando ao jogo de número 111 pela seleção e igualando assim o recorde do zagueiro Frank de Boer.
</narracao>
    <narracao id="37605" momento="PJ" tempo="0">A Costa do Marfim não pode perder se quiser almejar um lugar na segunda fase. A equipe africana fez uma boa apresentação contra a argentina e entra em campo motivada. O treinador Henri Michel não vai manter a mesma equipe da estréia. Bonaventure Kalou dá lugar a Arouna Dindane. Nos Elefantes, todos os jogadores atuam na Europa.</narracao>
    <narracao id="37606" momento="PJ" tempo="0">As duas equipes entram em campo!</narracao>
    <narracao id="37607" momento="PJ" tempo="0">A Holanda joga de laranja, Costa do Marfim joga de branco.</narracao>
    <narracao id="37608" momento="PJ" tempo="0">Os hinos nacionais ecoam em Stuttgart!</narracao>
    <narracao id="37609" momento="PJ" tempo="0">Os capitães trocam as flâmulas. Tudo pronto para o início da partida.</narracao>
    <momento id="37612" momento="1ºT">Primeiro tempo</momento>
    <narracao id="37613" momento="1ºT" tempo="0">ROLA A BOLA EM STUTTGART!</narracao>
    <narracao id="37614" momento="1ºT" tempo="2">Drogba recebe em contra-ataque, domina com a mão e cruza para a área, sem perigo. O árbitro não marca a infração.</narracao>
    <narracao id="37615" momento="1ºT" tempo="4">Cruzamento na área para Van Nistelrooy. O atacante não alcança e a bola sai pela lateral.</narracao>
    <narracao id="37616" momento="1ºT" tempo="6">Van Persie finta zagueiro na ponta direita e cruza para a área. Kolo Toure corta de cabeça.</narracao>
    <narracao id="37617" momento="1ºT" tempo="7">Van Nistelrooy recebe na meia-lua, mas é desarmado.</narracao>
    <narracao id="37618" momento="1ºT" tempo="8">Drogba recebe bom passe no ataque, mas está impedido.</narracao>
    <narracao id="37619" momento="1ºT" tempo="10">Bakari Kone tenta jogada de habilidade na entrada da área, mas perde a bola.</narracao>
    <narracao id="37620" momento="1ºT" tempo="11">Bola na área, Heitinga faz corte parcial. Na sobra, Bakari Kone arrisca, mas Heitinga novamente trava o chute.</narracao>
    <narracao id="37621" momento="1ºT" tempo="12">Polêmica - Eboue entra pelo lado direito da área, é puxado por Van Bronckhorst e cai. O árbitro manda seguir.</narracao>
    <narracao id="37622" momento="1ºT" tempo="12">Van Persie recebe lançamento em posição irregular.</narracao>
    <narracao id="37623" momento="1ºT" tempo="13">Mais um impedimento da Holanda. Desta vez é Van Nistelrooy quem está na banheira.</narracao>
    <narracao id="37624" momento="1ºT" tempo="15">Romaric arrisca de longe. Van der Sar defende sem problemas.</narracao>
    <narracao id="37625" momento="1ºT" tempo="16">Lance Perigoso - Kone recebe passe em profundidade de Yaya Toure pelo lado direito da área e bate de primeira. A bola vai por fora da rede.</narracao>
    <narracao id="37626" momento="1ºT" tempo="17">Lance Feio - Boka tenta o chute mas pega mal na bola.</narracao>
    <narracao id="37627" momento="1ºT" tempo="18">Robben avança pela esquerda, mas é desarmado por Kolo Toure.</narracao>
    <narracao id="37628" momento="1ºT" tempo="19">Van Persie cruza na área, mas a zaga afasta.</narracao>
    <narracao id="37629" momento="1ºT" tempo="21">Van Persie vai da lateral até o meio pelo campo de ataque e sofre falta perigosa de Yaya Toure... </narracao>
    <gol id="37630" momento="1ºT" atletaId="7182" tempo="22" escudo="/FlashShow/0,,9456,00.swf" contra="0"> GOL DE ROBIN VAN PERSIE  ... GOOOOOL DA HOLANDA!!! Van Persie bate com muita força à meia altura no canto do goleiro. Tizie não consegue reagir a tempo para executar a defesa.</gol>
    <cartao id="37631" momento="1ºT" atletaId="12330" tempo="23" ico="/Portal/esportes/temporeal/swf/icos/cartao_amarelo.swf" cor="amarelo">Zokora - Zokora faz falta por trás em Van Bommel.</cartao>
    <narracao id="37632" momento="1ºT" tempo="24">Romaric arrisca de fora nas mãos de Van der Sar.</narracao>
    <gol id="37633" momento="1ºT" atletaId="3880" tempo="26" escudo="/FlashShow/0,,9456,00.swf" contra="0"> GOL DE RUUD VAN NISTELROOY  GOOOOOOOL!! É DA HOLANDA!!! Robben começa a jogada no meio e tabela com Van Bommel. O atacante descola belo passe para Van Nistelrooy, que entra livre e bate por cima do goleiro. </gol>
    <narracao id="37634" momento="1ºT" tempo="28">Drogba cruza bola nas mãos de Van der Sar.</narracao>
    <narracao id="37635" momento="1ºT" tempo="30">Lance Bonito - Drogba recebe na área e com a bola no chão, tenta um lençol de costas no adversário, mas perde a bola.</narracao>
    <narracao id="37636" momento="1ºT" tempo="32">Na Trave - UUUHHH!! Zokora arrisca bomba de fora e carimba a trave esquerda de Van der Sar.</narracao>
    <cartao id="37637" momento="1ºT" atletaId="7680" tempo="33" ico="/Portal/esportes/temporeal/swf/icos/cartao_amarelo.swf" cor="amarelo">Arjen Robben - Robben tenta passar entre dois zagueiros na grande área e cai no gramado. O juiz entende que jogador simulou, paralisa a partida e dá cartão amarelo para o atacante.</cartao>
    <narracao id="37638" momento="1ºT" tempo="34">Romaric bate na falta na área e Drogba desvia de cabeça sem perigo.</narracao>
    <cartao id="39338" momento="1ºT" atletaId="12145" tempo="35" ico="/Portal/esportes/temporeal/swf/icos/cartao_amarelo.swf" cor="amarelo">Joris Mathijsen - Mathijsen, zagueiro da Holanda, é punido após falta dura na intermediária.</cartao>
    <gol id="37639" momento="1ºT" atletaId="12553" tempo="36" escudo="/FlashShow/0,,9448,00.swf" contra="0"> GOL DE BAKARI KONÉ  GOLAÇO DA COSTA DO MARFIM!!!! Bakari Kone marca em bela jogada individual. O atacante carrega a bola do meio-campo até o lado direito da entrada da área e solta uma bomba cruzada de pé direito no ângulo de Van der Sar.</gol>
    <cartao id="37640" momento="1ºT" atletaId="5968" tempo="39" ico="/Portal/esportes/temporeal/swf/icos/cartao_amarelo.swf" cor="amarelo">Didier Drogba - Lançamento longo para Drogba. O atacante não alcança bola, deixa o pé e acerta Van der Sar. O árbitro Oscar Ruiz dá cartão amarelo e deixa Drogba de fora do próximo jogo.</cartao>
    <narracao id="37641" momento="1ºT" tempo="41">Lance Perigoso - Contra-ataque perigoso da Costa do Marfim! Drogba avança pela esquerda tendo apenas um zagueiro pela frente e Arouna Kone ao seu lado. Drogba tenta o passe mas é interceptado.</narracao>
    <narracao id="37642" momento="1ºT" tempo="43">Van Persie recebe no lado direito da área e bate de primeira. Tizie espalma para córner.</narracao>
    <narracao id="37643" momento="1ºT" tempo="45">Em uma sobra de bola, Arouna Kone bate de direita da entrada da área por cima do gol.</narracao>
    <narracao id="37644" momento="1ºT" tempo="45">+2 minutos de acréscimo.</narracao>
    <narracao id="37645" momento="1ºT" tempo="47">TERMINA O PRIMEIRO TEMPO!!</narracao>
    <momento id="37646" momento="I">Show do intervalo</momento>
    <narracao id="37647" momento="I" tempo="0">Belo primeiro tempo em Stuttgart! Em jogo aberto, as duas equipes buscam o ataque. Costa do Marfim criou mais e teve mais oportunidades. A Holanda impressiona pela eficiência de seus jogadores de frente. Por isso, a vantagem no placar. </narracao>
    <narracao id="37648" momento="I" tempo="0">FINALIZAÇÕES: Holanda 3 X 8 Costa do Marfim
</narracao>
    <narracao id="37649" momento="I" tempo="0">POSSE DE BOLA: Holanda 56% x 44% Costa do Marfim</narracao>
    <narracao id="37650" momento="I" tempo="0">As equipes retornam ao gramado.</narracao>
    <narracao id="37652" momento="2ºT" tempo="0">ROLA A BOLA NO SEGUNDO TEMPO!</narracao>
    <momento id="37653" momento="2ºT">Segundo tempo</momento>
    <narracao id="37654" momento="2ºT" tempo="0">Arouna Kone recebe de Drogba em impedimento.</narracao>
    <substituicao id="37681" momento="2ºT" tempo="0" ico="/Portal/esportes/temporeal/swf/icos/substituicao.swf">Holanda faz substituição: entra Boulahrouz, sai Heitinga</substituicao>
    <narracao id="37655" momento="2ºT" tempo="1">Van Persie bate de esquerda para defesa de Tizie.</narracao>
    <narracao id="37656" momento="2ºT" tempo="2">Arouna Kone bate travado para fácil defesa de Van der Sar.</narracao>
    <narracao id="37657" momento="2ºT" tempo="3">Falta dura de Boulahrouz em Romaric...</narracao>
    <narracao id="37658" momento="2ºT" tempo="4">... Em tiro indireto, Kolo Toure bate rasteiro nas mãos de Van der Sar.</narracao>
    <substituicao id="37682" momento="2ºT" tempo="4" ico="/Portal/esportes/temporeal/swf/icos/substituicao.swf">Holanda faz substituição: entra Van Der Vaart, sai Sneijder</substituicao>
    <narracao id="37661" momento="2ºT" tempo="5">Defesa - Robben rola para Van Nistelrooy bater de primeira da entrada da área. Tizie faz boa defesa.</narracao>
    <narracao id="37662" momento="2ºT" tempo="7">Bola na área da Holanda. Romaric não consegue dominar e bola fica para Van der Sar.</narracao>
    <narracao id="37664" momento="2ºT" tempo="8">Arouna Kone puxa contra-ataque mas erra o passe final. Bola vai para escanteio.</narracao>
    <narracao id="37665" momento="2ºT" tempo="10">Boka toma forte pisada na canela e rola de dor no gramado. Ele é retirado de maca.</narracao>
    <cartao id="37666" momento="2ºT" atletaId="7617" tempo="11" ico="/Portal/esportes/temporeal/swf/icos/cartao_amarelo.swf" cor="amarelo">Van Bommel - Van Bommel faz falta dura em Zokora e recebe o cartão amarelo.</cartao>
    <narracao id="37667" momento="2ºT" tempo="12">Lance Perigoso - Arouna Kone tabela em triangulação com Drogba e Bakari Kone, mas chuta por cima do gol.</narracao>
    <narracao id="37668" momento="2ºT" tempo="15">Robben puxa contra-ataque, mas erra passe e comete falta.</narracao>
    <substituicao id="37684" momento="2ºT" tempo="16" ico="/Portal/esportes/temporeal/swf/icos/substituicao.swf">Costa do Marfim faz substituição: entra Yapi Yapo, sai Romaric</substituicao>
    <substituicao id="37685" momento="2ºT" tempo="16" ico="/Portal/esportes/temporeal/swf/icos/substituicao.swf">Costa do Marfim faz substituição: entra Dindane, sai Bakari Kone</substituicao>
    <narracao id="37672" momento="2ºT" tempo="17">Robben luta contra marcação marfinense e ganha escanteio. </narracao>
    <narracao id="37673" momento="2ºT" tempo="18">Na cobrança de córner, Van Persie domina com a mão.</narracao>
    <cartao id="37674" momento="2ºT" atletaId="8374" tempo="20" ico="/Portal/esportes/temporeal/swf/icos/cartao_amarelo.swf" cor="amarelo">Arthur Boka  - Boka pega Van Persie por trás, e leva o cartão amarelo.</cartao>
    <narracao id="37675" momento="2ºT" tempo="21">Van der Vaart tenta de muito longe. A bola espirra na zaga.</narracao>
    <narracao id="37676" momento="2ºT" tempo="22">Arouna Kone lança Dindane, mas o atacante comete falta no zagueiro adversário.</narracao>
    <narracao id="37677" momento="2ºT" tempo="23">Dindane tenta jogada na linha de fundo, se embola com Boulahrouz e cai na área. O árbitro manda seguir.</narracao>
    <narracao id="37678" momento="2ºT" tempo="24">Lance Perigoso - Em bola mal rebatida por Tizie, Robben rouba a bola e tenta chute pelo lado esquerdo da área. Van Nistelrooy pega o rebote de costas para o gol, gira e bate em cima da zaga.</narracao>
    <narracao id="37679" momento="2ºT" tempo="25">Robben cruza e Van der Vaar, desequilibrado, tenta de bicicleta para fácil defesa de Tizie. </narracao>
    <narracao id="37680" momento="2ºT" tempo="27">Lance Perigoso - Dindane recebe boa bola na área, finta zagueiro e bate a gol. A bola é travada pela defesa holandesa.</narracao>
    <substituicao id="37683" momento="2ºT" tempo="28" ico="/Portal/esportes/temporeal/swf/icos/substituicao.swf">Holanda faz substituição: entra Landzaat, sai Van Nistelrooy</substituicao>
    <substituicao id="37686" momento="2ºT" tempo="28" ico="/Portal/esportes/temporeal/swf/icos/substituicao.swf">Costa do Marfim faz substituição: entra Akale, sai Arouna Kone</substituicao>
    <narracao id="37687" momento="2ºT" tempo="31">Polêmica - Eboue disputa jogada dentro da área com Van Bronckhorst, cai na área e pede penâlti.</narracao>
    <narracao id="37688" momento="2ºT" tempo="31">Lance Perigoso - Escanteio no segundo pau. Drogba toca de cabeça e Van Persie corta com o peito em cima da linha. Na sobra, Meite cabeceia por cima do gol.</narracao>
    <narracao id="37689" momento="2ºT" tempo="33">Polêmica - Em cruzamento na área, Drogba é puxado e cai, mas árbitro não marca.</narracao>
    <narracao id="37690" momento="2ºT" tempo="34">Drogba invade a área, tenta passar entre os zagueiros, mas Boulahrouz consegue o corte.</narracao>
    <narracao id="37691" momento="2ºT" tempo="35">Dindane tenta jogada de habilidade e ganha escanteio.</narracao>
    <narracao id="37692" momento="2ºT" tempo="35">Yapi Yapo finta zagueiro em direção à meia-lua e arrisca para o gol. Van der Sar defende com segurança.</narracao>
    <momento id="37714" momento="E">Final de jogo</momento>
  </lances>
</lancealance>
