<?xml version="1.0" encoding="UTF-8"?>
<lancealance cobertura="1055" leitura="0">
  <placar>
    <equipe id="001" url="" nome="Itália" escudo="/FlashShow/0,,9459,00.swf" resultado="0" abreviacao="ITA"/>
    <equipe id="002" url="" nome="Ucrânia" escudo="/FlashShow/0,,9472,00.swf" resultado="0" abreviacao="UCR"/>
  </placar>
  <lances>
    <narracao id="33201" momento="PJ" tempo="0">Mais um amistoso preparatório antes do início da Copa do Mundo da Alemanha. Em Lausanne, Suíça, Itália e Ucrânia fazem partida que promete fortes emoções. A equipe tricampeã mundial espera dar ritmo de jogo a Totti, enquanto a estreante em copas poupa o astro Shevchenko, ainda lesionado.</narracao>
    <momento id="33202" momento="PJ">Pré-jogo</momento>
    <momento id="33213" momento="1ºT">Primeiro tempo</momento>
    <narracao id="33215" momento="1ºT" tempo="0">COMEÇA O AMISTOSO NA SUÍÇA!</narracao>
    <narracao id="33217" momento="1ºT" tempo="3">Um início equilibrado de partida. Os times marcam com muita atenção. Ainda não chegaram ao ataque.</narracao>
    <narracao id="33218" momento="1ºT" tempo="6">Lançamento longo de Grosso. Del Piero recebe na entrada da área da Ucrânia e chuta. O goleirão Shovkovskiy estava bem posicionado e pôs para escanteio.</narracao>
    <narracao id="33219" momento="1ºT" tempo="8">Camoranesi, livre, toca para Gilardino. A zaga ucraniana marca bobeira e o atacante do Milan quase consegue chutar a bola, não fosse o corte de Vashuck.</narracao>
    <narracao id="33220" momento="1ºT" tempo="10">Rotan tenta cruzar para Vorobey, livre na esquerda. Cannavaro antecipa o passe e dá um chutão. Segue o jogo.</narracao>
    <narracao id="33222" momento="1ºT" tempo="11">Camoranesi faz falta forte em Rusol. O árbitro faz vista grossa e deixa passar.</narracao>
    <narracao id="33223" momento="1ºT" tempo="13">Gusin cruza para Voronin. Mas o cruzamento é tão forte e alto que a bola para nas mãos de Buffon.</narracao>
    <narracao id="33224" momento="1ºT" tempo="14">Voronin, livre, chuta forte! Buffon, sempre seguro, se estica todo e manda para fora.</narracao>
    <narracao id="33225" momento="1ºT" tempo="17">Yezersky cruza na área. Buffon espalma. A Ucrânia pressiona no início da partida.</narracao>
    <cartao id="33226" momento="1ºT" atletaId="12278" tempo="18" ico="/Portal/esportes/temporeal/swf/icos/cartao_amarelo.swf" cor="amarelo">Vashchuk - TÁ MALUCO!? O zagueiro ucraniano dá carrinho por trás em Gilardino. A falta é forte, mas o atacante volta sem maiores problemas.</cartao>
    <narracao id="33227" momento="1ºT" tempo="20">Pirlo levanta para o grandalhão Luca Toni na área da Ucrânia. O italiano não alcança a bola, segura pelo goleiro Shovkovskiy.</narracao>
    <narracao id="33228" momento="1ºT" tempo="21">Gusin tenta chute de fora da área. Muito perto do gol de Buffon, mas para fora.</narracao>
    <narracao id="33229" momento="1ºT" tempo="24">A Itália tenta conter a pressão ucraniana. A equipe de Lippi, no entanto, erra muitos passes e não consegue passar pela retranca do adversário.</narracao>
    <narracao id="33230" momento="1ºT" tempo="26">No contra-ataque, Camoranesi erra mais um passe decisivo e desperdiça Del Piero, livre na área ucraniana.</narracao>
    <narracao id="33231" momento="1ºT" tempo="30">Voronin recebe passe longo. O atacante disputa no corpo com Cannavaro, mas estava impedido. Boa chance perdida pela Ucrânia.</narracao>
    <narracao id="33232" momento="1ºT" tempo="32">Del Piero cobra falta a menos de 20 metros do gol. O atacante chuta muito perto do gol, mas para fora...</narracao>
    <narracao id="33233" momento="1ºT" tempo="33">Tymoschuk cobra falta. Para fora e muito longe do gol de Buffon.</narracao>
    <narracao id="33234" momento="1ºT" tempo="34">Em contra-ataque muito rápido, Del Piero cruza na medida para Toni. O atacante cabeceia à queima-roupa, mas o goleiro Shovkovskiy segura. Boa defesa!</narracao>
    <narracao id="33235" momento="1ºT" tempo="37">UCRÂNIA COM 10! De Rossi chuta a canela de Rotan. O jogador fica caído com dores e é atendido do lado de fora do campo.</narracao>
    <narracao id="33236" momento="1ºT" tempo="42">A Ucrânia  continua pressionando, mas com apenas um atacante, perde objetividade. O estreante em copas também erra muitos passes no meio-campo.</narracao>
    <narracao id="33237" momento="1ºT" tempo="44">Del Piero cruza na área para Luca Toni. Os italianos reclamam que Vashuck tirou a bola com a mão direita.</narracao>
    <narracao id="33238" momento="1ºT" tempo="44">Um minuto de acréscimo!</narracao>
    <narracao id="33239" momento="1ºT" tempo="45">ESPETACULAR! Grosso levanta para De Rossi na área. O meia do Roma cabeceia à queima-roupa. O goleiro Shovkovskiy opera um milagre e, no puro reflexo, tira a bola que tinha caminho certo.</narracao>
    <narracao id="33240" momento="1ºT" tempo="46">Fim de primeiro tempo em Lausanne!</narracao>
    <narracao id="33241" momento="I" tempo="0">Um primeiro tempo fraco tecnicamente, é como se pode definir este Itália x Ucrânia. Muitos erros de passes e falta de objetividade das duas equipes. As ausências de Shevchenko e Totti fazem imensa falta aos times. Destaque para a defesa incrível do goleiro Shovkovskiy no final do primeiro tempo.</narracao>
    <momento id="33242" momento="I">Show do intervalo</momento>
    <momento id="33243" momento="2ºT">Segundo tempo</momento>
    <narracao id="33244" momento="2ºT" tempo="0">COMEÇA O SEGUNDO TEMPO!</narracao>
    <narracao id="33245" momento="2ºT" tempo="1">Toni, mesmo marcado por Gusin, chuta forte na entrada da área da Ucrânia. O atacante da Fiorentina quase acerta o gol, mas a bola vai por cima da meta de Shovkovskiy.</narracao>
    <narracao id="33246" momento="2ºT" tempo="2">Os ucranianos continuam frustrando qualquer oportunidade de ataque da Itália. A equipe marca muito bem.</narracao>
    <narracao id="33247" momento="2ºT" tempo="4">Mesmo sem Shevchenko, o time estreante na Copa ataca bastante a Itália.</narracao>
    <narracao id="33248" momento="2ºT" tempo="5">Voronin cruza para Voronin. O atacante cabeceia. Nas mãos de Buffon.</narracao>
    <narracao id="33249" momento="2ºT" tempo="7">A Itália se fecha por completo na defesa, esperando o erro adversário.</narracao>
    <narracao id="33250" momento="2ºT" tempo="8">Vorobey tem grande chance. Dois contra um zagueiro. Na hora de passar para Voronin, erra. Cannavaro intercepta o passe e dá um chutão para frente. Segue o jogo!</narracao>
    <substituicao id="33293" momento="2ºT" tempo="9" ico="/Portal/esportes/temporeal/swf/icos/substituicao.swf">Ucrânia faz substituição: entra Byelik, sai Kalynychenko</substituicao>
    <substituicao id="33275" momento="2ºT" tempo="13" ico="/Portal/esportes/temporeal/swf/icos/substituicao.swf">Itália faz substituição: entra Inzaghi, sai Pirlo</substituicao>
    <substituicao id="33276" momento="2ºT" tempo="13" ico="/Portal/esportes/temporeal/swf/icos/substituicao.swf">Itália faz substituição: entra Totti, sai Del Piero</substituicao>
    <substituicao id="33277" momento="2ºT" tempo="14" ico="/Portal/esportes/temporeal/swf/icos/substituicao.swf">Itália faz substituição: entra Perrotta, sai Luca Toni</substituicao>
    <substituicao id="33278" momento="2ºT" tempo="15" ico="/Portal/esportes/temporeal/swf/icos/substituicao.swf">Itália faz substituição: entra Barzagli, sai Nesta</substituicao>
    <narracao id="33262" momento="2ºT" tempo="16">O técnico Marcelo Lippi aproveita o segundo tempo para dar condicionamento físico a Totti e entrosamento à equipe.</narracao>
    <narracao id="33263" momento="2ºT" tempo="17">A Ucrânia continua pressionando, mas apenas troca passes no meio. A equipe peca pela falta de objetividade.</narracao>
    <narracao id="33264" momento="2ºT" tempo="18">Perrotta faz bom lançamento para Grosso, na esquerda. O lateral-esquerdo, no entanto, foi lento e não conseguiu chegar na bola.</narracao>
    <narracao id="33265" momento="2ºT" tempo="19">Tymoschuk recebe passe na entrada da área da Itália e chuta forte! Nas mãos de Buffon!</narracao>
    <substituicao id="33279" momento="2ºT" tempo="25" ico="/Portal/esportes/temporeal/swf/icos/substituicao.swf">Itália faz substituição: entra Simone Barone, sai Camoranesi</substituicao>
    <narracao id="33271" momento="2ºT" tempo="26">Totti mostra falta de ritmo após ter se recuperado de lesão. O armador parece não querer tentar jogadas mais técnicas neste amistoso.</narracao>
    <substituicao id="33294" momento="2ºT" tempo="27" ico="/Portal/esportes/temporeal/swf/icos/substituicao.swf">Ucrânia faz substituição: entra Nazarenko, sai Rotan</substituicao>
    <narracao id="33274" momento="2ºT" tempo="28">Barone faz belo lançamento para Gilardino, livre na área da Ucrânia. O atacante, no entanto, não consegue dominar a bola. Segue o jogo!</narracao>
    <substituicao id="33280" momento="2ºT" tempo="30" ico="/Portal/esportes/temporeal/swf/icos/substituicao.swf">Itália faz substituição: entra Materazzi, sai Cannavaro</substituicao>
    <narracao id="33281" momento="2ºT" tempo="30">Nazarenko, que acabou de entrar, dribla nada menos que cinco jogadores da Itália! Materazzi, que também acabou de entrar, desarma o driblador ucraniano.</narracao>
    <cartao id="33282" momento="2ºT" atletaId="2246" tempo="31" ico="/Portal/esportes/temporeal/swf/icos/cartao_amarelo.swf" cor="amarelo">Francesco Totti - O astro da seleção italiana empurra Tymochuk. Desnecessário...</cartao>
    <narracao id="33283" momento="2ºT" tempo="33">Vorobey, em jogada individual, passa por dois marcadores italianos e chuta. Materazzi, de novo, trava o atacante e dá um chutão para frente. Segue o jogo!</narracao>
    <narracao id="33284" momento="2ºT" tempo="34">Voronin recebe belo passe de Vorobyey. Chuta! Em cima de Buffon...</narracao>
    <narracao id="33285" momento="2ºT" tempo="36">Barone toca para Inzaghi. O atacante italiano se atrapalha na hora de driblar Vashchuk e perde mais uma chance para a Azzurra!</narracao>
    <cartao id="33286" momento="2ºT" atletaId="12287" tempo="40" ico="/Portal/esportes/temporeal/swf/icos/cartao_amarelo.swf" cor="amarelo">Tymoschuk - O volante passa uma rasteira em Totti. O árbitro não perdoa!</cartao>
    <narracao id="33287" momento="2ºT" tempo="41">CAÇA A TOTTI! Em menos de três minutos, Totti recebe três faltas dos jogadores ucranianos.</narracao>
    <substituicao id="33295" momento="2ºT" tempo="42" ico="/Portal/esportes/temporeal/swf/icos/substituicao.swf">Ucrânia faz substituição: entra Shelayev, sai Tymoschuk</substituicao>
    <narracao id="33291" momento="2ºT" tempo="44">Grosso cruza, mas Inzaghi se atrapalha com a bola e não consegue finalizar. No rebote, Perrotta chuta! Muito perto do gol da Ucrânia, mas vai para fora.</narracao>
    <narracao id="33292" momento="2ºT" tempo="45">Três minutos de acréscimos.</narracao>
    <substituicao id="33296" momento="2ºT" tempo="47" ico="/Portal/esportes/temporeal/swf/icos/substituicao.swf">Ucrânia faz substituição: entra Sviderskyy, sai Gusin</substituicao>
    <narracao id="33297" momento="2ºT" tempo="48">FIM DE JOGO EM LAUSANNE!</narracao>
    <momento id="33298" momento="E">Final de jogo</momento>
  </lances>
</lancealance>
