<?xml version="1.0" encoding="UTF-8"?>
<lancealance cobertura="1173" leitura="0">
  <placar>
    <equipe id="001" url="" nome="Figueirense" escudo="/FlashShow/0,,6591,00.swf" resultado="2" abreviacao="FIG"/>
    <equipe id="002" url="" nome="Santos" escudo="/FlashShow/0,,7270,00.swf" resultado="1" abreviacao="SAN"/>
  </placar>
  <lances>
    <momento id="43372" momento="PJ">Pré-jogo</momento>
    <narracao id="43373" momento="PJ" tempo="0">Na retomada do Brasileirão, Figueirense e Santos jogam às 21h45m, em Florianópolis, no Orlando Scarpelli. O Peixe ocupa atualmente a quinta colocação, com 18 pontos, três a menos do que o líder Cruzeiro. Já o time catarinense é o oitavo colocado, com 15 pontos.</narracao>
    <narracao id="43374" momento="PJ" tempo="0">O histórico da partida para o Peixe é desanimador: das quatro partidas disputadas entre Santos e Figueirense em Santa Catarina, o Figueira venceu três e perdeu apenas uma, em 1976, por 4 a 1.
</narracao>
    <narracao id="43375" momento="PJ" tempo="0">O técnico do Santos, Vanderlei Luxemburgo, não poderá contar com os volantes Maldonado, machucado, e Fabinho, que negocia sua transferência  para o Toulouse, da França. Os atacantes Reinaldo e Geílson, também estão no departamento médico e ficam de fora. </narracao>
    <narracao id="43376" momento="PJ" tempo="0">Wendel e Heleno entrarão no meio-de-campo santista. No ataque será escalada a dupla Wellington Paulista e Rodrigo Tiuí. O zagueiro Manzur, que participou da campanha do Paraguai na Copa do Mundo, vai formar a defesa ao lado de Domingos e Luiz Aberto. O esquema tático do Peixe é o 3-5-2. </narracao>
    <narracao id="43377" momento="PJ" tempo="0">A partida marca a estréia do técnico Waldemar Lemos, ex-Flamengo, pelo Figueirense. Waldemar deve escalar a mesma equipe que iniciou o amistoso diante do Marcílio Dias, vencido por 2 a 1.</narracao>
    <narracao id="43378" momento="PJ" tempo="0">Recém contratados pelo Figueira e autores dos gols no jogo, o atacante Diego e o meia Rodrigo deverão ficar no banco de reservas. O atacante Thiago Silvy também está à disposição do treinador, recuperado de uma amigdalite. O meia Cícero entra no lugar do suspenso Henrique.</narracao>
    <narracao id="43710" momento="PJ" tempo="0">O Figueirense entra em campo saudado por sua torcida!</narracao>
    <narracao id="43716" momento="PJ" tempo="0">O Santos também já está em campo! </narracao>
    <momento id="43717" momento="1ºT">Primeiro tempo</momento>
    <narracao id="43718" momento="1ºT" tempo="0">BOLA ROLANDO NO ORLANDO SCARPELLI!</narracao>
    <narracao id="43723" momento="1ºT" tempo="0">Soares tenta toque em profundidade, mas exagera na força. A bola fica para Fábio Costa.</narracao>
    <narracao id="43726" momento="1ºT" tempo="2">Lance Perigoso - BATEU ROUPA! Cícero bate forte de fora da área, Fábio Costa espalma e Scwenck pega rebote em cima do goleiro.</narracao>
    <video id="43755" momento="1ºT" video="502613"> Veja o vídeo:  2' Cícero bate forte, Schwenck pega o rebote e quase marca. </video>
    <narracao id="43729" momento="1ºT" tempo="4">Jogo paralisado para Carlos Alberto receber atendimento médico.</narracao>
    <narracao id="43733" momento="1ºT" tempo="7">Lance Perigoso - Rodrigo Tabata bate forte por cima do gol, levando perigo no lance.</narracao>
    <video id="43771" momento="1ºT" video="502616"> Veja o vídeo:  7' Rodrigo Tabata chuta por cima do gol.</video>
    <narracao id="43735" momento="1ºT" tempo="8">Lance Perigoso - E SÓ DÁ TABATA! Rodrigo Tabata bate de canhota muito perto do ângulo de Andrey.</narracao>
    <cartao id="43740" momento="1ºT" atletaId="12438" tempo="8" ico="/Portal/esportes/temporeal/swf/icos/cartao_amarelo.swf" cor="amarelo">Tiago Prado - O zagueiro do Figueira recebe cartão amarelo por falta violenta.</cartao>
    <narracao id="43745" momento="1ºT" tempo="9">ALEGRIA DURA POUCO! Gol anulado de Rodrigo Tiuí. O atacante recebe de Wellington Paulista em posição de impedimento, e toca por cima de Andrey para o fundo da rede.</narracao>
    <narracao id="43750" momento="1ºT" tempo="12">Polêmica - Soares cai na área em trombada com Heleno. A torcida pede pênalti.</narracao>
    <narracao id="43757" momento="1ºT" tempo="13">Rodrigo Tábata tenta outro chute de fora da área. A bola é travada na defesa do Figueira.</narracao>
    <narracao id="43758" momento="1ºT" tempo="15">Fininho cruza para a área, a zaga santista corta.</narracao>
    <narracao id="43763" momento="1ºT" tempo="16">Lance Perigoso - Entre dois zagueiros, Soares bate forte da entrada da área com o bico da chuteira. Fábio Costa defende firme. </narracao>
    <narracao id="43768" momento="1ºT" tempo="17">Desequilibrado, Schwenck bate da entrada da área para fácil defesa de Fábio Costa.</narracao>
    <cartao id="43776" momento="1ºT" atletaId="6450" tempo="20" ico="/Portal/esportes/temporeal/swf/icos/cartao_amarelo.swf" cor="amarelo">Carlinhos - O lateral faz falta dura em Soares e é punido com o cartão amarelo.</cartao>
    <gol id="43786" momento="1ºT" atletaId="6738" tempo="21" escudo="/FlashShow/0,,6591,00.swf" contra="0"> GOL DE SOARES  GOOOOOOOOL DO FIGUEIRENSE!! Rodrigo Souto dá um passe espetacular em profundidade para Soares que se desloca para receber livrando-se da marcação. O atacante pega de primeira, cruzado e rasteiro da grande área. A bola bate na trave e entra chorando.  </gol>
    <video id="43786v" momento="1ºT" video="502641"> Veja o vídeo: Gol de Soares.  21' GOOOOOOOOL DO FIGUEIRENSE!! Rodrigo Souto dá um passe espetacular em profundidade para Soares que se desloca para receber livrando-se da marcação. O atacante pega de primeira, cruzado e rasteiro da grande área. A bola bate na trave e entra chorando.  </video>
    <narracao id="43792" momento="1ºT" tempo="24">Polêmica - PÊNALTI PARA O FIGUEIRENSE! Soares salta para escapar de carrinho adversário, e o árbitro marca a penalidade duvidosa.</narracao>
    <narracao id="43800" momento="1ºT" tempo="25">VACILOU!! Schwenck pega mal na bola e manda para fora! Fábio Costa pulou para a direita no canto certo, mas nem precisou fazer a defesa. </narracao>
    <video id="43828" momento="1ºT" video="502625"> Veja o vídeo:  25' Schwenck bate pênalti para fora.</video>
    <substituicao id="43944" momento="1ºT" tempo="26" ico="/Portal/esportes/temporeal/swf/icos/substituicao.swf">Santos faz substituição: entra André, sai Domingos</substituicao>
    <narracao id="43805" momento="1ºT" tempo="28">Lance Perigoso - Rodrigo Tabata arrisca outra bomba de fora da área. Andrey espalma para córner...</narracao>
    <video id="43835" momento="1ºT" video="502627"> Veja o vídeo:  28' Andrey defende chute de Rodrigo Tabata.</video>
    <narracao id="43807" momento="1ºT" tempo="29">... Na cobrança, a bola passa por todo mundo e sobra para a defesa santista.</narracao>
    <narracao id="43818" momento="1ºT" tempo="32">GRANDE DEFESA!! Dênis recebe de Rodrigo Tabata na ponta direita e cruza na cabeça de Wellington Paulista. O atacante cabeceia bem, para o chão, e após o quique da bola, Andrey faz defesa espetacular, mandando a bola para córner.</narracao>
    <video id="43866" momento="1ºT" video="502640"> Veja o vídeo:  32' Andrey defende cabeçada perigosa.</video>
    <narracao id="43831" momento="1ºT" tempo="37">ESSA TIROU TINTA! Cícero enche o pé em cobrança de falta de longa distância. A bola passa muito perto.</narracao>
    <video id="43875" momento="1ºT" video="502648"> Veja o vídeo:  37' Cícero cobra falta com perigo.</video>
    <narracao id="43833" momento="1ºT" tempo="39">QUASE O EMPATE! Wendel arrisca um balaço de fora da área. A bola resvala na trave e vai para fora.</narracao>
    <video id="43876" momento="1ºT" video="502650"> Veja o vídeo:  39' Wendel bate de fora e quase marca.</video>
    <narracao id="43840" momento="1ºT" tempo="41">Rodrigo Tabata cobra falta no segundo pau, Luiz Alberto sobe livre, mas pega mal na bola e cabeçada sobe demais.</narracao>
    <narracao id="43845" momento="1ºT" tempo="43">Falta perigosa em cima de Rodrigo Tabata...</narracao>
    <narracao id="43846" momento="1ºT" tempo="43">... Ele mesmo cobra em jogada repetida. De novo, Luiz Alberto sobe livre, mas não alcança a bola.</narracao>
    <narracao id="43847" momento="1ºT" tempo="44">Djalma Bertrami anuncia dois minutos de acréscimo.</narracao>
    <narracao id="43853" momento="1ºT" tempo="45">NÃO É POSSÍVEL!! Rodrigo Tabata finta adversário na ponta direita e cruza com capricho. Mas nenhum companheiro consegue chegar na bola.</narracao>
    <narracao id="43862" momento="1ºT" tempo="47">ANDREY ESPETACULAR!! Outra bola na área em falta cobrada por Rodrigo Tabata. O goleiro defende cabeçada à queima-roupa de Luiz Alberto, que exige explêndido reflexo do goleiro.</narracao>
    <narracao id="43863" momento="1ºT" tempo="48">FIM DO PRIMEIRO TEMPO!</narracao>
    <momento id="43867" momento="I">Show do intervalo</momento>
    <narracao id="43873" momento="I" tempo="0">GRANDE JOGO EM FLORIANÓPOLIS!! Diversas chances de gol foram criadas. Teve até pênalti perdido por Schwenck. O goleiro Andrey, do Figueira, é o destaque da primeira etapa, realizando excelentes defesas que garantiram o resultado positivo para a equipe catarinense. O time da casa começou pressionando, mas o Santos equilibrou e passou a mandar no jogo na segunda metade da etapa. Rodrigo Tabata é o maestro da equipe santista na partida. O meia arriscou bons chutes de fora e quase todas as jogadas passaram pelos seus pés. A equipe insistiu nas bolas aéreas e só não empatou porque encontrou uma parede intransponível pela frente. </narracao>
    <narracao id="43874" momento="I" tempo="0">As equipes retornam dos vestiários.</narracao>
    <momento id="43877" momento="2ºT">Segundo tempo</momento>
    <narracao id="43878" momento="2ºT" tempo="0">COMEÇA O SEGUNDO TEMPO!</narracao>
    <narracao id="43881" momento="2ºT" tempo="1">Andrey solta a bola na área, mas se recupera e defende.</narracao>
    <narracao id="43886" momento="2ºT" tempo="3">POR POUCO! Rodrigo Tiuí recebe belo lançamento no lado esquerdo da área e cruza rasteiro para o meio. Fininho chega de carrinho para cortar e quase marca contra.</narracao>
    <narracao id="43888" momento="2ºT" tempo="4">NO TRAVESSÃO! Após tentativa de bicicleta de Wellington Paulista, Luiz Alberto carimba o poste com forte cabeçada. O assistente havia marcado impedimento, mas o árbitro mandou o jogo seguir.</narracao>
    <video id="43922" momento="2ºT" video="502660"> Veja o vídeo:  4' Luiz Alberto cabeceia no travessão.</video>
    <cartao id="43890" momento="2ºT" atletaId="5332" tempo="5" ico="/Portal/esportes/temporeal/swf/icos/cartao_amarelo.swf" cor="amarelo">Wellington Paulista - O atacante completa impedido para o gol, e recebe cartão amarelo.</cartao>
    <narracao id="43893" momento="2ºT" tempo="7">PRESSÃO DO SANTOS!! Andrey se adianta e corta de soco bola que sobrava livre para Rodrigo Tiuí.</narracao>
    <gol id="43901" momento="2ºT" atletaId="3013" tempo="12" escudo="/FlashShow/0,,7270,00.swf" contra="0"> GOL DE RODRIGO TIUÍ  GOOOOOOOL DO SANTOS!! Rodrigo Tiuí completa cruzamento de Carlinhos de bate pronto para o gol.</gol>
    <video id="43901v" momento="2ºT" video="502666"> Veja o vídeo: Gol de Rodrigo Tiuí.  12' GOOOOOOOL DO SANTOS!! Rodrigo Tiuí completa cruzamento de Carlinhos de bate pronto para o gol.</video>
    <substituicao id="43945" momento="2ºT" tempo="16" ico="/Portal/esportes/temporeal/swf/icos/substituicao.swf">Santos faz substituição: entra Renatinho, sai Wellington Paulista</substituicao>
    <substituicao id="43933" momento="2ºT" tempo="18" ico="/Portal/esportes/temporeal/swf/icos/substituicao.swf">Figueirense faz substituição: entra Vinícius, sai Thiago Prado</substituicao>
    <gol id="43915" momento="2ºT" atletaId="11866" tempo="19" escudo="/FlashShow/0,,6591,00.swf" contra="0"> GOL DE CÍCERO  GOOOOOOOL DO FIGUEIRENSE!! Após cobrança de escanteio, Manzur corta a bola nos pés de Cícero na grande área. O meia aproveita a bobeira e chuta de bico rasteiro no canto direito de Fábio Costa. </gol>
    <video id="43915v" momento="2ºT" video="502670"> Veja o vídeo: Gol de Cícero.  19' GOOOOOOOL DO FIGUEIRENSE!! Após cobrança de escanteio, Manzur corta a bola nos pés de Cícero na grande área. O meia aproveita a bobeira e chuta de bico rasteiro no canto direito de Fábio Costa. </video>
    <cartao id="43926" momento="2ºT" atletaId="2870" tempo="23" ico="/Portal/esportes/temporeal/swf/icos/cartao_amarelo.swf" cor="amarelo">Luiz Alberto - Zagueiro reclama por escanteio e leva cartão amarelo.</cartao>
    <substituicao id="43934" momento="2ºT" tempo="25" ico="/Portal/esportes/temporeal/swf/icos/substituicao.swf">Figueirense faz substituição: entra Samir, sai Fininho</substituicao>
    <substituicao id="43946" momento="2ºT" tempo="28" ico="/Portal/esportes/temporeal/swf/icos/substituicao.swf">Santos faz substituição: entra Fabinho, sai Wendel</substituicao>
    <cartao id="43952" momento="2ºT" atletaId="6436" tempo="29" ico="/Portal/esportes/temporeal/swf/icos/cartao_amarelo.swf" cor="amarelo">Vinícius - Zagueiro recebe cartão amarelo por falta dura em Rodrigo Tabata.</cartao>
    <narracao id="43953" momento="2ºT" tempo="31">Rodrigo Tabata arrisca de longe. Bola vai para fora.</narracao>
    <video id="44003" momento="2ºT" video="502679"> Veja o vídeo:  31' Rodrigo Tabata chuta para fora.</video>
    <narracao id="43955" momento="2ºT" tempo="32">MAIS UMA CHANCE SANTISTA! Renatinho bate rasteiro da entrada da área. Andrey pula em seu canto esquerdo e faz bela defesa.</narracao>
    <video id="44005" momento="2ºT" video="502680"> Veja o vídeo:  32' Renatinho chuta e Andrey defende.</video>
    <narracao id="43958" momento="2ºT" tempo="34">O Santos continua lutando pelo empate.</narracao>
    <cartao id="43959" momento="2ºT" atletaId="8771" tempo="35" ico="/Portal/esportes/temporeal/swf/icos/cartao_amarelo.swf" cor="amarelo">Chicão - Zaguerio retarda cobrança de falta e recebe cartão amarelo.</cartao>
    <narracao id="43962" momento="2ºT" tempo="36">Rodrigo Tabata cobra falta no segundo pau, a zaga desvia para córner...</narracao>
    <narracao id="43963" momento="2ºT" tempo="36">... Luiz Alberto cabeceia por cima.</narracao>
    <narracao id="43968" momento="2ºT" tempo="37">Carlos Alberto aparece na defesa e consegue ótimo desarme. </narracao>
    <narracao id="43973" momento="2ºT" tempo="39">Córner para o Santos...</narracao>
    <narracao id="43976" momento="2ºT" tempo="39">... Rodrigo Tabata cobra no primeiro pau, a zaga corta para a própria área e a bola cai na cabeça de Luiz Alberto, que pego de surpresa, apenas resvala para fora.</narracao>
    <narracao id="43979" momento="2ºT" tempo="42">PÉSSIMO!! Carlinhos corta para o meio e bate com a direita, perna que não é boa. O chute sai pela lateral.</narracao>
    <narracao id="43984" momento="2ºT" tempo="43">O Santos tenta pressionar com bolas alçadas na área.</narracao>
    <narracao id="43987" momento="2ºT" tempo="44">Djalma Bertrami anuncia três minutos de acréscimo no segundo tempo.</narracao>
    <narracao id="43988" momento="2ºT" tempo="45">Carlinhos cruza para a área, a zaga corta para córner...</narracao>
    <narracao id="43992" momento="2ºT" tempo="45">... NÃO PASSA NADA! Mais uma vez de Rodrigo Tabata para Luiz Alberto, que agora tenta de cabeça do primeiro pau. Andrey faz outra bela defesa.</narracao>
    <video id="44011" momento="2ºT" video="502690"> Veja o vídeo:  45' Luiz Alberto cabeceia com perigo.</video>
    <narracao id="43995" momento="2ºT" tempo="47">ÚLTIMA CHANCE! Rodrigo Tabata bate falta na área, a bola passa por todo mundo e sai pela linha de fundo.</narracao>
    <narracao id="43997" momento="2ºT" tempo="48">O Figueirense prende a bola no campo de ataque.</narracao>
    <narracao id="43998" momento="2ºT" tempo="48">FIM DE JOGO NO ORLANDO SCARPELLI!</narracao>
    <momento id="43999" momento="E">Final de jogo</momento>
    <narracao id="44018" momento="E" tempo="0">Apesar da pressão santista, o Figueirense conseguiu segurar importante vitória em casa. O grande trunfo da equipe catarinense foi marcar logo depois do empate adversário. Andrey, com grandes defesas, garantiu o resultado que leva o Figueirense ao provisório sexto lugar, com os mesmos 18 pontos do Santos, mas saldo pior que o adversário de hoje.</narracao>
  </lances>
</lancealance>
