<?xml version="1.0" encoding="UTF-8"?>
<lancealance cobertura="1267" leitura="0">
  <placar>
    <equipe id="001" url="" nome="Fortaleza" escudo="/FlashShow/0,,6592,00.swf" resultado="0" abreviacao="FOR"/>
    <equipe id="002" url="" nome="Palmeiras" escudo="/FlashShow/0,,7255,00.swf" resultado="0" abreviacao="PAL"/>
  </placar>
  <lances>
    <momento id="49103" momento="PJ">Pré-jogo</momento>
    <narracao id="49110" momento="PJ" tempo="0">Palmeiras e Fortaleza se enfrentam daqui a pouco no Estádio Presidente Vargas, na capital cearense. O Verdão tenta manter os 100% de aproveitamento na competição, após a pausa para a Copa do Mundo, ao conquistar cinco vitórias consecutivas. Enquanto que o Tricolor cearense espera acabar com o jejum de 11 jogos sem triunfo.</narracao>
    <narracao id="49114" momento="PJ" tempo="0">O técnico Tite confirma que Thiago Gomes e Marcinho Guerreiro começam jogando contra o Fortaleza. Dininho e Francis amargam o banco de reservas.
</narracao>
    <narracao id="49115" momento="PJ" tempo="0">Não vai ser desta vez que o gringo Jorge Valdivia estréia pelo Palmeiras. O meio-campo sequer viajou para o Ceará, pois ainda não teve a sua situção regularizada na CBF. Ele que foi convocado pela seleção chilena para o amistoso contra a Colômbia no próximo dia 16 de agosto.</narracao>
    <narracao id="49116" momento="PJ" tempo="0">Seis jogadores do Alviverde estão pendurados com dois cartões amarelos. São eles: os zagueiros Daniel e Thiago Gomes, o lateral Paulo Baier e os meias Juninho Paulista, Reinaldo e Wendel.</narracao>
    <narracao id="49117" momento="PJ" tempo="0">O treinador Hélio dos Anjos não pode contar com o lateral Patrick e o volante Wendel, já que os dois estão entregues ao departamento médico.

</narracao>
    <narracao id="49120" momento="PJ" tempo="0">Um minuto de silêncio pela morte de um torcedor do Fortaleza.</narracao>
    <narracao id="49124" momento="1ºT" tempo="0">Começa o jogo.</narracao>
    <momento id="49125" momento="1ºT">Primeiro tempo</momento>
    <narracao id="49128" momento="1ºT" tempo="1">Michael chute bem de fora da área, forçando o goleiro Albérico a fazer grande defesa.</narracao>
    <video id="49160" momento="1ºT" video="516581"> Veja o vídeo:  1' Confira o primeiro chute a gol do Verdão.</video>
    <narracao id="49131" momento="1ºT" tempo="2">Sequência de faltas entre os dois times. Disputa promete ser acirrada entre os dois times.</narracao>
    <narracao id="49134" momento="1ºT" tempo="4">Finazzi quase marca de cabeça, mas o goleiro Diego Cavalieri estava bem posicionado e evitou o pior.</narracao>
    <video id="49162" momento="1ºT" video="516582"> Veja o vídeo:  4' Confira a cabeçada de Finazzi e a boa defesa do goleiro Diego Cavalieri.

</video>
    <narracao id="49138" momento="1ºT" tempo="6">Edmundo reclama muito do árbitro Wallace Nascimento.</narracao>
    <narracao id="49142" momento="1ºT" tempo="7">Assistente marca impedimento, que não houve, do atacante Rinaldo, do Fortaleza.</narracao>
    <narracao id="49144" momento="1ºT" tempo="8">QUE ISSO EDMUNDO???? O animal cobrou falta muito mal, mandou a pelota lá na arquibancada.</narracao>
    <narracao id="49145" momento="1ºT" tempo="9">De novo, o assistente vê impedimento de Rinaldo, do Fortaleza.</narracao>
    <narracao id="49148" momento="1ºT" tempo="11">Rinaldo ameaça em bola alçada na área para desespero da zaga alviverde, que tira de qualquer jeito.</narracao>
    <narracao id="49151" momento="1ºT" tempo="12">Edmundo faz bela jogada, mas Enílton fura a bola na hora de concluir. </narracao>
    <narracao id="49154" momento="1ºT" tempo="13">Marcinho Guerreiro chuta sem direção, longe do de Alberico.</narracao>
    <narracao id="49156" momento="1ºT" tempo="14">Grande defesa do goleiro Diego Cavalieri em ataque perigoso do Fortaleza.</narracao>
    <video id="49180" momento="1ºT" video="516592"> Veja o vídeo:  14' Veja a bela defesa do arqueiro palmeirense. </video>
    <narracao id="49165" momento="1ºT" tempo="18">Assistente vê impedimento de Finazzi.</narracao>
    <narracao id="49168" momento="1ºT" tempo="20">Pressão tricolor!!!! A bola não sai da área do time paulista.</narracao>
    <narracao id="49172" momento="1ºT" tempo="21">Daniel põe a bola para linha de fundo, depois de ataque do Fortaleza.</narracao>
    <cartao id="49174" momento="1ºT" atletaId="6797" tempo="22" ico="/Portal/esportes/temporeal/swf/icos/cartao_amarelo.swf" cor="amarelo">Finazzi - Atacante reclamou do árbitro e foi premiado com o primeiro cartão do jogo.</cartao>
    <narracao id="49184" momento="1ºT" tempo="27">Bola muito forte para Rinaldo, que não consegue dominá-la.</narracao>
    <narracao id="49186" momento="1ºT" tempo="28">Jorge Mutt puxa contra-ataque para o Fortaleza...</narracao>
    <narracao id="49187" momento="1ºT" tempo="29">...mas ele é interceptado a tempo de fazer o gol.</narracao>
    <narracao id="49189" momento="1ºT" tempo="29">Diego Cavalieri defende chute à queima-roupa.</narracao>
    <video id="49231" momento="1ºT" video="516604"> Veja o vídeo:  29' Assista à defesa importantíssima do goleiro alviverde.</video>
    <narracao id="49196" momento="1ºT" tempo="31">Palmeiras e Fortaleza erram muitos passes.</narracao>
    <cartao id="49197" momento="1ºT" atletaId="2633" tempo="32" ico="/Portal/esportes/temporeal/swf/icos/cartao_amarelo.swf" cor="amarelo">Edmundo - Animal é punido por reclamação.</cartao>
    <narracao id="49201" momento="1ºT" tempo="33">Paulo Baier tromba com jogador do Fortaleza e está caindo em campo.</narracao>
    <cartao id="49204" momento="1ºT" atletaId="3864" tempo="34" ico="/Portal/esportes/temporeal/swf/icos/cartao_amarelo.swf" cor="amarelo">Dude - Zagueiro é premiado com cartão por fazer falta feia em Paulo Baier. </cartao>
    <narracao id="49208" momento="1ºT" tempo="36">Michael chuta muito mal, depois de receber cruzamento da direita na entrada da área.</narracao>
    <narracao id="49209" momento="1ºT" tempo="37">Ramalho tira a bola de qualquer jeito.</narracao>
    <narracao id="49212" momento="1ºT" tempo="39">Times tocam a bola e parecem estar satisfeitos com o empate.</narracao>
    <narracao id="49213" momento="1ºT" tempo="40">Paulo Baier cruza para ninguém e o Fortaleza puxa contra-ataque.</narracao>
    <cartao id="49223" momento="1ºT" atletaId="2982" tempo="42" ico="/Portal/esportes/temporeal/swf/icos/cartao_vermelho.swf" cor="vermelho">Marcinho Guerreiro - O cabeça-de-área chuta sem bola Mazinho Lima, do Fortaleza.</cartao>
    <video id="49263" momento="1ºT" video="516612"> Veja o vídeo:  42' Confira porque o jogador Marcinho Guerreiro foi expulso.</video>
    <cartao id="49225" momento="1ºT" atletaId="6282" tempo="43" ico="/Portal/esportes/temporeal/swf/icos/cartao_amarelo.swf" cor="amarelo">Mazinho Lima - Meio-campista é punido por se envolver em confusão com Marcinho Guerreiro.</cartao>
    <narracao id="49233" momento="1ºT" tempo="46">Rinaldo cruza para a área, mas Finazzi não consegue marcar.</narracao>
    <video id="49266" momento="1ºT" video="516616"> Veja o vídeo:  46' Veja a chance de gol que perdeu o atacante Finazzi.</video>
    <narracao id="49234" momento="1ºT" tempo="47">Fim de primeiro tempo.</narracao>
    <momento id="49241" momento="I">Show do intervalo</momento>
    <narracao id="49244" momento="I" tempo="0">Jogo equilibrado do início ao fim do primeiro tempo, com ligeira vantagem para o Fortaleza. Destaque para o goleiro Diego Cavalieri, do Palmeiras, que evitou pelo menos três gols do Tricolor ceareanse. Complicou para o Verdão!!! Marcinho Guerreiro foi expulso em lance infantil, após cometer falta em Mazinho Lima. Além de jogar fora, o time paulista vai atuar com um a menos em todo o segundo tempo.</narracao>
    <video id="49299" momento="I" video="516641"> Veja o vídeo:  0' Veja o que o atacante Edmundo disse sobre a arbitragem.</video>
    <momento id="49249" momento="2ºT">Segundo tempo</momento>
    <narracao id="49253" momento="2ºT" tempo="0">Começa o segundo tempo.</narracao>
    <substituicao id="49344" momento="2ºT" tempo="0" ico="/Portal/esportes/temporeal/swf/icos/substituicao.swf">Fortaleza faz substituição: entra Lúcio, sai Jorge Mutt</substituicao>
    <substituicao id="49347" momento="2ºT" tempo="0" ico="/Portal/esportes/temporeal/swf/icos/substituicao.swf">Palmeiras faz substituição: entra Francis, sai Enílton</substituicao>
    <narracao id="49269" momento="2ºT" tempo="4">Muitas faltas e pouca criatividade dos dois times.</narracao>
    <narracao id="49271" momento="2ºT" tempo="5">Jogadores pedem para o árbitro trocar a bola do jogo.</narracao>
    <narracao id="49275" momento="2ºT" tempo="6">Pressão do Fortaleza!!! Zaga do Palmeiras tira a bola de qualquer jeito.</narracao>
    <narracao id="49278" momento="2ºT" tempo="8">Lúcio tenta a finta no meio de três palmeirenses e perde a bola.</narracao>
    <narracao id="49279" momento="2ºT" tempo="9">Finazzi tenta dominar a bola na pequena área, mas é desarmado por Nen.</narracao>
    <narracao id="49283" momento="2ºT" tempo="10">DIEGO DIEGO DIEGO!!! Só dá ele no jogo. Agora o goleirão fez defesa de chute à queima-roupa de Rinaldo.</narracao>
    <narracao id="49285" momento="2ºT" tempo="11">Rianaldo quase marca. O atacante conclui desequilibrado, após cruzamento da direita. Que susto hein, Diego?</narracao>
    <video id="49329" momento="2ºT" video="516661"> Veja o vídeo:  11' Assista ao ataque do Fortaleza com Rinaldo.</video>
    <substituicao id="49348" momento="2ºT" tempo="13" ico="/Portal/esportes/temporeal/swf/icos/substituicao.swf">Palmeiras faz substituição: entra Marcinho, sai Edmundo</substituicao>
    <narracao id="49306" momento="2ºT" tempo="18">Boa oportunidade para o Fortaleza. Levantamento de bola na área resulta em escanteio.</narracao>
    <narracao id="49307" momento="2ºT" tempo="20">Time do Fortaleza peca nas finalizações.</narracao>
    <narracao id="49309" momento="2ºT" tempo="21">Palmeiras chega ao ataque com chute cruzado de Wendel.</narracao>
    <narracao id="49313" momento="2ºT" tempo="22">Bom momento para o Tricolor. Cobrança de falta na entrada da área e defesa segura de Diego.</narracao>
    <cartao id="49317" momento="2ºT" atletaId="128" tempo="23" ico="/Portal/esportes/temporeal/swf/icos/cartao_amarelo.swf" cor="amarelo">Daniel - O zagueiro fez falta feia em Mazinho Lima.</cartao>
    <narracao id="49321" momento="2ºT" tempo="26">Árbitro vê impedimento de Finazzi.</narracao>
    <narracao id="49325" momento="2ºT" tempo="28">Marcinho evita o contra-ataque do Fortaleza com falta.</narracao>
    <narracao id="49334" momento="2ºT" tempo="32">Daniel afasta o perigo em ataque perigoso do time cearense.</narracao>
    <narracao id="49337" momento="2ºT" tempo="33">Juninho Paulista ameaça de fora da área. A bola passa perto da trave direita do goleiro Albérico.</narracao>
    <substituicao id="49345" momento="2ºT" tempo="33" ico="/Portal/esportes/temporeal/swf/icos/substituicao.swf">Fortaleza faz substituição: entra Nunes, sai Finazzi</substituicao>
    <substituicao id="49349" momento="2ºT" tempo="36" ico="/Portal/esportes/temporeal/swf/icos/substituicao.swf">Palmeiras faz substituição: entra Amaral, sai Michael</substituicao>
    <cartao id="49353" momento="2ºT" atletaId="128" tempo="37" ico="/Portal/esportes/temporeal/swf/icos/cartao_vermelho.swf" cor="vermelho">Daniel - O zagueiro, que já tinha cartão amarelo, retarda o jogo ao atirar a bola para longe. </cartao>
    <narracao id="49356" momento="2ºT" tempo="40">Rinaldo centra para Lúcio, que está na pequena área, mas este fura a bola na hora de concluir a gol.</narracao>
    <narracao id="49362" momento="2ºT" tempo="42">Falta a favor do Palmeiras na entrada da área. </narracao>
    <narracao id="49365" momento="2ºT" tempo="43">Verdão vai segurando o zero a zero com nove jogadores!!!!</narracao>
    <cartao id="49369" momento="2ºT" atletaId="10132" tempo="44" ico="/Portal/esportes/temporeal/swf/icos/cartao_amarelo.swf" cor="amarelo">Bruno Barros - Meio-campista é punido por fazer falta em Amaral.</cartao>
    <narracao id="49370" momento="2ºT" tempo="45">Árbitro dá quatro minutos de acréscimo.</narracao>
    <narracao id="49372" momento="2ºT" tempo="47">Pressão do Fortaleza!!! Palmeiras não consegue passar do meio-de-campo.</narracao>
    <narracao id="49374" momento="2ºT" tempo="48">QUE FEIO, HEIN!!!!Rinaldo tropeça nas próprias pernas e não consegue chutar a gol.</narracao>
    <narracao id="49376" momento="2ºT" tempo="49">Fim de jogo. Tudo igual no Estádio Presidente Vargas. Fortaleza 0 x 0 Palmeiras.</narracao>
    <momento id="49377" momento="E">Final de jogo</momento>
  </lances>
</lancealance>
