<?xml version="1.0" encoding="UTF-8"?>
<lancealance cobertura="1080" leitura="0">
  <placar>
    <equipe id="001" url="" nome="Polônia" escudo="/FlashShow/0,,9463,00.swf" resultado="1" abreviacao="POL"/>
    <equipe id="002" url="" nome="Croácia" escudo="/FlashShow/0,,9450,00.swf" resultado="0" abreviacao="CRO"/>
  </placar>
  <lances>
    <momento id="33435" momento="PJ">Pré-jogo</momento>
    <narracao id="33358" momento="1ºT" tempo="0">A Croácia está no Grupo F junto com Brasil, Austrália e Japão. É uma seleção que mescla experiência de jogadores como o zagueiro Tudor e o lateral Dario simic, do Milan, com a juventude do meia Kranjcar e o atacante Olic.</narracao>
    <momento id="33359" momento="1ºT">Primeiro tempo</momento>
    <narracao id="33360" momento="1ºT" tempo="0">A Polônia está no Grupo A, junto com a anfitriã Alemanha, Costa Rica e Equador. É um time jovem, destaques para o meia Smolarek, que joga no Borussia Dortmund e para o atacante Zurawski, do Celtic da Escócia.</narracao>
    <narracao id="33362" momento="1ºT" tempo="0">Polônia e Croácia se enfrentam às 12h30min (horário de Brasília), no estádio Volkswagen Arena (Wolfsburg - ALEMANHA), em jogo amistoso. As duas equipes estão se preparando para a disputa da Copa do Mundo, que começa no dia 09 de Junho.</narracao>
    <narracao id="33432" momento="1ºT" tempo="0">COMEÇA O PRIMEIRO TEMPO EM WOLFSBURG!</narracao>
    <narracao id="33433" momento="1ºT" tempo="1">A Croácia tenta dominar no início da partida.</narracao>
    <narracao id="33434" momento="1ºT" tempo="2">Com dois minutos, só a equipe croata tocou na bola. A Polônia fica toda na retranca.</narracao>
    <narracao id="33436" momento="1ºT" tempo="3">Srna tabela com Olic. O atacante chuta forte contra o gol de Boruc, mas vai para fora. Olic estava impedido.</narracao>
    <narracao id="33437" momento="1ºT" tempo="5">PRESSÃO CROATA! Olic recebe bom passe de Babic e, livre na área, se enrola com a bola. Boruc pega a bola sem problemas.</narracao>
    <narracao id="33438" momento="1ºT" tempo="8">A Polônia sai para o ataque. Sobolewski avança sem marcação e chuta. No rebote, Krzynowek chuta para a defesa tranqüila de Butina.</narracao>
    <narracao id="33439" momento="1ºT" tempo="10">Smolarek avança e a Croácia continua marcando mal. O atacante polonês toca para Zurawski, que é derrubado na área. O árbitro manda seguir.</narracao>
    <narracao id="33440" momento="1ºT" tempo="11">Disputa de bola entre Zewlakow e Srna. O croata levou uma cotovelada, mas o árbitro não viu falta. Segue o jogo!</narracao>
    <narracao id="33441" momento="1ºT" tempo="12">Klasnic corre mais que toda a defesa pela esquerda e cruza rasteiro. Ninguém da Croácia aparece para finalizar.</narracao>
    <narracao id="33442" momento="1ºT" tempo="14">Krzynowec dribla dois croatas e se vê livre na entrada da área. Na hora do passe decisivo, toca nos pés do zagueiro Simunic. Boa oportunidade desperdiçada pela Polônia.</narracao>
    <narracao id="33443" momento="1ºT" tempo="16">A Polônia enrola, enrola e só toca na área croata. A equipe não consegue ser objetiva e acaba perdendo a posse da bola.</narracao>
    <narracao id="33444" momento="1ºT" tempo="19">Olic recebe belo passe longo de Kovac. O atacante, mais uma vez, está impedido!</narracao>
    <narracao id="33445" momento="1ºT" tempo="21">Kranjkar cobra falta. Klasnic se adianta aos zagueiros e chuta, obrigando Boruc a mostrar seus reflexos!</narracao>
    <narracao id="33446" momento="1ºT" tempo="23">No contra ataque, Krzynowek toca muito forte para Zurawski. O atacante estava livre na área croata! Fácil para o goleiro Butina.</narracao>
    <narracao id="33447" momento="1ºT" tempo="25">Krzynowek, desmarcado, manda um petardo de esquerda! A bola passa muito rente ao gol de Butina!</narracao>
    <narracao id="33448" momento="1ºT" tempo="26">Modric toca na meia-lua para Krajnkar. O apoiador chuta forte! Para muito longe, isola a bola!</narracao>
    <narracao id="33449" momento="1ºT" tempo="30">Srna empura Krzynowek na ponta esquerda de ataque. É falta perigosa para a Polônia...</narracao>
    <narracao id="33450" momento="1ºT" tempo="30">... Zurawski cobra na área da Croácia, a zaga sobe de cabeça e afasta o perigo.</narracao>
    <narracao id="33451" momento="1ºT" tempo="31">Jogo equilibrado em Wolfsburg! As duas seleções se alteram no campo de ataque e cometem muitas faltas.</narracao>
    <narracao id="33452" momento="1ºT" tempo="32">Olic avança na velocidade pela esquerda e tenta passar por Jop. No combate, o lateral-direito polonês consegue o desarme.</narracao>
    <narracao id="33453" momento="1ºT" tempo="35">Boa tabela dos poloneses pela intermediária da Croácia, mas na hora da bola esticada na área, a zaga croata se antecipa e afasta o perigo.</narracao>
    <narracao id="33454" momento="1ºT" tempo="36">Krzynowek tente chegar pelo lado esquerdo, mas fica na marcação de Simic. A bola se perde pela lateral.</narracao>
    <narracao id="33455" momento="1ºT" tempo="37">Baszczynski cruza bola do lado direito na área da Croácia. Butina sobe para fazer a defesa.</narracao>
    <narracao id="33456" momento="1ºT" tempo="38">Klasnic se estranha com o zagueiro Zewlakow, mas logo fazem as "pazes".</narracao>
    <narracao id="33457" momento="1ºT" tempo="39">Olic avança pela ponta canhota e cruza rasteiro na área da Polônia. Bak corta para a intermediária.</narracao>
    <narracao id="33458" momento="1ºT" tempo="41">Falta na ponta direita para a Croácia. Vém bola na área da Polônia...</narracao>
    <narracao id="33459" momento="1ºT" tempo="42">... SURPREENDENTE! Srna cobra direto, o goleiro Boruc defende em dois tempos e a zaga corta para escanteio...</narracao>
    <narracao id="33460" momento="1ºT" tempo="42">... Escanteio cobrado fechado. A zaga polonesa afasta o perigo.</narracao>
    <narracao id="33461" momento="1ºT" tempo="43">QUE BELA JOGADA! Kranjcar avança pela direita e penetra na área da Polônia. Finta o zagueiro e chuta forte, com perigo, a bola sai por trás do gol.</narracao>
    <narracao id="33462" momento="1ºT" tempo="45">FINAL DE PRIMEIRO TEMPO! Sem acréscimos, árbitro Florian Meyer encerra o primeiro tempo.</narracao>
    <momento id="33463" momento="I">Show do intervalo</momento>
    <narracao id="33464" momento="I" tempo="0">Primeiro tempo disputado e com algumas jogadas ríspidas. O destaque da seleção polonesa Smolarek não apareceu para o jogo, já o meia Kranjcar, filho do técnico da Croácia Zlatko Kranjcar, foi o destaque. </narracao>
    <momento id="33465" momento="2ºT">Segundo tempo</momento>
    <narracao id="33466" momento="2ºT" tempo="0">BOLA ROLANDO! Começa o segundo tempo de Polônia 0 x 0 Croácia.</narracao>
    <narracao id="33467" momento="2ºT" tempo="1">Jop já chega duro em Klasnic, no lado esquerdo de ataque da Croácia.</narracao>
    <substituicao id="33495" momento="2ºT" tempo="1" ico="/Portal/esportes/temporeal/swf/icos/substituicao.swf">Croácia faz substituição: entra Ivan Bosnjak, sai Kranjcar</substituicao>
    <substituicao id="33496" momento="2ºT" tempo="1" ico="/Portal/esportes/temporeal/swf/icos/substituicao.swf">Croácia faz substituição: entra Ivan Leko, sai Darijo Srna</substituicao>
    <substituicao id="33497" momento="2ºT" tempo="1" ico="/Portal/esportes/temporeal/swf/icos/substituicao.swf">Croácia faz substituição: entra Buhat, sai Olic</substituicao>
    <narracao id="33468" momento="2ºT" tempo="3">A torcida da Polônia começa a cantar, incentivando os jogadores.</narracao>
    <narracao id="33469" momento="2ºT" tempo="4">UUUHHHH! Bosnjak recebe na área, fica cara a cara com o goleiro Boruc, mas chuta rasteiro, pela linha de fundo. A bola sai à direita do gol.</narracao>
    <narracao id="33470" momento="2ºT" tempo="6">A Croácia começa dominando o jogo e pressionando a Polônia no seu campo de defesa.</narracao>
    <gol id="33471" momento="2ºT" atletaId="7088" tempo="7" escudo="/FlashShow/0,,9463,00.swf" contra="0"> GOL DE EBI SMOLAREK  GOOOOOOL! Após cobrança de escanteio da esquerda no segundo pau, o destaque da seleção polonesa enfim aparece no jogo! A Polônia sai na frente no amistoso!</gol>
    <narracao id="33475" momento="2ºT" tempo="12">Krzynowek recebe na velocidade pela intermediária da Croácia, sofre falta de Simic, mas árbitro manda seguir o jogo.</narracao>
    <narracao id="33476" momento="2ºT" tempo="14">Smolarek arrisca chute de fora da área, mas chuta muito mal, pela linha de fundo.</narracao>
    <narracao id="33477" momento="2ºT" tempo="15">Após cobrança de escanteio na área da Polônia, Bak corta para lateral.</narracao>
    <substituicao id="33498" momento="2ºT" tempo="18" ico="/Portal/esportes/temporeal/swf/icos/substituicao.swf">Croácia faz substituição: entra Jerko Leko, sai Jurica Vranjes</substituicao>
    <substituicao id="33516" momento="2ºT" tempo="19" ico="/Portal/esportes/temporeal/swf/icos/substituicao.swf">Polônia faz substituição: entra Mila, sai Szymkowiak</substituicao>
    <narracao id="33486" momento="2ºT" tempo="20">Simic avança pela direita e cruza na área da Polônia. A zaga corta de cabeça.</narracao>
    <narracao id="33487" momento="2ºT" tempo="20">Klasnic cruza bola da direita na área da Polônia. Bosnjak cabeceia pela linha de fundo, à direita do gol de Boruc.</narracao>
    <narracao id="33488" momento="2ºT" tempo="22">Escanteio na área da Polônia, o zagueiro Simunic sobe de cabeça na pequena área e coloca por cima do gol de Boruc.</narracao>
    <narracao id="33489" momento="2ºT" tempo="22">ENTRADA DURA! Bosnjak divide com Zewlakow. Falta do atacante croata.</narracao>
    <narracao id="33490" momento="2ºT" tempo="23">UUUHHHHH! Zurawski cobra falta da intermediária e a bola sai por cima do gol de Butina.</narracao>
    <narracao id="33491" momento="2ºT" tempo="25">Agora são os poloneses que marcam a saída de bola da Croácia, pressionando no campo de defesa.</narracao>
    <narracao id="33492" momento="2ºT" tempo="26">Modric avança pela entrada da área da Polônia, ajeita para o pé direito e solta a bomba. A bola sai à esquerda do gol de Boruc.</narracao>
    <substituicao id="33499" momento="2ºT" tempo="28" ico="/Portal/esportes/temporeal/swf/icos/substituicao.swf">Croácia faz substituição: entra Boško Balaban, sai Luka Modric</substituicao>
    <substituicao id="33517" momento="2ºT" tempo="28" ico="/Portal/esportes/temporeal/swf/icos/substituicao.swf">Polônia faz substituição: entra Kosowski, sai Krzynowek</substituicao>
    <narracao id="33500" momento="2ºT" tempo="30">Kosowski parte com a bola dominada pelo lado direito de ataque da Polônia. Robert Kovac entra duro e comete a falta.</narracao>
    <narracao id="33501" momento="2ºT" tempo="31">Baszczynski se envolve em lance com o zagueiro Simunic na área da Croácia. Árbitro não vê nada e manda seguir o jogo. Jogador polonês não se conforma.</narracao>
    <substituicao id="33518" momento="2ºT" tempo="34" ico="/Portal/esportes/temporeal/swf/icos/substituicao.swf">Polônia faz substituição: entra Bartosz Bosacki, sai Bak</substituicao>
    <narracao id="33505" momento="2ºT" tempo="36">Kosowski perde excelente oportunidade para a Polônia. Na área, chuta muito mal, a bola desvia na zaga e ganha o escanteio.</narracao>
    <substituicao id="33519" momento="2ºT" tempo="38" ico="/Portal/esportes/temporeal/swf/icos/substituicao.swf">Polônia faz substituição: entra Jelen, sai Smolarek</substituicao>
    <substituicao id="33520" momento="2ºT" tempo="40" ico="/Portal/esportes/temporeal/swf/icos/substituicao.swf">Polônia faz substituição: entra Lewandowski, sai Sobolewski</substituicao>
    <narracao id="33515" momento="2ºT" tempo="43">O jogo fica feio, com muito "perde e ganha" no meio-campo.</narracao>
    <substituicao id="33521" momento="2ºT" tempo="44" ico="/Portal/esportes/temporeal/swf/icos/substituicao.swf">Polônia faz substituição: entra Rasiak, sai Zurawski</substituicao>
    <narracao id="33522" momento="2ºT" tempo="45">Amistoso já está nos acréscimos!</narracao>
    <narracao id="33523" momento="2ºT" tempo="46">Kosowski cruza bola da esquerda no segundo pau. Rasiak sobe de cabeça e coloca por cima do gol de Butina.</narracao>
    <cartao id="33526" momento="2ºT" atletaId="12179" tempo="46" ico="/Portal/esportes/temporeal/swf/icos/cartao_amarelo.swf" cor="amarelo">Rasiak - Atacante da Polônia é punido após falta dura na intermediária.</cartao>
    <narracao id="33524" momento="2ºT" tempo="47">ÚLTIMA CHANCE PARA A CROÁCIA TENTAR O EMPATE! Balaban chuta forte de fora da área e Boruc defende com segurança, no canto esquerdo.</narracao>
    <narracao id="33525" momento="2ºT" tempo="48">FIM DE JOGO! A Polônia derrota a Croácia, adversário do Brasil na estréia na Copa do Mundo da Alemanha.</narracao>
    <momento id="33527" momento="E">Final de jogo</momento>
  </lances>
</lancealance>
