<?xml version="1.0" encoding="UTF-8"?>
<lancealance cobertura="119" leitura="0">
  <placar>
    <equipe id="001" url="" nome="Ponte Preta" escudo="/FlashShow/0,,7275,00.swf" resultado="2" abreviacao="PON"/>
    <equipe id="002" url="" nome="Guarani" escudo="/FlashShow/0,,7245,00.swf" resultado="2" abreviacao="Guarani"/>
  </placar>
  <lances>
    <momento id="3519" momento="PJ">Pré-jogo</momento>
    <narracao id="3520" momento="PJ" tempo="0">Ponte Preta e Guarani entram em campo às 18h10m no Estádio Moisés Lucarelli.</narracao>
    <momento id="3776" momento="1ºT">Primeiro tempo</momento>
    <gol id="3775" momento="1ºT" atletaId="4150" tempo="1" escudo="/FlashShow/0,,7245,00.swf" contra="0"> GOL DE EDMÍLSON  Edmílson faz um golaço de Bicicleta.</gol>
    <video id="3775v" momento="1ºT" video="1"> Veja o vídeo: Gol de Edmílson.  1' Edmílson faz um golaço de Bicicleta.</video>
    <gol id="3779" momento="1ºT" atletaId="9502" tempo="3" escudo="/FlashShow/0,,7245,00.swf" contra="0"> GOL DE BILU  Bilu marca o segundo após belo passe de Fabiano na entrada da área da Ponte Preta.</gol>
    <video id="3779v" momento="1ºT" video="1"> Veja o vídeo: Gol de Bilu.  3' Bilu marca o segundo após belo passe de Fabiano na entrada da área da Ponte Preta.</video>
    <narracao id="3781" momento="1ºT" tempo="4">Penalti para a Ponte Preta, goleiro Fernando puxa Luíz Mário dentro da área.</narracao>
    <cartao id="3830" momento="1ºT" atletaId="31" tempo="4" ico="/Portal/esportes/temporeal/swf/icos/cartao_amarelo.swf" cor="amarelo">Fernando - Goleiro do Guarani é punido, Após cometer penalti em Luíz Mário.</cartao>
    <gol id="3783" momento="1ºT" atletaId="3509" tempo="5" escudo="/FlashShow/0,,7275,00.swf" contra="0"> GOL DE ÉLSON  Elson cobra e faz o primeiro gol da Ponte Preta.</gol>
    <video id="3783v" momento="1ºT" video="1"> Veja o vídeo: Gol de Élson.  5' Elson cobra e faz o primeiro gol da Ponte Preta.</video>
    <narracao id="3786" momento="1ºT" tempo="7">Bilu cobra falta da direita para o Guarani.</narracao>
    <video id="3788" momento="1ºT" video="1"> Veja o vídeo:  7' Bilu levanta no segundo pau e César cabeceia com perigo por cima do gol de Jean.</video>
    <narracao id="3790" momento="1ºT" tempo="10">Lançamento para Fabiano, Preto corta para escanteio.</narracao>
    <narracao id="3791" momento="1ºT" tempo="11">Fabinho sente e está fora de campo.</narracao>
    <narracao id="3794" momento="1ºT" tempo="12">Fabinho retorna ao gramado.</narracao>
    <narracao id="3795" momento="1ºT" tempo="13">Almir chuta cruzado, sem problemas para Fernando.</narracao>
    <narracao id="3798" momento="1ºT" tempo="18">Muitas faltas até agora.</narracao>
    <narracao id="3799" momento="1ºT" tempo="19">Falta perigosa de César em Danilo.</narracao>
    <narracao id="3800" momento="1ºT" tempo="19">Elson cobra a falta por cima do gol de Fernando.</narracao>
    <narracao id="3806" momento="1ºT" tempo="24">Lateral para o Guarani.</narracao>
    <gol id="3808" momento="1ºT" atletaId="3194" tempo="25" escudo="/FlashShow/0,,7275,00.swf" contra="0"> GOL DE LUCIANO BAIANO  Lateral avança pela direita, corta a zaga, chuta forte, a bola bate em Sandro e entra.</gol>
    <video id="3808v" momento="1ºT" video="1"> Veja o vídeo: Gol de Luciano Baiano.  25' Lateral avança pela direita, corta a zaga, chuta forte, a bola bate em Sandro e entra.</video>
    <cartao id="3813" momento="1ºT" atletaId="5154" tempo="29" ico="/Portal/esportes/temporeal/swf/icos/cartao_amarelo.swf" cor="amarelo">Carlinhos - Meia da Ponte Preta é punido, após entrada dura em Nelsinho</cartao>
    <narracao id="3814" momento="1ºT" tempo="30">Falta perigosa para a Ponte Preta</narracao>
    <narracao id="3816" momento="1ºT" tempo="31">Bola rolada para Danilo, que chuta rasteiro na trave do goleiro Fernando.</narracao>
    <narracao id="3819" momento="1ºT" tempo="33">Luciano Baiano bate cruzado para defesa de Fernando, após belo passe de Luíz Mário.</narracao>
    <narracao id="3821" momento="1ºT" tempo="33">Falta perigosa para o Guarani, Sandro na cobrança.</narracao>
    <narracao id="3822" momento="1ºT" tempo="34">Sandro bate falta de longe, Jean espalma para escanteio.</narracao>
    <narracao id="3824" momento="1ºT" tempo="34">Escanteio cobrado sem problemas para a Ponte Preta.</narracao>
    <narracao id="3833" momento="1ºT" tempo="39">Elson e Nelsinho se desentendem em campo.</narracao>
    <narracao id="3837" momento="1ºT" tempo="40">Falta perigosa para a Ponte Preta.</narracao>
    <cartao id="3838" momento="1ºT" atletaId="5057" tempo="40" ico="/Portal/esportes/temporeal/swf/icos/cartao_amarelo.swf" cor="amarelo">Goeber - Meia do Guarani é punido após cometer falta.</cartao>
    <narracao id="3840" momento="1ºT" tempo="41">Almir cobra falta rasteiro, a zaga do Guarani afasta.</narracao>
    <narracao id="3844" momento="1ºT" tempo="42">Árbitro assinala mais 1 minuto de acréscimo.</narracao>
    <narracao id="3850" momento="1ºT" tempo="45">Paulo Rodrigues cruza da esquerda, Sandro afasta, no rebote Elson chuta por cima do gol de Fernando.</narracao>
    <narracao id="3853" momento="1ºT" tempo="46">Termina o primeiro tempo no Moisés Lucarelli, Ponte Preta 1 x 1 Guarani.</narracao>
    <momento id="3856" momento="I">Show do intervalo</momento>
    <cartao id="3861" momento="I" atletaId="9504" tempo="0" ico="/Portal/esportes/temporeal/swf/icos/cartao_amarelo.swf" cor="amarelo">Fabinho - Aos 36 do primeiro tempo, o atacante do Guarani foi punido com cartão amarelo após cometer falta violenta.</cartao>
    <narracao id="3864" momento="I" tempo="0">Primeiro tempo muito disputado e com muitas faltas.</narracao>
    <narracao id="3871" momento="I" tempo="0">Luíz Mário: Temos que entrar forte no segundo tempo para não sermos surpreendidos.</narracao>
    <narracao id="3870" momento="I" tempo="0">Luciano Baiano: Tomamos dois gols logo no começo, temos que atacar.</narracao>
    <narracao id="3874" momento="I" tempo="0">O Guarani de volta ao gramado nesse momento.</narracao>
    <narracao id="3878" momento="I" tempo="0">Sandro: Vamos tentar repetir a mesma pressão no início do primeiro tempo.</narracao>
    <momento id="3879" momento="2ºT">Segundo tempo</momento>
    <narracao id="3884" momento="2ºT" tempo="1">Bola rolando, começa o segundo tempo.</narracao>
    <narracao id="3887" momento="2ºT" tempo="1">Carlinhos arrisca de longe, Fernando faz a defesa.</narracao>
    <substituicao id="3918" momento="2ºT" tempo="1" ico="/Portal/esportes/temporeal/swf/icos/substituicao.swf">Entrou: Mariano / Saiu: Daniel</substituicao>
    <narracao id="3889" momento="2ºT" tempo="2">Danilo recebe dentro da área do Guarani, e perde bela oportunidade.</narracao>
    <narracao id="3892" momento="2ºT" tempo="3">Danilo recebe lançamento de Paulo Rodrígues na área do Guarani, e chuta cruzado por cima do gol de Fernando.</narracao>
    <narracao id="3893" momento="2ºT" tempo="4">Levantamento na área para Rafael Santos, que cabeceia e Fernando faz a defesa.</narracao>
    <narracao id="3895" momento="2ºT" tempo="5">Falta de Umberto em Luíz Mário na lateral esquerda.</narracao>
    <narracao id="3896" momento="2ºT" tempo="5">Danilo cobra na área, e Rodrigo Sá corta.</narracao>
    <narracao id="3897" momento="2ºT" tempo="6">Nelsinho lança na área, Jean faz a defesa.</narracao>
    <narracao id="3898" momento="2ºT" tempo="6">Falta de César em Luciano Baiano.</narracao>
    <narracao id="3899" momento="2ºT" tempo="7">Danilo cobra e o goleiro Fernando só acompanha a saida da bola.</narracao>
    <narracao id="3902" momento="2ºT" tempo="9">Falta para o Guarani de longe, Sandro na cobrança.</narracao>
    <narracao id="3903" momento="2ºT" tempo="10">Sandro cobra muito mal, a bola sai pela linha de fundo.</narracao>
    <narracao id="3905" momento="2ºT" tempo="11">Falta de Bilu em Elson.</narracao>
    <narracao id="3907" momento="2ºT" tempo="11">Elson cobra muito mal, a bola sai pela lateral.</narracao>
    <substituicao id="3919" momento="2ºT" tempo="12" ico="/Portal/esportes/temporeal/swf/icos/substituicao.swf">Entrou: Elvis / Saiu: Fabinho</substituicao>
    <narracao id="3912" momento="2ºT" tempo="16">Elvis levanta na área, Jean afasta.</narracao>
    <narracao id="3913" momento="2ºT" tempo="16">Umberto faz falta em Luíz Mário.</narracao>
    <narracao id="3915" momento="2ºT" tempo="17">Danilo levanta na área, a zaga do Guarani afasta.</narracao>
    <substituicao id="3920" momento="2ºT" tempo="18" ico="/Portal/esportes/temporeal/swf/icos/substituicao.swf">No Guarani, Entrou: Deyvid / Saiu: Nelsinho (contundido)</substituicao>
    <video id="3917" momento="2ºT" video="1"> Veja o vídeo:  19' Paulo Rodrigues bate da entrada da área, e Fernando faz bela defesa.</video>
    <narracao id="3923" momento="2ºT" tempo="22">Falta de Elvis em Elson.</narracao>
    <narracao id="3925" momento="2ºT" tempo="22">Elson bate direto, a zaga do Guarani corta.</narracao>
    <narracao id="3926" momento="2ºT" tempo="24">Paulo Rodrigues tabela com Almir na entrada da área, a zaga corta, a bola sobra para Luíz Mário que cruza mal.</narracao>
    <narracao id="3928" momento="2ºT" tempo="25">Paulo Rodrigues saindo de campo de maca.</narracao>
    <narracao id="3931" momento="2ºT" tempo="26">Falta de Rodrigo Sá em Danilo, na intermediária do Guarani.</narracao>
    <substituicao id="3955" momento="2ºT" tempo="26" ico="/Portal/esportes/temporeal/swf/icos/substituicao.swf">Entrou: Jean Carlos / Saiu: Luís Mário</substituicao>
    <narracao id="3932" momento="2ºT" tempo="27">Danilo cobra na gaveta e Fernando faz bela defesa.</narracao>
    <narracao id="3936" momento="2ºT" tempo="29">Mariano rola para Bilu na entrada da área, meia chuta com perigo para fora.</narracao>
    <narracao id="3938" momento="2ºT" tempo="30">Danilo carimba o travessão de Fernando após receber passe de Almir dentro da área.</narracao>
    <narracao id="3943" momento="2ºT" tempo="31">Bilu recebe na área, tenta jogada, a zaga afasta.</narracao>
    <substituicao id="3956" momento="2ºT" tempo="31" ico="/Portal/esportes/temporeal/swf/icos/substituicao.swf">Na Ponte Preta, Entrou: Wanderlei / Saiu: Almir</substituicao>
    <narracao id="3948" momento="2ºT" tempo="33">Elson lança Jean Carlos, atacante cruza rasterio na área para Danilo, meia sofre penalti de Umberto não marcado pela arbitragem, a zaga afasta.</narracao>
    <substituicao id="3957" momento="2ºT" tempo="36" ico="/Portal/esportes/temporeal/swf/icos/substituicao.swf">Na Ponte Preta, Entrou: Vandinho / Saiu: Danilo</substituicao>
    <cartao id="3954" momento="2ºT" atletaId="672" tempo="36" ico="/Portal/esportes/temporeal/swf/icos/cartao_amarelo.swf" cor="amarelo">Paulo Rodrigues - Lateral é punido após jogada violenta.</cartao>
    <narracao id="3960" momento="2ºT" tempo="38">Goeber arrisca de longe, sem problemas para Jean</narracao>
    <narracao id="3962" momento="2ºT" tempo="40">Bilu tenta jogada pela direita, Preto afasta para escanteio.</narracao>
    <narracao id="3963" momento="2ºT" tempo="40">Elvis cobra escnteio, Rafael Santos tira da pequena área.</narracao>
    <narracao id="3965" momento="2ºT" tempo="41">Falta de Elvis em Vandinho.</narracao>
    <narracao id="3968" momento="2ºT" tempo="43">Árbitro assinala mais 3 minutos de acréscimo.</narracao>
    <narracao id="3970" momento="2ºT" tempo="44">Escanteio para o Guarani.</narracao>
    <narracao id="3971" momento="2ºT" tempo="45">Elvis cobra, e Sandro cabeceia para bela defesa de Jean.</narracao>
    <narracao id="3978" momento="2ºT" tempo="48">Apita José Henrique de Carvalho, final do clássico campineiro, tudo igual Ponte Preta 2 x 2 Guarani.</narracao>
    <momento id="3980" momento="E">Final de jogo</momento>
    <narracao id="3981" momento="E" tempo="0">Com o resultado, o Guarani soma 9 pontos enquanto que a Ponte Preta fica com 7, no Paulistão 2006.</narracao>
    <narracao id="3984" momento="E" tempo="0">O Guarani permanece invicto em partidas disputadas fora de casa no Paulistão 2006.</narracao>
  </lances>
</lancealance>
