<?xml version="1.0" encoding="UTF-8"?>
<lancealance cobertura="1009" leitura="0">
  <placar>
    <equipe id="001" url="" nome="Santa Cruz" escudo="/FlashShow/0,,7166,00.swf" resultado="1" abreviacao="Santa Cruz"/>
    <equipe id="002" url="" nome="Botafogo" escudo="/FlashShow/0,,7240,00.swf" resultado="1" abreviacao="BOT"/>
  </placar>
  <lances>
    <narracao id="31164" momento="PJ" tempo="0">Santa Cruz e Botafogo se enfrentam às 16h no estádio do Arruda, em Recife.</narracao>
    <momento id="31165" momento="PJ">Pré-jogo</momento>
    <narracao id="31169" momento="PJ" tempo="0">Para a tradicional equipe pernambucana, a vitória é fundamental. A equipe está em último lugar no campeonato e precisa dos três pontos para não isolar na lanterna.</narracao>
    <narracao id="31171" momento="PJ" tempo="0">O Botafogo vem de excelente vitória por 4 a 1 no clássico contra o Vasco e quer confirmar a boa fase. Com um novo triunfo, o Glorioso pode alcançar a metade de cima da tabela.   </narracao>
    <momento id="31292" momento="1ºT">Primeiro tempo</momento>
    <narracao id="31314" momento="I" tempo="1">Rola a bola no no Arruda! </narracao>
    <narracao id="31315" momento="I" tempo="1">Zé Roberto cruza na área pela esquerda e ganha escanteio. </narracao>
    <cartao id="31316" momento="I" atletaId="6373" tempo="3" ico="/Portal/esportes/temporeal/swf/icos/cartao_amarelo.swf" cor="amarelo">Thiago Xavier - JÁ? O meia acerta um pontapé em Zada.</cartao>
    <narracao id="31317" momento="I" tempo="5">Mais um cruzamento de Zé Roberto. A zaga corta para fora da área. </narracao>
    <narracao id="31318" momento="I" tempo="7">Zé Roberto é presença constante na linha de fundo. Novo cruzamento, mais um escanteio para o Fogão.</narracao>
    <cartao id="31319" momento="I" atletaId="12448" tempo="12" ico="/Portal/esportes/temporeal/swf/icos/cartao_amarelo.swf" cor="amarelo">Luciano - O meia ficou na frente impedindo uma cobrança da falta do Botafogo.</cartao>
    <narracao id="31320" momento="I" tempo="13">Lançamento na área para Reinaldo, o atacante resvala de cabeça, mas Gilmar defende com facilidade. </narracao>
    <narracao id="31321" momento="I" tempo="14">Bola alçada na área do Botafogo. No rebote, Zada pega de primeira. A bola é desviada e sai por cima do gol. </narracao>
    <narracao id="31322" momento="I" tempo="16">Boa chance do Fogão. Dodô faz bonita jogada pela esquerda, invade a área e tenta o cruzamento.  A zaga se 
estica e manda para longe. Dodô poderia ter chutado..  
  </narracao>
    <narracao id="31324" momento="I" tempo="17">Ruy recebe falta na ponta-direita..   </narracao>
    <narracao id="31325" momento="I" tempo="18">.. Zé Roberto levanta na área, a zaga afasta.</narracao>
    <narracao id="31326" momento="I" tempo="19">E SÓ DÁ FOGO! Rui avança pela direita e chuta forte. Gilmar faz boa defesa.</narracao>
    <narracao id="31327" momento="I" tempo="20">Junior Maranhão arrica de longe. A bola desvia na zaga e é escanteio. </narracao>
    <narracao id="31329" momento="I" tempo="21">Boa jogada do Santa. Rosembrick gira na área e cai pedindo penâlti. O juiz manda o jogador se levantar.</narracao>
    <narracao id="31330" momento="I" tempo="24">Rosembrick bate escanteio com efeito e Lopes tira de soco uma bola difícil. </narracao>
    <cartao id="31343" momento="I" atletaId="6540" tempo="26" ico="/Portal/esportes/temporeal/swf/icos/cartao_vermelho.swf" cor="vermelho">Ruy - O lateral entra de carrinho por trás e é merecidamente expulso. É o segundo vermelho que ele toma no campeonato.   </cartao>
    <narracao id="31346" momento="I" tempo="27">Bruno Lança cobra a falta com perigo. A bola passa perto do ãngulo esquerdo de Lopes.</narracao>
    <narracao id="31348" momento="I" tempo="30">Reinaldo recebe na entrada da área, gira e bate forte e rasteiro. A bola sai a direita do gol de Gilmar.</narracao>
    <narracao id="31350" momento="I" tempo="35">QUASE! Junior Maranhão bate forte de fora da área. Lopes não consegue segurar e a bola sobra para Nenê. O 

atacante finta o zagueiro e bate desequilibrado de canhota. Lopes se estica e defende firme.</narracao>
    <narracao id="31360" momento="I" tempo="40">Xavier avança pela ponta-esquerda, invade a área e bate forte para linda defesa de Lopes.   </narracao>
    <gol id="31361" momento="I" atletaId="4839" tempo="44" escudo="/FlashShow/0,,7240,00.swf" contra="0"> GOL DE BILL  O lateral invade pela direita e cruza forte para trás. O zagueiro do Santa Cruz corta pro fundo das redes. O árbitro dá o gol para Bill.   </gol>
    <momento id="31367" momento="2ºT">Segundo tempo</momento>
    <narracao id="31368" momento="2ºT" tempo="1">Rola a bola no segundo tempo!</narracao>
    <substituicao id="31454" momento="2ºT" tempo="2" ico="/Portal/esportes/temporeal/swf/icos/substituicao.swf">Botafogo faz substituição: entra Diguinho, sai Reinaldo</substituicao>
    <narracao id="31374" momento="2ºT" tempo="3">Linda defesa de Lopes! Luciano dá uma forte cabeçada e o goleiro botafoguense defende de mão trocada.</narracao>
    <narracao id="31376" momento="2ºT" tempo="4">Bill avança pela esquerda e chuta forte. Gilmar espalma para fora da área.</narracao>
    <cartao id="31379" momento="2ºT" atletaId="12448" tempo="5" ico="/Portal/esportes/temporeal/swf/icos/cartao_vermelho.swf" cor="vermelho">Luciano - O árbitro considera que o meia do time pernambucano simulou penalidade máxima e pune o jogador com o segundo cartão amarelo.</cartao>
    <video id="31383" momento="2ºT" video="467306"> Veja o vídeo:  6' Reinaldo tenta de cabeça, para boa defesa de Gilmar.</video>
    <narracao id="31404" momento="2ºT" tempo="10">Rosembrick bate com força. A bola passa rente à trave esquerda de Lopes.</narracao>
    <substituicao id="31488" momento="2ºT" tempo="11" ico="/Portal/esportes/temporeal/swf/icos/substituicao.swf">Santa Cruz faz substituição: entra Tiano, sai Junior Maranhão</substituicao>
    <narracao id="31409" momento="2ºT" tempo="14">O Santa Cruz continua melhor no jogo mesmo com a expulsão de Luciano.</narracao>
    <narracao id="31413" momento="2ºT" tempo="16">Zé Roberto entra pela esquerda, finta dois zagueiros e bate a gol. A bola é desviada e vai para escanteio.</narracao>
    <narracao id="31416" momento="2ºT" tempo="17">PÊNALTI PARA O SANTA! Rosembrick rola para Xavier na entrada da área pelo lado esquerdo. O lateral passa a bola por entre as pernas de Thiago Xavier e é obstruído.</narracao>
    <gol id="31421" momento="2ºT" atletaId="12603" tempo="18" escudo="/FlashShow/0,,7166,00.swf" contra="0"> GOL DE NENÊ  Lopes defende a cobrança, mas no rebote, Nenê que havia entrado na área antes da cobrança de forma irregular, bate no canto esquerdo de Lopes.</gol>
    <video id="31424" momento="2ºT" video="467313"> Veja o vídeo:  19' Ruy, do Botafogo, é expulso por cometer carrinho criminoso.</video>
    <narracao id="31426" momento="2ºT" tempo="20">Rosembrick avança pela esquerda dá um lindo drible da vaca e cruza para a área. A zaga afasta.</narracao>
    <video id="31429" momento="2ºT" video="467322"> Veja o vídeo:  21' Lopes faz grande defesa na cabeçada de Adriano, do Santa Cruz</video>
    <video id="31431" momento="2ºT" video="467323"> Veja o vídeo:  22' Luciano, do Santa Cruz, cai na área e é expulso.</video>
    <narracao id="31437" momento="2ºT" tempo="24">Rosembrick inferniza a zaga do Fogão. O meia é parado com falta na entrada da área...</narracao>
    <narracao id="31443" momento="2ºT" tempo="26">Tiano cobra direto para o gol. A bola sobe e passa sobre o ângulo direito de Lopes.</narracao>
    <cartao id="31446" momento="2ºT" atletaId="6371" tempo="27" ico="/Portal/esportes/temporeal/swf/icos/cartao_vermelho.swf" cor="vermelho">Juninho - Rosembrick avança pela esquerda novamente e sofre um carrinho do zagueiro botafoguense. Ele toma o segundo amarelo e é expulso.</cartao>
    <substituicao id="31455" momento="2ºT" tempo="28" ico="/Portal/esportes/temporeal/swf/icos/substituicao.swf">Botafogo faz substituição: entra Felipe Saad, sai Zé Roberto</substituicao>
    <substituicao id="31456" momento="2ºT" tempo="29" ico="/Portal/esportes/temporeal/swf/icos/substituicao.swf">Botafogo faz substituição: entra Sérgio Manoel, sai Thiago Xavier</substituicao>
    <cartao id="31459" momento="2ºT" atletaId="12603" tempo="30" ico="/Portal/esportes/temporeal/swf/icos/cartao_vermelho.swf" cor="vermelho">Nenê - O atacante do Santa entra de carrinho em Clayton e também é expulso de campo.</cartao>
    <narracao id="31462" momento="2ºT" tempo="31">Dodô invade a área em contra-ataque, mas escorrega na hora de chutar.</narracao>
    <video id="31467" momento="2ºT" video="467335"> Veja o vídeo:  32' Gol de empate de Nenê</video>
    <narracao id="31471" momento="2ºT" tempo="34">ISOLOU! Sérgio Manoel tenta de longe, mas não tem sucesso.</narracao>
    <substituicao id="31489" momento="2ºT" tempo="35" ico="/Portal/esportes/temporeal/swf/icos/substituicao.swf">Santa Cruz faz substituição: entra Val Baiano, sai Bruno</substituicao>
    <narracao id="31480" momento="2ºT" tempo="37">Xavier lança na área para Val Baiano. O atacante mata a bola e ajeita para trás. Zada chega batendo de primeira, mas a bola sai rasteira para fora.</narracao>
    <narracao id="31485" momento="2ºT" tempo="37">Sérgio Manoel cruza da esquerda, no segundo pau para Dodô. A zaga se adianta e corta a bola.</narracao>
    <substituicao id="31490" momento="2ºT" tempo="38" ico="/Portal/esportes/temporeal/swf/icos/substituicao.swf">Santa Cruz faz substituição: entra Fernando Miguel, sai Zada</substituicao>
    <narracao id="31497" momento="2ºT" tempo="40">Dodô recebe passe curto de Sérgio Manoel na área e tenta o giro em cima de Váldson. O zagueiro do Santa estica a perna, toma a bola, e sai jogando com ela.</narracao>
    <narracao id="31503" momento="2ºT" tempo="41">Rosembrick recebe passe na ponta-esquerda, invade a área ,e quando se esperava um cruzamento, chuta forte para o gol. Lopes espalma para escanteio.</narracao>
    <narracao id="31507" momento="2ºT" tempo="43">COM PERIGO! Sérgio Manoel bate falta de longe no ângulo direito de Gilmar. O goleiro faz boa defesa e manda para córner.</narracao>
    <narracao id="31510" momento="2ºT" tempo="45">Acréscimo anunciado: 3 minutos.</narracao>
    <narracao id="31520" momento="2ºT" tempo="47">ÚLTIMA CHANCE! Rosembrick lança Val Baiano. O atacante recebe sozinho na área e bate rasteiro para fora.</narracao>
    <narracao id="31523" momento="2ºT" tempo="48">Termina o jogo no Arruda!</narracao>
    <momento id="31524" momento="E">Final de jogo</momento>
    <narracao id="31529" momento="E" tempo="0">O empate foi justo. O jogo teve duas expulsões de cada lado. O estado do gramado no estádio do Arruda estava lastimável e prejudicou o bom andamento da partida.</narracao>
  </lances>
</lancealance>
