<?xml version="1.0" encoding="UTF-8"?>
<lancealance cobertura="1076" leitura="0">
  <placar>
    <equipe id="001" url="" nome="Grêmio" escudo="/FlashShow/0,,7844,00.swf" resultado="1" abreviacao="GRE"/>
    <equipe id="002" url="" nome="São Caetano" escudo="/FlashShow/0,,7262,00.swf" resultado="1" abreviacao="SCA"/>
  </placar>
  <lances>
    <momento id="33549" momento="PJ">Pré-jogo</momento>
    <narracao id="33550" momento="PJ" tempo="0">Grêmio e São Caetano se enfrentam pela décima rodada do Brasileirão. O jogo, que acontece no estádio Olímpico, em Porto Alegre, será arbitrado por Giulliano Bozzano, auxiliado por César Augusto de Oliveira e Enio Ferreira de Carvalho, todos do Distrito Federal.</narracao>
    <narracao id="33551" momento="PJ" tempo="0">As duas equipes fazem campanha bastante regular na competição. O Grêmio é o oitavo lugar, com 14 pontos ganhos, enquanto o São Caetano é apenas o décimo quarto colocado, com 10 pontos somados. As duas equipes precisam da vitória para subirem na tabela.
</narracao>
    <narracao id="33552" momento="PJ" tempo="0">No Grêmio, o técnico Mano Menezes mantém o esquema com apenas um atacante. Herrera terá a função de marcar os gols. Marcelo Costa, que pode estar deixando o clube, continua fora do time. Hugo e Ramón são os responsáveis pela armação das jogadas de ataque.</narracao>
    <narracao id="33553" momento="PJ" tempo="0">O Grêmio vem de vitória no Brasileirão: 1 a 0 sobre o Santos.
</narracao>
    <narracao id="33555" momento="PJ" tempo="0">O São Caetano será comandado pelo técnico interino Dino Camargo, já que Nelsinho Baptista pediu demissão durante a semana. Dino levará à campo o mesmo time que vinha sendo utilizado por Nelsinho, com Gadelha e Fábio Luiz no ataque.
</narracao>
    <narracao id="33556" momento="PJ" tempo="0">O São Caetano vem de um empate no Brasileirão: 1 a 1 com o Internacional.</narracao>
    <narracao id="33557" momento="PJ" tempo="0">O Tricolor gaúcho e o Azulão do ABC fazem hoje sua última partida antes da paralisação do Campeonato Brasileiro, em virtude do acontecimento da Copa do Mundo, em junho. </narracao>
    <narracao id="33807" momento="PJ" tempo="0">Público é de regular para bom no Olímpico!</narracao>
    <narracao id="33810" momento="PJ" tempo="0">As duas equipes já estão em campo!</narracao>
    <narracao id="33812" momento="PJ" tempo="0">Times aquecem no gramado!</narracao>
    <narracao id="33814" momento="PJ" tempo="0">Vai começar o jogo!</narracao>
    <momento id="33823" momento="1ºT">Primeiro tempo</momento>
    <narracao id="33824" momento="1ºT" tempo="1">COMEÇA O JOGO!!! GRÊMIO x SÃO CAETANO!!! Time do Azulão teve que trocar o uniforme, que era parecido com o do Grêmio! </narracao>
    <narracao id="33825" momento="1ºT" tempo="2">Grêmio vai levantar bola na área do São Caetano!</narracao>
    <narracao id="33826" momento="1ºT" tempo="3">Ramón cabeceia para fora, sem perigo para Mauro!</narracao>
    <narracao id="33827" momento="1ºT" tempo="4">Gremistas vão tocando a bola! Hugo chega com perigo, mas a bola vai para a linha de fundo!</narracao>
    <narracao id="33829" momento="1ºT" tempo="5">São Caetano tenta o ataque e a torcida vaia!</narracao>
    <gol id="33832" momento="1ºT" atletaId="86" tempo="5" escudo="/FlashShow/0,,7262,00.swf" contra="0"> GOL DE CLÉBER  É DO SÃO CAETANO!!! Anderson Lima cobra escanteio, Galatto sai mal do gol e o veterano Cléber se antecipa e cabeceia para as redes gremistas! 1 a 0 para o São Caetano!!!</gol>
    <video id="33832v" momento="1ºT" video="473040"> Veja o vídeo: Gol de Cléber.  5' É DO SÃO CAETANO!!! Anderson Lima cobra escanteio, Galatto sai mal do gol e o veterano Cléber se antecipa e cabeceia para as redes gremistas! 1 a 0 para o São Caetano!!!</video>
    <gol id="33837" momento="1ºT" atletaId="10709" tempo="8" escudo="/FlashShow/0,,7844,00.swf" contra="0"> GOL DE HERRERA  É DO GRÊMIO!!! Ramón toca para Herrera, que entra na área e chuta rasteiro, cruzado, no canto direito de Mauro! Empata o Grêmio! 1 a 1!!! </gol>
    <video id="33837v" momento="1ºT" video="473042"> Veja o vídeo: Gol de Herrera.  8' É DO GRÊMIO!!! Ramón toca para Herrera, que entra na área e chuta rasteiro, cruzado, no canto direito de Mauro! Empata o Grêmio! 1 a 1!!! </video>
    <narracao id="33838" momento="1ºT" tempo="10">Anderson Lima cobra falta com muito perigo! A bola passa rente à trave esquerda de Galatto!</narracao>
    <video id="33896" momento="1ºT" video="473057"> Veja o vídeo:  10' Anderson Lima bate falta com perigo!</video>
    <narracao id="33842" momento="1ºT" tempo="12">Grêmio tenta pressionar em busca da virada!</narracao>
    <cartao id="33843" momento="1ºT" atletaId="86" tempo="12" ico="/Portal/esportes/temporeal/swf/icos/cartao_amarelo.swf" cor="amarelo">Cléber - Por fazer falta em Herrera, o autor do gol do Azulão recebe o amarelo!</cartao>
    <narracao id="33845" momento="1ºT" tempo="13">Gremistas seguem com mais posse de bola!</narracao>
    <narracao id="33851" momento="1ºT" tempo="15">Jogo é de muita marcação e pouca criação de jogadas!</narracao>
    <narracao id="33852" momento="1ºT" tempo="16">Juiz marca impedimento de Marcelinho, e jogadores do São Caetano reclamam!</narracao>
    <narracao id="33854" momento="1ºT" tempo="16">O argentino Herrera entra na área e novamente chuta cruzado! A bola raspa a trave esquerda de Mauro, que só observa!</narracao>
    <video id="33897" momento="1ºT" video="473058"> Veja o vídeo:  16' Herrera chuta cruzado e quase marca mais um!</video>
    <narracao id="33855" momento="1ºT" tempo="18">São Caetano vai tocando a bola e segurando o resultado de 1 a 1, que interessa!</narracao>
    <narracao id="33856" momento="1ºT" tempo="20">Jogo é ruim tecnicamente! Muita marcação e poucos espaços para se jogar!</narracao>
    <narracao id="33857" momento="1ºT" tempo="21">Herrera novamente! O argentino mostra que quer jogo e chuta, da entrada da área, para defesa segura de Mauro!</narracao>
    <narracao id="33858" momento="1ºT" tempo="22">Marcelinho, ex-gremista, não vem jogando bem pelo São Caetano na partida!</narracao>
    <narracao id="33859" momento="1ºT" tempo="24">Jogo continua morno, apesar dos dois gols!</narracao>
    <narracao id="33861" momento="1ºT" tempo="25">BOA GALATTO!!! Cláudio solta a bomba e o goleiro tricolor espalma a bola, fazendo grande defesa!</narracao>
    <narracao id="33862" momento="1ºT" tempo="26">Sandro Goiano divide com Anderson Lima e cai sobre o gramado!</narracao>
    <narracao id="33863" momento="1ºT" tempo="27">Tudo bem com o volante gremista, que volta ao jogo!</narracao>
    <cartao id="33866" momento="1ºT" atletaId="2749" tempo="29" ico="/Portal/esportes/temporeal/swf/icos/cartao_vermelho.swf" cor="vermelho">Hugo - Por dar um carrinho duríssimo em Cláudio, meia gremista recebe o vermelho direto!</cartao>
    <narracao id="33867" momento="1ºT" tempo="30">Cláudio sai na maca!</narracao>
    <narracao id="33868" momento="1ºT" tempo="31">Mano Menezes reclama com a arbitragem!</narracao>
    <narracao id="33875" momento="1ºT" tempo="32">Cláudio já volta ao jogo!</narracao>
    <narracao id="33876" momento="1ºT" tempo="33">Jogo continua ruim!</narracao>
    <narracao id="33877" momento="1ºT" tempo="33">Azulão toca a bola!</narracao>
    <narracao id="33878" momento="1ºT" tempo="34">Herrera chuta fraco e Mauro faz defesa segura!</narracao>
    <narracao id="33879" momento="1ºT" tempo="35">Azulão pressiona o Grêmio!</narracao>
    <narracao id="33880" momento="1ºT" tempo="37">São Caetano começa a dominar a partida!</narracao>
    <narracao id="33881" momento="1ºT" tempo="37">Cláudio arrisca o chute de longe e a bola vai para fora, sem sustos para Galatto!</narracao>
    <narracao id="33883" momento="1ºT" tempo="38">Wellington erra cruzamento e irrita a torcida gremista!</narracao>
    <narracao id="33887" momento="1ºT" tempo="40">A partida não empolga! Muita marcação e erros de passe!</narracao>
    <narracao id="33888" momento="1ºT" tempo="40">Ramón arrisca o chute e Mauro defende sem dar rebote!</narracao>
    <narracao id="33889" momento="1ºT" tempo="41">UHHH! Sandro arrisca o chute de longe, e a bola explode na trave esquerda de Mauro! Grêmio quase vira o jogo!</narracao>
    <narracao id="33890" momento="1ºT" tempo="43">Azulão troca passes na defesa!</narracao>
    <narracao id="33891" momento="1ºT" tempo="44">A bola sai pela lateral e o técnico Mano Menezes a chuta, irritado! Juiz adverte o treinador tricolor!</narracao>
    <narracao id="33892" momento="1ºT" tempo="44">+1 É o acréscimo do primeiro tempo.</narracao>
    <narracao id="33893" momento="1ºT" tempo="46">ACABA O PRIMEIRO TEMPO!!! 1 a 1!!!</narracao>
    <momento id="33894" momento="I">Show do intervalo</momento>
    <narracao id="33895" momento="I" tempo="0">Grêmio e São Caetano fizeram um jogo de muita marcação e pouca técnica, neste primeiro tempo. O placar de 1 a 1 é justo, pois nenhum dos dois times mostrou um futebol que valesse a vitória parcial. A expulsão de Hugo prejudicou o Tricolor gaúcho, que terá que jogar a segunda etapa com um homem a menos em campo.</narracao>
    <narracao id="33898" momento="I" tempo="0">Grêmio volta ao campo com o uniforme branco!</narracao>
    <narracao id="33899" momento="I" tempo="0">São Caetano ainda no vestiário!</narracao>
    <narracao id="33900" momento="I" tempo="0">São Caetano volta! Vai começar o segundo tempo!</narracao>
    <momento id="33901" momento="2ºT">Segundo tempo</momento>
    <substituicao id="33918" momento="2ºT" tempo="0" ico="/Portal/esportes/temporeal/swf/icos/substituicao.swf">São Caetano faz substituição: entra Alessandro, sai Neto</substituicao>
    <narracao id="33903" momento="2ºT" tempo="1">COMEÇA O SEGUNDO TEMPO!!!</narracao>
    <narracao id="33904" momento="2ºT" tempo="2">Grêmio vai tocando a bola!</narracao>
    <narracao id="33905" momento="2ºT" tempo="3">Thiago faz falta em Herrera, na entrada da área! Perigo para o Azulão!</narracao>
    <narracao id="33906" momento="2ºT" tempo="3">Tcheco bate a falta e a bola explode na barreira!</narracao>
    <cartao id="33907" momento="2ºT" atletaId="6449" tempo="4" ico="/Portal/esportes/temporeal/swf/icos/cartao_amarelo.swf" cor="amarelo">Tcheco - Por reclamar com o árbitro, meia gremista recebe o amarelo!</cartao>
    <narracao id="33908" momento="2ºT" tempo="5">Mano Menezes muito irritado com o árbitro! Torcida gremista também se irrita!</narracao>
    <narracao id="33909" momento="2ºT" tempo="6">Anderson Lima cruza e Marabá cabeceia para baixo! Wellington corta, antes que a bola entre!</narracao>
    <narracao id="33910" momento="2ºT" tempo="8">Cláudio toca com a mão na bola! Falta perigosa para o Grêmio!</narracao>
    <narracao id="33911" momento="2ºT" tempo="8">Wellington bate bem! A bola sobe e passa rente à trave esquerda de Mauro!</narracao>
    <video id="33923" momento="2ºT" video="473119"> Veja o vídeo:  8' Wellington cobra falta e assusta Mauro!</video>
    <narracao id="33912" momento="2ºT" tempo="11">Jogo está mais aberto, mas continua ruim tecnicamente!</narracao>
    <narracao id="33913" momento="2ºT" tempo="12">Grêmio, mesmo com um homem a menos, pressiona o Azulão, que faz um péssimo segundo tempo!</narracao>
    <narracao id="33914" momento="2ºT" tempo="14">Fábio Luiz, centroavante do Azulão, tem atuação completamente apagada na partida!</narracao>
    <narracao id="33915" momento="2ºT" tempo="15">São Caetano toca a bola e a torcida gremista vaia!</narracao>
    <cartao id="33916" momento="2ºT" atletaId="8738" tempo="16" ico="/Portal/esportes/temporeal/swf/icos/cartao_amarelo.swf" cor="amarelo">Lucas - Por fazer falta em Leandro Lima, volante gremista recebe o amarelo!</cartao>
    <narracao id="33917" momento="2ºT" tempo="17">Herrera faz bela jogada, mas chuta mal! A bola passa à esquerda de Mauro!</narracao>
    <substituicao id="33919" momento="2ºT" tempo="17" ico="/Portal/esportes/temporeal/swf/icos/substituicao.swf">São Caetano faz substituição: entra Fabiano Gadelha, sai Fábio Luis</substituicao>
    <video id="33931" momento="2ºT" video="473127"> Veja o vídeo:  17' Herrera avança e chuta para fora!</video>
    <narracao id="33920" momento="2ºT" tempo="20">Grêmio segue dominando o jogo!</narracao>
    <narracao id="33921" momento="2ºT" tempo="21">São Caetano toca bola e administra o resultado!</narracao>
    <narracao id="33922" momento="2ºT" tempo="23">Equipes criam pouquíssimas oportunidades de gol! Jogo é ruim!</narracao>
    <narracao id="33924" momento="2ºT" tempo="25">Gadelha arrisca o chute de longe e Galatto faz defesa segura!</narracao>
    <substituicao id="33939" momento="2ºT" tempo="27" ico="/Portal/esportes/temporeal/swf/icos/substituicao.swf">Grêmio faz substituição: entra Pedro Júnior, sai Herrera</substituicao>
    <narracao id="33926" momento="2ºT" tempo="29">Azulão continua tocando a bola! Herrera saiu sentindo a panturrilha esquerda!</narracao>
    <narracao id="33927" momento="2ºT" tempo="31">Jogo continua ruim tecnicamente!</narracao>
    <narracao id="33928" momento="2ºT" tempo="32">Thiago cabeceia com perigo! A bola bate no pé da trave de Galatto e sai!</narracao>
    <substituicao id="33940" momento="2ºT" tempo="32" ico="/Portal/esportes/temporeal/swf/icos/substituicao.swf">Grêmio faz substituição: entra Paulo Ramos, sai Ramón</substituicao>
    <narracao id="33932" momento="2ºT" tempo="36">Jogo não tem lances de perigo no momento!</narracao>
    <narracao id="33933" momento="2ºT" tempo="39">São Caetano segue trocando passes! Resultado de 1 a 1 é bom para o Azulão!</narracao>
    <narracao id="33934" momento="2ºT" tempo="39">Torcida gremista vaia o toque de bola do São Caetano!</narracao>
    <narracao id="33935" momento="2ºT" tempo="42">Grêmio se defende e parece também estar satisfeito com o empate!</narracao>
    <narracao id="33936" momento="2ºT" tempo="43">Anderson Lima cobra falta e a bola passa rente à trave direita de Galatto! Susto para o Grêmio!</narracao>
    <narracao id="33937" momento="2ºT" tempo="44">+3 É o acréscimo do jogo!</narracao>
    <narracao id="33938" momento="2ºT" tempo="45">Times se conformam com o empate!</narracao>
    <substituicao id="33941" momento="2ºT" tempo="47" ico="/Portal/esportes/temporeal/swf/icos/substituicao.swf">Grêmio faz substituição: entra Rudinei, sai Tcheco</substituicao>
    <narracao id="33942" momento="2ºT" tempo="48">ACABA O JOGO!!! GRÊMIO 1 x 1 SÃO CAETANO!!! Torcida gaúcha vaia!</narracao>
    <momento id="33943" momento="E">Final de jogo</momento>
    <narracao id="33944" momento="E" tempo="0">Em jogo tecnicamente muito ruim e com poucas chances de gol, Grêmio e São Caetano empataram por 1 a 1. O resultado foi justo, já que as equipes se preocuparam mais com a marcação do que com a criação. O primeiro tempo foi ruim tecnicamente e a segunda etapa foi ainda pior. O São Caetano, com um homem a mais em campo desde a metade do primeiro tempo, não conseguiu se impor. O Grêmio mostrou ser uma equipe com determinação, porém tecnicamente limitada e sem um pingo de inspiração ofensiva. Portanto, o empate foi o resultado ideal para o espetáculo de baixa qualidade visto no Olímpico.</narracao>
  </lances>
</lancealance>
