<?xml version="1.0" encoding="UTF-8"?>
<lancealance cobertura="1175" leitura="0">
  <placar>
    <equipe id="001" url="" nome="Cruzeiro" escudo="/FlashShow/0,,6588,00.swf" resultado="2" abreviacao="CRU"/>
    <equipe id="002" url="" nome="Corinthians" escudo="/FlashShow/0,,7285,00.swf" resultado="0" abreviacao="COR"/>
  </placar>
  <lances>
    <narracao id="43328" momento="PJ" tempo="0">O Corinthians está na zona do rebaixamento, na 18ª posição com 9 pontos. O clube não vence desde 21 de maio, quando bateu o Vasco por 4 a 2. Na seqüência, a equipe colecionou quatro derrotas para Internacional (1 a 0), Santos (2 a 0), Goiás (1 a 0) e Flamengo (2 a 0). São 11 desfalques: Tevez, Mascherano e Ricardinho, que disputaram o Mundial; Marcus Vinícius, Sebá e Eduardo Ratinho, suspensos; Marcelo Mattos, Marcelinho Carioca, Edson e Coelho, contundidos; e Paulo Almeida, impedido de jogar até agosto por conta da legislação em vigor.</narracao>
    <momento id="43329" momento="PJ">Pré-jogo</momento>
    <narracao id="43330" momento="PJ" tempo="0">Líder do Brasileirão com 21 pontos, o Cruzeiro vai para a partida com três defalques: os zagueiros Teco e Luizão e o atacante Élber. O artilheiro do campeonato, o meio-campo Wagner, está confirmado. Alecsandro e Gil, que enfrenta pela primeira vez o clube pelo qual foi revelado ao futebol, formam a dupla de ataque celeste.</narracao>
    <narracao id="43331" momento="PJ" tempo="0">No passado, o clássico decidiu a temporada de 1998. No entanto, o presente leva ingredientes opostos para o campo. Enquanto o Timão, muito desfalcado e sob intensa pressão, busca uma reação no campeonato, a Raposa quer assegurar a ponta da tabela.</narracao>
    <narracao id="43332" momento="PJ" tempo="0">Cruzeiro e Corinthians se enfrentam às 21h45m (horário de Brasília), no Estádio Magalhães Pinto (Mineirão), (Belo Horizonte - MG), pela 11ª rodada do Campeonato Brasileiro. Apita o jogo Wagner Tardelli Azevedo/RJ (Fifa). Auxiliado por Hilton Moutinho Rodrigues/RJ (Fifa) e Dibert Pedrosa Moisés/RJ.</narracao>
    <momento id="43712" momento="1ºT">Primeiro tempo</momento>
    <narracao id="43713" momento="1ºT" tempo="0">As duas equipes já estão no gramado do Mineirão para o início de pertida.</narracao>
    <narracao id="43727" momento="1ºT" tempo="0">BOLA ROLANDO! No Mineirão! Após respeitado um minuto de silêncio em homenagem ao falecimento do pai de Gomes, ex-goleiro do Cruzeiro, e do radialista Sinval Madeira.</narracao>
    <cartao id="43731" momento="1ºT" atletaId="6387" tempo="2" ico="/Portal/esportes/temporeal/swf/icos/cartao_amarelo.swf" cor="amarelo">Wagner - Meio-campo do Cruzeiro é punido após falta dura.</cartao>
    <narracao id="43736" momento="1ºT" tempo="3">Wescley arrisca lançamento na velocidade para Nilmar. Fábio se antecipa e sai para fazer a defesa.</narracao>
    <narracao id="43741" momento="1ºT" tempo="4">Júlio César escapa pela esquerda e cruza na área do Corinthians. André Leone afasta o perigo.</narracao>
    <narracao id="43742" momento="1ºT" tempo="5">Gil pressiona Betão, ganha a bola e avança pela esquerda. Atcante cruza na área e Silvio Luiz defende sem problemas.</narracao>
    <cartao id="43743" momento="1ºT" atletaId="34" tempo="6" ico="/Portal/esportes/temporeal/swf/icos/cartao_amarelo.swf" cor="amarelo">Renato - Volante do Corinthians é punido após falta dura em Wagner.</cartao>
    <narracao id="43746" momento="1ºT" tempo="7">bola na área corintiana. Alecsandro cabeceia e Silvio Luiz faz boa defesa.</narracao>
    <narracao id="43748" momento="1ºT" tempo="7">Gil chuta forte e rasteiro de fora da área. Silvio Luiz espalma para escanteio...</narracao>
    <video id="43796" momento="1ºT" video="502620"> Veja o vídeo:  7' Silvio Luiz defende bela cabeçada.</video>
    <narracao id="43749" momento="1ºT" tempo="8">... Na seqüência, árbitro marca falta do ataque cruzeirense.</narracao>
    <video id="43797" momento="1ºT" video="502621"> Veja o vídeo:  8' Gil chuta de longe e Silvio Luiz faz bela defesa.</video>
    <narracao id="43752" momento="1ºT" tempo="9">Wescley comete falta dura em Gil na intermediária e é advertido pelo árbitro.</narracao>
    <narracao id="43754" momento="1ºT" tempo="9">Martinez cobra "soltando a bomba". A bola sai à direita do gol de Silvio Luiz.</narracao>
    <video id="43827" momento="1ºT" video="502624"> Veja o vídeo:  10' Wagner, meio-campo do Cruzeiro, cobra falta para fora.</video>
    <narracao id="43762" momento="1ºT" tempo="11">O Cruzeiro domina os primeiros dez minutos de jogo. O Corinthians joga muito recudo.</narracao>
    <narracao id="43764" momento="1ºT" tempo="12">Rosinei avança com perigo pelo meio, mas é desarmado por Júlio César quase na entrada da área.</narracao>
    <narracao id="43767" momento="1ºT" tempo="13">Nilmar recebe bom passe de Roger na intermediária, estica para Renato, mas Júlio César se antecipa e faz o desarme.</narracao>
    <narracao id="43770" momento="1ºT" tempo="14">Após cobrança de escanteio da esquierda. a bola sobra na entrada da área corintiana, mas cruzeirenses não aproveitam o rebote.</narracao>
    <narracao id="43774" momento="1ºT" tempo="15">O Corinthians não consegue chegar ao ataque.</narracao>
    <narracao id="43780" momento="1ºT" tempo="16">Belo contra-ataque do Cruzeiro, mas árbitro marca corretamente o impedimento de Alecsandro.</narracao>
    <narracao id="43783" momento="1ºT" tempo="17">Belo lançamento de Rafael Moura para Roger na intermediária. Mas meio-campo ajeita a bola com a mão.</narracao>
    <cartao id="43791" momento="1ºT" atletaId="7326" tempo="19" ico="/Portal/esportes/temporeal/swf/icos/cartao_amarelo.swf" cor="amarelo">Wescley - Zagueiro do Corinthians é punido após falta dura em Gil.</cartao>
    <video id="43836" momento="1ºT" video="502631"> Veja o vídeo:  20' Gil, atacante do Cruzeiro, fica caído no gramado sentindo pancada.</video>
    <narracao id="43793" momento="1ºT" tempo="21">Martinez arrisca chute de muito... Muito longe... A bola se perde pela linha de fundo.</narracao>
    <narracao id="43801" momento="1ºT" tempo="22">Rosinei cobra falta do lado direito da área. A zaga do Cruzeiro afasta de cabeça.</narracao>
    <cartao id="43802" momento="1ºT" atletaId="4464" tempo="23" ico="/Portal/esportes/temporeal/swf/icos/cartao_amarelo.swf" cor="amarelo">André Leone - Zagueiro do Corinthians é punido após falta dura em Alecsandro.</cartao>
    <video id="43838" momento="1ºT" video="502635"> Veja o vídeo:  23' Nilmar, atacante do Corinthians, faz boa jogada mas ninguém aproveita.</video>
    <narracao id="43806" momento="1ºT" tempo="24">Bola na área do Corinthians após cobrança de falta do lado direito. André Leone corta de cabeça.</narracao>
    <narracao id="43808" momento="1ºT" tempo="25">DUVIDOSO! Gil recebe em velocidade na área do Corinthians, é derrubado e árbitro manda seguir o jogo.</narracao>
    <narracao id="43811" momento="1ºT" tempo="26">Rosinei chuta da entrada da área, a bola desvia em Jonathan e sai à direita do gol.</narracao>
    <video id="43857" momento="1ºT" video="502639"> Veja o vídeo:  26' Rosinei chuta para fora.</video>
    <video id="43864" momento="1ºT" video="502642"> Veja o vídeo:  26' Nilmar chuta e Fábio faz boa defesa.</video>
    <narracao id="43813" momento="1ºT" tempo="27">O CORINTHIANS MELHORA! Nilmar invade a área pela direita e chuta cruzado. Fábio espalma para escanteio...</narracao>
    <narracao id="43815" momento="1ºT" tempo="27">... Roger cobra da direita na área, Alecsandro afasta de cabeça no primeiro pau.</narracao>
    <narracao id="43817" momento="1ºT" tempo="29">Os jogadores do Corinthians vão tocando bola no campo de defesa, esperando o momento de atacar.</narracao>
    <narracao id="43820" momento="1ºT" tempo="30">UUUUHHHHH! Wagner enfia boa bola na velocidade de Alecsandro na área. Atacante cruzeirense chuta de canhota por cima do gol de Silvio Luiz.</narracao>
    <narracao id="43824" momento="1ºT" tempo="31">Após cobrança de escanteio na área do Cruzeiro. Renato pega o rebote de fora da área e Fábio defende sem problemas.</narracao>
    <narracao id="43829" momento="1ºT" tempo="33">Gustavo Nery levanta bola na área do Cruzeiro. Fábio sai e corta de soco.</narracao>
    <narracao id="43832" momento="1ºT" tempo="35">Roger cobra falta da intermediária e a bola pára na barreira cruzeirense.</narracao>
    <narracao id="43834" momento="1ºT" tempo="35">FOGUEIRA! Jonílson recua mal para o goleiro Fábio, que teve que se virar para afastar o perigo.</narracao>
    <narracao id="43841" momento="1ºT" tempo="38">Rosinei arrisca lançamento para Nilmar no ataque, mas atacante fica na marcação.</narracao>
    <narracao id="43843" momento="1ºT" tempo="38">Wagner é atingido na canela por Bruno Octávio e é falta para o Cruzeiro na intermediária...</narracao>
    <gol id="43844" momento="1ºT" atletaId="56" tempo="39" escudo="/FlashShow/0,,6588,00.swf" contra="0"> GOL DE MARTINEZ  ...Meio-campo cobra falta da ponta direita e a bola entra no ângulo esquerdo do gol de Silvio Luiz, que nada pôde fazer. Primeiro gol de Martinez no Brasileirão e na temporada.</gol>
    <video id="43844v" momento="1ºT" video="502682"> Veja o vídeo: Gol de Martinez.  39' ...Meio-campo cobra falta da ponta direita e a bola entra no ângulo esquerdo do gol de Silvio Luiz, que nada pôde fazer. Primeiro gol de Martinez no Brasileirão e na temporada.</video>
    <narracao id="43849" momento="1ºT" tempo="41">O Cruzeiro volta a pressionar o Corinthians. O clube paulista está todo recuado.</narracao>
    <narracao id="43851" momento="1ºT" tempo="41">CHUTAÇO! Martinez arrisca de fora da área e Silvio Luiz faz boa defesa.</narracao>
    <narracao id="43854" momento="1ºT" tempo="42">Gustavo Nery chuta de canhota de fora da área. Sem perigo para o gol de Fábio.</narracao>
    <narracao id="43858" momento="1ºT" tempo="44">ACRÉSCIMOS! Árbitro assinala mais dois minutos neste primeiro tempo.</narracao>
    <narracao id="43861" momento="1ºT" tempo="44">Jonathan tenta jogada individual pela direita, mas é desarmado por Gustavo Nery.</narracao>
    <narracao id="43865" momento="1ºT" tempo="46">Martinez, meio-campo do Cruzeiro, sente a mão esquerda. O jogador havia sofrido uma operação no local.</narracao>
    <narracao id="43868" momento="1ºT" tempo="47">FIM DE PRIMEIRO TEMPO! O Cruzeiro segue derrotando o Corinthians e confirmando a liderança do Brasileirão.</narracao>
    <momento id="43871" momento="I">Show do intervalo</momento>
    <narracao id="43872" momento="I" tempo="0">O Cruzeiro domina a partida e explora as velocidades do meio-campo Wagner e dos atacantes Gil e Alecsandro. Porém, quem abriu o placar foi o volante Martinez, com uma linda cobrança de falta. O Corinthians é um time desinteressado no jogo, Rosinei, Rafael Moura e Nilmar foram os únicos que apareceram para o jogo nesta primeira etapa.</narracao>
    <momento id="43879" momento="2ºT">Segundo tempo</momento>
    <narracao id="43884" momento="2ºT" tempo="0">As duas equipes já estão de volta ao gramado para o início do segundo tempo. Sem alterações nos dois lados.</narracao>
    <narracao id="43887" momento="2ºT" tempo="0">COMEÇA O SEGUNDO TEMPO! O Corinthians dá a saída.</narracao>
    <narracao id="43889" momento="2ºT" tempo="1">Jonathan comete falta dura em Gustavo Nery. A infração é cobrada rapidamente, Jonílson chega na marcação e a bola se perde pela linha de fundo.</narracao>
    <narracao id="43891" momento="2ºT" tempo="2">Wagner ganha o escanteio para o Cruzeiro...</narracao>
    <narracao id="43892" momento="2ºT" tempo="2">... Bola na área do Corinthians, Bruno Octávio corta no primeiro pau.</narracao>
    <narracao id="43894" momento="2ºT" tempo="2">Júlio César ganha a bola na esquerda e cruza na área para Alecsandro. Atacante erra o domínio e a bola fica com o Corinthians.</narracao>
    <narracao id="43896" momento="2ºT" tempo="3">Edu Dracena e Rafael Moura se envolvem em dividida no meio-de-campo e zagueiro do Cruzeiro fica sentindo a pancada.</narracao>
    <narracao id="43898" momento="2ºT" tempo="5">Nilmar tenta a penetração pelo meio, mas é desarmado na entrada da área.</narracao>
    <gol id="43899" momento="2ºT" atletaId="6526" tempo="6" escudo="/FlashShow/0,,6588,00.swf" contra="0"> GOL DE ALECSANDRO  Após boa bola para Wagner na direita. Meio-campo avança e cruza no segundo pau para atacante ampliar de cabeça, sozinho! Terceiro jogo de Alecsandro na temporada e dois gols.</gol>
    <video id="43931" momento="2ºT" video="502665"> Veja o vídeo:  6' Nilmar tenta penetração, mas é desarmado.</video>
    <video id="43990" momento="2ºT" video="502675"> Veja o vídeo:  6' Alecsandro marca o segundo gol do Cruzeiro.</video>
    <narracao id="43907" momento="2ºT" tempo="9">Nilmar avança pela direita e cruza na área procurando Rafael Moura. Thiago Heleno se antecipa e faz o corte.</narracao>
    <narracao id="43908" momento="2ºT" tempo="10">Leandro Bomfim ganha escanteio para o Cruzeiro...</narracao>
    <narracao id="43910" momento="2ºT" tempo="11">... Edu Dracena recebe no segundo pau, avança e chuta cruzado. Silvio Luiz faz boa defesa.</narracao>
    <video id="43951" momento="2ºT" video="502669"> Veja o vídeo:  11' Silvio Luiz defende chute de detro da área.</video>
    <narracao id="43914" momento="2ºT" tempo="12">Ramon já entra fazendo boa jogada pela esquerda e cruzando na área. Renato salta junto com Fábio e comete falta no goleiro cruzeirense.</narracao>
    <substituicao id="43964" momento="2ºT" tempo="12" ico="/Portal/esportes/temporeal/swf/icos/substituicao.swf">Corinthians faz substituição: entra Ramon, sai André Leone</substituicao>
    <narracao id="43916" momento="2ºT" tempo="13">Falta cobrada da esquerda na área do Cruzeiro. Jonílson corta de cabeça no primeiro pau.</narracao>
    <narracao id="43919" momento="2ºT" tempo="14">Renato comete falta em Gil na intermediária...</narracao>
    <narracao id="43920" momento="2ºT" tempo="15">... Martinez levanta na área e a zaga do Corinthians corta de cabeça.</narracao>
    <cartao id="43921" momento="2ºT" atletaId="104" tempo="15" ico="/Portal/esportes/temporeal/swf/icos/cartao_amarelo.swf" cor="amarelo">Gustavo Nery - Lateral-esquerdo do Corinthians é punido após falta dura em Jonathan.</cartao>
    <narracao id="43923" momento="2ºT" tempo="16">Roger erra o passe na intermediária e dá de "presente" o contra-ataque cruzeirense.</narracao>
    <narracao id="43925" momento="2ºT" tempo="17">Gustavo Nery avança na velocidade pela esquerda e chuta cruzado. Fábio cai para fazer a defesa. </narracao>
    <video id="44009" momento="2ºT" video="502676"> Veja o vídeo:  17' Fábio defende chute dentro da área.</video>
    <narracao id="43929" momento="2ºT" tempo="18">Bola cruzada na área do Cruzeiro. Ramon desvia de cabeça, pela linha de fundo.</narracao>
    <narracao id="43932" momento="2ºT" tempo="20">JONÍLSON! Grita o nome do volante a torcida cruzeirense, reconhecendo o esforço do jogador.</narracao>
    <narracao id="43936" momento="2ºT" tempo="21">Júlio César avança pela esquerda, tenta tabela com Alecsandro, mas atacante é desarmado pela zaga corintiana.</narracao>
    <narracao id="43940" momento="2ºT" tempo="21">Gustavo Nery avança pela esquerda, adianta demais a bola, cai e pede o pênalti inexistente. Árbitro corretamente manda o jogo seguir.</narracao>
    <narracao id="43941" momento="2ºT" tempo="22">Leandro Bomfim tenta penetrar na área corintiana, mas é desarmado por Betão.</narracao>
    <substituicao id="43965" momento="2ºT" tempo="23" ico="/Portal/esportes/temporeal/swf/icos/substituicao.swf">Corinthians faz substituição: entra Rubens Júnior, sai Renato</substituicao>
    <cartao id="43947" momento="2ºT" atletaId="11981" tempo="25" ico="/Portal/esportes/temporeal/swf/icos/cartao_amarelo.swf" cor="amarelo">Thiago Heleno - Zagueiro do Cruzeiro é punido após se desentender com Rafael Moura e fazer falta dura.</cartao>
    <narracao id="43954" momento="2ºT" tempo="28">Ramon levanta bola para Rafael Moura na entrada da área, Edu Dracena se antecipa e corta de cabeça.</narracao>
    <cartao id="43956" momento="2ºT" atletaId="5822" tempo="28" ico="/Portal/esportes/temporeal/swf/icos/cartao_amarelo.swf" cor="amarelo">Rafael Moura - Atacante do Corinthians é punido após simular um pênalti.</cartao>
    <narracao id="43960" momento="2ºT" tempo="30">Gil avança pela intermediária, arrisca de canhota e a bola sai pela linha de fundo.</narracao>
    <substituicao id="43966" momento="2ºT" tempo="30" ico="/Portal/esportes/temporeal/swf/icos/substituicao.swf">Corinthians faz substituição: entra Daniel, sai Rafael Moura</substituicao>
    <video id="44008" momento="2ºT" video="502683"> Veja o vídeo:  30' Gil chuta pra fora.</video>
    <cartao id="43967" momento="2ºT" atletaId="4417" tempo="31" ico="/Portal/esportes/temporeal/swf/icos/cartao_amarelo.swf" cor="amarelo">Rosinei - Meio-campo do Corinthians é punido após reclamação.</cartao>
    <narracao id="43970" momento="2ºT" tempo="32">BOA DEFESA! Wagner cruza bola da esquerda na área, Gil sobe de cabeça e Silvio Luiz segura.</narracao>
    <video id="44019" momento="2ºT" video="502691"> Veja o vídeo:  32' Gil cabeceia com perigo.</video>
    <narracao id="43972" momento="2ºT" tempo="33">MAL! Rosinei chuta forte da intermediária e a bola se perde por cima do gol de Fábio.</narracao>
    <narracao id="43974" momento="2ºT" tempo="34">OLÉ! A torcida do Cruzeiro grita no Mineirão.</narracao>
    <narracao id="43978" momento="2ºT" tempo="35">BOA JOGADA DE ULTRAPASSAGEM! Jonathan recebe de Alecsandro, avança e devolve de calcanhar. Atacante chuta forte da entrada da área, levando perigo ao gol de Silvio Luiz.</narracao>
    <narracao id="43980" momento="2ºT" tempo="36">ERRA O BANDEIRA! Gil recebe em posição legal, faz o gol, mas é marcado o impedimento inexistente.</narracao>
    <substituicao id="44000" momento="2ºT" tempo="37" ico="/Portal/esportes/temporeal/swf/icos/substituicao.swf">Cruzeiro faz substituição: entra Francismar, sai Wagner</substituicao>
    <substituicao id="44001" momento="2ºT" tempo="37" ico="/Portal/esportes/temporeal/swf/icos/substituicao.swf">Cruzeiro faz substituição: entra Carlinhos Bala, sai Alecsandro</substituicao>
    <video id="44023" momento="2ºT" video="502707"> Veja o vídeo:  37' o gol anulado do Cruzeiro.</video>
    <narracao id="43991" momento="2ºT" tempo="38">Carlinhos Bala arrisca de fora da área, a bola desvia em Wescley e sai em escanteio...</narracao>
    <narracao id="43994" momento="2ºT" tempo="39">...Jonathan cobra escanteio da direita, Martinez cabeceia no canto direito e Silvio Luiz faz linda defesa.</narracao>
    <substituicao id="44002" momento="2ºT" tempo="40" ico="/Portal/esportes/temporeal/swf/icos/substituicao.swf">Cruzeiro faz substituição: entra Eliézio, sai Thiago Heleno</substituicao>
    <narracao id="44004" momento="2ºT" tempo="43">ACRÉSCIMOS! Árbitro assinala mais três minutos neste segundo tempo.</narracao>
    <narracao id="44006" momento="2ºT" tempo="44">SALVA EM CIMA DA LINHA! Edu Dracena dá um chutão para o alto após bela jogada individual de Nilmar.</narracao>
    <narracao id="44014" momento="2ºT" tempo="48">FIM DE JOGO! O Cruzeiro vence e permanece na liderança do Brasileirão, já o Corinthians permanece na zona de rebaixamento.</narracao>
    <momento id="44015" momento="E">Final de jogo</momento>
    <narracao id="44017" momento="E" tempo="0">Um jogo onde o Corinthians esteve apático e não criou. O Cruzeiro dominou toda a partida e merecidamente venceu por 2 a 0. A equipe mineira está invicta há dez jogos, enquanto o Corinthians segue seu calvário e está na zona de rebaixamento.</narracao>
  </lances>
</lancealance>
