<?xml version="1.0" encoding="UTF-8"?>
<lancealance cobertura="1288" leitura="0">
  <placar>
    <equipe id="001" url="" nome="São Paulo" escudo="/FlashShow/0,,6600,00.swf" resultado="2" abreviacao="SPO"/>
    <equipe id="002" url="" nome="Goiás" escudo="/FlashShow/0,,7681,00.swf" resultado="1" abreviacao="GOI"/>
  </placar>
  <lances>
    <momento id="50249" momento="PJ">Pré-jogo</momento>
    <narracao id="50251" momento="PJ" tempo="0">O São Paulo recebe o Goiás no Morumbi ás 18h10m!
</narracao>
    <narracao id="50255" momento="PJ" tempo="0">O Tricolor paulista joga para manter a liderança do campeonato. A equipe tem 30 pontos, três a mais que Paraná e Santos. Será o quarto jogo consecutivo com a equipe reserva, que não deixou a peteca cair no Brasileirão.</narracao>
    <narracao id="50256" momento="PJ" tempo="0">Hoje, Rogério Ceni e Josué reforçam o expressinho. O equatoriano Reasco estréia na lateral esquerdo. Thiago e Alex Dias formam a dupla de ataque.
</narracao>
    <narracao id="50257" momento="PJ" tempo="0">O Goiás não sabe o que é vitória há seis rodadas, nas quais colecionou quatro derrotas e dois empates. O último resultado positivo aconteceu no dia 1º de junho, justamente no Morumbi, quando ganhou por 1 a 0 do Corinthians.</narracao>
    <narracao id="50258" momento="PJ" tempo="0">Com os sucessivos fracassos, a equipe caiu na tabela, não ocupa mais a zona de classificação da Copa Sul-Americana e, com 19 pontos ganhos, tem apenas dois pontos de vantagem para o primeiro time da zona de rebaixamento. O atacante Souza, os zagueiros Rafael Dias e Fabiano e o cabeça-de-área Danilo Portugal estão suspensos e não podem atuar.  
</narracao>
    <narracao id="50264" momento="PJ" tempo="0">O Goiás já está presente no gramado do Morumbi!</narracao>
    <narracao id="50265" momento="PJ" tempo="0">O São Paulo entra em campo saudado por sua torcida!</narracao>
    <narracao id="50271" momento="PJ" tempo="0">O carioca Luís Antônio Silva Santos apita a partida.</narracao>
    <narracao id="50274" momento="PJ" tempo="0">Um minuto de silêncio em homenagem aos atletas Weverson, goleiro do São Paulo, e Natália, jogadora de volei do Osasco, mortos em acidente automobilístico. </narracao>
    <momento id="50275" momento="1ºT">Primeiro tempo</momento>
    <narracao id="50276" momento="1ºT" tempo="0">COMEÇA O JOGO NO MORUMBI!</narracao>
    <narracao id="50279" momento="1ºT" tempo="2">Jadílson bota bola na área, a zaga são-paulina corta de cabeça.</narracao>
    <narracao id="50282" momento="1ºT" tempo="3">Falta de Richarlyson...</narracao>
    <narracao id="50283" momento="1ºT" tempo="3">... Romerito acerta a barreira.</narracao>
    <narracao id="50285" momento="1ºT" tempo="4">Lenílson bate da entrada da área em cima da zaga. Ele tinha companheiros livres e podia ter tocado.
</narracao>
    <narracao id="50290" momento="1ºT" tempo="7">Pé alto de Welliton no campo de ataque.</narracao>
    <video id="50320" momento="1ºT" video="520925"> Veja o vídeo:  9' Harlei evita gol de Lenílson.</video>
    <narracao id="50294" momento="1ºT" tempo="9">DEFESA ESPETACULAR!! Thiago levanta bola no segundo pau, Lenilson cabeceia livre e Harlei consegue salvar o Goiás.</narracao>
    <narracao id="50296" momento="1ºT" tempo="10">CHEGOU BEM! Romerito passa no meio de dois adversários e bate da entrada da área. Rogério Ceni defende no meio do gol.</narracao>
    <video id="50321" momento="1ºT" video="520926"> Veja o vídeo:  10' Rogério Ceni faz boa defesa.</video>
    <narracao id="50299" momento="1ºT" tempo="11">Jadílson sente choque com adversário e recebe atendimento no gramado.</narracao>
    <narracao id="50301" momento="1ºT" tempo="13">Cruzamento na área do Goiás, Lenilson cabeceia para o meio e a zaga corta antes da chegada de Alex Dias.</narracao>
    <narracao id="50304" momento="1ºT" tempo="15">Thiago levanta bola na área, Harlei defende. Já era marcada falta de ataque de Alex Dias.</narracao>
    <narracao id="50307" momento="1ºT" tempo="17">PRIMEIRO CÓRNER DA PARTIDA! É para o São Paulo...</narracao>
    <gol id="50312" momento="1ºT" atletaId="11903" tempo="18" escudo="/FlashShow/0,,6600,00.swf" contra="0"> GOL DE LENILSON  ... GOOOOOOOL!!!! É DO SÃO PAULO!!!! Bola no primeiro pau, Alex Silva desvia de cabeça para trás, Lenilson finta o zagueiro e bate para o gol quase sem ângulo. Júlio Santos tira a bola de dentro do gol e Edcarlos completa, mas a bola já havia entrado.</gol>
    <video id="50312v" momento="1ºT" video="520935"> Veja o vídeo: Gol de Lenilson.  18' ... GOOOOOOOL!!!! É DO SÃO PAULO!!!! Bola no primeiro pau, Alex Silva desvia de cabeça para trás, Lenilson finta o zagueiro e bate para o gol quase sem ângulo. Júlio Santos tira a bola de dentro do gol e Edcarlos completa, mas a bola já havia entrado.</video>
    <narracao id="50313" momento="1ºT" tempo="20">Lúcio sofre falta próxima da área...</narracao>
    <narracao id="50315" momento="1ºT" tempo="21">... Rogério Corrêa tira de cabeça.</narracao>
    <narracao id="50316" momento="1ºT" tempo="22">JOGO AÉREO: São Paulo 8 x 0 Goiás.</narracao>
    <cartao id="50318" momento="1ºT" atletaId="6585" tempo="23" ico="/Portal/esportes/temporeal/swf/icos/cartao_amarelo.swf" cor="amarelo">Cléber - Meia puxa Richarlyson e toma primeiro cartão amarelo da partida.</cartao>
    <narracao id="50325" momento="1ºT" tempo="25">... Rogério Ceni tira de soco.</narracao>
    <narracao id="50324" momento="1ºT" tempo="25">Lenilson desvia para córner após batida de falta para a área do São Paulo...</narracao>
    <narracao id="50331" momento="1ºT" tempo="29">Carlinhos manda pela lateral e impede boa jogada de Welliton.</narracao>
    <narracao id="50332" momento="1ºT" tempo="30">Romerito arrisca de fora da área e manda por cima do gol.</narracao>
    <video id="50370" momento="1ºT" video="520946"> Veja o vídeo:  30' Romerito arrisca de longe.</video>
    <narracao id="50334" momento="1ºT" tempo="31">FINALIZAÇÕES: São Paulo 6 x 3 Goiás.</narracao>
    <narracao id="50337" momento="1ºT" tempo="31">DESABOU! Welliton tenta dominar a bola, mas tropeça e cai feio no chão.</narracao>
    <narracao id="50339" momento="1ºT" tempo="32">Jadílson bate falta na área, a zaga tricolor afasta.</narracao>
    <narracao id="50341" momento="1ºT" tempo="33">INACREDITÁVEL! Lenilson faz ótima jogada no lado esquerdo da área e toca para o meio da área. Alex Dias tenta completar para o gol, mas apenas amortece a bola e perde gol feito.</narracao>
    <video id="50372" momento="1ºT" video="520949"> Veja o vídeo:  33' Alex Dias perde grande chance.</video>
    <narracao id="50346" momento="1ºT" tempo="35">PRESSÃO TRICOLOR! Richarlyson dá lindo drible na área e rola a bola para trás. A zaga do Goiás corta em dois tempos.</narracao>
    <narracao id="50349" momento="1ºT" tempo="36">Richarlyson arrisca de fora da área e leva perigo. Bola passa por cima do gol.</narracao>
    <narracao id="50351" momento="1ºT" tempo="37">Rogério Corrêa desvia de cabeça para fora após batida de escanteio.</narracao>
    <narracao id="50354" momento="1ºT" tempo="39">REASCO APARECE! Equatoriano solta bomba da entrada da área para fora.</narracao>
    <video id="50382" momento="1ºT" video="520953"> Veja o vídeo:  39' Reasco chuta com perigo ao gol do Goiás.</video>
    <cartao id="50356" momento="1ºT" atletaId="1817" tempo="40" ico="/Portal/esportes/temporeal/swf/icos/cartao_amarelo.swf" cor="amarelo">Josué - Meia faz falta dura e leva cartão amarelo.</cartao>
    <cartao id="50358" momento="1ºT" atletaId="11903" tempo="41" ico="/Portal/esportes/temporeal/swf/icos/cartao_amarelo.swf" cor="amarelo">Lenilson - Meia entra de carrinho em Romerito e recebe cartão amarelo.</cartao>
    <narracao id="50361" momento="1ºT" tempo="42">ISOLOU! Vitor bate falta direta para o gol, mas manda muito longe.</narracao>
    <narracao id="50365" momento="1ºT" tempo="43">UUUHHHHHHHH!! Contra-ataque do São Paulo: Alex Dias dá passe açucarado para Reasco na entrada da área. O lateral pega forte de primeira e manda para fora.</narracao>
    <narracao id="50384" momento="1ºT" tempo="43">Reasco bate da entrada da área, após passe de Alex Dias.</narracao>
    <narracao id="50368" momento="1ºT" tempo="44">Lúcio rola para Lenilson na grande área. O meia adianta a bola, Harlei sai do gol e faz a defesa.</narracao>
    <narracao id="50373" momento="1ºT" tempo="46">TERMINA O PRIMEIRO TEMPO!</narracao>
    <momento id="50374" momento="I">Show do intervalo</momento>
    <narracao id="50379" momento="I" tempo="0">O São Paulo fez um bom primeiro tempo. Liderado por Richarlyson e Lenilson, o time criou bastante, abriu o placar e poderia ter ampliado antes do intervalo. O Goiás tentou alguns chutes da entrada da área, mas não levou perigo ao gol de Rogério Ceni.</narracao>
    <narracao id="50395" momento="I" tempo="0">O Goiás está de volta do vestiário. </narracao>
    <narracao id="50396" momento="I" tempo="0">O São Paulo retorna ao gramado.</narracao>
    <momento id="50402" momento="2ºT">Segundo tempo</momento>
    <narracao id="50403" momento="2ºT" tempo="0">COMEÇA O SEGUNDO TEMPO!</narracao>
    <narracao id="50407" momento="2ºT" tempo="2">PÉSSIMO! Welliton tenta cruzar para a área e manda direto pela linha de fundo.</narracao>
    <narracao id="50411" momento="2ºT" tempo="4">LÁ VEM O GOIÁS! Romerito recebe ótima bola no lado esquerdo da área e toca para o meio. Edcarlos chega antes e salva o São Paulo.</narracao>
    <narracao id="50415" momento="2ºT" tempo="6">VACILO! Lúcio evita saída pela linha de fundo e cruza para a área. Harlei falha e deixa bola escapar das mãos. Alex Dias aproveita, mas bate em cima da zaga.</narracao>
    <narracao id="50419" momento="2ºT" tempo="8">Lúcio bate falta na área, Harlei defende.</narracao>
    <narracao id="50421" momento="2ºT" tempo="9">Jadílson puxa contra-ataque, mas Josué intercepta tentativa de passe.</narracao>
    <narracao id="50422" momento="2ºT" tempo="10">POR POUCO! Thiago leva perigo com chute de longe para fora.</narracao>
    <video id="50477" momento="2ºT" video="520976"> Veja o vídeo:  10' Thiago solta bomba perto do gol do Goiás.</video>
    <substituicao id="50490" momento="2ºT" tempo="11" ico="/Portal/esportes/temporeal/swf/icos/substituicao.swf">Goiás faz substituição: entra Jhonson, sai Nonato</substituicao>
    <narracao id="50432" momento="2ºT" tempo="14">Welliton escorrega e perde bola na ponta direita.</narracao>
    <narracao id="50436" momento="2ºT" tempo="15">Jadílson cruza e Rogério Ceni fura a bola. Vítor pega a sobra e manda na área, Edcarlos corta de cabeça.</narracao>
    <narracao id="50441" momento="2ºT" tempo="17">Alex Dias pega rebote da zaga e chuta para fora.</narracao>
    <video id="50482" momento="2ºT" video="520978"> Veja o vídeo:  17' Alex Dias pega mal na bola e perde grande chance.</video>
    <cartao id="50445" momento="2ºT" atletaId="3505" tempo="20" ico="/Portal/esportes/temporeal/swf/icos/cartao_amarelo.swf" cor="amarelo">Richarlyson - Meia comete falta dura e é punido com cartão amarelo.</cartao>
    <narracao id="50449" momento="2ºT" tempo="21">Richarlyson sofre cama de gato e fica sentindo o braço direito. Jogador sai de campo para ser atendido.</narracao>
    <narracao id="50461" momento="2ºT" tempo="23">Júlio Santos sente o joelho e também sai de campo para atendimento.</narracao>
    <narracao id="50463" momento="2ºT" tempo="25">Lenilson ganha escanteio...</narracao>
    <narracao id="50464" momento="2ºT" tempo="26">... Zaga tira o perigo.</narracao>
    <substituicao id="50491" momento="2ºT" tempo="27" ico="/Portal/esportes/temporeal/swf/icos/substituicao.swf">Goiás faz substituição: entra Aldo, sai Júlio Santos</substituicao>
    <gol id="50470" momento="2ºT" atletaId="11903" tempo="28" escudo="/FlashShow/0,,6600,00.swf" contra="0"> GOL DE LENILSON  GOOOOOOOL DO SÃO PAULO!!!!!!! Lenilson bate firme de canhota da entrada da área e vence Harlei!</gol>
    <video id="50470v" momento="2ºT" video="520981"> Veja o vídeo: Gol de Lenilson.  28' GOOOOOOOL DO SÃO PAULO!!!!!!! Lenilson bate firme de canhota da entrada da área e vence Harlei!</video>
    <narracao id="50475" momento="2ºT" tempo="30">QUASE O TERCEIRO! Edcarlos dá uma de atacante, deixa o marcador no chão dentro da área e bate cruzado perto do ângulo.</narracao>
    <substituicao id="50514" momento="2ºT" tempo="31" ico="/Portal/esportes/temporeal/swf/icos/substituicao.swf">São Paulo faz substituição: entra Lima, sai Alex Dias</substituicao>
    <narracao id="50484" momento="2ºT" tempo="33">UUUHHHHH!!! Thiago bate forte para o gol, Harlei faz boa defesa.</narracao>
    <narracao id="50488" momento="2ºT" tempo="34">Harlei sente câimbras. Jogo está paralisado.</narracao>
    <substituicao id="50492" momento="2ºT" tempo="38" ico="/Portal/esportes/temporeal/swf/icos/substituicao.swf">Goiás faz substituição: entra Rodrigo Calaça, sai Harlei</substituicao>
    <narracao id="50496" momento="2ºT" tempo="39">Lúcio passa por Vitor na ponta esquerda em direção à área e cruza rasteiro para trás. Lenilson escorrega e não aproveita a jogada.</narracao>
    <narracao id="50499" momento="2ºT" tempo="40">Pênalti de Reasco para o Goiás não marcado pelo árbitro.</narracao>
    <narracao id="50500" momento="2ºT" tempo="41">Romerito faz boa jogada e arrisca da entrada da área. Bola desvia em Welliton e vai para fora.</narracao>
    <narracao id="50501" momento="2ºT" tempo="42">Vitor cruza para a área e ganha escanteio...</narracao>
    <narracao id="50503" momento="2ºT" tempo="43">... Josué corta de cabeça.</narracao>
    <narracao id="50506" momento="2ºT" tempo="43">Árbitro sinaliza quatro minutos de acréscimo.</narracao>
    <gol id="50513" momento="2ºT" atletaId="12809" tempo="44" escudo="/FlashShow/0,,7681,00.swf" contra="0"> GOL DE JOHNSON  GOOOOOOOL DO GOIÁS!!!!!! Jadílson cobra falta na pequena área e Jhonson cabeceia sozinho para baixo, sem chances para Rogério Ceni.</gol>
    <substituicao id="50515" momento="2ºT" tempo="44" ico="/Portal/esportes/temporeal/swf/icos/substituicao.swf">São Paulo faz substituição: entra Rodrigo Fabri, sai Thiago</substituicao>
    <cartao id="50516" momento="2ºT" atletaId="12085" tempo="46" ico="/Portal/esportes/temporeal/swf/icos/cartao_amarelo.swf" cor="amarelo">Hugo Leonardo - Meia recebe cartão amarelo por falta duvidosa em Rodrigo Fabri.</cartao>
    <cartao id="50517" momento="2ºT" atletaId="6594" tempo="47" ico="/Portal/esportes/temporeal/swf/icos/cartao_amarelo.swf" cor="amarelo">Alex Silva - Zagueiro também recebe cartão amarelo.</cartao>
    <narracao id="50518" momento="2ºT" tempo="49">TERMINA A PARTIDA NO MORUMBI!</narracao>
    <momento id="50519" momento="E">Final de jogo</momento>
    <video id="50520" momento="E" video="520982"> Veja o vídeo:  30' Edcarlos quase marca um golaço.</video>
  </lances>
</lancealance>
