<?xml version="1.0" encoding="UTF-8"?>
<lancealance cobertura="1302" leitura="0">
  <placar>
    <equipe id="001" url="" nome="Santa Cruz" escudo="/FlashShow/0,,7166,00.swf" resultado="2" abreviacao="Santa Cruz"/>
    <equipe id="002" url="" nome="Grêmio" escudo="/FlashShow/0,,7844,00.swf" resultado="4" abreviacao="GRE"/>
  </placar>
  <lances>
    <momento id="50673" momento="PJ">Pré-jogo</momento>
    <narracao id="50674" momento="PJ" tempo="0">Santa Cruz e Grêmio se enfrentam, daqui a pouco, no estádio Arruda, em Recife. A partida é válida pela 17ª rodada do Campeonato Brasileiro.</narracao>
    <narracao id="50675" momento="PJ" tempo="0">Os anfitriões estão na 18ª colocação com 16 pontos. Conquistaram quatro vitórias, quatro empates e perderam oito jogos. O time pernambucano tem a terceira pior defesa da competição, ao lado do Corinthians, com 27 gols sofridos.</narracao>
    <narracao id="50677" momento="PJ" tempo="0">A equipe do técnico Maurício Simões não perdia a cinco partidas. A invencibilidade caiu na rodada passada em confronto vencido pelo São Caetano por 2 a 0, no Anacleto Campanella.   
</narracao>
    <narracao id="50678" momento="PJ" tempo="0">O Tricolor gaúcho volta pela primeira vez a capital pernambucada desde o fatídico jogo contra o Naútico pela Segundona do ano passado. Então, com quatro jogadores a menos e depois de dois pênaltis marcados a favor do adversário, o Grêmio bateu o Alvirubro por 1 a 0 e retornou à Série A. </narracao>
    <narracao id="50679" momento="PJ" tempo="0">O técnico Mano Menezes busca a terceira vitória consecutiva e tenta aproximar seu time da zona de classificação para a Libertadores. Com seis vitórias, cinco empates e cinco derrotas, o Grêmio está na 8ª posição, com 23 pontos.</narracao>
    <narracao id="50680" momento="PJ" tempo="0">Por outro lado, o Santa Cruz precisa triunfar para voltar a respirar no Brasileirão. E ainda torcer contra Botafogo e Atlético Paranaense para fugir da zona de descenso.</narracao>
    <narracao id="50702" momento="PJ" tempo="0">Os times já estão em campo.</narracao>
    <momento id="50730" momento="1ºT">Primeiro tempo</momento>
    <narracao id="50731" momento="1ºT" tempo="0">Começa o jogo.</narracao>
    <narracao id="50734" momento="1ºT" tempo="1">Primeiro escanteio da partida, a favor do Santa Cruz.</narracao>
    <narracao id="50736" momento="1ºT" tempo="5">Boa chegada do Grêmio em chute rasteiro perigoso, que fez o goleiro Guto se esticar todo.</narracao>
    <narracao id="50741" momento="1ºT" tempo="8">Partida bem disputada no meio-de-campo.</narracao>
    <narracao id="50742" momento="1ºT" tempo="9">Pressão do Grêmio. Lucas é travado antes de chutar. Rafinha pega o rebote, mas a zaga coral evita o pior. </narracao>
    <cartao id="50746" momento="1ºT" atletaId="2899" tempo="11" ico="/Portal/esportes/temporeal/swf/icos/cartao_amarelo.swf" cor="amarelo">Jeovânio - Meia recebe o cartão por falta cometer falta desleal.</cartao>
    <narracao id="50749" momento="1ºT" tempo="13">Tricolor gaúcho está melhor na partida. Chegou mais vezes ao gol do time da casa.</narracao>
    <video id="50790" momento="1ºT" video="523243"> Veja o vídeo:  13' Patrício arrisca de longe.</video>
    <narracao id="50751" momento="1ºT" tempo="14">Evaldo corta passe de Márcio Mixirica para Edson Di.</narracao>
    <narracao id="50753" momento="1ºT" tempo="15">Márcio Alemão solta a bomba e Marcelo, goleiro do Grêmio, vai lá no cantinho para defender.</narracao>
    <video id="50804" momento="1ºT" video="523251"> Veja o vídeo:  15' Bom momento do Santa Cruz em chute de Márcio Alemão.</video>
    <narracao id="50757" momento="1ºT" tempo="17">Começa a chover no Recife!!!</narracao>
    <narracao id="50764" momento="1ºT" tempo="18">Rômulo pega mal na bola, mas consegue o escanteio para o Grêmio.</narracao>
    <narracao id="50769" momento="1ºT" tempo="19">Lucas enche o pé, a bola quica e quase engana o goleiro Guto. Balançou o travessão no Arruda!!!</narracao>
    <video id="50800" momento="1ºT" video="523254"> Veja o vídeo:  19' Lucas chuta do meio da rua e quase surpreende o goleiro Guto.</video>
    <narracao id="50780" momento="1ºT" tempo="23">Apesar de jogar em casa, Santa atua no contra-ataque.</narracao>
    <narracao id="50781" momento="1ºT" tempo="24">Rafinha cruza para Rômulo, mas o goleiro Guto chega primeiro na bola.</narracao>
    <gol id="50789" momento="1ºT" atletaId="4306" tempo="26" escudo="/FlashShow/0,,7166,00.swf" contra="0"> GOL DE WILSON SURUBIM  GOOOOLLLLLL DO SANTA CRUZ!!!! Wilson Surubim sobe mais e marca de cabeça. Na falha do goleiro Marcelo, que escorregou e não conseguiu interceptar a jogada. </gol>
    <video id="50789v" momento="1ºT" video="523260"> Veja o vídeo: Gol de Wilson Surubim.  26' GOOOOLLLLLL DO SANTA CRUZ!!!! Wilson Surubim sobe mais e marca de cabeça. Na falha do goleiro Marcelo, que escorregou e não conseguiu interceptar a jogada. </video>
    <narracao id="50794" momento="1ºT" tempo="29">Márcio Mixirica tenta fazer jogada de efeito, mas é parado com falta.</narracao>
    <narracao id="50798" momento="1ºT" tempo="31">Bate-rebate na área do Santa!!! Mas o goleiro Guto consegue agarrar firme a bola. </narracao>
    <video id="50839" momento="1ºT" video="523281"> Veja o vídeo:  31' Melhor ataque do Grêmio no primeiro tempo!!! </video>
    <narracao id="50806" momento="1ºT" tempo="36">Wiiliam afasta o perigo na área do Grêmio.</narracao>
    <narracao id="50808" momento="1ºT" tempo="37">Falta na entrada da área a favor do Tricolor gaúcho...</narracao>
    <narracao id="50809" momento="1ºT" tempo="37">... Evaldo pega mal na bola e manda longe do gol.</narracao>
    <video id="50864" momento="1ºT" video="523283"> Veja o vídeo:  37' Evaldo chuta da entrada da área.</video>
    <cartao id="50831" momento="1ºT" atletaId="9987" tempo="38" ico="/Portal/esportes/temporeal/swf/icos/cartao_amarelo.swf" cor="amarelo">Evaldo - Zagueiro recebe o terceiro cartão do jogo. </cartao>
    <narracao id="50815" momento="1ºT" tempo="39">Hugo é desarmado por Augusto Recife na entrada da área.</narracao>
    <narracao id="50818" momento="1ºT" tempo="41">Rômulo desperdiça grande oportunidade em chute da entrada da área.</narracao>
    <narracao id="50824" momento="1ºT" tempo="43">Levantamento de bola na área. Márcio Mixirica tenta cruzar, sem sucesso.</narracao>
    <narracao id="50827" momento="1ºT" tempo="44">Árbitro dá dois minutos de acréscimo!!!</narracao>
    <narracao id="50832" momento="1ºT" tempo="47">Fim de primeiro tempo!!!</narracao>
    <momento id="50840" momento="I">Show do intervalo</momento>
    <narracao id="50844" momento="I" tempo="0">Partida bastante equilibrada no Arruda. O Santa Cruz vence por 1 a 0 em cabeçada certeira de Wilson Surubim, mas o Grêmio não está morto. Foi inclusive mais vezes ao ataque, só não teve competência na hora de concluir a gol. Os dois goleiros fazem excelente partida e são os destaques até o momento.</narracao>
    <momento id="50874" momento="2ºT">Segundo tempo</momento>
    <narracao id="50878" momento="2ºT" tempo="0">Um minuto de silêncio!!!</narracao>
    <narracao id="50880" momento="2ºT" tempo="0">Começa o segundo tempo!!!</narracao>
    <substituicao id="51007" momento="2ºT" tempo="0" ico="/Portal/esportes/temporeal/swf/icos/substituicao.swf">Grêmio faz substituição: entra Herrera, sai Hugo</substituicao>
    <narracao id="50888" momento="2ºT" tempo="1">Washington levanta bola na área do Grêmio, mas ninguém chega para completar.</narracao>
    <narracao id="50893" momento="2ºT" tempo="3">Lucas dá belo passe para Herrera, que pede falta dentro da área, mas o árbitro não marca pênalti.</narracao>
    <narracao id="50898" momento="2ºT" tempo="5">Herrera quase faz o gol de empate em chute cruzado.</narracao>
    <gol id="50902" momento="2ºT" atletaId="12810" tempo="6" escudo="/FlashShow/0,,7844,00.swf" contra="0"> GOL DE RÔMULO  GOOOOOOOLLLLLLL DO GRÊMIO!!!! Rômulo não despediça cruzamento na área e completa de cabeça para o fundo da rede. Tudo igual no Arruda 1 a 1.</gol>
    <video id="50902v" momento="2ºT" video="523307"> Veja o vídeo: Gol de Rômulo.  6' GOOOOOOOLLLLLLL DO GRÊMIO!!!! Rômulo não despediça cruzamento na área e completa de cabeça para o fundo da rede. Tudo igual no Arruda 1 a 1.</video>
    <video id="50956" momento="2ºT" video="523311"> Veja o vídeo:  7' Boa chegada do Grêmio com Rômulo.</video>
    <narracao id="50910" momento="2ºT" tempo="9">Nenê vem aí no Santa!!!</narracao>
    <substituicao id="50973" momento="2ºT" tempo="10" ico="/Portal/esportes/temporeal/swf/icos/substituicao.swf">Santa Cruz faz substituição: entra Nenê, sai Edson Di</substituicao>
    <narracao id="50918" momento="2ºT" tempo="11">Nêne, que acabou de entrar, faz pênalti em Lucas.</narracao>
    <cartao id="50927" momento="2ºT" atletaId="12603" tempo="11" ico="/Portal/esportes/temporeal/swf/icos/cartao_amarelo.swf" cor="amarelo">Nenê - Atacante recebe cartão por ter parado a jogada como último homem.</cartao>
    <gol id="50920" momento="2ºT" atletaId="6449" tempo="12" escudo="/FlashShow/0,,7844,00.swf" contra="0"> GOL DE TCHECO  GOOOOLLLL DO GRÊMIO!!! Tcheco faz o gol da virada em bela cobrança de pênalti.</gol>
    <video id="50920v" momento="2ºT" video="523317"> Veja o vídeo: Gol de Tcheco.  12' GOOOOLLLL DO GRÊMIO!!! Tcheco faz o gol da virada em bela cobrança de pênalti.</video>
    <narracao id="50923" momento="2ºT" tempo="13">Bom momento do Santa. Cássio sofre falta na entrada da área.</narracao>
    <narracao id="50937" momento="2ºT" tempo="18">Márcio Mixirica cruza bola na pequena área, no bate-rebate a bola raspa o travessão e vai para fora. </narracao>
    <video id="51017" momento="2ºT" video="523324"> Veja o vídeo:  18' Patrício evita o gol do Santa.</video>
    <narracao id="50943" momento="2ºT" tempo="19">Tcheco puxa contra-ataque e chuta bola que passa tirando tinta da trave esquerda do goleiro Guto.</narracao>
    <substituicao id="51008" momento="2ºT" tempo="20" ico="/Portal/esportes/temporeal/swf/icos/substituicao.swf">Grêmio faz substituição: entra Leo Lima, sai Rafinha</substituicao>
    <substituicao id="50974" momento="2ºT" tempo="21" ico="/Portal/esportes/temporeal/swf/icos/substituicao.swf">Santa Cruz faz substituição: entra Mirandinha, sai Wilson Surubim</substituicao>
    <video id="51036" momento="2ºT" video="523336"> Veja o vídeo:  24' Cássio assusta o goleiro do Grêmio.</video>
    <narracao id="50963" momento="2ºT" tempo="25">Herrera arrisca da entrada da área, mas a bola vai no meio do gol. Guto faz fácil defesa.</narracao>
    <narracao id="50966" momento="2ºT" tempo="27">Marcelo sai bem na bola. E não deixa ninguém chegar para concluir.</narracao>
    <narracao id="50968" momento="2ºT" tempo="28">Mirandinha chuta fraco e a bola morre nas mãos do goleiro Marcelo.</narracao>
    <video id="51020" momento="2ºT" video="523338"> Veja o vídeo:  28' Mirandinha não aproveita chance de marcar.</video>
    <substituicao id="50975" momento="2ºT" tempo="29" ico="/Portal/esportes/temporeal/swf/icos/substituicao.swf">Santa Cruz faz substituição: entra Zada, sai Washington</substituicao>
    <narracao id="50982" momento="2ºT" tempo="31">Pressão do Santa Cruz!!! Chuveirinho na área quase termina em gol do time da casa.</narracao>
    <narracao id="50992" momento="2ºT" tempo="33">Ramon vem aí no Grêmio!!!</narracao>
    <gol id="51004" momento="2ºT" atletaId="8750" tempo="34" escudo="/FlashShow/0,,7166,00.swf" contra="0"> GOL DE JUNIOR MARANHÃO  GOOLLLL DO SANTA CRUZ!!! Júnior Maranhão solta a bomba da entrada da área. Indefensável para o goleiro do Grêmio, que pulou e não viiu nada. Tudo igual no Arruda!!!</gol>
    <video id="51004v" momento="2ºT" video="523344"> Veja o vídeo: Gol de Junior Maranhão.  34' GOOLLLL DO SANTA CRUZ!!! Júnior Maranhão solta a bomba da entrada da área. Indefensável para o goleiro do Grêmio, que pulou e não viiu nada. Tudo igual no Arruda!!!</video>
    <substituicao id="51009" momento="2ºT" tempo="35" ico="/Portal/esportes/temporeal/swf/icos/substituicao.swf">Grêmio faz substituição: entra Ramón, sai Rômulo</substituicao>
    <narracao id="51023" momento="2ºT" tempo="40">Bom momento do Tricolor gaúcho em cobrança de falta.</narracao>
    <cartao id="51052" momento="2ºT" atletaId="6485" tempo="41" ico="/Portal/esportes/temporeal/swf/icos/cartao_amarelo.swf" cor="amarelo">Augusto Recife - Meio-campo é punido pelo árbitro por fazer falta em Herrera.</cartao>
    <gol id="51027" momento="2ºT" atletaId="10709" tempo="42" escudo="/FlashShow/0,,7844,00.swf" contra="0"> GOL DE HERRERA  GOOOOOOOOOLLLLLLL DO GRÊMIO!!!! Guto da rebote na cobrança de falta e o atacante Herrera no segundo pau não perdoa. </gol>
    <video id="51027v" momento="2ºT" video="523351"> Veja o vídeo: Gol de Herrera.  42' GOOOOOOOOOLLLLLLL DO GRÊMIO!!!! Guto da rebote na cobrança de falta e o atacante Herrera no segundo pau não perdoa. </video>
    <cartao id="51029" momento="2ºT" atletaId="3061" tempo="44" ico="/Portal/esportes/temporeal/swf/icos/cartao_amarelo.swf" cor="amarelo">Zada - Meio-campo fez falta feia e é punido pelo árbitro.</cartao>
    <narracao id="51030" momento="2ºT" tempo="45">Árbitro dá três minutos de acréscimo.</narracao>
    <narracao id="51031" momento="2ºT" tempo="45">Herrera chuta de qualquer jeito e a bola vai longe do gol. </narracao>
    <narracao id="51040" momento="2ºT" tempo="48">Mais um minuto de acréscimo.</narracao>
    <narracao id="51049" momento="2ºT" tempo="49">Fim de jogo.</narracao>
    <gol id="51048" momento="2ºT" atletaId="8336" tempo="49" escudo="/FlashShow/0,,7844,00.swf" contra="0"> GOL DE LÉO LIMA  GOOOLLLLL DO GRÊMIO!!! Linda tabelinha entre Herrera e Leo Lima e este só tocou para o fundo da rede na saída do goleiro Guto.</gol>
    <video id="51048v" momento="2ºT" video="523356"> Veja o vídeo: Gol de Léo Lima.  49' GOOOLLLLL DO GRÊMIO!!! Linda tabelinha entre Herrera e Leo Lima e este só tocou para o fundo da rede na saída do goleiro Guto.</video>
    <momento id="51050" momento="E">Final de jogo</momento>
  </lances>
</lancealance>
