<?xml version="1.0" encoding="UTF-8"?>
<lancealance cobertura="1182" leitura="0">
  <placar>
    <equipe id="001" url="" nome="São Paulo" escudo="/FlashShow/0,,6600,00.swf" resultado="2" abreviacao="SPO"/>
    <equipe id="002" url="" nome="Figueirense" escudo="/FlashShow/0,,6591,00.swf" resultado="1" abreviacao="FIG"/>
  </placar>
  <lances>
    <momento id="44395" momento="PJ">Pré-jogo</momento>
    <narracao id="44396" momento="PJ" tempo="0">O São Paulo recebe o Figueirense às 18h10m no Morumbi pela 12ª rodada do Brasileirão!</narracao>
    <narracao id="44399" momento="PJ" tempo="0">Após a pausa para a Copa do Mundo, as duas equipes retomaram o campeonato com vitórias, confirmando as boas campanhas. Em terceiro lugar com 23 pontos, o Tricolor assume a liderança provisória se vencer a partida. </narracao>
    <narracao id="44400" momento="PJ" tempo="0">Em sétimo lugar com 18 pontos, o resultado positivo serve para o Figueirense alcançar o pelotão de frente da tabela, entrando no seleto grupo dos times que tem mais de 20 pontos.</narracao>
    <narracao id="44401" momento="PJ" tempo="0">No Brasileiro, o time paulista venceu as seis partidas que disputou em seu estádio, onde nunca perdeu para o Figueirense. Para o jogo contra os catarinenses, os zagueiros André Dias e Edcarlos retornam ao time e o ex-palmeirense Lúcio estréia na ala esquerda. O ataque é formado por Thiago e Ricardo Oliveira, que marcou dois gols na última partida contra o Grêmio.</narracao>
    <narracao id="44402" momento="PJ" tempo="0">Depois da boa vitória sobre o Santos, o time catarinense quer derrubar outra grande equipe paulista. A equipe do técnico Waldemar Lemos tem apenas um desfalque: o volante Rodrigo Souto, machucado, dá lugar a Henrique.</narracao>
    <narracao id="44472" momento="PJ" tempo="0">Tudo pronto para o início da partida!</narracao>
    <momento id="44460" momento="1ºT">Primeiro tempo</momento>
    <narracao id="44461" momento="1ºT" tempo="0">Começa a partida no Morumbi!</narracao>
    <narracao id="44462" momento="1ºT" tempo="0">AOS 20 SEGUNDOS! Ricardo Oliveira toca de calcanhar para Mineiro que ajeita para Danilo bater da entrada da área para fora.</narracao>
    <gol id="44463" momento="1ºT" atletaId="7374" tempo="1" escudo="/FlashShow/0,,6600,00.swf" contra="0"> GOL DE RICARDO OLIVEIRA  É GOOOOOOOL DO SÃO PAULO!! Thiago recebe de Lúcio, olha para a área e cruza da esquerda no segundo pau. Ricardo Oliveira entra de cabeça e tira o zero do placar.</gol>
    <video id="44463v" momento="1ºT" video="504498"> Veja o vídeo: Gol de Ricardo Oliveira.  1' É GOOOOOOOL DO SÃO PAULO!! Thiago recebe de Lúcio, olha para a área e cruza da esquerda no segundo pau. Ricardo Oliveira entra de cabeça e tira o zero do placar.</video>
    <narracao id="44464" momento="1ºT" tempo="3">LANCE DUVIDOSO! Soares invade a área, dribla Rogério Ceni e cai na área. Corretamente, o árbitro Heber Roberto Lopes manda o jogo seguir. O goleiro são-paulino não chegou a tocar no atacante.</narracao>
    <narracao id="44465" momento="1ºT" tempo="6">Soares bate de primeira da grande área, a bola desvia em André Dias e sai para córner...</narracao>
    <narracao id="44466" momento="1ºT" tempo="7">... A zaga tricolor afasta.</narracao>
    <narracao id="44467" momento="1ºT" tempo="8">Cícero bate falta na barreira.</narracao>
    <narracao id="44468" momento="1ºT" tempo="9">IMPEDIDO! Danilo bate para o gol, a bola desvia na zaga e sobra para Lúcio, sozinho na área. </narracao>
    <narracao id="44469" momento="1ºT" tempo="11">Fininho toca para Carlos Alberto na área. Edcarlos se antecipa e corta de bico pela lateral.</narracao>
    <narracao id="44470" momento="1ºT" tempo="13">Ricardo Oliveira cobra falta por cima do gol.</narracao>
    <narracao id="44480" momento="1ºT" tempo="13">Ricardo Oliveira bate falta por cima do gol.</narracao>
    <narracao id="44471" momento="1ºT" tempo="15">Danilo tenta passe em profundidade para Mineiro. Andrey sai do gol e fica com a bola.</narracao>
    <narracao id="44473" momento="1ºT" tempo="17">Soares é lançado em contra-ataque, mas está impedido.</narracao>
    <narracao id="44474" momento="1ºT" tempo="19">Lúcio leva um pisão de Carlos Alberto no peito do pé direito e sai do campo de maca.</narracao>
    <narracao id="44475" momento="1ºT" tempo="21">CHANCE PERDIDA! Carlos Alberto descobre Fininho livre no lado esuqerdo da área e dá lançamento primoroso. O lateral do Figueira domina mal e bate pior ainda para o gol.</narracao>
    <cartao id="44476" momento="1ºT" atletaId="6738" tempo="23" ico="/Portal/esportes/temporeal/swf/icos/cartao_amarelo.swf" cor="amarelo">Soares - Atacante recebe cartão amarelo por se desentender com André Dias.</cartao>
    <cartao id="44477" momento="1ºT" atletaId="4145" tempo="23" ico="/Portal/esportes/temporeal/swf/icos/cartao_amarelo.swf" cor="amarelo">André Dias - Zagueiro recebe cartão amarelo por se desentender com Soares.</cartao>
    <narracao id="44478" momento="1ºT" tempo="24">Mineiro luta pela bola na área adversária, mas comete falta.</narracao>
    <narracao id="44479" momento="1ºT" tempo="26">Souza tenta cruzamento, mas bola vai para as mãos de Andrey.</narracao>
    <narracao id="44481" momento="1ºT" tempo="27">Fininho luta pela bola com Lugano e consegue escanteio...</narracao>
    <narracao id="44482" momento="1ºT" tempo="28">... Schwenck pega sobra e bate travado. É novo escanteio para o Figueirense...</narracao>
    <narracao id="44483" momento="1ºT" tempo="28">... Bola rasteira no primeiro pau, Mineiro afasta o perigo.</narracao>
    <video id="44497" momento="1ºT" video="504508"> Veja o vídeo:  28' Chute de Schwenck é travado pela zaga.</video>
    <narracao id="44484" momento="1ºT" tempo="29">Josué recebe bola de Souza, mas está impedido. </narracao>
    <narracao id="44485" momento="1ºT" tempo="31">Ricardo Oliveira recebe de Souza no lado direito da grande  área, tenta drible em Henrique, mas é obstruído. O árbitro, muito perto do lance, manda o jogo seguir.</narracao>
    <narracao id="44486" momento="1ºT" tempo="32">ÓTIMO DESARME! Thiago Prado tira a bola do domínio de Ricardo Oliveira no lado esquerdo da área, após passe de Thiago.</narracao>
    <narracao id="44487" momento="1ºT" tempo="35">Marquinhos Paraná cruza para a área, Rogério Ceni sai do gol e defende a bola.</narracao>
    <narracao id="44488" momento="1ºT" tempo="36">Falta para o Figueira no campo de ataque...</narracao>
    <narracao id="44489" momento="1ºT" tempo="36">... Em jogada de dois toques, Schwenck bate rasteiro para fora. </narracao>
    <video id="44500" momento="1ºT" video="504509"> Veja o vídeo:  36' Scwhenck cobra falta para fora.</video>
    <narracao id="44490" momento="1ºT" tempo="37">Marquinhos Paraná tabela com Flávio e chega na área para cabecear. Rogério Ceni defende com segurança.</narracao>
    <video id="44501" momento="1ºT" video="504510"> Veja o vídeo:  37' Marquinhos Paraná cabeceia para defesa de Rogério Ceni.</video>
    <cartao id="44491" momento="1ºT" atletaId="8771" tempo="38" ico="/Portal/esportes/temporeal/swf/icos/cartao_amarelo.swf" cor="amarelo">Chicão - Zagueiro derruba Ricardo Oliveira, após pedalada do atacante, e recebe cartão amarelo.</cartao>
    <narracao id="44492" momento="1ºT" tempo="39">UUUUHHH!! Schwenck recebe belo lançamento de Soares e bate cruzado da entrada da área. Bola passa muito perto da trave direita de Rogério Ceni.</narracao>
    <video id="44502" momento="1ºT" video="504511"> Veja o vídeo:  39' Schwenck bate a gol e bola passa rente à trave.</video>
    <narracao id="44493" momento="1ºT" tempo="41">Danilo intercepta passe mal feito de Henrique e tenta lançar Ricardo Oliveira na área. Andrey sai do gol e defende a bola.</narracao>
    <narracao id="44494" momento="1ºT" tempo="43">O árbitro sinaliza dois minutos de acréscimo.</narracao>
    <narracao id="44495" momento="1ºT" tempo="44">Souza recebe de Ricardo Oliveira na entrada da área, ajeita para a canhota e bate rasteiro para fora.</narracao>
    <narracao id="44496" momento="1ºT" tempo="46">FIM DE PRIMEIRO TEMPO NO MORUMBI!</narracao>
    <momento id="44498" momento="I">Show do intervalo</momento>
    <narracao id="44499" momento="I" tempo="0">Em um começo promissor, o Tricolor dava impressão de que deslancharia na partida. Mas após o rápido gol de Ricardo Oliveira, poucas chances foram criadas pela equipe. O Figueirense também não teve muitas chances claras, a melhor delas um chute de Schwenck aos 39 minutos, mas consegue equlibrar a partida no Morumbi.</narracao>
    <momento id="44503" momento="2ºT">Segundo tempo</momento>
    <narracao id="44504" momento="2ºT" tempo="0">COMEÇA O SEGUNDO TEMPO!!</narracao>
    <narracao id="44505" momento="2ºT" tempo="2">ESTAVA IMPEDIDO? Lúcio toca para Ricardo Oliveira, que descola passe açucarado para Thiago. O atacante entra livre na área, mas o impedimento é marcado de forma equivocada. Thiago estava na mesma linha que o último zagueiro.</narracao>
    <video id="44521" momento="2ºT" video="504522"> Veja o vídeo:  2' Impedimento de Thiago mal marcado.</video>
    <narracao id="44506" momento="2ºT" tempo="5">Souza sai do campo de maca.</narracao>
    <narracao id="44507" momento="2ºT" tempo="7">Schwenck comete falta e impede contra-ataque de Lúcio.</narracao>
    <narracao id="44508" momento="2ºT" tempo="8">Schwenck recebe boa bola de Marquinhos Paraná e cruza para a área. A zaga corta para córner...</narracao>
    <narracao id="44509" momento="2ºT" tempo="8">... Bola no segundo pau, Thiago Prado cabeceia para defesa segura de Rogério Ceni.</narracao>
    <video id="44522" momento="2ºT" video="504526"> Veja o vídeo:  8' Rogério Ceni defende cabeçada de Thiago Prado.</video>
    <narracao id="44510" momento="2ºT" tempo="9">ESSA FOI LONGE! Fininho arrisca batida de fora e bola sobe muito.</narracao>
    <narracao id="44511" momento="2ºT" tempo="10">Schwenck divide com Lúcio, bola fica presa entre as pernas do jogador e atacante do Figueira chuta bola e jogador em atitude excessiva. </narracao>
    <narracao id="44512" momento="2ºT" tempo="12">Edcarlos faz grande desarme sobre Schwenck na entrada da área.</narracao>
    <narracao id="44513" momento="2ºT" tempo="13">Muricy Ramalho está preocupado com inconstância da equipe, que não consegue ficar com bola sob comando por muito tempo. O treinador pede para Alex Dias aquecer.</narracao>
    <gol id="44514" momento="2ºT" atletaId="12438" tempo="13" escudo="/FlashShow/0,,6591,00.swf" contra="0"> GOL DE TIAGO PRADO  GOOOOOOL!! É DO FIGUEIRENSE!! Em cobrança de escanteio, zagueiro sobe mais que todo mundo e cabeceia firme no canto esquerdo do gol.</gol>
    <video id="44514v" momento="2ºT" video="504530"> Veja o vídeo: Gol de Tiago Prado.  13' GOOOOOOL!! É DO FIGUEIRENSE!! Em cobrança de escanteio, zagueiro sobe mais que todo mundo e cabeceia firme no canto esquerdo do gol.</video>
    <substituicao id="44532" momento="2ºT" tempo="14" ico="/Portal/esportes/temporeal/swf/icos/substituicao.swf">São Paulo faz substituição: entra Alex Dias, sai Thiago</substituicao>
    <narracao id="44516" momento="2ºT" tempo="15">Soares bate para o gol, bola desvia na zaga e sai para córner...</narracao>
    <narracao id="44517" momento="2ºT" tempo="15">... A zaga afasta.</narracao>
    <video id="44530" momento="2ºT" video="504531"> Veja o vídeo:  15' Soares chuta com perigo para fora.</video>
    <cartao id="44518" momento="2ºT" atletaId="6578" tempo="16" ico="/Portal/esportes/temporeal/swf/icos/cartao_amarelo.swf" cor="amarelo">Flávio - O lateral mete a mão na bola e recebe cartão amarelo.</cartao>
    <narracao id="44519" momento="2ºT" tempo="17">Fininho cobra falta na área, a zaga são-paulina afasta o perigo.</narracao>
    <narracao id="44520" momento="2ºT" tempo="18">Souza bate córner no primeiro pau, a zaga do Figueira afasta.</narracao>
    <substituicao id="44533" momento="2ºT" tempo="20" ico="/Portal/esportes/temporeal/swf/icos/substituicao.swf">São Paulo faz substituição: entra Leandro, sai Souza</substituicao>
    <narracao id="44525" momento="2ºT" tempo="21">Mineiro cruza bola na área com efeito, Andrey encaixa a bola com firmeza.</narracao>
    <narracao id="44526" momento="2ºT" tempo="22">Escanteio para o São Paulo...</narracao>
    <narracao id="44527" momento="2ºT" tempo="22">... A zaga do Figueira afasta.</narracao>
    <narracao id="44528" momento="2ºT" tempo="24">Após boa troca de passes da equipe catarinense, Soares bate por cima do gol. </narracao>
    <video id="44541" momento="2ºT" video="504533"> Veja o vídeo:  24' Soares chuta com perigo por cima.</video>
    <narracao id="44529" momento="2ºT" tempo="26">ERA SÓ FAZER! Lúcio recebe ótima assistência de Alex Dias no lado esquerdo da área e bate na rede pelo lado de fora.</narracao>
    <video id="44543" momento="2ºT" video="504534"> Veja o vídeo:  26' Lúcio perde ótima chance.</video>
    <narracao id="44531" momento="2ºT" tempo="27">QUE HORROR! Danilo tenta arremate para o gol, mas bola sai pela linha de fundo, completamente torta.</narracao>
    <substituicao id="44534" momento="2ºT" tempo="29" ico="/Portal/esportes/temporeal/swf/icos/substituicao.swf">São Paulo faz substituição: entra Ilsinho, sai Danilo</substituicao>
    <narracao id="44535" momento="2ºT" tempo="30">Jogo interrompido! Em um lance casual, Schwenck e Mineiro se chocaram em uma disputa de bola e estão caídos no gramado.</narracao>
    <narracao id="44536" momento="2ºT" tempo="33">Bola rolando novamente!</narracao>
    <narracao id="44537" momento="2ºT" tempo="34">QUE BESTEIRA! Zagueiro do Figueira tenta recuar de cabeça, e obriga Andrey a se esticar todo para evitar chegada de Ricardo Oliveira. Na sobra, Henrique corta da pequena área um toque por cobertura de Alex Dias.</narracao>
    <video id="44551" momento="2ºT" video="504536"> Veja o vídeo:  34' Alex Dias tenta por cobetura, Henrique corta de cabeça.</video>
    <narracao id="44538" momento="2ºT" tempo="35">Leandro faz boa jogada na ponta esquerda e cruza no primeiro pau, mas zaga corta pra córner.</narracao>
    <narracao id="44539" momento="2ºT" tempo="37">Mais um escanteio para o Tricolor...</narracao>
    <narracao id="44540" momento="2ºT" tempo="37">... Ilsinho cobra mal, e zaga corta bola pela lateral.</narracao>
    <narracao id="44542" momento="2ºT" tempo="38">Josué lança bola no segundo pau, Ricardo Oliveira cabeceia nas mãos de Andrey.</narracao>
    <narracao id="44544" momento="2ºT" tempo="41">É UM GUARDIÃO!! Andrey não segura chute forte de Ilsinho e faz defesa à queima-roupa no rebote de Alex Dias.</narracao>
    <narracao id="44545" momento="2ºT" tempo="44">O árbitro sinaliza dois minutos de acréscimo.</narracao>
    <narracao id="44546" momento="2ºT" tempo="44">PODERIA SER! Em grande jogada da equipe são-paulina, Alex Dias ajeita para Leandro, que pega de primeira, mal na bola, e manda pela linha de fundo. </narracao>
    <gol id="44547" momento="2ºT" atletaId="4145" tempo="46" escudo="/FlashShow/0,,6600,00.swf" contra="0"> GOL DE ANDRÉ DIAS  É GOOOOOOL!! DA VITÓRIA DO SÃO PAULO!! No último lance, Lúcio cobra córner no segundo pau, André Dias vai lá no alto e cabeceia no canto esquerdo.</gol>
    <video id="44547v" momento="2ºT" video="504541"> Veja o vídeo: Gol de André Dias.  46' É GOOOOOOL!! DA VITÓRIA DO SÃO PAULO!! No último lance, Lúcio cobra córner no segundo pau, André Dias vai lá no alto e cabeceia no canto esquerdo.</video>
    <narracao id="44548" momento="2ºT" tempo="47">TERMINA A PARTIDA NO MORUMBI!!</narracao>
    <momento id="44550" momento="E">Final de jogo</momento>
    <narracao id="44552" momento="E" tempo="0">Muita emoção no Morumbi! O São Paulo conseguiu a vitória nos acréscimos. André Dias marcou de cabeça no último lance e desempatou um resultado que já parecia decidido, e que seria justo pelo equilíbrio da partida. O Figueira foi páreo duro para o Tricolor, que não estava em uma tarde inspirada. O time catarinense chegou a dominar boa parte da partida, mas sucumbiu à pressão nos 20 minutos finais, quando o São Paulo partiu para cima com três atacantes.  </narracao>
  </lances>
</lancealance>
