<?xml version="1.0" encoding="UTF-8"?>
<lancealance cobertura="1113" leitura="0">
  <placar>
    <equipe id="001" url="" nome="Argentina" escudo="/FlashShow/0,,9444,00.swf" resultado="6" abreviacao="ARG"/>
    <equipe id="002" url="" nome="Sérvia e Montenegro" escudo="/FlashShow/0,,9830,00.swf" resultado="0" abreviacao="SMO"/>
  </placar>
  <lances>
    <momento id="37521" momento="PJ">Pré-jogo</momento>
    <narracao id="37522" momento="PJ" tempo="0">
Mais um enfrentamento pelo Grupo da Morte!
</narracao>
    <narracao id="37523" momento="PJ" tempo="0">Argentina joga contra Sérvia e Montenegro em Gelsenkirchen, pela segunda rodada do grupo C. </narracao>
    <narracao id="37524" momento="PJ" tempo="0">O trio de arbitragem é italiano. Roberto Rosetti é o árbitro, Cristiano Copelli e Alessandro Stagnoli seus auxiliares.
</narracao>
    <narracao id="37525" momento="PJ" tempo="0">A Argentina busca mais uma vitória para dar um grande passo rumo à próxima fase. No meio-campo da equipe, Lucho Gonzalez entra no lugar de Camibasso para dar mais mobilidade ofensiva à seleção.</narracao>
    <narracao id="37526" momento="PJ" tempo="0">O técnico Petkovic afirmou que a Sérvia e Montenegro "não fez as malas para voltar para casa", pois "depende de si mesma" para renovar seu objetivo de alcançar as oitavas com uma vitória sobre a Argentina.</narracao>
    <narracao id="37527" momento="PJ" tempo="0">Na Argentina, a principal mudança no time deve ser a entrada de Lucho González no lugar de Cambiasso. Com esta modificação, o técnico José Pekerman pretende reforçar a marcação no meio-campo. Se derrotarem os sérviomontenegrinos, se classificam para as oitavas-de-final da Copa do Mundo.</narracao>
    <narracao id="37528" momento="PJ" tempo="0">A Sérvia &amp; Montenegro precisa derrotar os argentinos para se manter na briga por uma vaga nas oitavas-de-final, já que perderam por um a zero o primeiro jogo para a Holanda. Nos últimos dias, a seleção dos Balcãs sofreu com o corte do zagueiro Vidic, com uma contusão no joelho.</narracao>
    <momento id="37529" momento="1ºT">Primeiro tempo</momento>
    <narracao id="37530" momento="1ºT" tempo="0">COMEÇA O JOGO EM GELSENKIRCHEN!!!</narracao>
    <narracao id="37531" momento="1ºT" tempo="3">Argentina começa pressionando a Sérvia!</narracao>
    <gol id="37532" momento="1ºT" atletaId="6953" tempo="5" escudo="/FlashShow/0,,9444,00.swf" contra="0"> GOL DE MAXI RODRÍGUEZ  GOOOL DA ARGENTINA!!! Em linda jogada pela ponta esquerda, Saviola recebe toque de calcanhar, avança pela área e rola para Maxi Rodriguez carimbar cruzado para o gol com o bico da chuteira.</gol>
    <cartao id="37533" momento="1ºT" atletaId="12463" tempo="7" ico="/Portal/esportes/temporeal/swf/icos/cartao_amarelo.swf" cor="amarelo">Koroman - Koroman recebe o cartão amarelo por entrada dura em Sorín</cartao>
    <narracao id="37534" momento="1ºT" tempo="9">Stankovic toca para Djordjevic que de costas para o gol, mata no peito, gira e arrisca para fora.</narracao>
    <narracao id="37535" momento="1ºT" tempo="11">Riquelme cobra falta, Sorín completa por cima do gol.
</narracao>
    <narracao id="37537" momento="1ºT" tempo="17">Abbondanzieri segura firme bola alçada na área em escanteio.</narracao>
    <substituicao id="37583" momento="1ºT" tempo="17" ico="/Portal/esportes/temporeal/swf/icos/substituicao.swf">Argentina faz substituição: entra Esteban Cambiasso, sai Lucho Gonzalez</substituicao>
    <narracao id="37538" momento="1ºT" tempo="23">Carrinho por trás de Koroman em Rodriguez. o meia poderia ter sido expulso. Falta perigosa para a Argentina...</narracao>
    <narracao id="37539" momento="1ºT" tempo="23">Bola na área, Krstajic corta para escanteio.</narracao>
    <narracao id="37541" momento="1ºT" tempo="25">Kezman cava uma falta perigosa...</narracao>
    <narracao id="37542" momento="1ºT" tempo="25">... Bola na área, Milosevic comete falta em Sorín.</narracao>
    <cartao id="37543" momento="1ºT" atletaId="12348" tempo="27" ico="/Portal/esportes/temporeal/swf/icos/cartao_amarelo.swf" cor="amarelo">Nadj - Nadj faz falta dura em Riquelme e recebe cartão amarelo</cartao>
    <narracao id="37544" momento="1ºT" tempo="28">Riquelme dribla zagueiro e chuta por cima do gol.</narracao>
    <gol id="37548" momento="1ºT" atletaId="3318" tempo="30" escudo="/FlashShow/0,,9444,00.swf" contra="0"> GOL DE ESTEBAN CAMBIASSO  GOLAÇO DE CAMBIASSO!!! Riquelme e Saviola trocam passes de primeira, Crespo recebe na área e toca de calcanhar para Cambiasso marcar. </gol>
    <cartao id="37547" momento="1ºT" atletaId="1922" tempo="36" ico="/Portal/esportes/temporeal/swf/icos/cartao_amarelo.swf" cor="amarelo">Hernán Crespo - Crespo toma cartão amarelo após completar jogada paralisada.</cartao>
    <gol id="37568" momento="1ºT" atletaId="6953" tempo="40" escudo="/FlashShow/0,,9444,00.swf" contra="0"> GOL DE MAXI RODRÍGUEZ  GOOOOL DA ARGENTINA!!! Saviola rouba bola na ponta direita em falha de Krstajic, avança para a grande área e chuta rasteiro cruzado. Jevric espalma e Rodriguez aparece para completar para marcar seu segundo.</gol>
    <cartao id="37549" momento="1ºT" atletaId="7097" tempo="42" ico="/Portal/esportes/temporeal/swf/icos/cartao_amarelo.swf" cor="amarelo">Krstajic - O zagueiro também recebe o cartão amarelo.</cartao>
    <narracao id="37550" momento="1ºT" tempo="45">Milosevic chuta em cima de Burdisso e consegue o escanteio.
</narracao>
    <narracao id="37551" momento="1ºT" tempo="47">FIM DE PRIMEIRO TEMPO!</narracao>
    <momento id="37552" momento="I">Show do intervalo</momento>
    <momento id="37553" momento="2ºT">Segundo tempo</momento>
    <narracao id="37554" momento="2ºT" tempo="0">COMEÇA O SEGUNDO TEMPO!!</narracao>
    <substituicao id="37576" momento="2ºT" tempo="0" ico="/Portal/esportes/temporeal/swf/icos/substituicao.swf">Sérvia e Montenegro faz substituição: entra Ergic, sai Nadj</substituicao>
    <substituicao id="37577" momento="2ºT" tempo="4" ico="/Portal/esportes/temporeal/swf/icos/substituicao.swf">Sérvia e Montenegro faz substituição: entra Ljuboja, sai Koroman</substituicao>
    <narracao id="37558" momento="2ºT" tempo="6">Lance Bonito - Riquelme toca para Sorín passar de letra para Saviola! O árbitro marca impedimento do atacante.</narracao>
    <narracao id="37559" momento="2ºT" tempo="8">Maxi Rodriguez tabela com Riquelme e sofre falta perigosa na altura da meia-lua...</narracao>
    <narracao id="37560" momento="2ºT" tempo="9">... Riquelme bate em cima da barreira.</narracao>
    <narracao id="37561" momento="2ºT" tempo="10">Ljuboja puxa contra-ataque e lança Kezman no segundo pau. O atacante toca de primeira na marca do penâlti para Milosevic, que desvia fraco de cabeça para defesa de Abbondanzieri. </narracao>
    <substituicao id="37584" momento="2ºT" tempo="12" ico="/Portal/esportes/temporeal/swf/icos/substituicao.swf">Argentina faz substituição: entra Tevez, sai Saviola</substituicao>
    <narracao id="37570" momento="2ºT" tempo="14">Sorín cruza, a zaga da Sérvia rebate.</narracao>
    <narracao id="37573" momento="2ºT" tempo="17">Djordjevic cai na área e pede pênalti, mas o árbitro não marca.
</narracao>
    <narracao id="37569" momento="2ºT" tempo="18">Lance Bonito - Riquelme toca de calcanhar e sofre falta.</narracao>
    <narracao id="37571" momento="2ºT" tempo="19">Lançamento forte na área, Abbondanzieri sai bem do gol e defende firme. </narracao>
    <cartao id="37572" momento="2ºT" atletaId="6039" tempo="19" ico="/Portal/esportes/temporeal/swf/icos/cartao_vermelho.swf" cor="vermelho">Kezman - não usar - O atacante Kezman entra de carrinho com a sola para cima em Mascherano, e é expulso pelo árbitro.</cartao>
    <narracao id="37574" momento="2ºT" tempo="22">Crespo toca para Riquelme arriscar da entrada da área. A bola é travada pela zaga. </narracao>
    <narracao id="37575" momento="2ºT" tempo="23">A Argentina já mandava no jogo. Agora então...</narracao>
    <substituicao id="37578" momento="2ºT" tempo="24" ico="/Portal/esportes/temporeal/swf/icos/substituicao.swf">Sérvia e Montenegro faz substituição: entra Vukic, sai Milosevic</substituicao>
    <narracao id="37580" momento="2ºT" tempo="26">Argentina troca passes no campo de ataque.</narracao>
    <narracao id="37581" momento="2ºT" tempo="27">Tevez já escorregou três vezes em campo.</narracao>
    <narracao id="37582" momento="2ºT" tempo="28">Polêmica - Crespo toca para Riquelme, que devolve de calcanhar. Zagueiro sérvio entra de carrinho e bola vai para fora. Argentina pede penâlti em lance duvidoso.</narracao>
    <substituicao id="37585" momento="2ºT" tempo="29" ico="/Portal/esportes/temporeal/swf/icos/substituicao.swf">Argentina faz substituição: entra Messi, sai Maxi Rodriguez</substituicao>
    <narracao id="37586" momento="2ºT" tempo="30">Ergic cruza no segundo pau para ninguém.</narracao>
    <narracao id="37587" momento="2ºT" tempo="31">Tevez avança para a área, mas Duljaj consegue o desarme.</narracao>
    <narracao id="37588" momento="2ºT" tempo="31">Gavrancic chuta forte de fora da área. A bola desvia na zaga e sai para escanteio.</narracao>
    <narracao id="37589" momento="2ºT" tempo="32">Messi toca pela primeira vez na bola e sofre falta de Duljaj.</narracao>
    <gol id="37590" momento="2ºT" atletaId="1922" tempo="33" escudo="/FlashShow/0,,9444,00.swf" contra="0"> GOL DE HERNÁN CRESPO  GOOOOL DA ARGENTINA!!! Messi recebe passe em profundidade, avança pela ponta esquerda e cruza rasteiro no segundo pau para Crespo completar de pé direito para o fundo das redes.</gol>
    <narracao id="37591" momento="2ºT" tempo="35">Tevez erra mais um passe no ataque. </narracao>
    <narracao id="37592" momento="2ºT" tempo="36">Argentina domina a posse de bola e troca passes de primeira no campo de ataque.</narracao>
    <narracao id="37593" momento="2ºT" tempo="38">Torcida grita: olé, olé, olé, olé, Diegooo, Diegooo!!</narracao>
    <narracao id="37594" momento="2ºT" tempo="38">E Maradona vibra na arquibancada!</narracao>
    <gol id="37595" momento="2ºT" atletaId="6504" tempo="38" escudo="/FlashShow/0,,9444,00.swf" contra="0"> GOL DE CARLOS TEVEZ  GOLAÇO DE TEVEZ!!!!! Carlitos recebe lançamento na ponta esquerda, aplica caneta no primeiro, corta o segundo e toca cruzado no canto esquerdo do goleiro.</gol>
    <narracao id="37596" momento="2ºT" tempo="41">Messi toca para Crespo no lado esquerdo da área. O atacante bate em cima de Jevric.</narracao>
    <gol id="37597" momento="2ºT" atletaId="6962" tempo="42" escudo="/FlashShow/0,,9444,00.swf" contra="0"> GOL DE LIONEL MESSI  MASSACRE!!! MAIS UM DA ARGENTINA!!! Messi recebe de Tevez no lado direito da área e toca por baixo das pernas do goleiro. É o primeiro gol da jovem revelação na Copa.</gol>
    <narracao id="37598" momento="2ºT" tempo="45">FIM DE JOGO!! Argentina toca a bola para o lado, a Sérvia fica parada em campo e o juiz termina o jogo sem acréscimos.</narracao>
    <momento id="37599" momento="E">Final de jogo</momento>
    <narracao id="37600" momento="E" tempo="0">Foi uma lição de futebol. A Argentina pôs o adversário para bailar e aplicou uma goleada fulminante, a maior da Copa até aqui.  </narracao>
  </lances>
</lancealance>
