<?xml version="1.0" encoding="UTF-8"?>
<lancealance cobertura="1443" leitura="0">
  <placar>
    <equipe id="001" url="" nome="Figueirense" escudo="/FlashShow/0,,6591,00.swf" resultado="2" abreviacao="FIG"/>
    <equipe id="002" url="" nome="Goiás" escudo="/FlashShow/0,,7681,00.swf" resultado="2" abreviacao="GOI"/>
  </placar>
  <lances>
    <momento id="57491" momento="PJ">Pré-jogo</momento>
    <narracao id="57500" momento="PJ" tempo="0">O Figueira ocupa a sexta colocação no campeonato. Além disso, conta com a eficiência de seus atacantes-artilheiros para se aproximar das primeiras posições e ocupar a zona de classificação para a Libertadores. Cícero Santos(9), Soares(9) e Schwenck(10) estão entre os principais goleadores do campeonato.
</narracao>
    <narracao id="57503" momento="PJ" tempo="0">No Goiás, Vítor volta à lateral direita. No meio-de-campo, Cléber Gaúcho está confirmado como volante ao lado de Robson Luís e Danilo Portugal, já que Romerito terá que cumprir suspensão automática. No setor ofensivo, Jonhson vai atuar ao lado de Souza.</narracao>
    <narracao id="57499" momento="PJ" tempo="0">Figueirense e Goiás se enfrentam, daqui a pouco, no estádio Orlando Scarpelli pela 23ª rodada do Brasileirão. Em jogo, a esperança dos dois times de disputar uma competição internacional no ano que vem: Copa Sul-Americana ou Taça Libertadores.</narracao>
    <narracao id="57502" momento="PJ" tempo="0">O Alviverde goiano está na 13º posição da tabela e tem como objetivo imediato figurar entre os times que irão à Sul-Americana do ano que vem. Com a absolvição do zagueiro Rafael Dias pelo STJD - julgado pela expulsão no empate contra o Inter - Geninho não terá problema na zaga. Para o lugar de Leonardo, que está suspenso, o técnico conta com Aldo. Galeano completa a defesa.</narracao>
    <narracao id="57501" momento="PJ" tempo="0">Após dois empates seguidos com Palmeiras e Cruzeiro, os alvinegros esperam conquistar os três pontos no Scarpelli. Em relação aos desfalques, o lateral-direito Flávio e o volante Rodrigo Souto cumprem suspensão e cedem suas vagas para Luciano Sorriso e Henrique, respectivamente. </narracao>
    <momento id="57506" momento="1ºT">Primeiro tempo</momento>
    <narracao id="57507" momento="1ºT" tempo="0">Começa o jogo.</narracao>
    <narracao id="57516" momento="1ºT" tempo="4">Times tocam a bola no meio-de-campo, mas ainda não chutaram a gol.</narracao>
    <narracao id="57520" momento="1ºT" tempo="5">Boa chegada do Figueira. Primeiro em chute de Marquinhos Paraná e, na sequência, Schwenck faz o arremate para fora.</narracao>
    <video id="57541" momento="1ºT" video="537197"> Veja o vídeo:  5' Boa defesa de Harlei.</video>
    <narracao id="57524" momento="1ºT" tempo="6">Soares enche o pé da entrada da área, mas a bola vai no meio do gol, para a fácil defesa de Harlei.</narracao>
    <video id="57546" momento="1ºT" video="537198"> Veja o vídeo:  6' Soares quase marca.</video>
    <cartao id="57529" momento="1ºT" atletaId="103" tempo="8" ico="/Portal/esportes/temporeal/swf/icos/cartao_amarelo.swf" cor="amarelo">Souza - Atacante leva o primeiro cartão do jogo por tentar dar cotovelada em Henrique</cartao>
    <narracao id="57532" momento="1ºT" tempo="11">Cléber Gaúcho sai de maca no Scarpelli.</narracao>
    <substituicao id="57785" momento="1ºT" tempo="11" ico="/Portal/esportes/temporeal/swf/icos/substituicao.swf">Goiás faz substituição: entra Danilo Portugal, sai Cléber Gaúcho</substituicao>
    <narracao id="57552" momento="1ºT" tempo="16">Pressão alvinegra!!! Marquinhos Paraná tenta o cruzamento, mas a zaga do Goiás tira a bola, antes que ela chegue até Schwenck.</narracao>
    <video id="57582" momento="1ºT" video="537208"> Veja o vídeo:  16' Marquinhos Paraná quase liga Schwenck, que estava pronto para marcar.</video>
    <narracao id="57558" momento="1ºT" tempo="18">Soares pede pênalti. Alega que Rafael pôs as maõs na bola.</narracao>
    <narracao id="57561" momento="1ºT" tempo="20">Cícero solta a bomba da entrada da área e Harlei defende no reflexo.</narracao>
    <video id="57584" momento="1ºT" video="537210"> Veja o vídeo:  20' Cícero assusta o goleiro Harlei.</video>
    <narracao id="57569" momento="1ºT" tempo="23">Bola levantada na área do Figueira e o goleiro Andrey agarra a pelota firme. </narracao>
    <narracao id="57572" momento="1ºT" tempo="24">Marquinhos Paraná tabela com Soares e este conclui mal a gol. Chuta para fora cara a cara com Harlei.</narracao>
    <video id="57606" momento="1ºT" video="537218"> Veja o vídeo:  24' Soares perde grande chance de abrir o placar.</video>
    <narracao id="57585" momento="1ºT" tempo="30">Soares arrisca de fora da área e Harlei defende em dois tempos.</narracao>
    <narracao id="57587" momento="1ºT" tempo="31">Falta a favor do Figueira...</narracao>
    <narracao id="57590" momento="1ºT" tempo="32">... Cícero solta a bomba e Harlei defende. No rebote, Soares perde gol feito.</narracao>
    <narracao id="57631" momento="1ºT" tempo="32">Lance Perigoso - Soares não consegue empurrar para a rede.</narracao>
    <narracao id="57596" momento="1ºT" tempo="33">Edson sai de maca.</narracao>
    <cartao id="57601" momento="1ºT" atletaId="6738" tempo="35" ico="/Portal/esportes/temporeal/swf/icos/cartao_amarelo.swf" cor="amarelo">Soares - Atacante leva terceiro cartão e não enfrenta o Fluminense na próxima rodada.</cartao>
    <narracao id="57602" momento="1ºT" tempo="36">Árbitro marca impedimento do ataque do Goiás.</narracao>
    <narracao id="57610" momento="1ºT" tempo="38">Falta a favor do Figueira na entrada da área. Jadilson calça o zagueiro Chicão.</narracao>
    <cartao id="57613" momento="1ºT" atletaId="3733" tempo="39" ico="/Portal/esportes/temporeal/swf/icos/cartao_amarelo.swf" cor="amarelo">Jadílson - Lateral faz falta desleal e é advertido pelo árbitro.</cartao>
    <cartao id="57617" momento="1ºT" atletaId="12980" tempo="40" ico="/Portal/esportes/temporeal/swf/icos/cartao_amarelo.swf" cor="amarelo">Robson Luiz - Meia não respeita a distãncia da barreira e leva o cartão.</cartao>
    <narracao id="57620" momento="1ºT" tempo="40">Schwenck desperdiça mais uma oportunidade. Desta vez, chuta por cima do gol.</narracao>
    <video id="57659" momento="1ºT" video="537228"> Veja o vídeo:  40' Schwenck arrisca em cobrança de falta.</video>
    <narracao id="57622" momento="1ºT" tempo="41">Árbitro vê impedimento de Souza.</narracao>
    <narracao id="57625" momento="1ºT" tempo="42">Pressão do Figueira!!! Em escanteio, Tiago Prado cabeceia com perigo, mas Harlei consegue defender.  </narracao>
    <narracao id="57626" momento="1ºT" tempo="43">Árbitro dá dois minutos de acrésicmo.</narracao>
    <narracao id="57634" momento="1ºT" tempo="46">Edson parte para a cobrança...</narracao>
    <narracao id="57636" momento="1ºT" tempo="47">... Mas a bola fica na barreira.</narracao>
    <narracao id="57637" momento="1ºT" tempo="47">Fim de primeiro tempo.</narracao>
    <momento id="57638" momento="I">Show do intervalo</momento>
    <narracao id="57649" momento="I" tempo="0">O Figueirense jogou melhor, mas abusou de perder gols. Soares, Cícero e Schwenck têm que colocar os pés na forma. Lembra do ditado: quem não faz leva? Pois é...</narracao>
    <momento id="57673" momento="2ºT">Segundo tempo</momento>
    <narracao id="57674" momento="2ºT" tempo="0">Começa o segundo tempo.</narracao>
    <substituicao id="57824" momento="2ºT" tempo="0" ico="/Portal/esportes/temporeal/swf/icos/substituicao.swf">Figueirense faz substituição: entra Tucho, sai Edson</substituicao>
    <narracao id="57679" momento="2ºT" tempo="2">Falta de ataque do Goiás.</narracao>
    <narracao id="57682" momento="2ºT" tempo="4">Bola levantada na área e a zaga do Goiás afasta o perigo.</narracao>
    <narracao id="57686" momento="2ºT" tempo="5">Grande defesa de Harlei em chute certeiro de Carlos Alberto.</narracao>
    <video id="57717" momento="2ºT" video="537254"> Veja o vídeo:  5' Bela defesa de Harlei.</video>
    <narracao id="57689" momento="2ºT" tempo="6">Bate-rebate na área do Goiás e melhor para Harlei.</narracao>
    <narracao id="57693" momento="2ºT" tempo="7">Schwenck erra cabeçada cara a cara com Harlei.</narracao>
    <narracao id="57695" momento="2ºT" tempo="8">Árbitro marca pênalti de Tiago Prado em cima de Johnson.</narracao>
    <gol id="57703" momento="2ºT" atletaId="103" tempo="9" escudo="/FlashShow/0,,7681,00.swf" contra="0"> GOL DE SOUZA  GOOOOOOOOOOOOLLLLLLLL DE SOUZA!!! Atacante marca de pênalti. Põe bola para um lado e goleiro para o outro. </gol>
    <video id="57703v" momento="2ºT" video="537261"> Veja o vídeo: Gol de Souza.  9' GOOOOOOOOOOOOLLLLLLLL DE SOUZA!!! Atacante marca de pênalti. Põe bola para um lado e goleiro para o outro. </video>
    <cartao id="57704" momento="2ºT" atletaId="103" tempo="10" ico="/Portal/esportes/temporeal/swf/icos/cartao_vermelho.swf" cor="vermelho">Souza - Atacante faz sinal de silêncio para a torcida do Figueira e é expulso por já ter cartão amarelo.</cartao>
    <narracao id="57707" momento="2ºT" tempo="12">Tucho cobra mal falta. A bola pára na barreira.</narracao>
    <narracao id="57710" momento="2ºT" tempo="13">Marquinhos Paraná cruza para a pequena área e Soares não consegue chegar na bola a tempo de chutar a gol.</narracao>
    <narracao id="57715" momento="2ºT" tempo="15">Schwenck cabeceia no meio do gol, nas mãos do goleiro Harlei.</narracao>
    <narracao id="57720" momento="2ºT" tempo="17">Bate-rebate na área do Goiás, Tucho chuta prensado e bola sai pela linha de fundo.</narracao>
    <video id="57754" momento="2ºT" video="537266"> Veja o vídeo:  17' Tucho não consegue acertar o gol.</video>
    <narracao id="57723" momento="2ºT" tempo="18">Soares perde o gol mais feito do ano. O atacante chuta por cima do goleiro Harlei, apesar de estar livre de marcação e poder dominar a bola antes de chutar.</narracao>
    <video id="57761" momento="2ºT" video="537267"> Veja o vídeo:  18' Soares perde gol incrível.</video>
    <substituicao id="57825" momento="2ºT" tempo="21" ico="/Portal/esportes/temporeal/swf/icos/substituicao.swf">Figueirense faz substituição: entra Diego, sai Luciano Sorriso</substituicao>
    <cartao id="57742" momento="2ºT" atletaId="12803" tempo="24" ico="/Portal/esportes/temporeal/swf/icos/cartao_amarelo.swf" cor="amarelo">Diego de Lima - Atacante leva cartão por estar usando brinco, é molé?</cartao>
    <narracao id="57748" momento="2ºT" tempo="26">Carlos Alberto cruza mal para a área e a bola pára nas mãos de Harlei.</narracao>
    <gol id="57756" momento="2ºT" atletaId="12803" tempo="28" escudo="/FlashShow/0,,6591,00.swf" contra="0"> GOL DE DIEGO DE LIMA  GOOOOOOOOOLLLLLLLLLLL DO FIGUIERENSE!!! Bate-rebate na área do Goiás e Diego chuta de voleio no cantinho esquerdo de Harlei. </gol>
    <video id="57756v" momento="2ºT" video="537278"> Veja o vídeo: Gol de Diego de Lima.  28' GOOOOOOOOOLLLLLLLLLLL DO FIGUIERENSE!!! Bate-rebate na área do Goiás e Diego chuta de voleio no cantinho esquerdo de Harlei. </video>
    <narracao id="57771" momento="2ºT" tempo="33">Harlei se antecipa a Carlos Alberto e evita o pior.</narracao>
    <substituicao id="57786" momento="2ºT" tempo="33" ico="/Portal/esportes/temporeal/swf/icos/substituicao.swf">Goiás faz substituição: entra Juliano, sai Robson Luiz</substituicao>
    <narracao id="57777" momento="2ºT" tempo="35">Andrey salva os donos da casa em defesa importante.</narracao>
    <gol id="57780" momento="2ºT" atletaId="6738" tempo="36" escudo="/FlashShow/0,,6591,00.swf" contra="0"> GOL DE SOARES  GOOOOOOOOOLLLLLLLLLLLL DO FIGUEIRENSE!!! Soares recebe bola livre de marcação na entrada da grande área e toca na saída do goleiro Harlei.</gol>
    <video id="57780v" momento="2ºT" video="537282"> Veja o vídeo: Gol de Soares.  36' GOOOOOOOOOLLLLLLLLLLLL DO FIGUEIRENSE!!! Soares recebe bola livre de marcação na entrada da grande área e toca na saída do goleiro Harlei.</video>
    <substituicao id="57787" momento="2ºT" tempo="37" ico="/Portal/esportes/temporeal/swf/icos/substituicao.swf">Goiás faz substituição: entra Nonato, sai Cléber</substituicao>
    <cartao id="57798" momento="2ºT" atletaId="6738" tempo="39" ico="/Portal/esportes/temporeal/swf/icos/cartao_vermelho.swf" cor="vermelho">Soares - Atacante já tinha cartão amarelo e é expulso por fazer falta feia em Johnson.</cartao>
    <gol id="57819" momento="2ºT" atletaId="6333" tempo="41" escudo="/FlashShow/0,,7681,00.swf" contra="0"> GOL DE ALDO  GOOOLLLLLLLL DO GOIÁS!!! Bola levantada na área e Aldo sobe mais que a zaga do Figueira para deixar tudo igual.</gol>
    <video id="57819v" momento="2ºT" video="537286"> Veja o vídeo: Gol de Aldo.  41' GOOOLLLLLLLL DO GOIÁS!!! Bola levantada na área e Aldo sobe mais que a zaga do Figueira para deixar tudo igual.</video>
    <substituicao id="57826" momento="2ºT" tempo="42" ico="/Portal/esportes/temporeal/swf/icos/substituicao.swf">Figueirense faz substituição: entra Rodrigo Paulista, sai Tiago Prado</substituicao>
    <narracao id="57820" momento="2ºT" tempo="46">Fim de jogo.</narracao>
    <momento id="57823" momento="E">Final de jogo</momento>
  </lances>
</lancealance>
