<?xml version="1.0" encoding="UTF-8"?>
<lancealance cobertura="1155" leitura="0">
  <placar>
    <equipe id="001" url="" nome="Alemanha" escudo="/FlashShow/0,,9440,00.swf" resultado="0" abreviacao="ALE"/>
    <equipe id="002" url="" nome="Itália" escudo="/FlashShow/0,,9459,00.swf" resultado="2" abreviacao="ITA"/>
  </placar>
  <lances>
    <narracao id="42618" momento="PJ" tempo="0">Alemanha e Itália se enfrentam às 16h (horário de Brasília), no Westfalenstadion (Dortmund), pela semifinal da Copa do Mundo. Apita o jogo Benito Archundia (México). Auxiliado por José Ramírez (México) e Hector Vergara (Canadá).</narracao>
    <momento id="42619" momento="PJ">Pré-jogo</momento>
    <narracao id="42620" momento="PJ" tempo="0">Itália e Alemanha já se enfrentaram 28 vezes, com 13 vitórias para os italianos e apenas 7 vitórias dos alemães. Em quatro jogos entre Alemanha e Itália em Copas do Mundo, a Azzurra venceu dois e tiveram dois empates. Esta será a segunda vez que as duas seleções se enfrentam em uma semifinal de Mundial. Em 1970, os italianos venceram por 4 a 3 na prorrogação e fizeram a final daquela Copa contra o Brasil. Na final do Mundial de 1982, a Itália conquistou o tricampeonato derrotando a Alemanha por 3 a 1.</narracao>
    <narracao id="42621" momento="PJ" tempo="0">A última vez que essas duas seleções se enfrentaram, foi em um amistoso na cidade italiana de Florença. A Azzurra goleou por 4 a 1, com gols de Gilardino, Luca Toni, De Rossi e Del Piero. O zagueiro reserva Robert Huth descontou para a Alemanha. A última vitória da Alemanha sobre a Itália aconteceu no dia 21/06/1995, também em partida amistosa disputada em Zurique (Suíça). Na oportunidade, a seleção alemã venceu por 2 a 0, gols de Thomas Helmer e Paolo Maldini, contra.</narracao>
    <narracao id="42622" momento="PJ" tempo="0">Em 16 participações em Copas do Mundo a Alemanha já disputou sete finais, conquistando os títulos de 1954, 1974 e 1990. Nos últimos nove jogos que disputou venceu sete. Caso vença a Itália, se tornará o primeiro país a chegar pela oitava vez a uma final de Mundial.</narracao>
    <narracao id="42623" momento="PJ" tempo="0">Torsten Frings não joga. O meio-campo está suspenso pela Fifa após agredir com um soco o atacante Julio Cruz, em uma briga ocorrida após a disputa de penalidades entre Alemanha e Argentina, nas quartas-de-final. Os atacantes Lukas Podolski e David Odonkor, e o lateral Arne Friedrich estão pendurados. Caso a Alemanha derrote a Itália e estes jogadores levarem cartão, não jogarão a final.</narracao>
    <narracao id="42624" momento="PJ" tempo="0">Miroslav Klose é o artilheiro deste Mundial com 5 gols. Ao todo, o atacante soma 10 gols em Copas do Mundo e faz parte de um seleto grupo de 12 jogadores a atingir a marca dos 10 gols em Mundiais. São esses os 6 únicos jogadores que marcaram mais de 10 gols na história dos Mundiais: Ronaldo (Brasil) com 15 gols, Gerd Müller (Alemanha) com 14 gols; Just Fontaine (França) com 13 gols; Pelé (Brasil) com 12 gols e Klinsmann (Alemanha) e Kocsis (Hungria), ambos com 11 gols.</narracao>
    <narracao id="42625" momento="PJ" tempo="0">A Itália também é tricampeã do mundo, conquistando as Copas de 1934, 1938 e 1982 e uma vez campeã européia, em 1968. Invicta há 23 jogos, esta é a maior seqüência de invencibilidade desde 1939. Neste Mundial, a Squadra Azzurra tem nove gols marcados por oito jogadores diferentes e a defesa só levou um gol, gol-contra do lateral Cristian Zaccardo, ainda na fase de grupos contra os Estados Unidos.</narracao>
    <narracao id="42626" momento="PJ" tempo="0">O volante Danielle De Rossi cumpre o último dos quatro jogos de suspensão que recebeu de punição, após dar uma cotovelada no atacante Brian McBride, na partida contra os Estados Unidos pela fase de grupos. Marco Materazzi volta ao time depois de cumprir um jogo de suspensão, o zagueiro foi expulso na partida das oitavas-de-final contra a Austrália. Os laterais Fabio Grosso e Gianluca Zambrotta, e o volante Gennaro Gattuso estão pendurados. Caso sejam punidos com cartão e a Itália derrote a Alemanha, não jogarão a final.</narracao>
    <narracao id="42627" momento="PJ" tempo="0">Jogando na cidade de Dortmund e contando as partidas da extinta Alemanha Oriental, a Alemanha venceu 13 de 14 jogos disputados, marcando 59 gols e sofrendo apenas 7. A única derrota foi para o País de Gales em 1977.</narracao>
    <video id="42628" momento="PJ" video="496059"> Veja o vídeo:  0' O vestiário da Itália.</video>
    <video id="42629" momento="PJ" video="496060"> Veja o vídeo:  0' O vestiário da Alemanha.</video>
    <video id="42630" momento="PJ" video="496061"> Veja o vídeo:  0' A chegada das seleções de Alemanha e Itália ao Westfalenstadion, em Dortmund.</video>
    <video id="42631" momento="PJ" video="496081"> Veja o vídeo:  0' Os técnicos Jürgen Klinsmann, da Alemanha e Marcello Lippi, da Itália, se cumprimentam antes da partida.</video>
    <video id="42632" momento="PJ" video="496146"> Veja o vídeo:  0' O aquecimento dos jogadores de Alemanha e Itália.</video>
    <narracao id="42633" momento="PJ" tempo="0">Neste momento os jogadores de Alemanha e Itália entram no gramado do Westfalenstadion e se alinham para a execução dos respectivos hinos nacionais.</narracao>
    <narracao id="42634" momento="PJ" tempo="0">Após a execução dos respectivos hinos nacionais, os jogadores das duas equipes se cumprimentam e está tudo pronto para a bola rolar.</narracao>
    <video id="42645" momento="PJ" video="496166"> Veja o vídeo:  0' Os hinos de Alemanha e Itália.</video>
    <momento id="42635" momento="1ºT">Primeiro tempo</momento>
    <narracao id="42636" momento="1ºT" tempo="0">BOLA ROLANDO! Começa Alemanha x Itália.</narracao>
    <narracao id="42637" momento="1ºT" tempo="0">Com menos de um minuto, jogadores da Itália apertam a marcação e Ballack erra o passe. A bola se perde pela lateral.</narracao>
    <video id="42648" momento="1ºT" video="496167"> Veja o vídeo:  0' Começa o jogo!</video>
    <narracao id="42638" momento="1ºT" tempo="1">Zambrotta recebe na direita e arrsica lamçamento para Camoranesi na linha de fundo. A bola sai muito forte e é tiro de meta para o goleiro Lehmann.</narracao>
    <narracao id="42639" momento="1ºT" tempo="2">Gattuso acerta a canela de Podolski no meio-de-campo. É falta para a Alemanha.</narracao>
    <narracao id="42640" momento="1ºT" tempo="2">Kehl derruba Perrotta na intermediária. É falta para a Itália...</narracao>
    <narracao id="42641" momento="1ºT" tempo="3">... Totti cobra falta direto e Lehmann defende com segurança.</narracao>
    <video id="42653" momento="1ºT" video="496174"> Veja o vídeo:  3' Totti cobra falta direto e Lehmann defende.</video>
    <narracao id="42642" momento="1ºT" tempo="4">Totti aperta o goleiro Lehmann na saída de bola, tenta recuprar na lateral-direita e dá de graça para a Alemanha.</narracao>
    <narracao id="42643" momento="1ºT" tempo="5">Pirlo derrruba Ballack na intermediária...</narracao>
    <narracao id="42644" momento="1ºT" tempo="5">... Borowski cobra na direita para Schneider. Meia escora de cabeça e a zaga italiana afasta o perigo.</narracao>
    <narracao id="42646" momento="1ºT" tempo="7">MUITA MARCAÇÃO! Neste início de semifinal.</narracao>
    <narracao id="42647" momento="1ºT" tempo="7">MAL! Ballack arrisca chute forte da intermediária. A bola se perde pela linha de fundo. É tiro de meta para Buffon.</narracao>
    <video id="42658" momento="1ºT" video="496179"> Veja o vídeo:  7' Ballack chuta para fora.</video>
    <narracao id="42649" momento="1ºT" tempo="9">Totti lança Luca Toni na área. Lehmann se antecipa e faz a defesa.</narracao>
    <narracao id="42650" momento="1ºT" tempo="10">Totti estica boa bola para Grosso na esquerda. Lateral cruza rasteiro e a zaga alemã afasta o perigo.</narracao>
    <video id="42660" momento="1ºT" video="496180"> Veja o vídeo:  10' Lahm corta cruzamento perigoso.</video>
    <narracao id="42651" momento="1ºT" tempo="11">Escanteio para a Itália. Totti cobra e Lehmann afasta o pertigo.</narracao>
    <narracao id="42652" momento="1ºT" tempo="11">Tentativa de lançamento para Camoranesi na direita. a bola sai muito forte e se perde pela linha de fundo. É tiro de meta para Lehmann.</narracao>
    <narracao id="42654" momento="1ºT" tempo="12">Ballack lança Podolski na entrada da área. Atacante domina, gira e chuta em cima de Materazzi.</narracao>
    <narracao id="42655" momento="1ºT" tempo="13">Grosso lança Luca Toni na esquerda de ataque, mas árbitro pára a jogada marcando impedimento do atacante italiano.</narracao>
    <narracao id="42656" momento="1ºT" tempo="14">UUUHHHH! Borowski lança para Podolski na área. Atacante com um toque ajeita para Klose. Cannavaro chega primeiro e dá um chutão para a lateral.</narracao>
    <video id="42662" momento="1ºT" video="496182"> Veja o vídeo:  14' Cannavaro corta passe perigoso dentro da área.</video>
    <narracao id="42657" momento="1ºT" tempo="15">AZZURRA! Totti lança Luca Toni cara a cara com Lehmann. Mas atacante não consegue chutar e goleiro faz boa defesa.</narracao>
    <video id="42665" momento="1ºT" video="496185"> Veja o vídeo:  15' Lehmann defende chute perigoso.</video>
    <narracao id="42659" momento="1ºT" tempo="16">Ballack escora de cabeça na área e a bola bate involutáriamente no onbro de Pirlo. Meia alemão pede o pênalti que não existe.</narracao>
    <narracao id="42661" momento="1ºT" tempo="19">Schneider lança Podolski na área. Cannavaro se antecipa na marcação e corta para a lateral.</narracao>
    <narracao id="42663" momento="1ºT" tempo="20">ISOLOU! Kehl cruza bola da esquerda na entrada da área italiana. Podolski pega de primeira... Por cima do gol de Buffon.</narracao>
    <video id="42674" momento="1ºT" video="496187"> Veja o vídeo:  20' Podolski chuta por cima do gol.</video>
    <narracao id="42664" momento="1ºT" tempo="21">FRAQUINHO! Gattuso arrsica de fora da área. A bola se perde pela linha de fundo. É tiro de meta para Lehmann.</narracao>
    <narracao id="42666" momento="1ºT" tempo="22">Kehl tenta lançamento na área, mas a zaga italiana corta de cabeça.</narracao>
    <narracao id="42667" momento="1ºT" tempo="23">UUUHHHH! Zambrotta sofre falta de Borowski na intermediária. Pirlo cobra na área e Materazzi cabeceia por cima do gol de Lehmann.</narracao>
    <video id="42678" momento="1ºT" video="496188"> Veja o vídeo:  23' Materazzi tenta cabecear e a bola sai.</video>
    <narracao id="42668" momento="1ºT" tempo="24">Pirlo estica boa bola na direita para Camoranesi. Borowski chega na cobertura e é lateral para a Alemanha.</narracao>
    <narracao id="42669" momento="1ºT" tempo="25">POSSE DE BOLA: 43% - Alemanha / 57% - Itália.</narracao>
    <narracao id="42670" momento="1ºT" tempo="25">Lançamento de Camoranesi para Perrotta na área alemã. Mertesacker se antecipa e corta de cabeça.</narracao>
    <narracao id="42671" momento="1ºT" tempo="27">Schneider foi egoísta e desperdiça bom ataque para Alemanha.</narracao>
    <narracao id="42672" momento="1ºT" tempo="28">Lahm é driblado por Camoranesi na direita e comete falta. Pirlo cobra na entrada da área para Totti, que chuta em cima da zaga.</narracao>
    <narracao id="42675" momento="1ºT" tempo="30">Grosso faz bela jogada sobre a marcação de Friedrich e cruza rasteiro na área. Metzelder se antecipa e corta para escanteio...</narracao>
    <narracao id="42676" momento="1ºT" tempo="31">... Na seqüência, Friedrich corta de cabeça no primeiro pau.</narracao>
    <video id="42685" momento="1ºT" video="496189"> Veja o vídeo:  31' Metzelder corta chute perigoso.</video>
    <narracao id="42677" momento="1ºT" tempo="32">Totti cobra escanteio da esquerda fechado. Lehmann faz defesa segura.</narracao>
    <narracao id="42679" momento="1ºT" tempo="33">INCRÍVEL! Belo ataque da Alemanha. Klose abre com Schneider na esquerda. Meia entra sozinho, cara a cara com Buffon e chuta por cima do gol.</narracao>
    <video id="42690" momento="1ºT" video="496191"> Veja o vídeo:  33' Schneider chuta por cima do gol.</video>
    <narracao id="42680" momento="1ºT" tempo="34">OPA! Camoranesi se estranha com o zagueiro alemão Metzelder.</narracao>
    <narracao id="42681" momento="1ºT" tempo="35">Klose cruza no segundo pau para Schneider que fechava pela direita. Meia erra o chute e a bola se perde pela linha de fundo.</narracao>
    <narracao id="42682" momento="1ºT" tempo="36">Grosso avança pela canhota e tenta o cruzamento. Mertesacker corta para escanteio...</narracao>
    <narracao id="42683" momento="1ºT" tempo="36">... Totti cobra no primeiro pau e a zaga corta de cabeça.</narracao>
    <narracao id="42684" momento="1ºT" tempo="37">Ballack comete falta dura em Perrotta no limite da linha do escanteio na direita. Pirlo cobra, a bola passa por todo mundo e sobra para Schneider puxar o contra-ataque.</narracao>
    <narracao id="42686" momento="1ºT" tempo="39">OPA! Borowski entra de carrinho, por trás, em Totti no meio-de-campo.</narracao>
    <cartao id="42687" momento="1ºT" atletaId="7635" tempo="39" ico="/Portal/esportes/temporeal/swf/icos/cartao_amarelo.swf" cor="amarelo">Tim Borowski - Borowski, meio-campo alemão, é punido após falta dura em Totti.</cartao>
    <video id="42698" momento="1ºT" video="496193"> Veja o vídeo:  39' Borowski é punido com cartão amarelo.</video>
    <narracao id="42688" momento="1ºT" tempo="40">Podolski comete falta em Pirlo no lado direito de ataque italiano.</narracao>
    <narracao id="42689" momento="1ºT" tempo="40">Pirlo cobra falta no primeiro pau. Camoranesi escora de cabeça, por cima do gol de Lehmann.</narracao>
    <video id="42699" momento="1ºT" video="496195"> Veja o vídeo:  40' Camoranesi cabeceia por cima do gol.</video>
    <narracao id="42691" momento="1ºT" tempo="42">Materazzi arrisca lançamento para Grosso na esquerda. a bola sai muito forte e é tiro de meta para Lehmann.</narracao>
    <narracao id="42692" momento="1ºT" tempo="43">LENÇOL! De Ballack em Perrotta. Volante italiano comete a falta no alemão.</narracao>
    <narracao id="42693" momento="1ºT" tempo="43">Lahm cruza bola da esquerda na área para Podolski. Grosso se antecipa e corta de cabeça.</narracao>
    <narracao id="42694" momento="1ºT" tempo="44">CAMA DE GATO! De Ballack em Totti, mas árbitro marca falta do italiano no meio-campo alemão.</narracao>
    <narracao id="42695" momento="1ºT" tempo="45">ACRÉSCIMOS! Árbitro assinala mais um minuto neste primeiro tempo.</narracao>
    <narracao id="42696" momento="1ºT" tempo="45">Borowski arrisca lançamento para Podolski. A bola sai muito forte e Buffon se antecipa para fazer a defesa.</narracao>
    <narracao id="42697" momento="1ºT" tempo="46">FIM DE PRIMEIRO TEMPO! Alemanha e Itália vão empatando sem gols.</narracao>
    <momento id="42700" momento="I">Show do intervalo</momento>
    <narracao id="42701" momento="I" tempo="0">Muita marcação e poucos lançes de perigo neste primeiro tempo. Destaques para Cannavaro, Grosso, Pirlo e Totti na Azzurra e Lahm, Ballack, Podolski, Schneider e Klose na Alemanha. </narracao>
    <video id="42702" momento="I" video="496203"> Veja o vídeo:  0' No primeiro tempo, Jogadores alemães esquecem o fair play e técnicos das duas seleções batem boca.</video>
    <video id="42703" momento="I" video="496205"> Veja o vídeo:  0' Os melhores momentos do primeiro tempo.</video>
    <momento id="42704" momento="2ºT">Segundo tempo</momento>
    <narracao id="42705" momento="2ºT" tempo="0">BOLA ROLANDO! Começa o segundo tempo.</narracao>
    <narracao id="42706" momento="2ºT" tempo="0">Com menos de um minuto Materazzi tenta lançamento para Camoranesi na direita, mas a zaga se antecipa e corta.</narracao>
    <narracao id="42707" momento="2ºT" tempo="0">UUUUHHHH! Kehl pega de voleio da entrada da meia-lua da grande área. A bola sai à esquerda do gol de Buffon.</narracao>
    <video id="42714" momento="2ºT" video="496211"> Veja o vídeo:  0' Começa o segundo tempo.</video>
    <video id="42717" momento="2ºT" video="496212"> Veja o vídeo:  1' Kehl tenta de voleio, pela linha de fundo.</video>
    <narracao id="42708" momento="2ºT" tempo="2">Perrotta lança Zambrotta pelo lado direito, mas árbitro pára a jogada marcando impedimento do lateral italiano.</narracao>
    <narracao id="42709" momento="2ºT" tempo="2">Pirlo lança Camoranesi no lado direito, quase na linha de fundo... Mas meia não consegue dominar.</narracao>
    <narracao id="42710" momento="2ºT" tempo="3">Lahm cruza da esquerda na área. Schneider fechava no segundo pau, mas não chega a tempo.</narracao>
    <narracao id="42711" momento="2ºT" tempo="4">BUFFON! Klose arranca da intermediária, penetra na área e, na hora do chute, goleiro se antecipa e faz boa defesa.</narracao>
    <narracao id="42712" momento="2ºT" tempo="5">Pirlo lança rasteiro pra Grosso na área. Árbitro pára a jogada marcando impedimento do lateral italiano.</narracao>
    <video id="42720" momento="2ºT" video="496214"> Veja o vídeo:  5' Grosso recebe de Pirlo em impedimento.</video>
    <narracao id="42713" momento="2ºT" tempo="6">Ballack arrisca lançamento na área italiana... Para ninguém. Cannavaro corta de cabeça.</narracao>
    <narracao id="42715" momento="2ºT" tempo="8">Escanteio para a Itália. Totti cobra da esquerda e Lehmann sai do gol para fazer a defesa.</narracao>
    <narracao id="42716" momento="2ºT" tempo="9">CHUTAÇO! De Borowski da intermediária. A bola se perde por cima do gol de Buffon.</narracao>
    <video id="42726" momento="2ºT" video="496216"> Veja o vídeo:  9' Borowski chuta por cima do gol de Buffon.</video>
    <narracao id="42718" momento="2ºT" tempo="10">Klose divide bola no alto com Materazzi e árbitro marca falta do atacante alemão.</narracao>
    <cartao id="42719" momento="2ºT" atletaId="2211" tempo="10" ico="/Portal/esportes/temporeal/swf/icos/cartao_amarelo.swf" cor="amarelo">Christoph Metzelder - Metzelder, zagueiro da Alemanha, entra por trás em Luca Toni e é punido pela arbitragem.</cartao>
    <narracao id="42721" momento="2ºT" tempo="13">Lehmann joga de zagueiro! Goleiro alemão sai da área e dá um chutão para frente.</narracao>
    <narracao id="42722" momento="2ºT" tempo="13">Luca Toni comete falta em Mertesacker.</narracao>
    <narracao id="42723" momento="2ºT" tempo="14">Kehl comete falta dura em Totti no meio-de-campo.</narracao>
    <narracao id="42724" momento="2ºT" tempo="15">Totti lança Perrotta. Árbitro pára o lançe e marca mais um impedimento contra a Itália.</narracao>
    <narracao id="42725" momento="2ºT" tempo="15">IMPEDIMENTOS: 01 - Alemanha / 08 - Itália.</narracao>
    <narracao id="42727" momento="2ºT" tempo="17">BUFFON! Podolski recebe na pequena área, gira e chuta forte. Goleiro italiano espalma. No rebote, Friedrich chuta da entrada da área, por cima do gol.</narracao>
    <video id="42736" momento="2ºT" video="496228"> Veja o vídeo:  17' Friedrich chuta por cima do gol.</video>
    <narracao id="42728" momento="2ºT" tempo="19">Klose entra duro em Grosso. Lateral italiano cai sentindo a pancada.</narracao>
    <narracao id="42729" momento="2ºT" tempo="20">FALTAS COMETIDAS: 15 - Alemanha / 11 - Itália.</narracao>
    <narracao id="42730" momento="2ºT" tempo="21">PIRLO BRINCA COM KEHL! Meia italiano dá um drible de corpo e deixa o alemão no chão.</narracao>
    <narracao id="42731" momento="2ºT" tempo="22">Podolski fica no mano a mano com Cannavaro na esquerda de ataque, se enrola com a bola e perde para Gattuso.</narracao>
    <narracao id="42732" momento="2ºT" tempo="22">Borowski recebe boa bola de Ballack na esquerda de ataque, mas perde para Zambrotta.</narracao>
    <narracao id="42733" momento="2ºT" tempo="23">Friedrich tabela com Ballack e recebe na área. Lateral alemão se choca com Materazzi e árbitro marca falta para a Azzurra.</narracao>
    <narracao id="42735" momento="2ºT" tempo="23">Friedrich tabela com Ballack e recebe na área. Lateral alemão se choca com Materazzi e árbitro marca falta para a Azzurra.</narracao>
    <narracao id="42744" momento="2ºT" tempo="23">Lance Perigoso - Friedrich recebe na área, mas comete falta em Materazzi.</narracao>
    <narracao id="42737" momento="2ºT" tempo="26">JOGO FEIO! Série de divididas no gramado.</narracao>
    <substituicao id="42801" momento="2ºT" tempo="27" ico="/Portal/esportes/temporeal/swf/icos/substituicao.swf">Alemanha faz substituição: entra Schweinsteiger, sai Borowski</substituicao>
    <substituicao id="42787" momento="2ºT" tempo="28" ico="/Portal/esportes/temporeal/swf/icos/substituicao.swf">Itália faz substituição: entra Gilardino, sai Luca Toni</substituicao>
    <narracao id="42740" momento="2ºT" tempo="29">Camoranesi recebe no limite da linha de fundo e cruza da direita na área. Mertesacker se antecipa e corta para frente.</narracao>
    <narracao id="42741" momento="2ºT" tempo="30">Perrotta recebe de Gilardino na entrada da área e solta a bomba. Lehmann faz boa defesa. Árbitro já parava a jogada marcando impedimento de Gilardino.</narracao>
    <video id="42751" momento="2ºT" video="496251"> Veja o vídeo:  30' Lehmann defende chute forte de Perrotta.</video>
    <narracao id="42742" momento="2ºT" tempo="31">Zambrotta cruza bola da direita na área. Kehl corta de cabeça para escanteio...</narracao>
    <narracao id="42743" momento="2ºT" tempo="31">... Totti cobra escanteio da esquerda na área. Lehmann sai do gol e faz a defesa.</narracao>
    <video id="42754" momento="2ºT" video="496254"> Veja o vídeo:  31' Kehl corta cruzamento perigoso.</video>
    <narracao id="42745" momento="2ºT" tempo="32">Pirlo chuta forte da entrada da área. Lehmann defende com segurança.</narracao>
    <narracao id="42746" momento="2ºT" tempo="33">Falta de Ballack em Gattuso na ponta direita da área italiana.</narracao>
    <narracao id="42747" momento="2ºT" tempo="34">Após belo passe de bicicleta de Totti para Grosso na esquerda, lateral cruza no segundo pau para Camoranesi e meia desperdiça belo ataque.</narracao>
    <video id="42755" momento="2ºT" video="496261"> Veja o vídeo:  35' Schweinsteiger chuta por cima do gol.</video>
    <narracao id="42748" momento="2ºT" tempo="36">Cannavaro comete falta em Podolski na entrada da área. Ballack cobra direto e a bola se perde por cima do gol de Buffon. </narracao>
    <video id="42763" momento="2ºT" video="496270"> Veja o vídeo:  37' Ballack cobra falta por cima do gol de Buffon.</video>
    <substituicao id="42802" momento="2ºT" tempo="37" ico="/Portal/esportes/temporeal/swf/icos/substituicao.swf">Alemanha faz substituição: entra Odonkor, sai Schneider</substituicao>
    <narracao id="42752" momento="2ºT" tempo="39">Gattuso e Ballack se estranham na intermediária italiana. Árbitro adverte os dois jogadores.</narracao>
    <narracao id="42753" momento="2ºT" tempo="39">Gilardino lança Perrotta na área. Lehmann sai atabalhoado, afasta o perigo mas atinge o volante italiano.</narracao>
    <video id="42762" momento="2ºT" video="496267"> Veja o vídeo:  39' Lehmann corta lançamento perigoso na área.</video>
    <narracao id="42756" momento="2ºT" tempo="41">Materazzi se antecipa a Podolski após passe de Schweinsteiger na entrada da área.</narracao>
    <narracao id="42757" momento="2ºT" tempo="43">Friedrich lança Odonkor pela direita. Grosso se antecipa e corta de cabeça.</narracao>
    <narracao id="42758" momento="2ºT" tempo="43">Gilardino ganha de Mertesacker e penetra na área. Lahm se antecipa e desarma o atacante italiano.</narracao>
    <cartao id="42759" momento="2ºT" atletaId="3885" tempo="44" ico="/Portal/esportes/temporeal/swf/icos/cartao_amarelo.swf" cor="amarelo">Mauro Camoranesi - Camoranesi, meio-campo da Itália, entra de carrinho em Kehl e é punido pela arbitragem.</cartao>
    <video id="42766" momento="2ºT" video="496274"> Veja o vídeo:  44' Camoranesi é punido com cartão amarelo.</video>
    <narracao id="42760" momento="2ºT" tempo="45">Camoranesi comete falta em Lahm no limite da lateral-esquerda de ataque. Schweinsteiger cobra na área, a bola passa por todo mundo e sai pela linha de fundo.</narracao>
    <narracao id="42761" momento="2ºT" tempo="45">ACRÉSCIMOS! Árbitro assinala mais três minutos neste segundo tempo.</narracao>
    <narracao id="42764" momento="2ºT" tempo="48">PRORROGAÇÃO! Alemanha e Itália seguem no zero a zero.</narracao>
    <momento id="42765" momento="AP">Aguardando prorrogação</momento>
    <narracao id="42767" momento="AP" tempo="0">A Alemanha esteve melhor no segundo tempo, procurando o gol e esbarrando na forte de fesa italiana. A Itália se defende e, com apenas uma opção de ataque, o atacante Gilardino, não consegue criar boas chances.</narracao>
    <momento id="42768" momento="1ºTP">Primeiro tempo da prorrogação</momento>
    <narracao id="42771" momento="1ºTP" tempo="0">Começa o primeiro da prorrogação! E Gilardino faz bela jogada pela direita e chuta na trave esquerda do gol de Lehmann.</narracao>
    <video id="42780" momento="1ºTP" video="496281"> Veja o vídeo:  0' Começa a prorrogação!</video>
    <video id="42784" momento="1ºTP" video="496284"> Veja o vídeo:  1' Gilardino chuta na trave esquerda de Lehmann.</video>
    <substituicao id="42788" momento="1ºTP" tempo="1" ico="/Portal/esportes/temporeal/swf/icos/substituicao.swf">Itália faz substituição: entra Vincenzo Iaquinta, sai Camoranesi</substituicao>
    <narracao id="42772" momento="1ºTP" tempo="2">Iaquinta ganha o escanteio pela direita. Pirlo cobra e no rebote, Zambrotta chuta forte no travessão!</narracao>
    <video id="42782" momento="1ºTP" video="496282"> Veja o vídeo:  2' Zambrotta chuta forte no travessão!</video>
    <narracao id="42773" momento="1ºTP" tempo="3">Iaquinta ganha mais um escanteio pela direita. Pirlo cobra no segundo pau e Cannavaro cabeceia pela linha de fundo.</narracao>
    <video id="42785" momento="1ºTP" video="496285"> Veja o vídeo:  3' Cannavaro cabeceia pela linha de fundo.</video>
    <narracao id="42774" momento="1ºTP" tempo="4">Ballack cruza bola da direita na área e Zambrotta corta com um chutão para frente.</narracao>
    <narracao id="42775" momento="1ºTP" tempo="4">Zambrotta comete falta dura em Lahm na esquerda de ataque da Alemanha. Schweinsteiger cobra em cima de Pirlo e ganha o escanteio...</narracao>
    <narracao id="42776" momento="1ºTP" tempo="5">... Schweinsteiger cobra escanteio da esquerda, Cannavaro afasta o perigo.</narracao>
    <narracao id="42777" momento="1ºTP" tempo="5">Kehl chuta forte de fora da área e a bola explode na cabeça de Materazzi, que fica sentindo.</narracao>
    <video id="42786" momento="1ºTP" video="496287"> Veja o vídeo:  5' Kehl chuta a bola em Materazzi.</video>
    <narracao id="42778" momento="1ºTP" tempo="6">Pirlo lança Iaquinta na área. Lahm protege com o corpo e ganha o tiro de meta.</narracao>
    <narracao id="42779" momento="1ºTP" tempo="7">Lançamento para Podolski na área. Buffon se antecipa e sai para fazer a defesa.</narracao>
    <narracao id="42781" momento="1ºTP" tempo="9">Cannavaro comete falta em Podolski na esquerda de ataque da Alemanha. Schweinsteiger cobra na área e Iaquinta corta de cabeça.</narracao>
    <narracao id="42783" momento="1ºTP" tempo="11">UUHHHH! Pirlo chuta forte de fora da área. A bola se perde por cima do gol de Lehmann.</narracao>
    <video id="42795" momento="1ºTP" video="496290"> Veja o vídeo:  11' Pirlo chuta por cima do gol.</video>
    <substituicao id="42789" momento="1ºTP" tempo="13" ico="/Portal/esportes/temporeal/swf/icos/substituicao.swf">Itália faz substituição: entra Del Piero, sai Perrotta</substituicao>
    <narracao id="42790" momento="1ºTP" tempo="14">Odonkor faz boa jogada pela direita, mas erra no lançamento para Schweinsteiger no lado esquerdo.</narracao>
    <narracao id="42791" momento="1ºTP" tempo="15">Acréscimo! Árbitro assinala mais um minuto neste primeiro tempo de prorrogação. </narracao>
    <narracao id="42792" momento="1ºTP" tempo="15">INCRÍVEL! Odonkor cruza bola na área da direita e Podolski cabeceia com perigo, pela linha de fundo.</narracao>
    <narracao id="42793" momento="1ºTP" tempo="16">FIM DO PRIMEIRO TEMPO DA PRORROGAÇÃO.</narracao>
    <video id="42806" momento="1ºTP" video="496293"> Veja o vídeo:  16' Podolski cabeceia para fora.</video>
    <momento id="42794" momento="2ºTP">Segundo tempo da prorrogação</momento>
    <narracao id="42796" momento="2ºTP" tempo="0">Começa o segundo tempo da prorrogação!</narracao>
    <narracao id="42797" momento="2ºTP" tempo="1">Odonkor ganha escanteio pelo lado direito de ataque. Schweinsteiger cobra e Iaquinta corta de cabeça.</narracao>
    <narracao id="42798" momento="2ºTP" tempo="2">Iaquinta recebe na área , tenta a jogada e ganha o escanteio. Pirlo cobra da esquerda e Lehmann sai para fazer a defesa.</narracao>
    <narracao id="42799" momento="2ºTP" tempo="2">Lahm tenta chute colocado de fora da área. A bola se perde por cima do gol de Buffon.</narracao>
    <video id="42808" momento="2ºTP" video="496296"> Veja o vídeo:  3' Lahm chuta por cima do gol.</video>
    <narracao id="42800" momento="2ºTP" tempo="4">Del Piero divide com Friedrich e árbitro marca falta do italiano.</narracao>
    <substituicao id="42803" momento="2ºTP" tempo="5" ico="/Portal/esportes/temporeal/swf/icos/substituicao.swf">Alemanha faz substituição: entra Neuville, sai Klose</substituicao>
    <narracao id="42804" momento="2ºTP" tempo="5">DEL PIERO! Atacante recebe na pequena área, ma demora a chutar e é desarmado...</narracao>
    <video id="42813" momento="2ºTP" video="496302"> Veja o vídeo:  5' Del Piero perde gol feito.</video>
    <narracao id="42805" momento="2ºTP" tempo="6">... Na seqüência, Podolski recebe cara  cara com Buffon e solta a bomba. Goleiro espalma para escanteio.</narracao>
    <video id="42812" momento="2ºTP" video="496301"> Veja o vídeo:  6' Buffon faz milagre em Dortmund!</video>
    <narracao id="42807" momento="2ºTP" tempo="7">AGORA É LÁ E CÁ! Del Piero recebe de Gilardino após boa jogada com Iaquinta e chuta da entrada da área. A bola se perde pela linha de fundo.</narracao>
    <video id="42819" momento="2ºTP" video="496305"> Veja o vídeo:  8' Del Piero chuta para fora.</video>
    <narracao id="42809" momento="2ºTP" tempo="10">Totti recebe de Pirlo, mas desligado perde a bola.</narracao>
    <narracao id="42810" momento="2ºTP" tempo="10">Iaquinta recebe na direita e cruza na área. Metzelder corta de cabeça.</narracao>
    <narracao id="42811" momento="2ºTP" tempo="11">Odonkor chuta forte de fora da área. A bola sai à esquerda do gol de Buffon.
</narracao>
    <video id="42818" momento="2ºTP" video="496304"> Veja o vídeo:  11' Odonkor chuta para fora.</video>
    <narracao id="42814" momento="2ºTP" tempo="12">PIRLO! Solta a bomba de fora da área e Lehmann espalma para escanteio...</narracao>
    <video id="42820" momento="2ºTP" video="496310"> Veja o vídeo:  12' Pirlo chuta para fora.</video>
    <gol id="42815" momento="2ºTP" atletaId="11147" tempo="13" escudo="/FlashShow/0,,9459,00.swf" contra="0"> GOL DE FABIO GROSSO  Após cobrança de escanteio, Grosso recebe boa bola de Pirlo na área e de canhota chuta no canto direito de Lehmann. TORCIDA CALADA EM DORTMUND!</gol>
    <video id="42815v" momento="2ºTP" video="496308"> Veja o vídeo: Gol de Fabio Grosso.  13' Após cobrança de escanteio, Grosso recebe boa bola de Pirlo na área e de canhota chuta no canto direito de Lehmann. TORCIDA CALADA EM DORTMUND!</video>
    <gol id="42816" momento="2ºTP" atletaId="2243" tempo="15" escudo="/FlashShow/0,,9459,00.swf" contra="0"> GOL DE ALESSANDRO DEL PIERO  BELÍSSIMO CONTRA-ATAQUE! Gilardino avança na velocidade, finge o chute e rola para Del Piero. Meia recebe e bate na gaveta de Lehmann!</gol>
    <video id="42816v" momento="2ºTP" video="496314"> Veja o vídeo: Gol de Alessandro Del Piero.  15' BELÍSSIMO CONTRA-ATAQUE! Gilardino avança na velocidade, finge o chute e rola para Del Piero. Meia recebe e bate na gaveta de Lehmann!</video>
    <narracao id="42817" momento="2ºTP" tempo="15">TERMINA EM DORTMUND! A Itália elimina a Alemanha e está na final da Copa do Mundo 2006!</narracao>
    <momento id="42821" momento="E">Final de jogo</momento>
  </lances>
</lancealance>
