<?xml version="1.0" encoding="UTF-8"?>
<lancealance cobertura="111" leitura="0">
  <placar>
    <equipe id="001" url="" nome="Paulista" escudo="/FlashShow/0,,7328,00.swf" resultado="2" abreviacao="Paulista"/>
    <equipe id="002" url="" nome="Marília" escudo="/FlashShow/0,,7252,00.swf" resultado="2" abreviacao="Marília"/>
  </placar>
  <lances>
    <narracao id="3209" momento="PJ" tempo="0">Paulista e Marília se enfrentam às 18h10m.</narracao>
    <momento id="3210" momento="PJ">Pré-jogo</momento>
    <narracao id="3242" momento="PJ" tempo="0">O Paulista ocupa a quinta posição do Campeonato Paulista. O time tem 12 pontos na competição.</narracao>
    <narracao id="3245" momento="PJ" tempo="0">O Marília tem apenas quatro pontos conquistados, está na penúltima colocação, e já luta contra o fantasma do rebaixamento.</narracao>
    <momento id="3260" momento="1ºT">Primeiro tempo</momento>
    <narracao id="3262" momento="1ºT" tempo="1">Tem bola rolando em Jundiaí.</narracao>
    <narracao id="3263" momento="1ºT" tempo="3">Bosco tenta jogada pela lateral mais é desarmado por Gum.</narracao>
    <narracao id="3269" momento="1ºT" tempo="6">Wesley faz bela jogada pela lateral esquerda, cruza para a área e Lucas chuta em cima da zaga do Marília.</narracao>
    <narracao id="3272" momento="1ºT" tempo="8">Rever chega bem à linha de fundo mas cruza direto para fora.</narracao>
    <narracao id="3275" momento="1ºT" tempo="10">Eder recebe bola na intermediária e arrisca o chute, a bola explode na zaga do Paulista.</narracao>
    <narracao id="3278" momento="1ºT" tempo="12">Celsinho chega bem à linha de fundo mas cruza muito forte.</narracao>
    <video id="3286" momento="1ºT" video="1"> Veja o vídeo:  13' Wellington Amorim cruza a bola na cabeça de Sandro Gaucho, em posição legal, e o atacante concluí para as redes. O árbitro anula mal o gol e prejudica o Marília.</video>
    <narracao id="3291" momento="1ºT" tempo="15">Wellington Amorim invade a área pelo lado esquerdo e rola para trás, Sandro Gaúcho chuta fraco e perde boa oportunidade.</narracao>
    <narracao id="3293" momento="1ºT" tempo="17">Éder arrisca chute de muito longe, e a bola sai.</narracao>
    <video id="3295" momento="1ºT" video="1"> Veja o vídeo:  18' Glaydson recupera a bola no meio campo e liga Wesley, o atacante dá um bonito drible no zagueiro mas chuta por cima do gol de Bruno.</video>
    <narracao id="3297" momento="1ºT" tempo="20">Wilson cruza para a área, mas a bola passa por todo mundo e sai.</narracao>
    <narracao id="3300" momento="1ºT" tempo="22">Bosco recupera a bola para o Paulista, arrisca chute de longe, mas a bola explode em Téio.</narracao>
    <narracao id="3303" momento="1ºT" tempo="23">Wesley recebe bola dentro da área, faz o giro, e chuta na rede pelo lado de fora.</narracao>
    <narracao id="3307" momento="1ºT" tempo="25">Sandro Gaúcho recebe falta na entrada da área.</narracao>
    <narracao id="3309" momento="1ºT" tempo="26">Juninho cobra falta perigosa na barreira.</narracao>
    <gol id="3314" momento="1ºT" atletaId="9226" tempo="27" escudo="/FlashShow/0,,7252,00.swf" contra="0"> GOL DE GUM  Wellington Amorim cruza a bola para a área, a zaga do Paulista se atrapalha e a bola sobra para o zagueiro que concluí bem e abre o placar.</gol>
    <narracao id="3324" momento="1ºT" tempo="31">Dema vai ao ataque e rola para Wilson, o atacante se atrapalha com a bola e é desarmado.</narracao>
    <narracao id="3329" momento="1ºT" tempo="33">Bosco tenta chute da entrada da área, a bola bate na mão do zagueiro e o árbitro marca o pênalti.</narracao>
    <gol id="3330" momento="1ºT" atletaId="6074" tempo="34" escudo="/FlashShow/0,,7328,00.swf" contra="0"> GOL DE ABRAÃO  Abraão cobra forte, o goleiro bruno chega a tocar na bola, mas a bola entra. Jogo empatado.</gol>
    <video id="3330v" momento="1ºT" video="1"> Veja o vídeo: Gol de Abraão.  34' Abraão cobra forte, o goleiro bruno chega a tocar na bola, mas a bola entra. Jogo empatado.</video>
    <substituicao id="3404" momento="1ºT" tempo="35" ico="/Portal/esportes/temporeal/swf/icos/substituicao.swf">Entrou: Muñoz / Saiu: Luiz Fernando</substituicao>
    <narracao id="3340" momento="1ºT" tempo="38">Wilson arrisca chute da entrada da área e a bola passa muito perto.</narracao>
    <narracao id="3345" momento="1ºT" tempo="40">Bosco descola cruzamento para Wilson, mas o árbitro marca falta do atacante.</narracao>
    <narracao id="3350" momento="1ºT" tempo="42">Bruno Ribeiro arrisca de longe, o chute sai fraco e Rafael faz defesa tranquila.</narracao>
    <narracao id="3354" momento="1ºT" tempo="44">Juninho, dentro da área, recebe de Sandro Gaúcho, tenta chute, e a bola acerta a trave.</narracao>
    <narracao id="3357" momento="1ºT" tempo="47">Termina o primeiro tempo.</narracao>
    <momento id="3358" momento="I">Show do intervalo</momento>
    <narracao id="3359" momento="I" tempo="0">O técnico do Marília Wladimir Araújo diz que seu time está jogando bem, e que vai manter o estilo de jogo para o segundo tempo.</narracao>
    <narracao id="3360" momento="I" tempo="0">Muños diz que ainda não está muito em forma, mas vai voltar para o segundo tempo.</narracao>
    <narracao id="3362" momento="I" tempo="0">Os dois times estão voltando para a segunda etapa. Ambos com a mesma formação.</narracao>
    <momento id="3363" momento="2ºT">Segundo tempo</momento>
    <narracao id="3365" momento="2ºT" tempo="1">A bola está rolando para o segundo tempo.</narracao>
    <narracao id="3370" momento="2ºT" tempo="2">Gum arrisca de longe, o chute sai forte, e Rafael defende em dois tempos.</narracao>
    <gol id="3373" momento="2ºT" atletaId="9514" tempo="3" escudo="/FlashShow/0,,7252,00.swf" contra="0"> GOL DE CELSINHO  O meia invade a área pelo lado direito e chuta para fazer um belo gol.</gol>
    <narracao id="3375" momento="2ºT" tempo="5">Bosco faz jogada pela ponta e cruza para Wilson, o atacante bate e a bola passa muito perto.</narracao>
    <substituicao id="3405" momento="2ºT" tempo="7" ico="/Portal/esportes/temporeal/swf/icos/substituicao.swf">Entrou: Beto / Saiu: Abraão</substituicao>
    <narracao id="3383" momento="2ºT" tempo="11">Éder cobra falta para a área, Gum desvia de cabeça, mas a bola vai para fora.</narracao>
    <narracao id="3386" momento="2ºT" tempo="13">Celsinho recebe falta na linha de fundo.</narracao>
    <narracao id="3389" momento="2ºT" tempo="14">Éder cobra falta direto para o gol, Rafael cai bem e faz a defesa.</narracao>
    <cartao id="3392" momento="2ºT" atletaId="65" tempo="15" ico="/Portal/esportes/temporeal/swf/icos/cartao_amarelo.swf" cor="amarelo">Leon Muñoz - O atacante dá carrinho perigoso e leva o cartão amarelo.</cartao>
    <substituicao id="3424" momento="2ºT" tempo="16" ico="/Portal/esportes/temporeal/swf/icos/substituicao.swf">Entrou: Danilo / Saiu: Celsinho</substituicao>
    <narracao id="3400" momento="2ºT" tempo="19">Bosco levanta a bola para a área, Gum sobe bem e corta mais uma.</narracao>
    <narracao id="3401" momento="2ºT" tempo="20">Muños recebe falta na linha de fundo.</narracao>
    <narracao id="3402" momento="2ºT" tempo="21">Beto cobra e Sandro Gaúcho corta.</narracao>
    <substituicao id="3406" momento="2ºT" tempo="21" ico="/Portal/esportes/temporeal/swf/icos/substituicao.swf">Substituição no Paulista :  Entrou Sammir e Saiu Wilson</substituicao>
    <narracao id="3407" momento="2ºT" tempo="25">Éder lança Bruno Ribeiro, o lateral tenta passar por Dema, mas não consegue.</narracao>
    <narracao id="3412" momento="2ºT" tempo="27">Bosco descola bom cruzamento para a área do Marília, Gum sobe bem e corta.</narracao>
    <video id="3416" momento="2ºT" video="1"> Veja o vídeo:  29' Em contra-ataque, Sandro Gaúcho rola para Danilo, o atacante fica de frente para o goleiro e chuta forte, Rafael salva o Paulista com defesa incrível.</video>
    <substituicao id="3425" momento="2ºT" tempo="32" ico="/Portal/esportes/temporeal/swf/icos/substituicao.swf">Substituição no Marília : Entrou Tidão e Saiu Mineiro</substituicao>
    <narracao id="3429" momento="2ºT" tempo="36">Muñoz vai bem à linha de fundo e recebe falta de Bruno Ribeiro.</narracao>
    <narracao id="3430" momento="2ºT" tempo="37">Sammir levanta a bola para a área,  Sandro Gaúcho mais uma vez ajuda a zaga e corta.</narracao>
    <narracao id="3431" momento="2ºT" tempo="39">O time do Marília está muito recuado. O Paulista ataca muito mas não consegue o empate.</narracao>
    <cartao id="3432" momento="2ºT" atletaId="3217" tempo="40" ico="/Portal/esportes/temporeal/swf/icos/cartao_amarelo.swf" cor="amarelo">Glaydson - O meia reclama de uma marcação do árbitro e leva o cartão amarelo.</cartao>
    <narracao id="3435" momento="2ºT" tempo="42">Beto faz fila, e só é parado por falta na entrada da área.</narracao>
    <cartao id="3437" momento="2ºT" atletaId="5849" tempo="42" ico="/Portal/esportes/temporeal/swf/icos/cartao_vermelho.swf" cor="vermelho">Juninho - O meia faz falta em cima de Beto e é expulso da partida.</cartao>
    <cartao id="3439" momento="2ºT" atletaId="4402" tempo="45" ico="/Portal/esportes/temporeal/swf/icos/cartao_amarelo.swf" cor="amarelo">João Marcos - O meia faz falta em cima de Amaral e recebe o cartão amarelo.</cartao>
    <gol id="3441" momento="2ºT" atletaId="6883" tempo="46" escudo="/FlashShow/0,,7328,00.swf" contra="0"> GOL DE REVER  Amaral cobra falta de longe, a bola passa rolando dentro da área, e o zagueiro desvia para o gol, matando o goleiro Bruno.</gol>
    <narracao id="3443" momento="2ºT" tempo="48">Termina o jogo em Jundiaí.</narracao>
    <momento id="3445" momento="E">Final de jogo</momento>
    <narracao id="3447" momento="E" tempo="0">Os jogadores do Marília estão muito nervosos e reclamam muito com a árbitragem após a partida.</narracao>
  </lances>
</lancealance>
