<?xml version="1.0" encoding="UTF-8"?>
<lancealance cobertura="1153" leitura="0">
  <placar>
    <equipe id="001" url="" nome="Inglaterra" escudo="/FlashShow/0,,9457,00.swf" resultado="0" abreviacao="ING"/>
    <equipe id="002" url="" nome="Portugal" escudo="/FlashShow/0,,9464,00.swf" resultado="0" abreviacao="POR"/>
  </placar>
  <lances>
    <momento id="42236" momento="PJ">Pré-jogo</momento>
    <narracao id="42237" momento="PJ" tempo="0">Inglaterra e Portugal se enfrentam, daqui a pouco, em jogo válido pelas quartas-de-final da Copa do Mundo. O jogo, que acontece no Fifa World Cup Stadium de Gelsenkirchen, será arbitrado pelo argentino Horacio Elizondo, auxiliado por Dario Garcia e Javier Otero, ambos também da Argentina.</narracao>
    <narracao id="42238" momento="PJ" tempo="0">As duas seleções tiveram jogos difíceis nas oitavas-de-final da Copa. A Inglaterra venceu o Equador por 1 a 0, enquanto Portugal derrotou a Holanda, em jogo tumultuado, pelo mesmo placar. Ambas as equipes também terminaram a primeira fase do Mundial como líderes de seus respectivos grupos. Portanto, o jogo de hoje promete ser um dos melhores da competição.</narracao>
    <narracao id="42239" momento="PJ" tempo="0">Dentre as coincidências e curiosidades que cercam o duelo europeu, está o fato de que o técnico sueco Sven-Goran Eriksson, da Inglaterra, fala português fluente, pois treinou o Benfica, de Portugal, durante algum tempo.</narracao>
    <narracao id="42240" momento="PJ" tempo="0">Outro fato interessante é a sorte de Luiz Felipe Scolari, o brasileiro que treina a seleção portuguesa, em partidas eliminatórias diante dos britânicos. Felipão tem um ótimo retrospecto contra os ingleses: em 2002, com a seleção brasileira, eliminou a Inglaterra nas quartas-de-final daquela Copa, vencendo por 2 a 1. Em 2004, também nas quartas-de-final, só que da Eurocopa, Felipão, já com Portugal, eliminou os ingleses na disputa de pênaltis, após um empate de 2 a 2. Felipão, inclusive, pode treinar a Inglaterra após a Copa do Mundo 2006.</narracao>
    <narracao id="42241" momento="PJ" tempo="0">Na história dos confrontos entre as duas seleções, os ingleses levam ampla vantagem sobre os lusos. A superioridade do English Team começou exatamente na primeira partida entre eles, com uma goleada por 10 a 0, em 1947. No total, foram 21 jogos, sendo nove triunfos britânicos, três portugueses e nove empates. Os ingleses marcaram 45 gols e sofreram apenas 25.</narracao>
    <narracao id="42242" momento="PJ" tempo="0">A seleção inglesa conta com o talento de Gerrard, Beckham, Lampard e Joe Cole no meio, e do jovem Wayne Rooney atuando no ataque. Peter Crouch é opção no banco de reservas.</narracao>
    <narracao id="42243" momento="PJ" tempo="0">Os portugueses depositam suas esperanças em Cristiano Ronaldo, Figo e Maniche no meio, e no artilheiro Pauleta jogando no ataque.</narracao>
    <narracao id="42244" momento="PJ" tempo="0">O vencedor do duelo entre Inglaterra e Portugal enfrentará, na semifinal da Copa, o ganhador da partida entre Brasil e França, que também jogam hoje. Alemanha e Itália fazem a outra semifinal da competição.</narracao>
    <narracao id="42245" momento="PJ" tempo="0">Inglaterra e Portugal!!! Que vença o melhor!!!</narracao>
    <narracao id="42246" momento="PJ" tempo="0">O tempo é bom em Gelsenkirchen! Os termômetros marcam 29 graus! O público vai chegando ao estádio!</narracao>
    <video id="42247" momento="PJ" video="494044"> Veja o vídeo:  0' Confira as imagens dos vestiários de Inglaterra e Portugal!</video>
    <video id="42248" momento="PJ" video="494046"> Veja o vídeo:  0' A seleção inglesa chega ao estádio de Gelsenkirchen!</video>
    <narracao id="42249" momento="PJ" tempo="0">As seleções estão se preparando nos vestiários!</narracao>
    <narracao id="42250" momento="PJ" tempo="0">As equipes estão prontas para a entrada no gramado!</narracao>
    <video id="42251" momento="PJ" video="494065"> Veja o vídeo:  0' Fique de olho no aquecimento das seleções de Inglaterra e Portugal!</video>
    <video id="42252" momento="PJ" video="494068"> Veja o vídeo:  0' Assista ao vídeo com as emoções de Felipão!</video>
    <narracao id="42253" momento="PJ" tempo="0">ENTRAM EM CAMPO!!! As seleções estão perfiladas, com as bandeiras à frente!!!</narracao>
    <narracao id="42254" momento="PJ" tempo="0">Os ingleses estão vestidos com a tradicional camisa branca e calções azuis marinhos! Os lusos estão com camisas de cor vinho e calções verdes! </narracao>
    <narracao id="42255" momento="PJ" tempo="0">RACISMO, NÃO!!! Beckham e Figo pegam microfones e pedem o fim do preconceito racial no futebol e no planeta!</narracao>
    <narracao id="42256" momento="PJ" tempo="0">SALVE A RAINHA!!! O hino inglês é executado!!!</narracao>
    <narracao id="42257" momento="PJ" tempo="0">Ó, PÁTRIA!!! É executado o hino português!!!</narracao>
    <video id="42258" momento="PJ" video="494074"> Veja o vídeo:  0' Conheça a história dos confrontos entre Inglaterra e Portugal!</video>
    <narracao id="42259" momento="PJ" tempo="0">BONITO!!! Jogadores se cumprimentam e se unem contra o racismo!</narracao>
    <narracao id="42260" momento="PJ" tempo="0">Vai começar o jogo!!!</narracao>
    <video id="42265" momento="PJ" video="494078"> Veja o vídeo:  0' Os jogadores entram em campo!</video>
    <video id="42273" momento="PJ" video="494080"> Veja o vídeo:  0' Confira a execução dos hinos de Inglaterra e Portugal!</video>
    <video id="42274" momento="PJ" video="494084"> Veja o vídeo:  0' Fique de olho na saída de Portugal do vestiário!</video>
    <momento id="42261" momento="1ºT">Primeiro tempo</momento>
    <narracao id="42262" momento="1ºT" tempo="0">COMEÇA O JOGO!!! INGLATERRA x PORTUGAL!!!</narracao>
    <narracao id="42263" momento="1ºT" tempo="0">A saída de bola é inglesa!</narracao>
    <video id="42278" momento="1ºT" video="494081"> Veja o vídeo:  0' Começa o jogo!</video>
    <video id="42282" momento="1ºT" video="494088"> Veja o vídeo:  0' QUASE!!! Rooney tenta aproveitar a falha da defesa lusa!!!</video>
    <narracao id="42269" momento="1ºT" tempo="1">Lance Perigoso - QUASE!!! Ricardo Carvalho falha na defesa! Rooney entra na área e chuta! Fernando Meira trava a bola na hora certa!!!</narracao>
    <narracao id="42266" momento="1ºT" tempo="3">Portugal toca a bola e a Inglaterra cerca!</narracao>
    <narracao id="42267" momento="1ºT" tempo="5">ATENÇÃO!!! Felipão orienta os jogadores lusos, na beira do campo!</narracao>
    <narracao id="42268" momento="1ºT" tempo="6">Defesa - NO SOCO!!! Beckham levanta a bola na área! Ricardo, de soco, afasta o perigo!</narracao>
    <video id="42283" momento="1ºT" video="494090"> Veja o vídeo:  6' TIREI!!! Ricardo afasta a bola, de soco!!!</video>
    <narracao id="42270" momento="1ºT" tempo="7">Lance Feio - MAL!!! Petit tenta lançar a bola para Figo! O passe é forte demais e a bola sai para a linha lateral!</narracao>
    <narracao id="42271" momento="1ºT" tempo="8">Defesa - É MINHA!!! Rooney arrisca o chute da entrada da área! Ricardo defende sem dar rebote!!!</narracao>
    <video id="42284" momento="1ºT" video="494091"> Veja o vídeo:  8' PEGUEI!!! Ricardo defende o chute de Rooney!!!</video>
    <narracao id="42272" momento="1ºT" tempo="9">Defesa - PEGUEI!!! Terry falha e a bola sobra para Cristiano Ronaldo, que arrisca o chute! Robinson defende com segurança!!!</narracao>
    <video id="42286" momento="1ºT" video="494093"> Veja o vídeo:  9' DEIXA COMIGO!!! Robinson defende o chute de Cristiano Ronaldo!!!</video>
    <narracao id="42275" momento="1ºT" tempo="11">Os portugueses vão pressionando a Inglaterra!</narracao>
    <narracao id="42276" momento="1ºT" tempo="12">Lance Perigoso - QUASE!!! Figo levanta a bola na área! Ela bate em Neville e sobra para Tiago, que não consegue chutar! Robinson sai do gol e faz a defesa!</narracao>
    <video id="42287" momento="1ºT" video="494096"> Veja o vídeo:  12' QUASE!!! Neville falha, e Tiago perde o gol!!!</video>
    <narracao id="42277" momento="1ºT" tempo="13">PRESSÃO TOTAL!!! Portugal pressiona os ingleses!</narracao>
    <narracao id="42279" momento="1ºT" tempo="14">ABRE O OLHO!!! Felipão reclama com o juiz, que não marcou uma falta clara de Hargreaves em Nuno Valente! </narracao>
    <narracao id="42280" momento="1ºT" tempo="16">Lance Perigoso - SALVEI!!! Rooney toca de cabeça para Lampard, que entra na área e cruza para trás! Miguel chega antes de Joe Cole e afasta o perigo da área lusitana!!!</narracao>
    <video id="42289" momento="1ºT" video="494098"> Veja o vídeo:  16' TIREI!!! Lampard cruza para trás! Miguel afasta o perigo!!!</video>
    <narracao id="42281" momento="1ºT" tempo="18">Lance Perigoso - POR CIMA!!! Cristiano Ronaldo faz boa jogada pela esquerda! O atacante passa por Neville, e chuta! A bola sobe demais!!!</narracao>
    <video id="42291" momento="1ºT" video="494102"> Veja o vídeo:  18' POR CIMA!!! Cristiano Ronaldo faz boa jogada e arrisca o chute!</video>
    <narracao id="42285" momento="1ºT" tempo="20">A Inglaterra tenta atacar com jogadas de bola aérea!</narracao>
    <video id="42294" momento="1ºT" video="494103"> Veja o vídeo:  20' PAROU!!! Lampard, impedido, quase marca para os ingleses!!!</video>
    <narracao id="42288" momento="1ºT" tempo="22">CALMA!!! Felipão, irritado, chama a atenção dos atletas portugueses!</narracao>
    <narracao id="42290" momento="1ºT" tempo="24">O jogo não tem grandes oportunidades de gol!</narracao>
    <narracao id="42292" momento="1ºT" tempo="27">SOLTA A BOLA!!! Cristiano Ronaldo tenta a jogada pela esquerda, mas não toca a bola para os companheiros e acaba perdendo o lance!</narracao>
    <video id="42301" momento="1ºT" video="494111"> Veja o vídeo:  28' FALTA!!! Terry e Tiago sobem e se chocam! Falta do zagueiro inglês!</video>
    <cartao id="42293" momento="1ºT" atletaId="5966" tempo="29" ico="/Portal/esportes/temporeal/swf/icos/cartao_amarelo.swf" cor="amarelo">John Terry - SUJOU!!! Por atingir Tiago, o zagueiro Terry recebe o amarelo!</cartao>
    <narracao id="42296" momento="1ºT" tempo="30">FICA PARA A PRÓXIMA!!! Com o cartão amarelo levado, Terry está fora das semifinais, caso a Inglaterra vença Portugal!</narracao>
    <narracao id="42297" momento="1ºT" tempo="32">FALTAS COMETIDAS: 8 pela Inglaterra, 2 de Portugal. </narracao>
    <narracao id="42298" momento="1ºT" tempo="34">POSSE DE BOLA: 50% da Inglaterra, 50% de Portugal.</narracao>
    <narracao id="42299" momento="1ºT" tempo="36">TEM QUE MELHORAR!!! O jogo é ruim, com poucas chances de gol e muitos erros de passe!</narracao>
    <narracao id="42300" momento="1ºT" tempo="38">Lance Perigoso - UHHH!!! Figo faz boa jogada pela esquerda, e chuta colocado! A bola passa perto da trave esquerda de Robinson!!!</narracao>
    <video id="42309" momento="1ºT" video="494117"> Veja o vídeo:  38' UHHH!!! Figo quase acerta o ângulo esquerdo de Robinson!!!</video>
    <narracao id="42302" momento="1ºT" tempo="40">Defesa - PEGUEI!!! Figo cobra escanteio da direita! A bola passa por Petit, e Tiago cabeceia bem! Robinson faz boa defesa, no canto direito!!!</narracao>
    <video id="42312" momento="1ºT" video="494121"> Veja o vídeo:  40' BOA!!! Robinson defende a cabeçada de Tiago!!! </video>
    <narracao id="42303" momento="1ºT" tempo="43">FALTA!!! Petit atinge Joe Cole, na entrada da área! Perigo para Portugal! Beckham vai para a bola!!!</narracao>
    <cartao id="42305" momento="1ºT" atletaId="8353" tempo="43" ico="/Portal/esportes/temporeal/swf/icos/cartao_amarelo.swf" cor="amarelo">Petit - AMARELOU!!! Por fazer falta em Joe Cole, Petit recebe o cartão!</cartao>
    <narracao id="42304" momento="1ºT" tempo="44">NO MURO!!! A bola bate na barreira!!!</narracao>
    <video id="42313" momento="1ºT" video="494124"> Veja o vídeo:  44' DEIXA COMIGO!!! Lampard chuta forte! Ricardo defende com segurança!!!</video>
    <narracao id="42306" momento="1ºT" tempo="45">+1 É o acréscimo do primeiro tempo!</narracao>
    <narracao id="42307" momento="1ºT" tempo="45">Defesa - QUASE!!! Lampard arrisca o chute da entrada da área! Ricardo faz defesa segura!!!</narracao>
    <narracao id="42308" momento="1ºT" tempo="46">ACABA O PRIMEIRO TEMPO!!! 0 a 0!!!</narracao>
    <momento id="42310" momento="I">Show do intervalo</momento>
    <narracao id="42311" momento="I" tempo="0">Em jogo muito ruim neste primeiro tempo, Inglaterra e Portugal ficam devendo um bom futebol para suas torcidas. Poucas chances de gol e muitos erros de passe: este é o resumo da primeira etapa do jogo. Portugal tem mais talento do que os ingleses, mas peca nas finalizações. A Inglaterra busca as tradicionais jogadas de bola aérea, sem muito efeito. Se quiserem buscar a classificação às semifinais, sem passar pela pressão do tempo extra e dos pênltis, as duas seleções terão que jogar um futebol melhor no segundo tempo.</narracao>
    <narracao id="42314" momento="I" tempo="0">As seleções ainda estão nos vestiários!</narracao>
    <video id="42315" momento="I" video="494126"> Veja o vídeo:  0' Confira os melhores momentos do primeiro tempo!</video>
    <narracao id="42316" momento="I" tempo="0">As equipes vão voltando para o segundo tempo!</narracao>
    <narracao id="42317" momento="I" tempo="0">Vai começar o segundo tempo!!!</narracao>
    <momento id="42318" momento="2ºT">Segundo tempo</momento>
    <narracao id="42319" momento="2ºT" tempo="0">COMEÇA A SEGUNDA ETAPA!!!</narracao>
    <narracao id="42320" momento="2ºT" tempo="0">CANTANDO JUNTO!!! A torcida inglesa canta o hino britânico!</narracao>
    <narracao id="42321" momento="2ºT" tempo="0">A saída de bola é portuguesa!</narracao>
    <video id="42329" momento="2ºT" video="494133"> Veja o vídeo:  0' Começa o segundo tempo!</video>
    <narracao id="42322" momento="2ºT" tempo="1">Beckham faz falta em Nuno Valente! É a primeira infração da etapa final do jogo!</narracao>
    <narracao id="42323" momento="2ºT" tempo="3">Os ingleses vão tocando a bola!</narracao>
    <narracao id="42324" momento="2ºT" tempo="4">Defesa - SEM FORÇA!!! Tiago gira e tenta o chute de fora da área! A bola vai, fraca, até as mãos de Robinson!</narracao>
    <narracao id="42325" momento="2ºT" tempo="5">Polêmica - NA MÃO!!! Beckham cruza da direita! A bola bate na mão de Nuno Valente! Os ingleses pedem o pênalti, mas o juiz não marca!!!</narracao>
    <video id="42339" momento="2ºT" video="494140"> Veja o vídeo:  5' CHORO!!! Beckham reclama de dores no banco de reservas!</video>
    <video id="42355" momento="2ºT" video="494154"> Veja o vídeo:  5' FOI OU NÃO FOI??? A bola bate na mão de Nuno Valente, dentro da área!!! Juiz não marca o pênalti!</video>
    <substituicao id="42409" momento="2ºT" tempo="6" ico="/Portal/esportes/temporeal/swf/icos/substituicao.swf">Inglaterra faz substituição: entra Lennon, sai Beckham</substituicao>
    <narracao id="42327" momento="2ºT" tempo="7">Lance Feio - MAL!!! Lampard, livre, tenta o voleio!!! Só que o meia inglês pega mal na bola e ela sobe demais!!!</narracao>
    <video id="42338" momento="2ºT" video="494138"> Veja o vídeo:  7' MAL!!! Lampard erra o voleio!!!</video>
    <narracao id="42328" momento="2ºT" tempo="8">TÁ DOENDO!!! Beckham reclama de dores na perna direita, sentado no banco de reservas!</narracao>
    <narracao id="42330" momento="2ºT" tempo="10">A Inglaterra começa a pressionar os lusos!</narracao>
    <narracao id="42331" momento="2ºT" tempo="11">Maniche divide o lance com Ashley Cole, e cai no gramado! Não houve nada! Maniche já está de volta ao jogo!</narracao>
    <narracao id="42332" momento="2ºT" tempo="13">Lance Perigoso - PERDEU!!! Lennon faz ótima jogada pela direita! A bola sobra para Rooney, que fura o chute! Joe Cole, livre, pega o rebote e chuta por cima do gol português!!!</narracao>
    <video id="42340" momento="2ºT" video="494143"> Veja o vídeo:  13' PERDEU!!! Joe Cole desperdiça chance incrível para os ingleses!!!</video>
    <substituicao id="42411" momento="2ºT" tempo="13" ico="/Portal/esportes/temporeal/swf/icos/substituicao.swf">Inglaterra faz substituição: entra Carragher, sai Lennon</substituicao>
    <narracao id="42333" momento="2ºT" tempo="15">FANTASMA!!! Rooney está sumido da partida!!!</narracao>
    <cartao id="42334" momento="2ºT" atletaId="1753" tempo="15" ico="/Portal/esportes/temporeal/swf/icos/cartao_vermelho.swf" cor="vermelho">Wayne Rooney - CHUVEIRO!!! Rooney pisa no zagueiro Ricardo Carvalho e depois empurra Cristiano Ronaldo!!! Antes que a confusão comece em campo, o juiz expulsa o atacante inglês!!!</cartao>
    <video id="42344" momento="2ºT" video="494150"> Veja o vídeo:  16' RUA!!! Rooney é expulso de campo!!!</video>
    <substituicao id="42356" momento="2ºT" tempo="17" ico="/Portal/esportes/temporeal/swf/icos/substituicao.swf">Portugal faz substituição: entra Simão, sai Pauleta</substituicao>
    <substituicao id="42410" momento="2ºT" tempo="19" ico="/Portal/esportes/temporeal/swf/icos/substituicao.swf">Inglaterra faz substituição: entra Crouch, sai Joe Cole</substituicao>
    <narracao id="42341" momento="2ºT" tempo="22">Lance Perigoso - MAL!!! Maniche chuta forte! A bola bate na zaga inglesa e sobra para Figo! O craque chuta, mas a bola sobe demais!!!</narracao>
    <video id="42349" momento="2ºT" video="494152"> Veja o vídeo:  22' PARA FORA!!! Figo arrisca o chute!!!</video>
    <narracao id="42342" momento="2ºT" tempo="23">Com um homem a mais em campo, Portugal pressiona os ingleses!</narracao>
    <narracao id="42343" momento="2ºT" tempo="24">Lance Feio - ERROU!!! Hargreaves faz boa jogada pela esquerda, mas erra completamente o cruzamento para Crouch!!!</narracao>
    <video id="42352" momento="2ºT" video="494153"> Veja o vídeo:  24' ERROU!!! Hargreaves faz boa jogada, mas falha no cruzamento!</video>
    <narracao id="42345" momento="2ºT" tempo="26">LEVANTA A CABEÇA!!! Gerrard, livre, entra pela esquerda e cruza errado! Crouch reclama!</narracao>
    <substituicao id="42357" momento="2ºT" tempo="28" ico="/Portal/esportes/temporeal/swf/icos/substituicao.swf">Portugal faz substituição: entra Hugo Viana, sai Tiago Mendes</substituicao>
    <narracao id="42348" momento="2ºT" tempo="30">Lance Perigoso - POR CIMA!!! Maniche arrisca o chute de fora da área! A bola sobe demais!!!</narracao>
    <video id="42362" momento="2ºT" video="494159"> Veja o vídeo:  30' POR CIMA!!! Maniche arrisca o chute!</video>
    <narracao id="42350" momento="2ºT" tempo="32">Defesa - BOA!!! Figo tenta o chute, a bola passa por Cristiano Ronaldo, e Robinson espalma a bola, com a ponta dos dedos!!!</narracao>
    <video id="42360" momento="2ºT" video="494157"> Veja o vídeo:  32' PEGUEI!!! Robinson espalma o chute de Figo!!!</video>
    <narracao id="42351" momento="2ºT" tempo="35">DAVI CONTRA GOLIAS!!! Cristiano Ronaldo discute com o grandalhão Crouch!</narracao>
    <video id="42369" momento="2ºT" video="494163"> Veja o vídeo:  35' PEGUEI!!! Hugo Viana arrisca o chute! Robinson defende!!!</video>
    <narracao id="42353" momento="2ºT" tempo="36">Defesa - PEGUEI!!! Hugo Viana arrisca o chute! Robinson faz defesa segura!!!</narracao>
    <narracao id="42354" momento="2ºT" tempo="37">Lance Perigoso - UHHH!!! Lampard solta a bomba, em cobrança de falta! Ricardo espalma a bola! Na sobra, Lennon chuta fraco, e o goleiro português faz outra defesa!</narracao>
    <video id="42370" momento="2ºT" video="494164"> Veja o vídeo:  37' UHHH!!! Ricardo defende chute de Lampard e o rebote de Lennon!!!</video>
    <narracao id="42359" momento="2ºT" tempo="39">POR CIMA!!! Maniche arrisca o chute! A bola sobe demais!!!</narracao>
    <video id="42380" momento="2ºT" video="494175"> Veja o vídeo:  39' POR CIMA!!! Maniche chuta mal!!!</video>
    <substituicao id="42358" momento="2ºT" tempo="40" ico="/Portal/esportes/temporeal/swf/icos/substituicao.swf">Portugal faz substituição: entra Postiga, sai Figo</substituicao>
    <video id="42371" momento="2ºT" video="494170"> Veja o vídeo:  40' TROCA!!! Figo sai vaiado pelos ingleses! Entra Postiga no jogo!</video>
    <narracao id="42361" momento="2ºT" tempo="42">Defesa - RECUOU!!! Postiga arrisca o chute da entrada da área! A bola vai, fraca, até as mãos de Robinson!!! </narracao>
    <narracao id="42363" momento="2ºT" tempo="44">Portugal pressiona os britânicos no fim do jogo!</narracao>
    <narracao id="42364" momento="2ºT" tempo="44">Defesa - NAS MÃOS!!! Maniche arrisca o chute, e a bola vai, fraca, para defesa tranqüila de Robinson!</narracao>
    <narracao id="42365" momento="2ºT" tempo="45">+3 É o acréscimo do jogo!!!</narracao>
    <narracao id="42366" momento="2ºT" tempo="46">Lance Perigoso - QUASE!!! Hargreaves faz boa jogada pela esquerda, e cruza!!! A bola sobra para Terry, que chuta por cima do gol!</narracao>
    <video id="42381" momento="2ºT" video="494176"> Veja o vídeo:  46' PERDEU!!! Inglaterra desperdiça chance!!!</video>
    <narracao id="42367" momento="2ºT" tempo="47">Lance Feio - NAS NUVENS!!! Maniche ajeita a bola de cabeça e, dentro da área, Postiga isola a bola!!!</narracao>
    <narracao id="42368" momento="2ºT" tempo="48">ACABAM OS 90 MINUTOS!!! O jogo vai para a prorrogação!!!</narracao>
    <momento id="42372" momento="AP">Aguardando prorrogação</momento>
    <narracao id="42373" momento="AP" tempo="0">Na prorrogação, tudo pode acontecer! A Inglaterra, com um homem a menos, deve explorar os contra-ataques! Portugal deve ir para a pressão!!!</narracao>
    <narracao id="42374" momento="AP" tempo="0">Vai começar o primeiro tempo da prorrogação!!! 0 a 0!!!</narracao>
    <video id="42384" momento="AP" video="494181"> Veja o vídeo:  0' Confira os melhores momentos dos primeiros 90 minutos de jogo!</video>
    <momento id="42375" momento="1ºTP">Primeiro tempo da prorrogação</momento>
    <narracao id="42376" momento="1ºTP" tempo="0">COMEÇA A PRIMEIRA ETAPA DA PRORROGAÇÃO!!!</narracao>
    <narracao id="42377" momento="1ºTP" tempo="0">A saída de bola é inglesa!</narracao>
    <narracao id="42378" momento="1ºTP" tempo="1">Portugal começa pressionando! Petit chuta por cima do gol de Robinson!!!</narracao>
    <video id="42386" momento="1ºTP" video="494183"> Veja o vídeo:  1' POR CIMA!!! Petit chuta mal!!!</video>
    <narracao id="42379" momento="1ºTP" tempo="2">ERRATA!!! Os portugueses jogam com calções de cor vinho, e não verde! As camisas também são da cor vinho!</narracao>
    <video id="42387" momento="1ºTP" video="494186"> Veja o vídeo:  4' FORA!!! Simão chuta por cima do gol!!!</video>
    <narracao id="42382" momento="1ºTP" tempo="5">Os ingleses vão se defendendo! Até Crouch está ajudando a zaga!!!</narracao>
    <narracao id="42383" momento="1ºTP" tempo="8">Lance Perigoso - UHHH!!! Gerrard cruza da direita! Miguel chega antes de Crouch e, de cabeça, salva os portugueses!</narracao>
    <video id="42392" momento="1ºTP" video="494187"> Veja o vídeo:  8' QUASE!!! Miguel tira o gol de Crouch!!!</video>
    <narracao id="42385" momento="1ºTP" tempo="11">Lance Perigoso - UHHH!!! Simão chuta cruzado! Robinson defende e dá rebote! Gerrard afasta o perigo!!!</narracao>
    <video id="42399" momento="1ºTP" video="494189"> Veja o vídeo:  11' QUASE!!! A defesa de Portugal se salva!!!</video>
    <video id="42400" momento="1ºTP" video="494191"> Veja o vídeo:  11' É MINHA!!! Simão chuta bem! Robinson faz a defesa!!!</video>
    <narracao id="42388" momento="1ºTP" tempo="14">Lance Perigoso - QUASE!!! Cristiano Ronaldo arrisca o chute! A bola raspa o travessão de Robinson!!!</narracao>
    <video id="42401" momento="1ºTP" video="494192"> Veja o vídeo:  14' UHHH!!! Cristiano Ronaldo chuta! A bola raspa o travessão inglês!!!</video>
    <narracao id="42389" momento="1ºTP" tempo="15">ACABA O PRIMEIRO TEMPO DA PRORROGAÇÃO!!!</narracao>
    <momento id="42390" momento="IP">Show do intervalo</momento>
    <narracao id="42391" momento="IP" tempo="0">O primeiro tempo da prorrogação foi equilibrado, com as duas equipes perdendo gols! Tudo pode acontecer no segundo tempo da prorrogação!!!</narracao>
    <momento id="42393" momento="2ºTP">Segundo tempo da prorrogação</momento>
    <narracao id="42394" momento="2ºTP" tempo="0">COMEÇA O SEGUNDO TEMPO DA PRORROGAÇÃO!!!</narracao>
    <narracao id="42395" momento="2ºTP" tempo="0">A saída de bola é portuguesa!</narracao>
    <narracao id="42396" momento="2ºTP" tempo="1">Polêmica - NA BOLA!!! Lennon faz boa jogada e é desarmado na área por Nuno Valente! Ingleses pedem pênalti! O juiz não marca!!!</narracao>
    <video id="42405" momento="2ºTP" video="494194"> Veja o vídeo:  1' NADA!!! Lennon cai na área e pede pênalti! O juiz não marca!!!</video>
    <narracao id="42397" momento="2ºTP" tempo="2">Polêmica - NÃO VALE!!! Postiga, de cabeça, marca para Portugal! Porém, o atacante está impedido! O juiz marca!!!</narracao>
    <cartao id="42398" momento="2ºTP" atletaId="2162" tempo="2" ico="/Portal/esportes/temporeal/swf/icos/cartao_amarelo.swf" cor="amarelo">Hargreaves - SUJOU!!! Por reclamar com o juiz, Hargreaves recebe o amarelo!</cartao>
    <video id="42407" momento="2ºTP" video="494195"> Veja o vídeo:  2' NÃO VALE!!! Postiga, impedido, marca de cabeça!!!</video>
    <cartao id="42402" momento="2ºTP" atletaId="5965" tempo="5" ico="/Portal/esportes/temporeal/swf/icos/cartao_amarelo.swf" cor="amarelo">Ricardo Carvalho - AMARELO!!! Por atingir Crouch, Ricardo Carvalho recebe o cartão!</cartao>
    <narracao id="42403" momento="2ºTP" tempo="6">Lance Feio - MAL!!! Crouch mata a bola dentro da área! O grandalhão se enrola e a bola escapa!</narracao>
    <video id="42416" momento="2ºTP" video="494196"> Veja o vídeo:  6' Crouch é desarmado na área!!!</video>
    <narracao id="42404" momento="2ºTP" tempo="8">Defesa - PEGUEI!!! Petit arrisca o chute de longe! Robinson faz defesa segura!!!</narracao>
    <video id="42417" momento="2ºTP" video="494198"> Veja o vídeo:  8' PEGUEI!!! Petit arrisca o chute! Robinson defende!!!</video>
    <narracao id="42406" momento="2ºTP" tempo="10">TÔ EXAUSTO!!! Terry, com cãibras, cai sobre o gramado!</narracao>
    <narracao id="42408" momento="2ºTP" tempo="12">O jogo vai se encaminhando para pênaltis!!!</narracao>
    <narracao id="42412" momento="2ºTP" tempo="14">APOIO!!! A torcida inglesa, em maior número, canta e dá força ao time britânico!!!</narracao>
    <narracao id="42414" momento="2ºTP" tempo="14">Lance Perigoso - PERDEU!!! Maniche chuta a bola por cima do gol!!!</narracao>
    <narracao id="42413" momento="2ºTP" tempo="15">ACABA O JOGO!!! A vaga será decidida nos pênaltis!!!</narracao>
    <momento id="42415" momento="P">Pênaltis</momento>
    <penalti id="42454" momento="P" equipeId="001" equipe="Inglaterra" gol="1" qtdPenalti="1">Hargreaves - Pênalti Convertido</penalti>
    <penalti id="42455" momento="P" equipeId="001" equipe="Inglaterra" gol="0" qtdPenalti="2">Frank Lampard - Pênalti Perdido</penalti>
    <penalti id="42456" momento="P" equipeId="001" equipe="Inglaterra" gol="0" qtdPenalti="3">Steven Gerrard - Pênalti Perdido</penalti>
    <penalti id="42457" momento="P" equipeId="001" equipe="Inglaterra" gol="0" qtdPenalti="4">Jamie Carragher - Pênalti Perdido</penalti>
    <penalti id="42458" momento="P" equipeId="002" equipe="Portugal" gol="1" qtdPenalti="1">Simão - Pênalti Convertido</penalti>
    <penalti id="42459" momento="P" equipeId="002" equipe="Portugal" gol="1" qtdPenalti="2">Postiga - Pênalti Convertido</penalti>
    <penalti id="42460" momento="P" equipeId="002" equipe="Portugal" gol="0" qtdPenalti="3">Hugo Viana - Pênalti Perdido</penalti>
    <penalti id="42461" momento="P" equipeId="002" equipe="Portugal" gol="0" qtdPenalti="4">Petit - Pênalti Perdido</penalti>
    <penalti id="42462" momento="P" equipeId="002" equipe="Portugal" gol="1" qtdPenalti="5">Cristiano Ronaldo - Pênalti Convertido</penalti>
    <momento id="42463" momento="E">Final de jogo</momento>
    <narracao id="42464" momento="E" tempo="0">ACABA!!! PORTUGAL 3 x 1 NOS PÊNALTIS!!!</narracao>
    <narracao id="42465" momento="E" tempo="0">MANUEL E JOAQUIM FAZEM FESTA!!! Portugal está nas semifinais da Copa do Mundo! Ricardo, com três defesas, foi o herói português nas disputas de pênalti! Agora, o time de Felipão espera por Brasil ou França!!! </narracao>
  </lances>
</lancealance>
