<?xml version="1.0" encoding="UTF-8"?>
<lancealance cobertura="1041" leitura="0">
  <placar>
    <equipe id="001" url="" nome="Suíça" escudo="/FlashShow/0,,9468,00.swf" resultado="1" abreviacao="SUI"/>
    <equipe id="002" url="" nome="Itália" escudo="/FlashShow/0,,9459,00.swf" resultado="1" abreviacao="ITA"/>
  </placar>
  <lances>
    <gol id="32017" momento="1ºT" atletaId="7697" tempo="10" escudo="/FlashShow/0,,9459,00.swf" contra="0"> GOL DE ALBERTO GILARDINO  Grosso cruza bola da esquerda e atacante escora para abrir o placar!</gol>
    <momento id="32018" momento="1ºT">Primeiro tempo</momento>
    <narracao id="32022" momento="1ºT" tempo="27">Zaccardo comete falta em Magnin na esquerda de ataque da Suíça...</narracao>
    <narracao id="32024" momento="1ºT" tempo="28">... lance inusitado! Frei cobra a falta rasteiro para a entrada da área, mas a bola bate no árbitro.</narracao>
    <narracao id="32025" momento="1ºT" tempo="30">Frei penetra na área italiana pelo meio, tromba com o zagueiro Materazzi e árbitro marca falta do atacante da Suíça.</narracao>
    <gol id="32027" momento="1ºT" atletaId="7130" tempo="31" escudo="/FlashShow/0,,9468,00.swf" contra="0"> GOL DE DANIEL GYGAX  Meia avança com a bola dominada e solta a bomba da entrada da meia-lua da grande área. Amistoso empatado em Genebra!</gol>
    <narracao id="32028" momento="1ºT" tempo="33">A Itália está sem referência no meio-de-campo. Apenas troca passes laterais, enquanto a Suíça aproveita os espaços pelas laterais e melhora na partida.</narracao>
    <narracao id="32029" momento="1ºT" tempo="34">Falta perigosa para a Itália na entrada da meia-lua da grande área...</narracao>
    <narracao id="32031" momento="1ºT" tempo="35">... Pirlo cobra e a bola fica na barreira, que se adiantou.</narracao>
    <narracao id="32032" momento="1ºT" tempo="36">Frei é lançado pela esquerda e fica mano à mano com Cannavaro. Atacante penetra na área e chuta de canhota em cima do zagueiro italiano.</narracao>
    <narracao id="32034" momento="1ºT" tempo="37">PRESSÃO SUÍÇA! Magnin cruza bola da esquerda na marca do pênalti. Materazzi afasta de carrinho.</narracao>
    <narracao id="32035" momento="1ºT" tempo="38">Magnin tenta mais uma vez avançar pelo lado esquerdo, mas adianta demais a bola, que se perde pela linha de fundo.</narracao>
    <narracao id="32037" momento="1ºT" tempo="39">Francesco Totti, craque da Roma e da seleção italiana, está apagado na partida e não aparece para o jogo.</narracao>
    <narracao id="32039" momento="1ºT" tempo="40">Bola lançada para Frei na direita de ataque da Suíça. Árbitro marca impedimento do atacante.</narracao>
    <narracao id="32040" momento="1ºT" tempo="41">Materazzi lança Camoranesi pelo lado direito. A bola corre demais e se perde pela linha de fundo.</narracao>
    <narracao id="32043" momento="1ºT" tempo="43">Erra o árbitro! Gilardino é lançado em posição legal na intermediária da Suíça, mas bandeira assinala o impedimento.</narracao>
    <cartao id="32045" momento="1ºT" atletaId="11146" tempo="44" ico="/Portal/esportes/temporeal/swf/icos/cartao_amarelo.swf" cor="amarelo">Cristian Zaccardo - Lateral da Itália é punido após falta por trás em Magnin, no lado esquerdo da grande área.</cartao>
    <narracao id="32046" momento="1ºT" tempo="45">UUUUHHHH! Falta cobra da na área da Itália. Magnin desvia de cabeça e a bola sai com perigo, por cima do gol de Buffon.</narracao>
    <narracao id="32047" momento="1ºT" tempo="45">FIM DE PRIMEIRO TEMPO! Sem acréscimos, Suíça e Itália vão empatando por um a um, em Genebra.</narracao>
    <momento id="32048" momento="I">Show do intervalo</momento>
    <narracao id="32054" momento="I" tempo="0">A Suíça dominou o primeiro tempo, porém a Itália saiu na frente com Gilardino, após cruzamento de Grosso pela esquerda. A Suíça não sentiu o gol, continuou partindo para cima e conseguiu empatar com Gygax, após belo chute de fora da área, a meia altura, sem chances de defesa para Buffon. </narracao>
    <momento id="32058" momento="2ºT">Segundo tempo</momento>
    <substituicao id="32104" momento="2ºT" tempo="1" ico="/Portal/esportes/temporeal/swf/icos/substituicao.swf">Itália faz substituição: entra Luca Toni, sai Gilardino</substituicao>
    <substituicao id="32105" momento="2ºT" tempo="1" ico="/Portal/esportes/temporeal/swf/icos/substituicao.swf">Itália faz substituição: entra De Rossi, sai Camoranesi</substituicao>
    <substituicao id="32106" momento="2ºT" tempo="1" ico="/Portal/esportes/temporeal/swf/icos/substituicao.swf">Itália faz substituição: entra Vincenzo Iaquinta, sai Del Piero</substituicao>
    <substituicao id="32107" momento="2ºT" tempo="1" ico="/Portal/esportes/temporeal/swf/icos/substituicao.swf">Itália faz substituição: entra Oddo, sai Materazzi</substituicao>
    <substituicao id="32125" momento="2ºT" tempo="1" ico="/Portal/esportes/temporeal/swf/icos/substituicao.swf">Suíça faz substituição: entra Coltorti, sai Zuberbühler</substituicao>
    <narracao id="32062" momento="2ºT" tempo="2">De Rossi bate de muito longe com a perna esquerda, mas manda mal, longe do gol.</narracao>
    <narracao id="32074" momento="2ºT" tempo="7">Toni tenta a finalização, mas a bola vai fraco e Coltorti consegue a defesa sem problemas.</narracao>
    <narracao id="32075" momento="2ºT" tempo="11">Barnetta tenta invadir a área pela direita e cai. O juiz manda seguir o lance.</narracao>
    <narracao id="32076" momento="2ºT" tempo="14">Gygax tenta o ataque pela esquerda, mas a zaga consegue afastar sem problemas.</narracao>
    <substituicao id="32108" momento="2ºT" tempo="15" ico="/Portal/esportes/temporeal/swf/icos/substituicao.swf">Itália faz substituição: entra Bonera, sai Grosso</substituicao>
    <substituicao id="32126" momento="2ºT" tempo="15" ico="/Portal/esportes/temporeal/swf/icos/substituicao.swf">Suíça faz substituição: entra Yakin, sai Wicky</substituicao>
    <narracao id="32080" momento="2ºT" tempo="17">PERIGO!!! Toni tenta o ataque mas a defesa consegue afastar o perigo!!</narracao>
    <narracao id="32081" momento="2ºT" tempo="18">BOA!! Iaquinta pega de primeira para o gol. O goleiro suiço defende no centro do gol sem problemas.</narracao>
    <narracao id="32083" momento="2ºT" tempo="21">PERIGO!! Coltorti sai da área e faz falta em Iaquinta. É muito perto do gol!!</narracao>
    <cartao id="32084" momento="2ºT" atletaId="8607" tempo="21" ico="/Portal/esportes/temporeal/swf/icos/cartao_amarelo.swf" cor="amarelo">Fabio Coltorti - Pela falta, o goleiro recebe o cartão.</cartao>
    <narracao id="32086" momento="2ºT" tempo="22">MAL!! Totti cobra a falta na barreira. </narracao>
    <substituicao id="32127" momento="2ºT" tempo="25" ico="/Portal/esportes/temporeal/swf/icos/substituicao.swf">Suíça faz substituição: entra Grichting, sai Senderos</substituicao>
    <narracao id="32099" momento="2ºT" tempo="28">As duas seleções erram muitos passes e não conseguem criar chances reais de gol.</narracao>
    <cartao id="32102" momento="2ºT" atletaId="2244" tempo="29" ico="/Portal/esportes/temporeal/swf/icos/cartao_amarelo.swf" cor="amarelo">Gennaro Gattuso - Volante italiano faz falta duríssima e recebe o cartão.</cartao>
    <substituicao id="32109" momento="2ºT" tempo="30" ico="/Portal/esportes/temporeal/swf/icos/substituicao.swf">Itália faz substituição: entra Perrotta, sai Pirlo</substituicao>
    <narracao id="32110" momento="2ºT" tempo="32">O ritmo do jogo é bastante lento.</narracao>
    <narracao id="32112" momento="2ºT" tempo="34">Depois do levantamento na área, De Rossi manda de cabeça, mas a bola sobe demais, sem perigo. </narracao>
    <narracao id="32114" momento="2ºT" tempo="34">Depois do levantamento na área, De Rossi manda de cabeça, mas a bola sobe demais, sem perigo. </narracao>
    <narracao id="32116" momento="2ºT" tempo="35">Faltas: Suiça 14 e Itália 14.</narracao>
    <narracao id="32119" momento="2ºT" tempo="38">Djorou divide a bola pelo alto com Iaquinta e leva a pior. Ele é atendido fora do gramado e retona ao gramado.</narracao>
    <narracao id="32121" momento="2ºT" tempo="40">FALTA DURÍSSIMA!!!! De Rossi dá um pontapé criminoso no jogador suiço.</narracao>
    <narracao id="32124" momento="2ºT" tempo="44">Tentativa de ataque da Suiça. A zaga italiana consegue o corte.</narracao>
    <substituicao id="32128" momento="2ºT" tempo="45" ico="/Portal/esportes/temporeal/swf/icos/substituicao.swf">Suíça faz substituição: entra David Degen, sai Gygax</substituicao>
    <narracao id="32131" momento="2ºT" tempo="45">Dois minutos de acréscimo.</narracao>
    <narracao id="32130" momento="2ºT" tempo="46">UHHHH!! De Rossi se livra do zagueiro e chuta forte, mas a bola vai à direita do goleiro suiço.</narracao>
    <narracao id="32135" momento="2ºT" tempo="47">Fim de partida no estádio Praille, em Genebra. Itália 1 x 1 Suiça.</narracao>
    <momento id="32137" momento="E">Final de jogo</momento>
    <narracao id="32153" momento="E" tempo="0">Suiça e Itália não fizeram um bom amistoso em Genebra. Os gols da partida saíram no primeiro tempo. Na etapa final, muitos passes errados e entradas violentas, principalmente dos jogadores italianos.</narracao>
  </lances>
</lancealance>
