<?xml version="1.0" encoding="UTF-8"?>
<lancealance cobertura="1424" leitura="0">
  <placar>
    <equipe id="001" url="" nome="Boca Juniors" escudo="/FlashShow/0,,6512,00.swf" resultado="2" abreviacao="Boca Juniors"/>
    <equipe id="002" url="" nome="São Paulo" escudo="/FlashShow/0,,6600,00.swf" resultado="1" abreviacao="SPO"/>
  </placar>
  <lances>
    <narracao id="57041" momento="PJ" tempo="0">Boca Juniors e São Paulo se enfrentam às 22h.</narracao>
    <momento id="57042" momento="PJ">Pré-jogo</momento>
    <narracao id="57043" momento="PJ" tempo="0">No Boca Juniors, o técnico Alfio Basile aposta no trio ofensivo Cardozo, Palermo e Palácio para abrir vantagem dentro de casa e jogar com tranqüilidade no Morumbi. O comandante da equipe portenha também se despede do cargo, pois vai trabalhar exclusivamente no comando da seleção argentina.</narracao>
    <narracao id="57044" momento="PJ" tempo="0">No São Paulo, o técnico Muricy Ramalho não poderá contar com o atacante Leandro e o lateral-esquerdo Júnior, que estão em fase final de recuperação de lesões no tornozelo. Richarlyson assume a vaga na ala, e Thiago ganha nova oportunidade no ataque.</narracao>
    <narracao id="57045" momento="PJ" tempo="0">O Boca Juniors é o atual campeão da Recopa Sul-Americana. No ano passado, a equipe venceu o Once Caldas por 3 a 1, em Miami, em jogo único. Os argentinos conquistaram o torneio pela primeira vez em 89, superando na decisão o Atlético Nacional, da Colômbia.</narracao>
    <narracao id="57046" momento="PJ" tempo="0">O São Paulo foi bicampeão da Recopa Sul-Americana em 93 e 94, sob o comando do técnico Telê Santana. O primeiro título, também em sistema de jogos de ida e volta, foi conquistado em cima do Cruzeiro. Após dois empates sem gol, o Tricolor levantou a taça nos pênaltis, por 4 a 2. No ano seguinte, em apenas um duelo, em Kobe, no Japão, o time paulista derrotou o Botafogo por 3 a 1.</narracao>
    <narracao id="57047" momento="PJ" tempo="0">O regulamento da Recopa Sul-Americana é semelhante ao da Copa do Brasil. Quem somar o maior número de pontos levanta a taça. Em caso de uma vitória para cada lado, o critério de desempate são os gols marcados fora de casa. Se persistir a igualdade, a decisão vai para as cobranças de pênaltis.</narracao>
    <narracao id="57048" momento="PJ" tempo="0">O inédito tricampeonato da Recopa Sul-Americana é o objetivo de Boca Juniors e São Paulo, que começam a correr atrás do caneco hoje, às 22h, no estádio La Bombonera, em Buenos Aires.</narracao>
    <narracao id="57112" momento="PJ" tempo="0">Os dois times já estão em campo! Vai começar a final da Recopa Sul-Americana 2006!</narracao>
    <momento id="57113" momento="1ºT">Primeiro tempo</momento>
    <narracao id="57114" momento="1ºT" tempo="1">BOLA ROLANDO PARA O PRIMEIRO TEMPO!</narracao>
    <narracao id="57115" momento="1ºT" tempo="1">PRIMEIRO CHUTE! Danilo domina na intermediária de ataque e arrisca! O chute é fraco e a bola sai à esquerda do gol de Bobadilla.</narracao>
    <narracao id="57116" momento="1ºT" tempo="2">Palácio recebe na ponta direita e descola cruzamento para a área do São Paulo. Edcarlos aparece bem e corta de cabeça. </narracao>
    <narracao id="57117" momento="1ºT" tempo="4">Marino domina na ponta esquerda e cruza. Rogério Ceni sai bem do gol e defende.</narracao>
    <narracao id="57118" momento="1ºT" tempo="6">Lenílson domina no lado direito de ataque e tenta passe para Aloísio. Diaz chega com tudo e faz o desarme!</narracao>
    <narracao id="57119" momento="1ºT" tempo="7">Aloísio faz boa tabela com Lenílson e cruza na área do Boca. O zagueiro Diaz chega antes de Thiago e corta para escanteio ...</narracao>
    <narracao id="57120" momento="1ºT" tempo="9">NO TRAVESSÃO! Após cobrança de escanteio para a área do São Paulo, o zagueiro Diaz testa sozinho e manda no travessão do gol de Rogério Ceni!</narracao>
    <narracao id="57121" momento="1ºT" tempo="12">Krupoviesa cobra falta do lado direito de ataque e solta a bomba! O chute vai no meio do gol e Rogério defende em dois tempos!</narracao>
    <narracao id="57122" momento="1ºT" tempo="14">Palácio recebe na entrada da área e arrisca. O chute é fraco e a bola sai à esquerda do gol de Rogério Ceni.</narracao>
    <narracao id="57123" momento="1ºT" tempo="15">QUASE! Palermo recebe ótimo passe e domina na área do São Paulo, de costas para o gol. O atacante gira finalizando e Edcarlos trava o chute muito perigoso!</narracao>
    <narracao id="57124" momento="1ºT" tempo="17">Thiago domina no lado esquerdo de ataque e tenta tabela com Lenílson. O meia devolve mal!</narracao>
    <narracao id="57125" momento="1ºT" tempo="19">PAROU! Thiago Ribeiro recebe lançamento longo, domina livre na ponta esquerda, mas o árbitro pára o lance e marca o impedimento!</narracao>
    <narracao id="57126" momento="1ºT" tempo="20">UUUUUUH! Palácio recebe de Cardozo na entrada da área e chuta forte. A bola sai por pouco à esquerda do gol tricolor!</narracao>
    <narracao id="57127" momento="1ºT" tempo="23">Após boa troca de passes do ataque tricolor, Danilo recebe livre na ponta esquerda e chuta cruzado. O atacante Aloísio tenta desviar da pequena área, mas o árbitro marca o impedimento!</narracao>
    <narracao id="57128" momento="1ºT" tempo="26">Richarlyson pega uma sobra da zaga argentina e arrisca de primeira da ponta direita. O chute sai forte, mas a bola vai na rede pelo lado de fora!</narracao>
    <narracao id="57129" momento="1ºT" tempo="29">Lenílson domina na intermediária de ataque, adianta e solta a bomba. O chute sai forte, o goleiro Bobadilla defende em dois tempos!</narracao>
    <gol id="57131" momento="1ºT" atletaId="4430" tempo="30" escudo="/FlashShow/0,,6600,00.swf" contra="0"> GOL DE THIAGO RIBEIRO  É GOOOOOOOOOOOOOOOOOOOOL! Atacante domina no lado esquerdo de ataque e chuta rasteiro. O goleiro Bobadilla falha e a bola balança a rede do Boca! O SÃO PAULO ESTÁ NA FRENTE!</gol>
    <cartao id="57132" momento="1ºT" atletaId="8182" tempo="33" ico="/Portal/esportes/temporeal/swf/icos/cartao_amarelo.swf" cor="amarelo">Fernando Gago - Meia chuta a bola em cima de Richarlyson com o jogo parado e acaba punido com o cartão amarelo!</cartao>
    <narracao id="57133" momento="1ºT" tempo="34">SENTIU! O atacante Aloísio sente uma contusão e pede para ser substituído ...</narracao>
    <substituicao id="57151" momento="1ºT" tempo="35" ico="/Portal/esportes/temporeal/swf/icos/substituicao.swf">São Paulo faz substituição: entra Alex Dias, sai Aloísio</substituicao>
    <narracao id="57135" momento="1ºT" tempo="38">Mesmo com o seu time atrás do placar, a torcida do Boca canta muito alto e empurra os jogadores!</narracao>
    <narracao id="57136" momento="1ºT" tempo="41">POR POUCO! Após cruzamento rasteiro para a área do São Paulo, Palermo domina de frente para o gol e tenta o chute. Edcarlos chega travando e salva o Tricolor!</narracao>
    <cartao id="57137" momento="1ºT" atletaId="4409" tempo="43" ico="/Portal/esportes/temporeal/swf/icos/cartao_amarelo.swf" cor="amarelo">Edcarlos - Zagueiro segura Palácio e acaba punido com o cartão amarelo.</cartao>
    <narracao id="57138" momento="1ºT" tempo="46">TERMINA O PRIMEIRO TEMPO!</narracao>
    <momento id="57139" momento="I">Show do intervalo</momento>
    <narracao id="57140" momento="I" tempo="0">Thiago: - É importante sair na frente para poder se fechar e explorar os contra-ataques.</narracao>
    <narracao id="57141" momento="I" tempo="0">O São Paulo faz uma boa partida e vence com méritos. A equipe brasileira conseguiu segurar o Boca nos primeiros minutos e equilibrou a partida. O Tricolor contou com a ajuda do goleiro Bobadilla, que falhou no chute de Thiago, mas soube se defender nos momentos de perigo. No segundo tempo, o Boca deve vir com tudo!</narracao>
    <momento id="57142" momento="2ºT">Segundo tempo</momento>
    <substituicao id="57167" momento="2ºT" tempo="0" ico="/Portal/esportes/temporeal/swf/icos/substituicao.swf">Boca Juniors faz substituição: entra Ledesma, sai Battaglia</substituicao>
    <narracao id="57144" momento="2ºT" tempo="1">BOLA ROLANDO!</narracao>
    <narracao id="57145" momento="2ºT" tempo="3">Lenílson recebe na ponta esquerda, tenta o cruzamento, mas manda em cima da zaga.</narracao>
    <narracao id="57146" momento="2ºT" tempo="6">Cardozo domina no lado esquerdo de ataque e descola cruzamento rasteiro. O zagueiro Alex Silva aparece bem e faz o corte!</narracao>
    <narracao id="57147" momento="2ºT" tempo="7">TIRA A ZAGA! Cardozo cobra falta da ponta direita e levanta para a área. Edcarlos sobe bem e afasta de cabeça!</narracao>
    <gol id="57148" momento="2ºT" atletaId="6092" tempo="8" escudo="/FlashShow/0,,6512,00.swf" contra="0"> GOL DE PALÁCIO  É GOOOOOOOOOOOOOOOOOOOOOOOL! Atacante recebe ótimo passe, domina livre no lado direito da área tricolor e chuta forte. Rogério Ceni pula para o canto direito, mas a bola entra no meio do gol! TUDO IGUAL EM BUENOS AIRES!</gol>
    <narracao id="57149" momento="2ºT" tempo="12">Ledesma recebe bom passe na ponta esquerda e descola cruzamento rasteiro para a área. Fabão aparece bem e corta com os pés! O BOCA É MELHOR!</narracao>
    <narracao id="57150" momento="2ºT" tempo="14">Richarlyson recebe no lado esquerdo de ataque e arrisca. O chute é ruim e a bola sai por cima do gol!</narracao>
    <substituicao id="57152" momento="2ºT" tempo="16" ico="/Portal/esportes/temporeal/swf/icos/substituicao.swf">São Paulo faz substituição: entra Souza, sai Alex Dias</substituicao>
    <cartao id="57153" momento="2ºT" atletaId="5637" tempo="17" ico="/Portal/esportes/temporeal/swf/icos/cartao_amarelo.swf" cor="amarelo">Ledesma - Meia faz falta dura e acaba punido com o cartão amarelo.</cartao>
    <narracao id="57154" momento="2ºT" tempo="19">MAAAAAL! Ledesma recebe livre na entrada da área e arrisca. O chute é muito ruim e a bola sai longe do gol de Rogério Ceni!</narracao>
    <narracao id="57155" momento="2ºT" tempo="23">PERTO! Palácio domina no lado esquerdo de ataque, corta para o meio e chuta forte. A bola sai por pouco à direita de Rogério Ceni!</narracao>
    <narracao id="57156" momento="2ºT" tempo="26">Palácio invade a área do São Paulo pelo lado esquerdo, tenta o cruzamento rasteiro, mas a zaga consegue o corte!</narracao>
    <substituicao id="57168" momento="2ºT" tempo="28" ico="/Portal/esportes/temporeal/swf/icos/substituicao.swf">Boca Juniors faz substituição: entra Dátolo, sai Marino</substituicao>
    <gol id="57159" momento="2ºT" atletaId="6092" tempo="29" escudo="/FlashShow/0,,6512,00.swf" contra="0"> GOL DE PALÁCIO  É GOOOOOOOOOOOOOOOOOOOL! Dátolo arranca com a bola para o ataque e chuta rasteiro da entrada da área. O goleiro Rogério Ceni falha e solta a bola nos pés de Palácio. O atacante chuta com o gol vazio! O BOCA VIRA O JOGO!</gol>
    <narracao id="57160" momento="2ºT" tempo="30">Fabão cobra falta da intermediária e solta a bomba! A bola sai à esquerda do gol de Bobadilla!</narracao>
    <narracao id="57161" momento="2ºT" tempo="31">QUASE! Dátolo invade a área tricolor pelo lado esquerdo, tenta o chute, mas Alex Silva dá um carrinho na bola e salva!</narracao>
    <narracao id="57162" momento="2ºT" tempo="32">MAL! Palermo recebe livre na entrada da área, mas chuta mal. A bola sai à esquerda!</narracao>
    <narracao id="57163" momento="2ºT" tempo="34">O São Paulo voltou muito mal para o segundo tempo!</narracao>
    <narracao id="57164" momento="2ºT" tempo="37">UUUUUUH! Palácio recebe no lado direito de ataque, carrega para a entrada da área e fuzila! A bola passa muito perto, mas sai por cima!</narracao>
    <narracao id="57165" momento="2ºT" tempo="39">PERDEU! Dátolo domina na entrada da área e descola ótimo passe para Palácio na área. O atacante pega de primeira, mas manda por cima! GRANDE CHANCE!</narracao>
    <narracao id="57166" momento="2ºT" tempo="42">Danilo recebe no lado esquerdo de ataque e levanta para a área. Mineiro aparece para concluir de cabeça, mas manda por cima!</narracao>
    <substituicao id="57169" momento="2ºT" tempo="44" ico="/Portal/esportes/temporeal/swf/icos/substituicao.swf">Boca Juniors faz substituição: entra Franzoia, sai Cardozo</substituicao>
    <narracao id="57170" momento="2ºT" tempo="44">MAIS DOIS! O árbitro aponta dois minutos de acréscimo na etapa final!</narracao>
    <narracao id="57171" momento="2ºT" tempo="45">POR CIMA! Thiago recebe bom passe no lado esquerdo de ataque e arrisca. A bola sai por cima do gol de Bobadilla!</narracao>
    <cartao id="57172" momento="2ºT" atletaId="7937" tempo="46" ico="/Portal/esportes/temporeal/swf/icos/cartao_amarelo.swf" cor="amarelo">Krupoviesa - Meia faz falta dura e acaba punido com o cartão amarelo.</cartao>
    <narracao id="57173" momento="2ºT" tempo="47">TERMINA A PARTIDA! O BOCA VENCE O SÃO PAULO DE VIRADA!</narracao>
    <momento id="57174" momento="E">Final de jogo</momento>
  </lances>
</lancealance>
