<?xml version="1.0" encoding="UTF-8"?>
<lancealance cobertura="1049" leitura="0">
  <placar>
    <equipe id="001" url="" nome="Portuguesa" escudo="/FlashShow/0,,23858,00.swf" resultado="0" abreviacao="Portuguesa"/>
    <equipe id="002" url="" nome="Guarani" escudo="/FlashShow/0,,7245,00.swf" resultado="1" abreviacao="Guarani"/>
  </placar>
  <lances>
    <momento id="33302" momento="PJ">Pré-jogo</momento>
    <narracao id="33304" momento="PJ" tempo="0">Sem marcar gols há dois jogos, o Guarani espera voltar a balançar as redes contra a segunda pior defesa da competição, com 15 gols sofridos. Mas, mesmo sabendo da fragilidade do adversário, o técnico do Bugre, Waguinho Dias, resolveu se precaver. Para encarar a Lusa o time vai entrar em campo no esquema 3-5-2.</narracao>
    <narracao id="33303" momento="PJ" tempo="0">Depois da última derrota, a Lusa terá mudanças. Apesar de não ter jogador machucado ou suspenso, o técnico Barbieri preferiu não divulgar a escalação. O meia Cléber não deverá jogar, pois quer sair do clube. No seu lugar, jogará Fabrício. Com isso, Diogo volta ao meio-de-campo.</narracao>
    <momento id="33305" momento="1ºT">Primeiro tempo</momento>
    <narracao id="33306" momento="1ºT" tempo="1">TEM BOLA ROLANDO NO CANINDÉ!</narracao>
    <narracao id="33307" momento="1ºT" tempo="5">MAL! Claiton puxa contra-ataque para a Lusa, mas erra passe fácil.</narracao>
    <cartao id="33308" momento="1ºT" atletaId="6448" tempo="8" ico="/Portal/esportes/temporeal/swf/icos/cartao_amarelo.swf" cor="amarelo">Rogério - Zagueiro faz falta dura e acaba punido com o cartão amarelo.</cartao>
    <narracao id="33309" momento="1ºT" tempo="10">INACREDITÁVEL! Diogo invade a área do Bugre pelo lado direito e chuta forte, o goleiro Fernando solta nos pés de Fabrício, que de dentro da pequena área, manda por cima!</narracao>
    <narracao id="33310" momento="1ºT" tempo="13">Diogo apoia pelo lado direito, chega à linha de fundo e cruza rasteiro. O goleiro Fernando sai bem e defende.</narracao>
    <narracao id="33311" momento="1ºT" tempo="14">PASSES ERRADOS : Lusa 3 x 8 Bugre.</narracao>
    <narracao id="33312" momento="1ºT" tempo="16">OPA! Fabrício penetra a área do Bugre, pelo lado esquerdo, recebe marcação de Rogério e cai. O atacante fica pedindo o pênalti, mas o árbitro não marca.</narracao>
    <narracao id="33313" momento="1ºT" tempo="20">Diogo domina na intermediária e arrisca de longe. O chute sai forte e o goleiro Fernando defende em dois tempos.</narracao>
    <narracao id="33314" momento="1ºT" tempo="24">NA ZAGA! Edmílson recebe lançamento longo, domina na entrada da área da Lusa e chuta. A bola explode na zaga!</narracao>
    <narracao id="33315" momento="1ºT" tempo="27">QUASE! Deivid recebe na entrada da área da Lusa e chuta forte. O goleiro Felipe faz ótima defesa!</narracao>
    <narracao id="33316" momento="1ºT" tempo="34">POR POUCO! Santiago apoia pelo lado direito e cruza para a área do Bugre. Cleison ajeita de cabeça para Diogo. O atacante chuta da entrada da pequena área e Fernando faz defesa incrível!</narracao>
    <narracao id="33317" momento="1ºT" tempo="38">Mariano apoia e cruza para a área da Lusa. O atacante Éder sobe bem, mas testa para fora.</narracao>
    <narracao id="33318" momento="1ºT" tempo="41">PASSES ERRADOS: Lusa 14 x 22 Bugre.</narracao>
    <narracao id="33319" momento="1ºT" tempo="45">SEM ACRÉSCIMO! Termina o primeiro tempo!</narracao>
    <momento id="33320" momento="I">Show do intervalo</momento>
    <narracao id="33321" momento="I" tempo="0">Poucos lances de gol no primeiro tempo. As duas equipes erraram muitos passes e não conseguiram atacar com perigo.</narracao>
    <momento id="33322" momento="2ºT">Segundo tempo</momento>
    <narracao id="33323" momento="2ºT" tempo="1">COMEÇA O SEGUNDO TEMPO!</narracao>
    <gol id="33324" momento="2ºT" atletaId="10130" tempo="7" escudo="/FlashShow/0,,7245,00.swf" contra="0"> GOL DE ÉDER  Edmílson arrisca chute de dentro da área. O goleiro Felipe solta nos pés do atacante que manda para o fundo do gol.</gol>
    <narracao id="33325" momento="2ºT" tempo="12">Diogo arrisca da intermediária. O chute sai fraco e Fernando faz defesa fácil.</narracao>
    <narracao id="33326" momento="2ºT" tempo="19">QUASE! Joãozinho apoia pelo lado esquerdo e cruza para a área do Bugre. O atacante Diogo sobe bem e testa rente à trave! </narracao>
    <narracao id="33327" momento="2ºT" tempo="24">BOA DEFESA! Edmílson recebe de Éder na entrada da área e dá uma bomba. O goleiro Felipe cai bem e faz ótima defesa! </narracao>
    <narracao id="33328" momento="2ºT" tempo="29">Jackson recebe na entrada da área e chuta por cima do gol de Fernando.</narracao>
    <cartao id="33329" momento="2ºT" atletaId="10130" tempo="36" ico="/Portal/esportes/temporeal/swf/icos/cartao_amarelo.swf" cor="amarelo">Éder - Por reclamação</cartao>
    <substituicao id="33330" momento="2ºT" tempo="39" ico="/Portal/esportes/temporeal/swf/icos/substituicao.swf">Guarani faz substituição: entra Adeílson, sai Éder</substituicao>
    <narracao id="33331" momento="2ºT" tempo="40">MAL! Leonardo recebe no lado esquerdo de ataque e arrisca. O chute é muito ruim e a bola sai por cima do gol de Fernando!</narracao>
    <narracao id="33332" momento="2ºT" tempo="43">POR CIMA! Joãozinho faz jogada individual pela ponta direita e chuta forte. A bola sai por cima do gol!</narracao>
    <narracao id="33333" momento="2ºT" tempo="47">GRANDE DEFESA! Claiton recebe na entrada da área e dá um lindo chute. A bola vai no ângulo, mas o goleiro Fernando defende!</narracao>
    <narracao id="33334" momento="2ºT" tempo="48">TERMINA O JOGO!</narracao>
    <momento id="33335" momento="E">Final de jogo</momento>
  </lances>
</lancealance>
