<?xml version="1.0" encoding="UTF-8"?>
<lancealance cobertura="1174" leitura="0">
  <placar>
    <equipe id="001" url="" nome="São Caetano" escudo="/FlashShow/0,,7262,00.swf" resultado="1" abreviacao="SCA"/>
    <equipe id="002" url="" nome="Botafogo" escudo="/FlashShow/0,,7240,00.swf" resultado="1" abreviacao="BOT"/>
  </placar>
  <lances>
    <narracao id="43356" momento="PJ" tempo="0">São Caetano e Botafogo se enfrentam às 21h45m.</narracao>
    <momento id="43357" momento="PJ">Pré-jogo</momento>
    <narracao id="43359" momento="PJ" tempo="0">Em relação ao time que empatou em 1 a 1 com o Grêmio, o São Caetano terá algumas alterações. Na lateral-esquerda, Triguinho retoma a posição de titular no lugar de Claudinho. Leão não poderá contar com o volante Rafael Muçamba, suspenso e Maxsuel, lesionado no joelho esquerdo.</narracao>
    <narracao id="43360" momento="PJ" tempo="0">Nos últimos quatro clubes que comandou no futebol brasileiro, Santos, Cruzeiro, São Paulo e Palmeiras, o primeiro jogo de Leão nos Nacionais acabou com vitória para seus times.</narracao>
    <narracao id="43361" momento="PJ" tempo="0">O maior reforço da equipe do ABC para esta retomada do Brasileirão está no banco: o técnico Emerson Leão. O Botafogo confia no artilheiro Dodô para alcançar um bom resultado na casa do adversário.</narracao>
    <narracao id="43362" momento="PJ" tempo="0">Os dias de interrupção serviram para o técnico tentar botar ordem em General Severiano. Além de treinar a parte física, os amistosos realizados no período de preparação em Itu serviram para fazer observações, recuperar atletas e integrar novas contratações ao elenco.</narracao>
    <narracao id="43363" momento="PJ" tempo="0">Nos treinamentos de segunda e desta terça-feira, realizados em Itu, o técnico Cuca utilizou o esquema 4-4-2, no lugar do 3-5-2. Provalvelmente esta será a armação utilizada para enfrentar o time paulista.</narracao>
    <narracao id="43364" momento="PJ" tempo="0">Depois de 38 dias se preparando para a competição, Cuca está bem otimista quanto ao desempenho do Botafogo em sua reestréia. Segundo o treinador, a equipe de General Severiano não está 100%, mas certamente é o grupo que mais se preparou para a reabertura do Brasileiro.</narracao>
    <narracao id="43365" momento="PJ" tempo="0">O Botafogo ocupa a 16ª colocação, com dez pontos, e o Azulão está com um ponto a mais, na 15ª posição. Os times não podem nem pensar em perder, pois o resultado negativo pode significar uma passagem para a zona de rebaixamento.</narracao>
    <momento id="43719" momento="1ºT">Primeiro tempo</momento>
    <narracao id="43721" momento="1ºT" tempo="1">ROLA A BOLA PARA O PRIMEIRO TEMPO!</narracao>
    <narracao id="43725" momento="1ºT" tempo="1">PRIMEIRO ATAQUE! O atacante Igor recebe no lado esquerdo, invade a área do Botafogo e chuta cruzado. A bola sai à esquerda do gol de Lopes.</narracao>
    <narracao id="43732" momento="1ºT" tempo="3">UUUUUUH! O meia Joílson recebe na intermediária de ataque e arrisca para o gol. O chute é muito forte e a bola sai rente à trave do gol de Mauro. </narracao>
    <video id="43773" momento="1ºT" video="502614"> Veja o vídeo:  3' Joílson chuta com perigo.</video>
    <narracao id="43739" momento="1ºT" tempo="5">TIRA A ZAGA! O lateral Anderson Lima recebe de Elton e cruza para a área do Botafogo. O zagueiro Scheidt aparece bem e afasta de cabeça.</narracao>
    <narracao id="43751" momento="1ºT" tempo="10">QUASE O PRIMEIRO! O atacante Wellinton Amorim recebe no lado esquerdo de ataque, invade a área do Botafogo e chuta cruzado. O goleiro Lopes cai bem e faz grande defesa para o Botafogo!</narracao>
    <narracao id="43759" momento="1ºT" tempo="12">Elton recebe lançamento longo e domina na ponta esquerda. O meia tenta cruzamento rasteiro para a área e o zagueiro Rafael Marques aparece para cortar mais uma.</narracao>
    <narracao id="43765" momento="1ºT" tempo="13">É PÊNALTI!!!!!!!!! O atacante Wellinton Amorim recebe passe em profundidade, invade a área do Bota e é derrubado por Lopes. O árbitro marca o pênalti para o São Caetano!</narracao>
    <cartao id="43782" momento="1ºT" atletaId="6365" tempo="14" ico="/Portal/esportes/temporeal/swf/icos/cartao_amarelo.swf" cor="amarelo">Lopes - O goleiro leva o amarelo pelo pênalti cometido.</cartao>
    <gol id="43769" momento="1ºT" atletaId="9382" tempo="15" escudo="/FlashShow/0,,7262,00.swf" contra="0"> GOL DE ANDERSON LIMA  GOOOOOOOOOOOOOL! O lateral cobra muito bem, rasteiro e no canto direito. Lopes pula para o canto esquerdo e apenas observa a bola entrar. O SÃO CAETANO ESTÁ NA FRENTE!</gol>
    <video id="43769v" momento="1ºT" video="502622"> Veja o vídeo: Gol de Anderson Lima.  15' GOOOOOOOOOOOOOL! O lateral cobra muito bem, rasteiro e no canto direito. Lopes pula para o canto esquerdo e apenas observa a bola entrar. O SÃO CAETANO ESTÁ NA FRENTE!</video>
    <cartao id="43785" momento="1ºT" atletaId="5730" tempo="18" ico="/Portal/esportes/temporeal/swf/icos/cartao_amarelo.swf" cor="amarelo">Canindé - Meia faz falta dura em Claiton e é punido com o cartão amarelo.</cartao>
    <cartao id="43790" momento="1ºT" atletaId="12822" tempo="21" ico="/Portal/esportes/temporeal/swf/icos/cartao_amarelo.swf" cor="amarelo">Daniel - Meia faz falta dura e recebe o cartão amarelo.</cartao>
    <narracao id="43795" momento="1ºT" tempo="23">BOA CHANCE! O meia Joílson domina no lado esquerdo de ataque e é derrubado. O árbitro marca a falta e é chance de cruzamento para a área do São Caetano.</narracao>
    <narracao id="43798" momento="1ºT" tempo="24">MAAAL! O lateral Júnior César cobra a falta direto nas mãos do goleiro Mauro. </narracao>
    <cartao id="43799" momento="1ºT" atletaId="5076" tempo="25" ico="/Portal/esportes/temporeal/swf/icos/cartao_amarelo.swf" cor="amarelo">Reinaldo - Atacante faz falta dura e acaba punido com o cartão amarelo.</cartao>
    <narracao id="43804" momento="1ºT" tempo="26">POR CIMA! Elton desce pelo lado esquerdo e cruza rasteiro. A zaga alvinegra afasta mal e manda nos pés de Andreson Lima na entrada da área. O lateral chuta forte, de primeira, mas manda por cima do gol de Lopes.</narracao>
    <video id="43842" momento="1ºT" video="502630"> Veja o vídeo:  26' Anderson Lima chuta por cima do gol de Lopes.</video>
    <narracao id="43809" momento="1ºT" tempo="27">O meia Zé Roberto recebe na entrada da área do Azulão e arrisca para o gol. A bola desvia na zaga e sai pela linha de fundo. É escanteio para o Botafogo...</narracao>
    <narracao id="43814" momento="1ºT" tempo="28">...O escanteio é cobrado para Joílson no lado direito da área do São Caetano. O meia tenta cruzamento, mas pega mal. A bola vai direto para a linha de fundo.</narracao>
    <narracao id="43823" momento="1ºT" tempo="31">POR CIMA! O atacante Reinaldo recebe na intermediária de ataque, tabela com Dodô e arrisca. O chuta não é bom e a bola acaba saindo por cima do gol de Mauro.</narracao>
    <cartao id="43826" momento="1ºT" atletaId="3945" tempo="33" ico="/Portal/esportes/temporeal/swf/icos/cartao_amarelo.swf" cor="amarelo">Claiton - Meia recebe o amarelo por reclamação.</cartao>
    <narracao id="43830" momento="1ºT" tempo="35">MAAAL! Júnior César recebe no meio, tenta lançamento para Dodô, mas manda muito forte. A bola acaba saindo pela linha de fundo. </narracao>
    <narracao id="43839" momento="1ºT" tempo="38">PAROU! O atacante Igor recebe sozinho na entrada da área do Bota e fica de frente para Lopes. O árbitro pára o lance e marca a posição de impedimento.</narracao>
    <narracao id="43850" momento="1ºT" tempo="42">Anderson Lima recebe no lado esquerdo de ataque e tenta ceuzamento para a área. A bola desvia na zaga a sai pela linha de fundo. É escanteio para o Azulão...</narracao>
    <narracao id="43855" momento="1ºT" tempo="43">...SAIU BEM! Anderson Lima cobra escanteio para a área do Bota e o goleiro Lopes sai bem do gol e tira de soco.</narracao>
    <narracao id="43856" momento="1ºT" tempo="45">MAIS DOIS! O árbitro aponta dois minutos de acréscimo no primeiro tempo.</narracao>
    <narracao id="43859" momento="1ºT" tempo="47">TERMINA O PRIMEIRO TEMPO!</narracao>
    <momento id="43860" momento="I">Show do intervalo</momento>
    <narracao id="43869" momento="I" tempo="0">DODÔ: "Nós já sabíamos que o São Caetano ia pressionar no início da partida, mas eles deram sorte em fazer o gol. Nós temos que melhorar a nossa movimentação para tentar virar o jogo no segundo tempo".</narracao>
    <narracao id="43870" momento="I" tempo="0">LEÃO: "Estou contente com o time, os jogadores estão dando o máximo. Nós tivemos chances para ampliar e poderíamos ter aproveitado, mas o saldo da primeira etapa é positivo".</narracao>
    <momento id="43880" momento="2ºT">Segundo tempo</momento>
    <substituicao id="43917" momento="2ºT" tempo="0" ico="/Portal/esportes/temporeal/swf/icos/substituicao.swf">São Caetano faz substituição: entra Leandro Lima, sai Igor</substituicao>
    <substituicao id="43948" momento="2ºT" tempo="0" ico="/Portal/esportes/temporeal/swf/icos/substituicao.swf">Botafogo faz substituição: entra Marcelinho, sai Reinaldo</substituicao>
    <narracao id="43885" momento="2ºT" tempo="1">ROLA A BOLA PARA O SEGUNDO TEMPO!</narracao>
    <narracao id="43895" momento="2ºT" tempo="5">Wellinton Amorim recebe lançamento longo na ponta direita, mas comete falta  no zagueiro Scheidt.</narracao>
    <cartao id="43971" momento="2ºT" atletaId="6242" tempo="5" ico="/Portal/esportes/temporeal/swf/icos/cartao_amarelo.swf" cor="amarelo">Thiago Martinelli - Zagueiro faz falta dura e é punido com o cartão amarelo.</cartao>
    <narracao id="43900" momento="2ºT" tempo="7">Ataliba cobra falta da intermediária de ataque, tenta cruzamento para a área do São Caetano, mas manda direto nas mãos do goleiro Mauro.</narracao>
    <narracao id="43902" momento="2ºT" tempo="9">SAIU BEM! O lateral Anderson Lima cobra falta do lado direito de ataque e levanta para a área do Bota. O goleiro Lopes sai bem do gol e recupera.</narracao>
    <cartao id="43903" momento="2ºT" atletaId="11371" tempo="10" ico="/Portal/esportes/temporeal/swf/icos/cartao_amarelo.swf" cor="amarelo">Leandro Lima - Meia faz falta dura e é punido com o cartão amarelo.</cartao>
    <cartao id="43904" momento="2ºT" atletaId="5919" tempo="11" ico="/Portal/esportes/temporeal/swf/icos/cartao_amarelo.swf" cor="amarelo">Ataliba - Meia faz falta dura e acaba punido com o cartão amarelo.</cartao>
    <narracao id="43909" momento="2ºT" tempo="12">MAAAL! O meia Elton faz ótima jogada individual na ponta esquerda, invade a área do Bota e cruza para trás. Leandro Lima aparece livre para concluir, mas domina quando deveria chutar e acaba desarmado.</narracao>
    <cartao id="43969" momento="2ºT" atletaId="6384" tempo="12" ico="/Portal/esportes/temporeal/swf/icos/cartao_amarelo.swf" cor="amarelo">Marabá - Meia faz falta dura e é punido com o cartão amarelo.</cartao>
    <narracao id="43913" momento="2ºT" tempo="14">FRACO! Dodô recebe no meio, carrega para a entrada da área e arrisca. O chuta sai muito fraco e a bola sai à esquerda do gol de Mauro.</narracao>
    <substituicao id="43918" momento="2ºT" tempo="16" ico="/Portal/esportes/temporeal/swf/icos/substituicao.swf">São Caetano faz substituição: entra Ivan, sai Canindé</substituicao>
    <narracao id="43924" momento="2ºT" tempo="18">Após cobrança de escanteio para a área do São Caetano, o meia Ataliba aparece livre para concluir, mas não consegue dominar a bola e perde boa chance para o Botafogo.</narracao>
    <narracao id="43930" momento="2ºT" tempo="20">PAROU! O meia Elton recebe passe em profundidade e fica de frente para o goleiro Lopes. O árbitro pára o lance e marca a posição de impedimento.</narracao>
    <narracao id="43935" momento="2ºT" tempo="22">QUASE! Dodô recebe bom passe e fica de frente para o goleiro Mauro. O atacante dá um corte no goleiro, mas chuta muito fraco. A zaga afasta nos pés de Ataliba na entrada da área e o meia chuta por cima do gol.</narracao>
    <video id="43989" momento="2ºT" video="502678"> Veja o vídeo:  22' Dodô e Ataliba perdem boas chances para o Bota.</video>
    <substituicao id="43949" momento="2ºT" tempo="24" ico="/Portal/esportes/temporeal/swf/icos/substituicao.swf">Botafogo faz substituição: entra Capixaba, sai Ataliba</substituicao>
    <cartao id="43939" momento="2ºT" atletaId="6626" tempo="25" ico="/Portal/esportes/temporeal/swf/icos/cartao_amarelo.swf" cor="amarelo">Elton - Meia chuta para o gol com o jogo parado e acaba punido com o cartão amarelo.</cartao>
    <substituicao id="43950" momento="2ºT" tempo="28" ico="/Portal/esportes/temporeal/swf/icos/substituicao.swf">Botafogo faz substituição: entra Felipe Adão, sai Joílson</substituicao>
    <narracao id="43957" momento="2ºT" tempo="30">MAAAAAAAL! Zé Roberto recebe no lado esquerdo de ataque, carrega para o meio e tenta a finalização. O chute sai muito ruim e a bola vai muito longo do gol de Mauro.</narracao>
    <cartao id="43961" momento="2ºT" atletaId="12750" tempo="31" ico="/Portal/esportes/temporeal/swf/icos/cartao_amarelo.swf" cor="amarelo">Mauro - Goleiro recebe o cartão amarelo por reclamação.</cartao>
    <narracao id="43975" momento="2ºT" tempo="34">O Botafogo está melhor neste momento. A equipe carioca tem mais a posse de bola, mas demonstra dificuldade em criar chances reais de gol.</narracao>
    <narracao id="43977" momento="2ºT" tempo="37">PAROU! O meia Daniel recebe lançamento longo e domina na área do Botafogo. O árbitro pára o lance e marca a posição de impedimento.</narracao>
    <narracao id="43985" momento="2ºT" tempo="39">PARA FORA! Capixaba recebe no lado direito de ataque, na entrada da área, e chuta forte. A bola acaba saindo à esquerda do gol de Mauro.</narracao>
    <narracao id="43986" momento="2ºT" tempo="41">FALTAS COMETIDAS: São Caetano 24 - Botafogo 24</narracao>
    <narracao id="43993" momento="2ºT" tempo="43">PASSES ERRADOS: São Caetano 26 - Botafogo 41</narracao>
    <narracao id="43996" momento="2ºT" tempo="45">MAIS TRÊS! O árbitro aponta três minutos de acréscimo na etapa final.</narracao>
    <narracao id="44007" momento="2ºT" tempo="46">É PÊNALTI PARA O BOTAFOGO! Dodô recebe ótimo passe na área do São Caetano, domina no peito e é derrubado por Marabá. O árbitro marca o pênalti para o Botafogo!</narracao>
    <cartao id="44012" momento="2ºT" atletaId="6384" tempo="47" ico="/Portal/esportes/temporeal/swf/icos/cartao_vermelho.swf" cor="vermelho">Marabá - Meia comete pênalti e acaba expulso da partida.</cartao>
    <gol id="44010" momento="2ºT" atletaId="27" tempo="48" escudo="/FlashShow/0,,7240,00.swf" contra="0"> GOL DE DODÔ  É GOOOOOOOOOOOOOOOL! Atacante cobra no alto e no lado esquerdo. O goleiro Mauro pula no canto certo, mas não consegue alcançar. TUDO IGUAL!!!</gol>
    <narracao id="44013" momento="2ºT" tempo="48">TERMINA O JOGO!</narracao>
    <momento id="44016" momento="E">Final de jogo</momento>
    <narracao id="44020" momento="E" tempo="0">O São Caetano se acomodou com o resultado e recuou muito na etapa final. O Botafogo dominou as ações no segundo tempo, mas demonstrou dificuldade em criar chances reais de gol. O empate saiu no último minuto após pênalti de Marabá sobre Dodô.</narracao>
  </lances>
</lancealance>
