<?xml version="1.0" encoding="UTF-8"?>
<lancealance cobertura="1218" leitura="0">
  <placar>
    <equipe id="001" url="" nome="Ponte Preta" escudo="/FlashShow/0,,7275,00.swf" resultado="1" abreviacao="PON"/>
    <equipe id="002" url="" nome="São Paulo" escudo="/FlashShow/0,,6600,00.swf" resultado="3" abreviacao="SPO"/>
  </placar>
  <lances>
    <momento id="46214" momento="PJ">Pré-jogo</momento>
    <narracao id="46215" momento="PJ" tempo="0">Duelo de paulistas em Campinas!</narracao>
    <narracao id="46216" momento="PJ" tempo="0">A Ponte Preta recebe o São Paulo no Moisés Lucarelli, às 16:00!</narracao>
    <narracao id="46217" momento="PJ" tempo="0">Alguns desfalques na Macaca: Nei e Ricardo Conceição estão suspensos, Luciano Baiano e Rafael Santos estão machucados. O clube não faz boa campanha e precisa da vitória para se afastar da zona de rebaixamento. Desde o retorno após a Copa, a Ponte perdeu as duas partidas que disputou, mas venceu o Figueirense por 3 a 0 na última partida em Campinas. </narracao>
    <narracao id="46218" momento="PJ" tempo="0">O Tricolor defende a liderança com uma equipe reserva. Muricy Ramalho vai poupar os titulares para o primeiro jogo das semifinais da Taça Libertadores. Apenas o goleiro Rogério Ceni continua na equipe. Mesmo sem a força principal, a dupla de ataque formada por Alex Dias e Thiago merece respeito, pois já marcaram 11 gols cada na temporada, apenas um a menos que Danilo, o artilheiro do ano. Com a derrota do Cruzeiro e o empate do Fluminense no sábado, uma vitória leva a equipe são-paulina a se distanciar na ponta.  </narracao>
    <momento id="46226" momento="1ºT">Primeiro tempo</momento>
    <narracao id="46227" momento="1ºT" tempo="0">COMEÇA A PARTIDA NO MOISÉS LUCARELLI!</narracao>
    <narracao id="46228" momento="1ºT" tempo="1">Luís Mário tenta lançar Tuto na área, Rogério Ceni sai do gol e defende.</narracao>
    <narracao id="46229" momento="1ºT" tempo="2">Lenílson cruza da esquerda, a bola desvia na zaga e sai para córner...</narracao>
    <narracao id="46230" momento="1ºT" tempo="2">... A zaga corta de cabeça.</narracao>
    <narracao id="46237" momento="1ºT" tempo="4">Caio cruza da direita, Lúcio trava de carrinho, e o escanteio para a Ponte está marcado...</narracao>
    <narracao id="46238" momento="1ºT" tempo="5">... A zaga são-paulina afasta.</narracao>
    <narracao id="46241" momento="1ºT" tempo="8">PRIMEIRO CHUTE! Thiago recebe de Alex Dias na grande área, mas bate fraco nas mãos de Jean.</narracao>
    <video id="46274" momento="1ºT" video="508884"> Veja o vídeo:  8' Thiago tenta o chute, Jean pega.</video>
    <narracao id="46244" momento="1ºT" tempo="9">É PÊNALTI PARA A PONTE PRETA!! Luís Mário recebe ótimo passe na grande área, tenta o drible em Rogério Ceni e é derrubado pelo goleiro. </narracao>
    <narracao id="46247" momento="1ºT" tempo="10">PEGOU MAS NÃO VALEU! Rogério Ceni defende chute de Tuto em seu canto esquerdo, mas o assistente marca um adiantamento irregular do goleiro antes da batida.</narracao>
    <gol id="46250" momento="1ºT" atletaId="9730" tempo="11" escudo="/FlashShow/0,,7275,00.swf" contra="0"> GOL DE TUTO  GOOOOOL!!! É DA PONTE PRETA!! Boa cobrança rasteira no canto direito do goleiro, que pula certo mas não alcança a bola.</gol>
    <video id="46250v" momento="1ºT" video="508886"> Veja o vídeo: Gol de Tuto.  11' GOOOOOL!!! É DA PONTE PRETA!! Boa cobrança rasteira no canto direito do goleiro, que pula certo mas não alcança a bola.</video>
    <narracao id="46253" momento="1ºT" tempo="14">Thiago finta dois adversários, invade a área, mas pega mal na bola e manda para fora.</narracao>
    <video id="46276" momento="1ºT" video="508887"> Veja o vídeo:  14' Thiago faz boa jogada, mas chuta para fora.</video>
    <narracao id="46257" momento="1ºT" tempo="15">Luís Mário cobra falta no segundo pau, Iran aparece livre, mas não pega bem na bola. </narracao>
    <video id="46285" momento="1ºT" video="508888"> Veja o vídeo:  15' Iran aparece livre, mas pega mal na bola.</video>
    <narracao id="46261" momento="1ºT" tempo="17">Ilsinho faz boa jogada, mas aprofunda demais o passe. A bola sobra para o goleiro Jean.</narracao>
    <narracao id="46264" momento="1ºT" tempo="18">Falta de Luís Carlos em Richarlyson, no campo de ataque tricolor... </narracao>
    <narracao id="46266" momento="1ºT" tempo="19">... RÍDICULO! Thiago e Lúcio não se entendem em tentativa de jogada ensaiada. A bola sobra para a equipe adversária.</narracao>
    <narracao id="46270" momento="1ºT" tempo="22">Falta de Preto em Thiago...</narracao>
    <narracao id="46271" momento="1ºT" tempo="22">... Lúcio cobra na área da Ponte, Jean corta de soco.</narracao>
    <narracao id="46278" momento="1ºT" tempo="25">Ilsinho pedala na ponta direita e cruza para a área. Bola desvia em Iran e sobra para o goleiro Jean.</narracao>
    <narracao id="46283" momento="1ºT" tempo="29">Alex Dias pega rebote de córner e manda por cima do gol.</narracao>
    <narracao id="46288" momento="1ºT" tempo="30">Luís Mário cobra falta na área, Richarlyson corta de cabeça.</narracao>
    <narracao id="46289" momento="1ºT" tempo="31">Iran dá chapéu em Ilsinho, mas perde a bola para Thiago. </narracao>
    <narracao id="46293" momento="1ºT" tempo="32">Falta cobrada na área da Ponte, Jean sai mal do gol e Alex Silva desvia de cabeça sobre o travessão.</narracao>
    <narracao id="46298" momento="1ºT" tempo="34">Emerson recebe no campo de ataque, finta Alex Silva por baixo das pernas, mas perde a bola para o próximo marcador.</narracao>
    <narracao id="46300" momento="1ºT" tempo="35">Lúcio cruza da esquerda, bola desvia em Caio e sai para córner...</narracao>
    <narracao id="46303" momento="1ºT" tempo="36">... Jean defende firme a cobrança.</narracao>
    <narracao id="46304" momento="1ºT" tempo="36">Lenílson arrisca de longe para fora.</narracao>
    <video id="46321" momento="1ºT" video="508902"> Veja o vídeo:  36' Lenilson chuta para fora.</video>
    <narracao id="46307" momento="1ºT" tempo="37">Falta perigosa de Tiago Matias em Thiago... </narracao>
    <narracao id="46309" momento="1ºT" tempo="38">... Lúcio cruza, a zaga desvia para lateral.</narracao>
    <narracao id="46311" momento="1ºT" tempo="38">Lúcio bate de direita para fora, sem levar perigo.</narracao>
    <gol id="46318" momento="1ºT" atletaId="11903" tempo="40" escudo="/FlashShow/0,,6600,00.swf" contra="0"> GOL DE LENILSON  GOLAÇO DO SÃO PAULO!!! INDEFENSÁVEL!! Ilsinho cruza da direita, Lenilson pega forte de primeira com a canhota e manda no ângulo direito de Jean.</gol>
    <video id="46318v" momento="1ºT" video="508910"> Veja o vídeo: Gol de Lenilson.  40' GOLAÇO DO SÃO PAULO!!! INDEFENSÁVEL!! Ilsinho cruza da direita, Lenilson pega forte de primeira com a canhota e manda no ângulo direito de Jean.</video>
    <narracao id="46323" momento="1ºT" tempo="44">Córner para o São Paulo...</narracao>
    <narracao id="46325" momento="1ºT" tempo="44">... A zaga da Ponte desvia, Alex Dias manda de novo para a área, mas a Macaca recupera.</narracao>
    <narracao id="46329" momento="1ºT" tempo="45">O árbitro anuncia dois minutos de acréscimo.</narracao>
    <narracao id="46331" momento="1ºT" tempo="46">QUE BONITO! Iran bate de direita colocado e consciente da entrada da área. A bola passa muito perto do ângulo direito do gol.</narracao>
    <video id="46355" momento="1ºT" video="508913"> Veja o vídeo:  46' Iran quase desempata.</video>
    <narracao id="46337" momento="1ºT" tempo="47">O árbitro Wagner Tardelli dá uma bronca no técnico do São Paulo Muricy Ramalho.</narracao>
    <narracao id="46338" momento="1ºT" tempo="47">TERMINA O PRIMEIRO TEMPO!</narracao>
    <momento id="46342" momento="I">Show do intervalo</momento>
    <momento id="46356" momento="2ºT">Segundo tempo</momento>
    <narracao id="46357" momento="2ºT" tempo="0">COMEÇA O SEGUNDO TEMPO!</narracao>
    <narracao id="46361" momento="2ºT" tempo="2">O primeiro escanteio da segunda etapa é para o São Paulo... </narracao>
    <narracao id="46362" momento="2ºT" tempo="2">... A zaga da Ponte afasta.</narracao>
    <narracao id="46363" momento="2ºT" tempo="3">Tiago Matias trava chute de Richarlyson na entrada da área.</narracao>
    <narracao id="46365" momento="2ºT" tempo="3">Lúcio cai na área e torcida são-paulina pede pênalti.</narracao>
    <narracao id="46367" momento="2ºT" tempo="4">Jogo paralisado: Tiago Matias levou uma forte bolada e está sendo atendido no gramado.</narracao>
    <narracao id="46371" momento="2ºT" tempo="5">QUE CHANCE! Tuto rouba a bola em falha de Alex e lança Luís Mário, mas o atacante não finaliza bem. O chute muito cruzado sai para fora. </narracao>
    <video id="46400" momento="2ºT" video="508927"> Veja o vídeo:  5' Luís Mário bate cruzado para fora.</video>
    <gol id="46374" momento="2ºT" atletaId="6594" tempo="7" escudo="/FlashShow/0,,6600,00.swf" contra="0"> GOL DE ALEX SILVA  É GOOOOOL!! DO SÃO PAULO!! O zagueiro aproveita dentro da pequena área uma sobra da batida de escanteio de Richarlyson e desempata a partida.  </gol>
    <video id="46374v" momento="2ºT" video="508928"> Veja o vídeo: Gol de Alex Silva.  7' É GOOOOOL!! DO SÃO PAULO!! O zagueiro aproveita dentro da pequena área uma sobra da batida de escanteio de Richarlyson e desempata a partida.  </video>
    <narracao id="46381" momento="2ºT" tempo="9">Alex Dias mata a bola no peito, faz o giro, mas bate mal para o gol.</narracao>
    <substituicao id="46443" momento="2ºT" tempo="11" ico="/Portal/esportes/temporeal/swf/icos/substituicao.swf">Ponte Preta faz substituição: entra Pará, sai Caio</substituicao>
    <cartao id="46388" momento="2ºT" atletaId="4409" tempo="12" ico="/Portal/esportes/temporeal/swf/icos/cartao_amarelo.swf" cor="amarelo">Edcarlos - Pará passa por Edcarlos na entrada da área e é puxado pelo zagueiro, que recebe cartão amarelo.</cartao>
    <narracao id="46390" momento="2ºT" tempo="13">Luís Mário bate a falta com muita força e Rógerio Ceni espalma para o lado.</narracao>
    <video id="46417" momento="2ºT" video="508931"> Veja o vídeo:  13' Rogério Ceni espalma falta de Luís Mário.</video>
    <narracao id="46393" momento="2ºT" tempo="14">QUASE O EMPATE! Luís Mário faz bela jogada pela ponta direita e rola para trás, Iran chega batendo de primeira e manda por cima do gol.</narracao>
    <narracao id="46395" momento="2ºT" tempo="15">Thiago cruza rasteiro da direita, Jean defende.</narracao>
    <narracao id="46398" momento="2ºT" tempo="17">Luís Mário cruza para a área, Alex Silva corta pela lateral.</narracao>
    <narracao id="46405" momento="2ºT" tempo="20">Luís Mário cobra córner no segundo pau, Almir desvia de cabeça e Rogério Ceni defende.</narracao>
    <narracao id="46414" momento="2ºT" tempo="21">BOA JOGADA! Após ótima arrancada de Tuto, Luís Mário recebe passe açucarado e bate cruzado para fora.</narracao>
    <video id="46451" momento="2ºT" video="508937"> Veja o vídeo:  21' Luís Mário chuta para fora.</video>
    <narracao id="46415" momento="2ºT" tempo="23">Luís Mário cobra falta de longa distância direto para fora.</narracao>
    <narracao id="46420" momento="2ºT" tempo="25">São Paulo tenta bolas aéreas, sem sucesso.</narracao>
    <cartao id="46424" momento="2ºT" atletaId="492" tempo="26" ico="/Portal/esportes/temporeal/swf/icos/cartao_amarelo.swf" cor="amarelo">Luís Carlos - Zagueiro interrompe contra-ataque e recebe cartão amarelo.</cartao>
    <gol id="46428" momento="2ºT" atletaId="11903" tempo="27" escudo="/FlashShow/0,,6600,00.swf" contra="0"> GOL DE LENILSON  É GOOOOOOOL!!! DO SÃO PAULO!!! Lenilson recebe de Alex Dias na grande área, gira e bate de canhota no canto direito. A bola ainda toca na trave antes de entrar.</gol>
    <video id="46428v" momento="2ºT" video="508940"> Veja o vídeo: Gol de Lenilson.  27' É GOOOOOOOL!!! DO SÃO PAULO!!! Lenilson recebe de Alex Dias na grande área, gira e bate de canhota no canto direito. A bola ainda toca na trave antes de entrar.</video>
    <narracao id="46430" momento="2ºT" tempo="28">QUE HORROR! Lúcio recebe na ponta esquerda e isola a bola pela linha de fundo.</narracao>
    <narracao id="46435" momento="2ºT" tempo="29">Luís Mário tenta lançamento para Tuto na área, Rogério Ceni sai do gol e defende.</narracao>
    <narracao id="46439" momento="2ºT" tempo="29">Lenilson recebe livre no lado esquerdo da área e lança na área quando poderia ter avançado em direção ao gol. Carlinhos consegue interceptar.</narracao>
    <substituicao id="46444" momento="2ºT" tempo="30" ico="/Portal/esportes/temporeal/swf/icos/substituicao.swf">Ponte Preta faz substituição: entra Mossoró, sai Emerson</substituicao>
    <substituicao id="46445" momento="2ºT" tempo="30" ico="/Portal/esportes/temporeal/swf/icos/substituicao.swf">Ponte Preta faz substituição: entra Dionísio, sai Luís Carlos</substituicao>
    <narracao id="46449" momento="2ºT" tempo="31">CHANCE DE GOL! Mossoró recebe de Luís Mário na grande área e bate na rede pelo lado de fora.</narracao>
    <video id="46467" momento="2ºT" video="508943"> Veja o vídeo:  31' Mossoró acerta a rede pelo lado de fora.</video>
    <narracao id="46455" momento="2ºT" tempo="34">Iran arrisca de fora, bola sai pela linha de fundo.</narracao>
    <narracao id="46457" momento="2ºT" tempo="35">Thiago cruza da ponta esquerda, Preto corta pela lateral.
</narracao>
    <narracao id="46461" momento="2ºT" tempo="36">Thiago exagera no passe para Alex Dias. Bola sai pela linha de fundo.</narracao>
    <narracao id="46464" momento="2ºT" tempo="37">Alex Dias cruza para Thiago, Carlinhos chega na hora certa para cortar para escanteio...</narracao>
    <narracao id="46465" momento="2ºT" tempo="38">... Lúcio cobra no primeiro pau, a zaga afasta o perigo.</narracao>
    <narracao id="46469" momento="2ºT" tempo="39">Thiago bate forte de longe, bola explode em Tiago Matias.</narracao>
    <narracao id="46470" momento="2ºT" tempo="39">Mossoró cruza rasteiro, Alex quase marca contra, mas Rogério Ceni consegue espalmar para córner.</narracao>
    <video id="46494" momento="2ºT" video="508945"> Veja o vídeo:  39' Alex quase faz contra, mas Rogério Ceni evita o gol.</video>
    <narracao id="46472" momento="2ºT" tempo="40">Mossoró recebe de Tuto na grande área, mas é travado na hora do chute.</narracao>
    <substituicao id="46475" momento="2ºT" tempo="42" ico="/Portal/esportes/temporeal/swf/icos/substituicao.swf">São Paulo faz substituição: entra Lima, sai Alex Dias</substituicao>
    <narracao id="46479" momento="2ºT" tempo="44">O árbitro sinaliza três minutos de acréscimo.</narracao>
    <narracao id="46485" momento="2ºT" tempo="45">A Ponte erra passes, o São Paulo segura o jogo.</narracao>
    <narracao id="46489" momento="2ºT" tempo="47">Luís Mário bate forte da entrada da área, Rogério Ceni encaixa a bola seguro.</narracao>
    <narracao id="46491" momento="2ºT" tempo="48">Tuto não consegue dominar passe recebido na área.</narracao>
    <narracao id="46493" momento="2ºT" tempo="48">FIM DE JOGO NO MOISÉS LUCARELLI!</narracao>
    <momento id="46495" momento="E">Final de jogo</momento>
  </lances>
</lancealance>
