<?xml version="1.0" encoding="UTF-8"?>
<lancealance cobertura="1108" leitura="0">
  <placar>
    <equipe id="001" url="" nome="Tunísia" escudo="/FlashShow/0,,9471,00.swf" resultado="2" abreviacao="TUN"/>
    <equipe id="002" url="" nome="Arábia Saudita" escudo="/FlashShow/0,,9442,00.swf" resultado="2" abreviacao="ARS"/>
  </placar>
  <lances>
    <momento id="36792" momento="PJ">Pré-jogo</momento>
    <narracao id="36791" momento="PJ" tempo="0">Tunísia e Arábia Saudita se enfrentam às 13h (de Brasília).</narracao>
    <narracao id="36793" momento="PJ" tempo="0">Em 1994, a Arábia conseguiu ser a 1ª seleção asiática a chegar à 2ª fase de um Mundial. Os sauditas foram eliminados nas 8ª de final pela Suécia (1x3). Neste Mundial de 1994, os árabes conseguiram uma vitória história sobre a Bélgica por 1x0 (29/06/94), com um gol espetacular de Owairan.</narracao>
    <narracao id="36794" momento="PJ" tempo="0">A Arábia Saudita teve três técnicos durante as eliminatórias. O holandês Gerard Van der Lem foi demitido após ir mal na Copa da Ásia. Depois assumiu interinamente Nasser Al Johar (que já havia sido técnico da Arábia duas vezes). E por fim Gabriel Calderon, que assumiu em novembro de 2005 e classificou o time para a Copa, mas foi demitido após ir mal na Copa do Oeste Asiático.</narracao>
    <narracao id="36795" momento="PJ" tempo="0">Disputando sua 4ª Copa do Mundo (participou das edições de 94, 98 e 02), a Arábia Saudita é a 44ª colocada no ranking das Copas. A Arábia Saudita orgulha-se de ser a seleção asiática com melhor história em Mundiais. </narracao>
    <narracao id="36796" momento="PJ" tempo="0">A Arábia Saudita disputa a sua quarta Copa do Mundo consecutiva. O time está há sete partidas sem vencer em Mundiais. Os árabes também perderam todas as partidas de estréia em Copas.</narracao>
    <narracao id="36797" momento="PJ" tempo="0">Diferentemente de 2002, quando era considera a mais fraca das 5 seleções africanas que disputavam a Copa de 2002, a Tunísia este ano talvez esteja abaixo apenas da Costa do Marfim. Gana, Togo e Angola estão no mesmo nível ou até inferiores aos tunisianos.</narracao>
    <narracao id="36798" momento="PJ" tempo="0">A Tunísia não conta com o seu artilheiro para a estréia. O atacante Francileudo dos Santos, nascido no Brasil, sentiu uma contusão no joelho e está sem condições de jogo.</narracao>
    <narracao id="36799" momento="PJ" tempo="0">A Tunísia foi a primeira seleção africana a vencer uma partida em Mundiais, em 1978, por 3 a 1, contra o México. Depois dessa vitória, o time não venceu mais nenhuma. A equipe disputa a sua quarta Copa do Mundo. Em todas as participações, a seleção foi eliminada na primeira fase.</narracao>
    <narracao id="36800" momento="PJ" tempo="0">Neste ano, a Tunísia disputou 9 partidas oficiais, com 5 vitórias (1x0 Líbia; 2x0 Gana; 4x1 Zâmbia; 2x0 África do Sul; 3x0 Bielorússia), 2 empates (1x1 Nigéria; 0x0 Uruguai) e duas derrotas (0x3 Guinea; 0x1 Sérvia e Montenegro), com 13 gols a favor e 6 contra.</narracao>
    <narracao id="36801" momento="PJ" tempo="0">Tunísia e Arábia Saudita já se enfrentaram seis vezes. A Tunísia venceu três, a Arábia duas, e ocorreu um empate.</narracao>
    <video id="36802" momento="PJ" video="481819"> Veja o vídeo:  0' Os guerreiros sauditas e tunisianos na Copa.</video>
    <narracao id="36803" momento="PJ" tempo="0">As duas equipes entram em campo neste momento!</narracao>
    <video id="36804" momento="PJ" video="481831"> Veja o vídeo:  0' História da Tunísia.</video>
    <video id="36806" momento="PJ" video="481832"> Veja o vídeo:  0' Arábia Saudita chega ao estádio.</video>
    <momento id="36807" momento="1ºT">Primeiro tempo</momento>
    <narracao id="36808" momento="1ºT" tempo="1">BOLA ROLANDO EM MUNIQUE!</narracao>
    <video id="36809" momento="1ºT" video="481835"> Veja o vídeo:  1' História da Arábia Saudita.</video>
    <video id="36811" momento="1ºT" video="481836"> Veja o vídeo:  1' A entrada dos jogadores em campo.</video>
    <video id="36815" momento="1ºT" video="481838"> Veja o vídeo:  1' Hinos de Tunísia e Arábia Saudita.</video>
    <narracao id="36810" momento="1ºT" tempo="2">OPA! O atacante Jaziri invade a área da Arábia, pelo lado direito, e é derrubado por Sulimani. O árbitro não marca o pênalti e manda o jogo seguir!</narracao>
    <video id="36816" momento="1ºT" video="481842"> Veja o vídeo:  2' Árbitro não marca pênalti para a Tunísia.</video>
    <narracao id="36812" momento="1ºT" tempo="6">Jemmali recebe lançamento longo na ponta esquerda e tenta cruzamento para a área da Arábia. A bola desvia na zaga e sai pela lateral. </narracao>
    <narracao id="36813" momento="1ºT" tempo="8">POR CIMA! Após cobrança de escanteio para a área da Arábia, o zagueiro Haggui sobe bem e testa para baixo. A bola bate no chão e sobe para sair por cima do gol.</narracao>
    <video id="36820" momento="1ºT" video="481854"> Veja o vídeo:  9' Haggui, da Tunísia, testa por cima.</video>
    <narracao id="36814" momento="1ºT" tempo="10">POSSE DE BOLA : Tunísia 65% - Arábia 35%.</narracao>
    <narracao id="36817" momento="1ºT" tempo="13">TIRA A ZAGA! Al-Dokhi faz boa jogada individual pelo lado direito e descola o cruzamento para a área da Tunísia. O zagueiro Jaidi se antecipa bem e corta com os pés. </narracao>
    <narracao id="36818" momento="1ºT" tempo="14">FALTA PERIGOSA PARA A ARÁBIA SAUDITA! Al-Kahtani recebe na intermediária de ataque e é derrubado. Boa chance para a Arábia.</narracao>
    <narracao id="36819" momento="1ºT" tempo="15">O meia Aziz cobra a falta na barreira.</narracao>
    <narracao id="36821" momento="1ºT" tempo="18">BOA CHANCE! Noor desce pelo lado esquerdo e é derrubado. Chance de cruzamento para a área da Tunísia.</narracao>
    <video id="36825" momento="1ºT" video="481869"> Veja o vídeo:  18' Marcos Paquetá no banco de reservas.</video>
    <narracao id="36822" momento="1ºT" tempo="19">TIRA A ZAGA! Al-Kahtani cobra a falta para a área, e o zagueiro Haggui afasta.</narracao>
    <narracao id="36823" momento="1ºT" tempo="21">GRANDE CHANCE! Bouazizi domina na intermediária de ataque e é derrubado. É chance de cruzamento para a área da Arábia Saudita!</narracao>
    <gol id="36824" momento="1ºT" atletaId="2610" tempo="23" escudo="/FlashShow/0,,9471,00.swf" contra="0"> GOL DE JAZIRI  É GOOOOOOOOOOL! Chedli cobra a falta para a área da Arábia. A zaga corta mal e a bola sobra para Jaziri. O atacante emenda um voleio de primeira e manda no ângulo. LINDO GOL!!!</gol>
    <video id="36824v" momento="1ºT" video="481875"> Veja o vídeo: Gol de Jaziri.  23' É GOOOOOOOOOOL! Chedli cobra a falta para a área da Arábia. A zaga corta mal e a bola sobra para Jaziri. O atacante emenda um voleio de primeira e manda no ângulo. LINDO GOL!!!</video>
    <narracao id="36826" momento="1ºT" tempo="26">OPA! Jaziri recebe na intermediária, carrega para a entrada da área e é derrubado. O árbitro não marca a falta clara para a Tunísia.</narracao>
    <video id="36833" momento="1ºT" video="481881"> Veja o vídeo:  26' Jaziri faz mais uma boa jogada de ataque.</video>
    <narracao id="36827" momento="1ºT" tempo="28">PAROU! Al-Temyat desce pelo lado esquerdo, tenta chegar à linha de fundo, mas comete falta no zagueiro adversário.</narracao>
    <narracao id="36828" momento="1ºT" tempo="32">Lance Perigoso - Após levantamento para a área da Tunísia, o atacante Al-Kahtani sobe bem e tenta de cabeça. A bola sai à direita do gol de Boumnijel.</narracao>
    <video id="36840" momento="1ºT" video="481890"> Veja o vídeo:  32' Al-Kahtani testa para fora.</video>
    <narracao id="36831" momento="1ºT" tempo="33">FALTA PERIGOSA PARA A ARÁBIA! Al-Temyat recebe na intermediária de ataque e acaba derrubado por Haggui. Boa chance! </narracao>
    <cartao id="36829" momento="1ºT" atletaId="12258" tempo="34" ico="/Portal/esportes/temporeal/swf/icos/cartao_amarelo.swf" cor="amarelo">Haggui - O zagueiro Haggui puxa o adversário pela camisa e é punido com o cartão amarelo. </cartao>
    <cartao id="36830" momento="1ºT" atletaId="12567" tempo="35" ico="/Portal/esportes/temporeal/swf/icos/cartao_amarelo.swf" cor="amarelo">Bouazizi - Meia Bouazizi atrapalha cobrança de falta e acaba punido com o cartão amarelo.</cartao>
    <narracao id="36832" momento="1ºT" tempo="36">BOUMNIJEL! Tukar cobra bem a falta. A bola vai no ângulo esquerdo, mas o goleiro Boumnijel defende.</narracao>
    <video id="36835" momento="1ºT" video="481889"> Veja o vídeo:  39' Marcos Paquetá reclama com os jogadores.</video>
    <narracao id="36834" momento="1ºT" tempo="39">O técnico Marcos Paquetá parece nervoso. Ele está na beira do campo e grita muito com os seus jogadores </narracao>
    <video id="36842" momento="1ºT" video="481904"> Veja o vídeo:  39' Paquetá irritado no banco.</video>
    <narracao id="36837" momento="1ºT" tempo="43">MAIS DOIS! O árbitro aponta dois minutos de acréscimo no primeiro tempo.</narracao>
    <narracao id="36838" momento="1ºT" tempo="47">TERMINA O PRIMEIRO TEMPO!</narracao>
    <momento id="36839" momento="I">Show do intervalo</momento>
    <narracao id="36841" momento="I" tempo="0">Um primeiro tempo equilibrado, mas a equipe africana parece um pouco mais à vontade em campo. O grande destaque do jogo até aqui é o atacante Jaziri, da Tunísia, que além de ter marcado um lindo gol, sofreu um pênalti não marcado pelo árbitro. TUDO SERÁ RESOLVIDO NA ETAPA FINAL!</narracao>
    <momento id="36844" momento="2ºT">Segundo tempo</momento>
    <narracao id="36845" momento="2ºT" tempo="1">BOLA ROLANDO PARA O SEGUNDO TEMPO!</narracao>
    <video id="36851" momento="2ºT" video="481935"> Veja o vídeo:  1' Torcedor da Tunísia invade o gramado.</video>
    <narracao id="36846" momento="2ºT" tempo="2">Lance Perigoso - PERDEU! Após lançamento longo para a área da Tunísia, a zaga falha e a bola sobra para Noor, de frente para o gol. O atacante chuta muito fraco e perde grande chance. </narracao>
    <narracao id="36847" momento="2ºT" tempo="4">TIRA A ZAGA! Bouazizi recebe passe na ponta esquerda, chega à linha de fundo e cruza. A zaga da Arábia afasta o perigo.</narracao>
    <video id="36852" momento="2ºT" video="481937"> Veja o vídeo:  6' Al-Temyat cobra falta para fora.</video>
    <narracao id="36848" momento="2ºT" tempo="7">O atacante Al-Temyat recebe passe na lateral direita, tenta chegar à linha de fundo, mas acaba desarmado.</narracao>
    <substituicao id="36870" momento="2ºT" tempo="9" ico="/Portal/esportes/temporeal/swf/icos/substituicao.swf">Tunísia faz substituição: entra Nafti , sai Bouazizi</substituicao>
    <gol id="36850" momento="2ºT" atletaId="12235" tempo="11" escudo="/FlashShow/0,,9442,00.swf" contra="0"> GOL DE AL-KAHTANI  É GOOOOOOOOOOL!! Noor recebe passe em profundidade na ponta direita, chega à linha de fundo e cruza rasteiro. O atacante Al-Kahtani aparece bem no primeiro pau, finaliza de primeira, e manda no fundo do gol. TUDO IGUAL EM MUNIQUE!</gol>
    <video id="36850v" momento="2ºT" video="481939"> Veja o vídeo: Gol de Al-Kahtani.  11' É GOOOOOOOOOOL!! Noor recebe passe em profundidade na ponta direita, chega à linha de fundo e cruza rasteiro. O atacante Al-Kahtani aparece bem no primeiro pau, finaliza de primeira, e manda no fundo do gol. TUDO IGUAL EM MUNIQUE!</video>
    <narracao id="36853" momento="2ºT" tempo="14">Lance Feio - MAAAAL! Após levantamento para a área da Tunísia, a zaga corta nos pés de Noor. O meia tenta de primeira, mas fura a bola.</narracao>
    <narracao id="36854" momento="2ºT" tempo="16">Al-Temyat recebe na entrada da área e arrisca para o gol. O atacante não pega bem na bola e manda para fora.</narracao>
    <video id="36864" momento="2ºT" video="481943"> Veja o vídeo:  17' Sulinami arrisca o chute.</video>
    <cartao id="36855" momento="2ºT" atletaId="12263" tempo="19" ico="/Portal/esportes/temporeal/swf/icos/cartao_amarelo.swf" cor="amarelo">Chedli - Zagueiro retarda o jogo e recebe o cartão amarelo.</cartao>
    <substituicao id="36867" momento="2ºT" tempo="21" ico="/Portal/esportes/temporeal/swf/icos/substituicao.swf">Arábia Saudita faz substituição: entra Mouath, sai Al-Temyat</substituicao>
    <substituicao id="36871" momento="2ºT" tempo="23" ico="/Portal/esportes/temporeal/swf/icos/substituicao.swf">Tunísia faz substituição: entra Ghodhbane, sai Chedli</substituicao>
    <narracao id="36859" momento="2ºT" tempo="25">Lance Feio - Namouchi recebe na entrada da área, pelo lado direito, tenta a finalização, mas escorrega. A bola sai pela linha de fundo.</narracao>
    <narracao id="36860" momento="2ºT" tempo="26">JOGO PARADO! O goleiro Zaid se chocou com o zagueiro do seu time e está caído no gramado recebendo o atendimento...</narracao>
    <narracao id="36861" momento="2ºT" tempo="28">... Tudo ok com Zaid, bola rolando novamente.</narracao>
    <substituicao id="36868" momento="2ºT" tempo="29" ico="/Portal/esportes/temporeal/swf/icos/substituicao.swf">Arábia Saudita faz substituição: entra Ameen, sai Noor</substituicao>
    <cartao id="36865" momento="2ºT" atletaId="12566" tempo="32" ico="/Portal/esportes/temporeal/swf/icos/cartao_amarelo.swf" cor="amarelo">Chikhaoui - Atacante Chikhaoui faz falta dura e acaba punido com o cartão amarelo.</cartao>
    <narracao id="36866" momento="2ºT" tempo="34">NA BARREIRA! Al-Kahtani cobra falta de muito longe. O chuta sai forte, mas a bola explode na barreira.</narracao>
    <substituicao id="36869" momento="2ºT" tempo="36" ico="/Portal/esportes/temporeal/swf/icos/substituicao.swf">Arábia Saudita faz substituição: entra Al-Jaber, sai Al-Kahtani</substituicao>
    <substituicao id="36872" momento="2ºT" tempo="36" ico="/Portal/esportes/temporeal/swf/icos/substituicao.swf">Tunísia faz substituição: entra Essediri, sai Chikhaoui</substituicao>
    <gol id="36873" momento="2ºT" atletaId="2338" tempo="38" escudo="/FlashShow/0,,9442,00.swf" contra="0"> GOL DE AL-JABER  É GOOOOOOOOOOL! O atacante Al-Jaber, que acabou de entrar, recebe ótimo passe em profundidade, invade a área da Tunísia pelo lado direito, e toca com categoria no canto esquerdo do goleiro Boumnijel. VIRADA DA ARÁBIA!</gol>
    <video id="36873v" momento="2ºT" video="481950"> Veja o vídeo: Gol de Al-Jaber.  38' É GOOOOOOOOOOL! O atacante Al-Jaber, que acabou de entrar, recebe ótimo passe em profundidade, invade a área da Tunísia pelo lado direito, e toca com categoria no canto esquerdo do goleiro Boumnijel. VIRADA DA ARÁBIA!</video>
    <narracao id="36874" momento="2ºT" tempo="41">SAIU BEM! Namouchi desce pelo lado direito, chega à linha de fundo e descola o cruzamento para a área da Arábia Saudita. O goleiro Zaid sai bem do gol e recupera. 
</narracao>
    <narracao id="36876" momento="2ºT" tempo="43">Lance Perigoso - UUUUUH! O meia Ghodhbane recebe na entrada da área da Arábia Saudita e arrisca. O chute é muito forte e a bola sai por muito pouco, por cima do gol!</narracao>
    <narracao id="36877" momento="2ºT" tempo="44">MAIS QUATRO! O árbitro aponta quatro minutos de acréscimo na etapa final!</narracao>
    <gol id="36878" momento="2ºT" atletaId="7962" tempo="47" escudo="/FlashShow/0,,9471,00.swf" contra="0"> GOL DE JAIDI  É GOOOOOOOL! Jaziri domina no lado direito da área da Arábia e cruza. O zagueiro Jaidi aparece livre no segundo pau e testa para o fundo do gol. TUDO IGUAL MAIS UMA VEZ!</gol>
    <narracao id="36879" momento="2ºT" tempo="49">TERMINA O JOGO!</narracao>
    <momento id="36880" momento="E">Final de jogo</momento>
    <narracao id="36881" momento="E" tempo="0">As duas equipes erraram muitos passes durante a partida e o jogo teve poucas chances reais de gol. Os destaques foram: Jaziri, pela Tunízia, que se movimentou muito no ataque, e Al-Jader, pela Arábia. O atacante veterano entrou no final e marcou o seu.</narracao>
  </lances>
</lancealance>
