<?xml version="1.0" encoding="UTF-8"?>
<lancealance cobertura="1127" leitura="0">
  <placar>
    <equipe id="001" url="" nome="Suécia" escudo="/FlashShow/0,,9467,00.swf" resultado="2" abreviacao="SUE"/>
    <equipe id="002" url="" nome="Inglaterra" escudo="/FlashShow/0,,9457,00.swf" resultado="2" abreviacao="ING"/>
  </placar>
  <lances>
    <momento id="39094" momento="PJ">Pré-jogo</momento>
    <narracao id="39095" momento="PJ" tempo="0">Suécia e Inglaterra se enfrentam pela ultima rodada do Grupo B da Copa do Mundo. A partida, que acontece no estádio Fifa World Cup de Colônia, será arbitrada pelo suíço Massimo Busacca, auxiliado por Francesco Buragina e Matthias Arnet, ambos também da Suíça.</narracao>
    <narracao id="39096" momento="PJ" tempo="0">As duas equipes jogam hoje em busca da liderança definitiva do Grupo B do Mundial. A Inglaterra, com seis pontos, precisa apenas de um empate para garantir o primeiro lugar do grupo e enfrentar o Equador nas oitavas-de-final. A Suécia, com quatro pontos, precisa vencer se quiser evitar um confronto com a anfitriã Alemanha, na segunda fase. Se der empate, os suecos enfrentam os germânicos. Se a Suécia perder o jogo, ainda corre o risco de ser eliminada do Mundial, caso Trinidad e Tobago vença bem o já eliminado Paraguai.</narracao>
    <narracao id="39097" momento="PJ" tempo="0">A Suécia vem animada após a heróica vitória por 1 a 0 sobre o Paraguai. A baixa no time nórdico para o jogo de hoje é o atacante Ibrahimovic, machucado. Allbäck deve substituí-lo. O experiente meia Svensson segue fora do time titular. O veterano Larsson está confirmado no ataque.</narracao>
    <narracao id="39098" momento="PJ" tempo="0">A Inglaterra tem uma novidade no ataque para o jogo de hoje. O habilidoso Wayne Rooney deve começar jogando, e poderá dar um toque maior de qualidade ao setor ofensivo inglês. O grandalhão Peter Crouch irá para o banco de reservas. Gary Neville, machucado, segue fora do time. Carragher joga na lateral-direita. O capitão Beckham também está confirmado. O time jogou mal contra Trinidad e Tobago e quer apagar a má impressão hoje, contra os suecos.</narracao>
    <narracao id="39099" momento="PJ" tempo="0">Suécia e Inglaterra só se enfrentaram uma vez em Copas do Mundo. O duelo é recente, aconteceu em 2002, também na primeira fase, e as equipes empataram por 1 a 1.</narracao>
    <narracao id="39100" momento="PJ" tempo="0">No retrospecto geral, o equilíbrio marca a história dos confrontos entre Inglaterra e Suécia. As duas seleções já se enfrentaram 20 vezes, com 6 vitórias dos ingleses, 6 dos suecos e 8 empates, 30 gols da Inglaterra e 24 da Suécia.</narracao>
    <narracao id="39101" momento="PJ" tempo="0">A última partida entre Inglaterra e Suécia foi um amistoso disputada no dia 31/03/04 em Götemburg e terminou com vitória sueca por 1x0, gols de Zlatan Ibrahimovic.</narracao>
    <narracao id="39102" momento="PJ" tempo="0">As duas equipes têm tradição em Copas. A Suécia tem participações marcantes em Mundiais. O time foi terceiro lugar nas Copas de 1950 e 1994, e vice-campeão mundial em 1958. Já a tradicional Inglaterra foi campeã do mundo em 1966.</narracao>
    <narracao id="39103" momento="PJ" tempo="0">Confirmado! Steven Gerrard, poupado, não joga hoje!</narracao>
    <narracao id="39104" momento="PJ" tempo="0">O tempo é bom em Colônia! O estádio ainda não está lotado!</narracao>
    <narracao id="39105" momento="PJ" tempo="0">O público melhora bastante em Colônia!</narracao>
    <narracao id="39109" momento="PJ" tempo="0">As seleções ainda estão nos vestiários!</narracao>
    <narracao id="39116" momento="PJ" tempo="0">Os ingleses vão entrar em campo vestidos com camisas vermelhas e calções brancos!</narracao>
    <narracao id="39117" momento="PJ" tempo="0">Os suecos jogam com a tradicional camisa amarela e calções azuis!</narracao>
    <narracao id="39118" momento="PJ" tempo="0">Os times vão entrar em campo!</narracao>
    <narracao id="39119" momento="PJ" tempo="0">ENTRAM NO GRAMADO!!! As seleções estão perfiladas e com as bandeiras à frente!</narracao>
    <narracao id="39120" momento="PJ" tempo="0">É executado o hino sueco!</narracao>
    <narracao id="39122" momento="PJ" tempo="0">SALVE A RAINHA! Hino inglês ressoa em Colônia!</narracao>
    <narracao id="39123" momento="PJ" tempo="0">A torcida inglesa se manifesta nas arquibancadas!</narracao>
    <narracao id="39124" momento="PJ" tempo="0">Os jogadores se cumprimentam! Os capitães Mellberg e Beckham se confraternizam! Vai começar o jogo!</narracao>
    <video id="39145" momento="PJ" video="486352"> Veja o vídeo:  0' Assista aos hinos de Suécia e Inglaterra! </video>
    <momento id="39125" momento="1ºT">Primeiro tempo</momento>
    <narracao id="39126" momento="1ºT" tempo="1">COMEÇA O JOGO!!! SUÉCIA x INGLATERRA!!!</narracao>
    <narracao id="39128" momento="1ºT" tempo="1">SUSTO!!! Owen pisa em falso no gramado e torce o joelho direito! Jogador sente muitas dores e é atendido fora do gramado!</narracao>
    <video id="39137" momento="1ºT" video="486349"> Veja o vídeo:  1' Começa o jogo!</video>
    <video id="39154" momento="1ºT" video="486356"> Veja o vídeo:  1' QUE AZAR!!! Owen se contunde sozinho!!!</video>
    <narracao id="39130" momento="1ºT" tempo="2">Lance Perigoso - FORA!!! Lampard arrisca o chute de longe e a bola sai à direita do gol de Isaksson!</narracao>
    <narracao id="39133" momento="1ºT" tempo="2">FIM DA LINHA!!! Owen sai de campo na maca, sentindo muitas dores! O jogador pode estar fora da Copa do Mundo!!! </narracao>
    <video id="39156" momento="1ºT" video="486358"> Veja o vídeo:  2' PARA FORA!!! Lampard arrisca o chute!!!</video>
    <video id="39158" momento="1ºT" video="486359"> Veja o vídeo:  3' OLHA O GRANDÃO!!! Crouch entra no lugar de Owen!!!</video>
    <substituicao id="39277" momento="1ºT" tempo="3" ico="/Portal/esportes/temporeal/swf/icos/substituicao.swf">Inglaterra faz substituição: entra Crouch, sai Owen</substituicao>
    <narracao id="39139" momento="1ºT" tempo="5">A Suécia pressiona os ingleses!</narracao>
    <narracao id="39141" momento="1ºT" tempo="6">Defesa - PEGUEI!!! Lampard arrisca o chute rasteiro e Isaksson faz defesa tranqüila!</narracao>
    <video id="39160" momento="1ºT" video="486361"> Veja o vídeo:  6' É MINHA!!! Lampard chuta rasteiro e Isaksson defende!!!</video>
    <narracao id="39142" momento="1ºT" tempo="7">QUE JEJUM!!! A Inglaterra está há 38 anos sem vencer os suecos!!! São 11 jogos sem vitórias britânicas!!!</narracao>
    <narracao id="39147" momento="1ºT" tempo="9">Os suecos fazem algumas faltas duras no jogo!</narracao>
    <narracao id="39149" momento="1ºT" tempo="12">FORA!!! Rooney cruza da direita! Lampard cabeceia mal, sem perigo para Isaksson!</narracao>
    <narracao id="39150" momento="1ºT" tempo="13">As torcidas duelam com cânticos nas arquibancadas!</narracao>
    <narracao id="39152" momento="1ºT" tempo="14">O jogo é equilibrado e as duas equipes tentam criar oportunidades de gol!</narracao>
    <video id="39173" momento="1ºT" video="486369"> Veja o vídeo:  14' PARA FORA!!! Källström erra a cabeçada!!!</video>
    <narracao id="39162" momento="1ºT" tempo="16">CORAÇÃO DIVIDIDO!!! O técnico da Inglaterra, Sven-Goran Eriksson, é sueco! Ele está enfrentando a seleção de seu país!</narracao>
    <narracao id="39163" momento="1ºT" tempo="18">ESCANTEIOS: 3 para a Suécia, 0 para a Inglaterra.</narracao>
    <video id="39182" momento="1ºT" video="486373"> Veja o vídeo:  18' BOMBA!!! O chute de Lucic explode em Lampard!!!</video>
    <narracao id="39165" momento="1ºT" tempo="20">As duas seleções exploram as bolas altas sobre a área!</narracao>
    <narracao id="39167" momento="1ºT" tempo="20">Lance Perigoso - QUASE!!! Joe Cole faz boa jogada pela esquerda e arrisca o chute! A bola passa perto do travessão de Isaksson!</narracao>
    <video id="39184" momento="1ºT" video="486374"> Veja o vídeo:  20' QUASE!!! Joe Cole arrisca o chute e assusta Isaksson!!!</video>
    <narracao id="39169" momento="1ºT" tempo="21">PERIGO!!! Hargreaves erra o passe, e Ashley Cole acaba botando a mão na bola, ao lado da área! Falta perigosa para a Suécia!</narracao>
    <narracao id="39171" momento="1ºT" tempo="22">Lance Feio - MAL!!! Källström cobra muito mal a falta! Por cima do gol de Robinson!</narracao>
    <video id="39192" momento="1ºT" video="486376"> Veja o vídeo:  22' MAL!!! Källström desperdiça boa chance!!!</video>
    <narracao id="39175" momento="1ºT" tempo="24">Lance Bonito - BOA!!! Rooney faz linda jogada, invade a área e dá um lençol em Lucic! O zagueiro sueco se recupera e trava o chute do inglês!</narracao>
    <video id="39194" momento="1ºT" video="486377"> Veja o vídeo:  24' QUE LINDO!!! Rooney dá lençol em Lucic!!!</video>
    <narracao id="39176" momento="1ºT" tempo="26">Em Kaiserslautern, Paraguai 1 x 0 Trinidad e Tobago!</narracao>
    <narracao id="39178" momento="1ºT" tempo="27">Beckham vai cobrar falta perigosa!</narracao>
    <narracao id="39180" momento="1ºT" tempo="28">Defesa - UHHH!!! Beckham bate bem na bola, que vai direto para o gol! Isaksson se estica e espalma a bola!!!</narracao>
    <video id="39202" momento="1ºT" video="486379"> Veja o vídeo:  28' QUE SUSTO!!! Beckham cobra a falta direto para o gol, e Isaksson espalma!!!</video>
    <narracao id="39186" momento="1ºT" tempo="31">Os suecos têm dificuldades na hora das conclusões ao gol!</narracao>
    <gol id="39189" momento="1ºT" atletaId="2163" tempo="33" escudo="/FlashShow/0,,9457,00.swf" contra="0"> GOL DE JOE COLE  GOLAÇO!!!! É DA INGLATERRA!!! Joe Cole marca!!! O meia inglês mata a bola no peito e emenda de primeira, de fora da área! A bola entra no ângulo esquerdo de Isaksson, que se estica, toca na bola, mas não evita o espetacular gol inglês!!! A bola ainda bate na trave antes de entrar!!! 1 a 0 para a Inglaterra!!! Pintura de Joe Cole!!!</gol>
    <video id="39189v" momento="1ºT" video="486384"> Veja o vídeo: Gol de Joe Cole.  33' GOLAÇO!!!! É DA INGLATERRA!!! Joe Cole marca!!! O meia inglês mata a bola no peito e emenda de primeira, de fora da área! A bola entra no ângulo esquerdo de Isaksson, que se estica, toca na bola, mas não evita o espetacular gol inglês!!! A bola ainda bate na trave antes de entrar!!! 1 a 0 para a Inglaterra!!! Pintura de Joe Cole!!!</video>
    <narracao id="39196" momento="1ºT" tempo="35">VIBRAÇÃO!!! A torcida inglesa canta alto em Colônia!!!</narracao>
    <narracao id="39200" momento="1ºT" tempo="37">A Suécia tenta atacar!</narracao>
    <narracao id="39198" momento="1ºT" tempo="39">Lance Perigoso - QUASE!!! Lampard arrisca outro chute e assusta Isaksson!!! A bola vai por cima do travessão!!!</narracao>
    <video id="39217" momento="1ºT" video="486394"> Veja o vídeo:  39' É MINHA!!! Larsson cruza e Robinson faz boa defesa!!!</video>
    <video id="39226" momento="1ºT" video="486396"> Veja o vídeo:  39' POR CIMA!!! Lampard arrisca outro chute!!!</video>
    <narracao id="39205" momento="1ºT" tempo="41">Lance Feio - NÃO INVENTA!!! O desengonçado Crouch tenta uma jogada individual e se enrola!!!</narracao>
    <narracao id="39206" momento="1ºT" tempo="42">Lance Perigoso - NAS NUVENS!!! Rooney arrisca o chute e a bola sobe demais!!!</narracao>
    <video id="39227" momento="1ºT" video="486398"> Veja o vídeo:  42' QUASE!!! Rooney arrisca o chute e assusta Isaksson!!!</video>
    <narracao id="39208" momento="1ºT" tempo="43">Os ingleses vão administrando o resultado!</narracao>
    <narracao id="39210" momento="1ºT" tempo="45">+1 É o acréscimo do primeiro tempo!!!</narracao>
    <narracao id="39213" momento="1ºT" tempo="45">Defesa - NÃO ENFEITA!!! Lampard tenta o gol de cobertura e acaba jogando a bola nas mãos de Isaksson!!!</narracao>
    <narracao id="39215" momento="1ºT" tempo="46">ACABA O PRIMEIRO TEMPO!!! Inglaterra vence por 1 a 0!!! </narracao>
    <momento id="39219" momento="I">Show do intervalo</momento>
    <narracao id="39223" momento="I" tempo="0">Em jogo equilibrado neste primeiro tempo, a Inglaterra vence a Suécia por 1 a 0, graças ao talento do meia Joe Cole, que além de ser o melhor em campo, marcou um gol antológico, que vai dando a vitória aos britânicos. Com esse resultado, a Inglaterra põe a Suécia para encarar a Alemanha nas oitavas-de-final da Copa do Mundo.</narracao>
    <video id="39253" momento="I" video="486409"> Veja o vídeo:  0' Confira os melhores momentos do primeiro tempo!</video>
    <momento id="39233" momento="2ºT">Segundo tempo</momento>
    <narracao id="39235" momento="2ºT" tempo="1">COMEÇA O SEGUNDO TEMPO!!!</narracao>
    <narracao id="39236" momento="2ºT" tempo="1">Inglaterra começa atacando nesta segunda etapa!</narracao>
    <video id="39254" momento="2ºT" video="486411"> Veja o vídeo:  1' Começa o segundo tempo!!!</video>
    <narracao id="39237" momento="2ºT" tempo="3">ESCANTEIO!!! Joe Cole chuta a bola nas pernas de Alexandersson!</narracao>
    <narracao id="39239" momento="2ºT" tempo="3">A zaga sueca corta o perigo!</narracao>
    <narracao id="39241" momento="2ºT" tempo="4">Ljungberg tenta o chute e a bola desvia em Carragher! Escanteio!!!</narracao>
    <video id="39264" momento="2ºT" video="486418"> Veja o vídeo:  4' TRAVOU!!! Ljungberg chuta e a bola explode na defesa britânica!!!</video>
    <gol id="39243" momento="2ºT" atletaId="2569" tempo="5" escudo="/FlashShow/0,,9467,00.swf" contra="0"> GOL DE MARCUS ALLBÄCK  GOOOOL!!! É DA SUÉCIA!!! É O GOL 2.000 DA HISTÓRIA DAS COPAS!!! Allbäck marca e entra para a história!!! Linderoth cobra o escanteio da esquerda, e Allbäck cabeceia e marca! Ashley Cole tenta tirar a bola, mas ela já havia entrado!!! É gol histórico para os suecos!!! 1 a 1!!!</gol>
    <video id="39243v" momento="2ºT" video="486422"> Veja o vídeo: Gol de Marcus Allbäck.  5' GOOOOL!!! É DA SUÉCIA!!! É O GOL 2.000 DA HISTÓRIA DAS COPAS!!! Allbäck marca e entra para a história!!! Linderoth cobra o escanteio da esquerda, e Allbäck cabeceia e marca! Ashley Cole tenta tirar a bola, mas ela já havia entrado!!! É gol histórico para os suecos!!! 1 a 1!!!</video>
    <video id="39265" momento="2ºT" video="486420"> Veja o vídeo:  7' PEGUEI!!! Crouch arrisca o chute! Isaksson defende com tranqüilidade!!!</video>
    <video id="39273" momento="2ºT" video="486423"> Veja o vídeo:  8' TROCA!!! Sai Jonson, entra Wilhelmsson!</video>
    <substituicao id="39287" momento="2ºT" tempo="8" ico="/Portal/esportes/temporeal/swf/icos/substituicao.swf">Suécia faz substituição: entra Wilhelmsson, sai Jonson</substituicao>
    <narracao id="39247" momento="2ºT" tempo="9">Na Trave - QUASE!!! Larsson cabeceia e a bola explode no travessão de Robinson!!! A Suécia quer a virada!!!</narracao>
    <substituicao id="39278" momento="2ºT" tempo="10" ico="/Portal/esportes/temporeal/swf/icos/substituicao.swf">Inglaterra faz substituição: entra Campbell, sai Ferdinand</substituicao>
    <video id="39280" momento="2ºT" video="486428"> Veja o vídeo:  10' TROCA!!! Sai Ferdinand, entra Campbell!</video>
    <narracao id="39257" momento="2ºT" tempo="12">CALMA AÍ!!! A Inglaterra começa a errar passes! Pinta o nervosismo na equipe britânica!!!</narracao>
    <narracao id="39259" momento="2ºT" tempo="13">Na Trave - UHHH!!! Linderoth bate o escanteio da esquerda, e a bola sobra para Mellberg, que acerta novamente o travessão inglês!!! Sufoco sueco!!!</narracao>
    <narracao id="39261" momento="2ºT" tempo="15">FANTASMA!!! Rooney está sumido do jogo, neste segundo tempo!!! </narracao>
    <narracao id="39267" momento="2ºT" tempo="18">Os ingleses jogam muito mal no segundo tempo!</narracao>
    <narracao id="39269" momento="2ºT" tempo="20">Lance Perigoso - POR CIMA!!! Crouch cabeceia com perigo, assustando Isaksson!!!</narracao>
    <video id="39293" momento="2ºT" video="486436"> Veja o vídeo:  20' OLHA O GIGANTE!!! Crouch cabeceia com perigo!!!</video>
    <narracao id="39271" momento="2ºT" tempo="21">CHUTES A GOL: 7 da Suécia, 12 da Inglaterra.</narracao>
    <substituicao id="39279" momento="2ºT" tempo="23" ico="/Portal/esportes/temporeal/swf/icos/substituicao.swf">Inglaterra faz substituição: entra Gerrard, sai Rooney</substituicao>
    <video id="39295" momento="2ºT" video="486438"> Veja o vídeo:  23' TROCA!!! Sai Rooney, entra Gerrard!</video>
    <narracao id="39284" momento="2ºT" tempo="24">CALMA!!! Rooney sai de campo irritadíssimo, jogando as chuteiras no chão!!!</narracao>
    <video id="39330" momento="2ºT" video="486450"> Veja o vídeo:  24' CABEÇA QUENTE!!! Rooney fica irritado com a substituição!!!</video>
    <narracao id="39286" momento="2ºT" tempo="26">Lance Perigoso - SÃO GERRARD!!! Källström chuta a bola dentro da área! A bola passa por Robinson e Gerrard tira o gol em cima da linha!!! Salva-se a Inglaterra!!!</narracao>
    <video id="39316" momento="2ºT" video="486441"> Veja o vídeo:  26' SALVOU!!! Gerrard tira a bola na linha do gol!!!</video>
    <substituicao id="39288" momento="2ºT" tempo="29" ico="/Portal/esportes/temporeal/swf/icos/substituicao.swf">Suécia faz substituição: entra Elmander, sai Allbäck</substituicao>
    <narracao id="39290" momento="2ºT" tempo="29">PARABÉNS!!! Allbäck, o autor do gol 2.000 em Copas, sai de campo aplaudido!!!</narracao>
    <video id="39324" momento="2ºT" video="486443"> Veja o vídeo:  29' TROCA!!! Sai Allbäck, entra Elmander!</video>
    <cartao id="39292" momento="2ºT" atletaId="2162" tempo="30" ico="/Portal/esportes/temporeal/swf/icos/cartao_amarelo.swf" cor="amarelo">Hargreaves - SUJOU!!! Por colocar a mão na bola, Hargreaves recebe o amarelo! </cartao>
    <video id="39327" momento="2ºT" video="486446"> Veja o vídeo:  30' AMARELO!!! Hargreaves dá uma de jogador de vôlei e recebe o cartão!</video>
    <narracao id="39297" momento="2ºT" tempo="32">Defesa - É MINHA!!! Crouch cabeceia forte! Isaksson faz defesa segura!!!</narracao>
    <video id="39333" momento="2ºT" video="486457"> Veja o vídeo:  32' É MINHA!!! Crouch cabeceia e Isaksson defende!!!</video>
    <narracao id="39299" momento="2ºT" tempo="33">PERIGO!!! Carragher faz falta em Ljungberg! Suecos vão levantar a bola na área!</narracao>
    <narracao id="39300" momento="2ºT" tempo="34">Gerrard faz o corte!</narracao>
    <narracao id="39303" momento="2ºT" tempo="36">CADÊ O CAPITÃO? Beckham está apagado em campo!!!</narracao>
    <narracao id="39306" momento="2ºT" tempo="37">Lance Feio - MAL!!! Beckham levanta a bola na área, mas ela sobe demais!</narracao>
    <cartao id="39309" momento="2ºT" atletaId="2566" tempo="38" ico="/Portal/esportes/temporeal/swf/icos/cartao_amarelo.swf" cor="amarelo">Niclas Alexandersson - AMARELOU!!! Por fazer falta dura em Joe Cole, Alexandersson recebe o cartão!</cartao>
    <gol id="39310" momento="2ºT" atletaId="7959" tempo="39" escudo="/FlashShow/0,,9457,00.swf" contra="0"> GOL DE STEVEN GERRARD  GOOOOL!!! É DA INGLATERRA!!! Gerrard marca!!! Joe Cole cruza da direita, Alexandersson falha na marcação e Gerrard cabeceia! A bola vai para as redes suecas, sem chances para Isaksson!!! 2 a 1 para a Inglaterra!!!</gol>
    <video id="39310v" momento="2ºT" video="486454"> Veja o vídeo: Gol de Steven Gerrard.  39' GOOOOL!!! É DA INGLATERRA!!! Gerrard marca!!! Joe Cole cruza da direita, Alexandersson falha na marcação e Gerrard cabeceia! A bola vai para as redes suecas, sem chances para Isaksson!!! 2 a 1 para a Inglaterra!!!</video>
    <cartao id="39313" momento="2ºT" atletaId="2568" tempo="41" ico="/Portal/esportes/temporeal/swf/icos/cartao_amarelo.swf" cor="amarelo">Fredrik Ljungberg - AMARELO!!! Por fazer falta em Joe Cole, Ljungberg recebe o amarelo!</cartao>
    <narracao id="39315" momento="2ºT" tempo="42">A Suécia tenta pressionar com jogadas de bola aérea!</narracao>
    <gol id="39318" momento="2ºT" atletaId="1768" tempo="45" escudo="/FlashShow/0,,9467,00.swf" contra="0"> GOL DE HENRIK LARSSON  GOOOOL!!! É DA SUÉCIA!!! Larsson marca!!! O lateral é cobrado para a área inglesa, Campbell falha e Larsson toca de pé esquerdo, para o fundo das redes britânicas!!! Empata a Suécia!!! 2 a 2!!!</gol>
    <video id="39318v" momento="2ºT" video="486462"> Veja o vídeo: Gol de Henrik Larsson.  45' GOOOOL!!! É DA SUÉCIA!!! Larsson marca!!! O lateral é cobrado para a área inglesa, Campbell falha e Larsson toca de pé esquerdo, para o fundo das redes britânicas!!! Empata a Suécia!!! 2 a 2!!!</video>
    <narracao id="39325" momento="2ºT" tempo="46">+3 É o acréscimo do jogo!!!</narracao>
    <narracao id="39328" momento="2ºT" tempo="48">ACABA O JOGO!!! 2 a 2!!!</narracao>
    <narracao id="39331" momento="2ºT" tempo="48">Em Kaiserslautern, Paraguai 2 x 0 Trinidad e Tobago!</narracao>
    <momento id="39335" momento="E">Final de jogo</momento>
    <narracao id="39337" momento="E" tempo="0">A Inglaterra passou por um sufoco no segundo tempo, mas conseguiu empatar por 2 a 2 com a Suécia, empurrando a rival nórdica para o confronto com a Alemanha, nas oitavas-de-final. Com o resultado, a Inglaterra termina como líder do Grupo B, com 7 pontos, e enfrentará o Equador, vice-líder do Grupo A, nas oitavas-de-final. Os suecos são os vice-líderes do Grupo B, com 5 pontos, e terão que jogar contra os germânicos na segunda fase.</narracao>
  </lances>
</lancealance>
