<?xml version="1.0" encoding="UTF-8"?>
<lancealance cobertura="1117" leitura="0">
  <placar>
    <equipe id="001" url="" nome="República Tcheca" escudo="/FlashShow/0,,9465,00.swf" resultado="0" abreviacao="RTC"/>
    <equipe id="002" url="" nome="Gana" escudo="/FlashShow/0,,9455,00.swf" resultado="2" abreviacao="GAN"/>
  </placar>
  <lances>
    <narracao id="37906" momento="PJ" tempo="0">República Tcheca e Gana se enfrentam às 13h (horário de Brasília), no Rheinenergiestadion, em Colônia, pelo grupo E. Este é o segundo jogo das duas equipes nesta primeira fase. Apita Horacio Elizondo (ARG), auxiliado por Dario Garcia (ARG) e Rodolfo Otero (ARG).</narracao>
    <momento id="37907" momento="PJ">Pré-jogo</momento>
    <narracao id="37908" momento="PJ" tempo="0">É a primeira vez na história que República Tcheca e Gana se enfrentam. Entre essas duas equipes há algo em comum. O goleiro Petr Cech é companheiro do meia ganês Michael Essien, no Chelsea da Inglaterra, assim como há pouco tempo, Tomas Rosicky e Jan Koller eram companheiros do atacante Matthew Amoah no Borussia Dortmund, da Alemanha. Lembrando que após a Copa do Mundo, Rosicky vai jogar pelo Arsenal da Inglaterra e Koller deve atuar pelo Monaco, da França. </narracao>
    <narracao id="37909" momento="PJ" tempo="0">A República Tcheca vai para este jogo em busca da quinta vitória consecutiva em partidas oficiais. No elenco comandado pelo técnico Karel Bruckner, apenas dois jogadores jogam na Liga Tcheca, são eles Jaromir Blazek, no Sparta Praga e o veterano Karel Poborsky, no Dynamo Ceske Budejovice.</narracao>
    <narracao id="37910" momento="PJ" tempo="0">O técnico Ratomir Dujkovic deve mudar táticamente a equipe de Gana. Os Estrelas Negras precisam de uma vitória para continuarem sonhando com a classificação para as oitavas-de-final, pois perderam no jogo de estréia para a Itália por dois a zero. A dupla de atacantes Matthew Amoah e Asamoah Gyan deve ser mantida.</narracao>
    <narracao id="37911" momento="PJ" tempo="0">O lateral Marek Jankulovski e o zagueiro Tomas Ujfalusi, caso a República Tcheca vença Gana, completarão a qüinquagésima vitória pela seleção Tcheca. Zdenek Grygera, David Rozehnal, Tomas Rosicky e Vratislav Lokvenc estão pendurados com cartão amarelo, e caso sejam punidos com um novo cartão, terão que cumprir suspensão automática na partida contra a Itália.</narracao>
    <narracao id="37912" momento="PJ" tempo="0">Das seis seleções que estão disputando pela primeira vez uma Copa do Mundo, Gana é a única que seus 23 jogadores jogam em 23 clubes diferentes. Os Estrelas Negras já conquistaram quatro vezes a Copa Africana de Nações (1963, 1965, 1978 e 1982). O atacante Asamoah Gyan e o meio-campo Sulley Muntari estão pendurados com cartão amarelo, e caso sejam punidos terão que cumprir suspensão automática na partida contra os Estados Unidos. Do elenco, o capitão Stephen Appiah é o artilheiro em torneios internacionais, com 11 gols marcados.</narracao>
    <narracao id="37913" momento="PJ" tempo="0">A República Tcheca enfrenta Gana sem seus dois atacantes titulares. Milan Baros está com uma contusão nos ligamentos do pé e Jan Koller com lesão na coxa direita. Só devem retornar ao time a partir das oitavas-de-final. O experiente Vratislav Lokvenc deve ser escalado como único atacante.</narracao>
    <narracao id="37914" momento="PJ" tempo="0">Estádio lotado! E as torcidas de ambas as seleções estão animadas!</narracao>
    <narracao id="37915" momento="PJ" tempo="0">Neste momento as duas equipes entram em campo.</narracao>
    <narracao id="37916" momento="PJ" tempo="0">Os jogadores das duas equipes estão perfilados para a execução dos respectivos hinos nacionais.</narracao>
    <narracao id="37917" momento="PJ" tempo="0">Capitães das duas equipes já se cumprimetaram e está tudo pronto para a bola rolar!</narracao>
    <video id="37926" momento="PJ" video="483968"> Veja o vídeo:  0' VÍDEO: Os hinos de República Tcheca e Gana.</video>
    <video id="37927" momento="PJ" video="483964"> Veja o vídeo:  0' VÍDEO: O perfil de Nedved, craque da República Tcheca.</video>
    <momento id="37918" momento="1ºT">Primeiro tempo</momento>
    <narracao id="37919" momento="1ºT" tempo="0">BOLA ROLANDO! Começa República Tcheca e Gana.</narracao>
    <narracao id="37920" momento="1ºT" tempo="0">Amoah trabalha bola com Muntari na linha de fundo, pelo lado esquerdo e ganha o primeiro escanteio para Gana...</narracao>
    <gol id="37921" momento="1ºT" atletaId="12484" tempo="1" escudo="/FlashShow/0,,9455,00.swf" contra="0"> GOL DE ASAMOAH GYAN  ... Após cobrança de escanteio a bola é rebetida para a intermediária. Appiah lança Gyan na área. Atacante mata no peito, tira Ujfalusi da jogada e chuta no canto de Cech.</gol>
    <video id="37921v" momento="1ºT" video="483969"> Veja o vídeo: Gol de Asamoah Gyan.  1' ... Após cobrança de escanteio a bola é rebetida para a intermediária. Appiah lança Gyan na área. Atacante mata no peito, tira Ujfalusi da jogada e chuta no canto de Cech.</video>
    <video id="37934" momento="1ºT" video="483971"> Veja o vídeo:  2' VÍDEO: Amoah arrisca de fora da área para Gana.</video>
    <narracao id="37922" momento="1ºT" tempo="3">Lance Perigoso - Nedved recebe excelente lançamento na direita, avança pela linha de fundo e ganha o escanteio...</narracao>
    <narracao id="37923" momento="1ºT" tempo="3">... Após cobrança, Jankulowski arrisca chute forte de fora da área e a bola sai pela linha de fundo, à esquerda do gol de Kingston.</narracao>
    <video id="37932" momento="1ºT" video="483970"> Veja o vídeo:  4' VÍDEO: Jankulowski arrisca chute de fora da área e a bola sai pela linha de fundo.</video>
    <narracao id="37924" momento="1ºT" tempo="5">Pantsil entra duro em Nedved no meio-de-campo e árbitro marca a falta para República Tcheca.</narracao>
    <video id="37935" momento="1ºT" video="483972"> Veja o vídeo:  7' VÍDEO: Plasil arrisca chute forte e isola a bola.</video>
    <narracao id="37928" momento="1ºT" tempo="9">Falta perigosa para Gana na intermediária da República Tcheca. Appiah cobra direto para a área e Cech sai para fazer a defesa.</narracao>
    <narracao id="37929" momento="1ºT" tempo="10">Poborsky entra duro, na bola em Essien e corta para a lateral.</narracao>
    <narracao id="37930" momento="1ºT" tempo="11">Lance Perigoso - Rosicky avança pela intermediária e toca para Nedved. Meia se livra da marcação e chuta forte. Kingston faz defesa segura.</narracao>
    <video id="37942" momento="1ºT" video="483977"> Veja o vídeo:  11' VÍDEO: Nedved arrisca de fora da área e Kingston faz boa defesa.</video>
    <narracao id="37931" momento="1ºT" tempo="12">Falta da ponta direita na área da República Tcheca. Essien cobra na cabeça de Addo que joga por cima do gol de Cech.</narracao>
    <narracao id="37933" momento="1ºT" tempo="13">Lance Perigoso - CHUTAÇO! Appiah arrisca chute forte de fora da área, a bola pega efeito e sai pela linha de fundo. É tiro de meta para o goleiro Peter Cech.</narracao>
    <video id="37943" momento="1ºT" video="483979"> Veja o vídeo:  13' VÍDEO: Appiah assusta os tchecos com chute perigoso.</video>
    <narracao id="37936" momento="1ºT" tempo="16">Muntari cobra falta da esquwerda na área. Grygera corta de cabeça para escanteio...</narracao>
    <narracao id="37937" momento="1ºT" tempo="16">... Escanteio cobrado para Gana. A zaga tcheca afasta o perigo.</narracao>
    <cartao id="37938" momento="1ºT" atletaId="12312" tempo="17" ico="/Portal/esportes/temporeal/swf/icos/cartao_amarelo.swf" cor="amarelo">Otto Addo - Otto Addo, meia de Gana, é punido após falta por trás em Plasil.</cartao>
    <narracao id="37939" momento="1ºT" tempo="18">Appiah tenta puxar o contra-ataque de Gana e lança Amoah. A bola corre demais e fica com a zaga da República Tcheca.</narracao>
    <narracao id="37940" momento="1ºT" tempo="19">Poborsky entra de carrinho frontal em Essien, mas árbitro não pune com cartão amarelo o meio-campo da República Tcheca.</narracao>
    <video id="37951" momento="1ºT" video="483985"> Veja o vídeo:  19' VÍDEO: Poborsky entra de carrinho em Essien e não leva o cartão amarelo.</video>
    <narracao id="37941" momento="1ºT" tempo="21">Lance Feio - MUITO MAL! Nedved cobra falta de muito longe, chuta fraquinho e a bola se perde pela linha de fundo. É tiro de meta para o goleiro Kingston.</narracao>
    <video id="37954" momento="1ºT" video="483986"> Veja o vídeo:  21' VÍDEO: Nedved cobra muito mal a falta para a República Tcheca.</video>
    <narracao id="37944" momento="1ºT" tempo="25">FINALIZAÇÕES: 5 - República Tcheca / 5 - Gana.</narracao>
    <narracao id="37945" momento="1ºT" tempo="25">Essien cobra falta do lado direito na área. a zaga tcheca corta para escanteio...</narracao>
    <narracao id="37946" momento="1ºT" tempo="26">... Na seqüência, bola na área tcheca e a zaga corta de cabeça. A bola se perde pela lateral. </narracao>
    <video id="37960" momento="1ºT" video="483991"> Veja o vídeo:  26' VÍDEO: Muntari chuta cruzado com perigo, por cima do gol de Cech.</video>
    <narracao id="37947" momento="1ºT" tempo="27">Muntari arrisca chute forte de fora da área. A bola se perde por cima do gol de Cech.</narracao>
    <narracao id="37948" momento="1ºT" tempo="28">JOGADA "QUASE" ENSAIADA! Poborsky cobra falta da direita para a entrada da área. Jankulowski mata no peito, ajeita para canhota mas é desarmado na hora do chute.</narracao>
    <narracao id="37949" momento="1ºT" tempo="29">Lance Perigoso - QUASE! Poborsky invade a área pela direita e chuta cruzado. A bola sai à direita do gol de Kingston, tirando tinta da trave.</narracao>
    <narracao id="37950" momento="1ºT" tempo="29">Lance Perigoso - Amoah recebe na pequena área, gira sobre a marcação e chuta forte de direita. A bola sai com perigo, por cima do gol de Cech.</narracao>
    <video id="37961" momento="1ºT" video="483994"> Veja o vídeo:  29' VÍDEO: Chute do tcheco Poborsky passa rente à trave do gol de Kingston.</video>
    <video id="37962" momento="1ºT" video="483995"> Veja o vídeo:  30' VÍDEO: Amoah gira na área tcheca e finaliza com perigo.</video>
    <narracao id="37952" momento="1ºT" tempo="31">Lance Perigoso - Appiah lança Gyan na área. Atacante recebe cara a cara com Cech, mas chuta em cima do goleiro da República Tcheca.</narracao>
    <video id="37969" momento="1ºT" video="483996"> Veja o vídeo:  31' VÍDEO: Gyan chute e Peter Cech salva a República Tcheca.</video>
    <narracao id="37953" momento="1ºT" tempo="34">Lance Perigoso - BOLÔLÔ NA ÁREA DE GANA! Depois da falha de Kingston a bola sobra para Nedved que rola para trás. Rosicky chuta forte, em cima da zaga, que afasta o perigo.</narracao>
    <video id="37970" momento="1ºT" video="483998"> Veja o vídeo:  34' VÍDEO: Rosicky chuta e a zaga de Gana afasta o perigo.</video>
    <cartao id="37955" momento="1ºT" atletaId="11479" tempo="36" ico="/Portal/esportes/temporeal/swf/icos/cartao_amarelo.swf" cor="amarelo">Michael Essien - Essien, meia de Gana, é punido após falta dura em Nedved.</cartao>
    <narracao id="37956" momento="1ºT" tempo="37">Rosicky arranca na velocidade pelo meio e toca na esquerda da entrada da área para Lokvenc. A zaga de Gana se antecipa e corta.</narracao>
    <narracao id="37957" momento="1ºT" tempo="38">Muntari tenta lançamento para Amoah na área da República Tcheca. A bola corre demais e sai pela linha de fundo.</narracao>
    <video id="37971" momento="1ºT" video="484008"> Veja o vídeo:  38' VÍDEO: Chute de Appiah passa rente à trave direita do gol de Cech.</video>
    <narracao id="37958" momento="1ºT" tempo="39">Lance Perigoso - Appiah chuta forte de fora da área. A bola sai com perigo, rasteira, à direita do gol de Cech.</narracao>
    <narracao id="37959" momento="1ºT" tempo="39">Ujfalusi divide no alto com Amoah. Atacante ganês fica caído no gramado sentindo a pancada.</narracao>
    <video id="37972" momento="1ºT" video="484011"> Veja o vídeo:  42' VÍDEO: Em bom contra-ataque, Rosicky finaliza com perigo.</video>
    <narracao id="37963" momento="1ºT" tempo="43">Lance Perigoso - Cruzamento da direita na área de Gana. Rosicky fecha pelo meio, mas não consegue a finalização.</narracao>
    <narracao id="37964" momento="1ºT" tempo="43">FINALIZAÇÕES: 7 - Rep. Tcheca / 7 - Gana.</narracao>
    <narracao id="37965" momento="1ºT" tempo="44">Lance Perigoso - BOLÔLÔ NA ÁREA TCHECA! Addo e Appiah trocam passes e na hora que Essien ia finalizar, a zaga corta para lateral.</narracao>
    <narracao id="37966" momento="1ºT" tempo="45">ACRÉSCIMOS! Árbitro assinala mais um minuto neste primeiro tempo.</narracao>
    <narracao id="37967" momento="1ºT" tempo="45">Poborsky comete falta dura em Muntari na intermediária, e mais uma vez árbitro releva e não puneo meio-campo tcheco com cartão.</narracao>
    <narracao id="37968" momento="1ºT" tempo="46">FIM DE PRIMEIRO TEMPO! Surpreendentemente Gana vai derrotando a República Tcheca por um a zero, gol de Gyan.</narracao>
    <momento id="37973" momento="I">Show do intervalo</momento>
    <narracao id="37975" momento="I" tempo="0">Gana não deixou a República Tcheca entrar no jogo e abriu logo o placar, no primeiro minuto, com Gyan. Gol mais rápido da Copa. Os tchecos não jogam bem e estão sofrendo com a forte marcação dos ganeses.</narracao>
    <video id="37976" momento="I" video="484018"> Veja o vídeo:  0' VÍDEO: Melhores momentos do primeiro tempo.</video>
    <narracao id="37977" momento="I" tempo="0">FINALIZAÇÕES: 8 - Rep. Tcheca / 8 - Gana.</narracao>
    <momento id="37978" momento="2ºT">Segundo tempo</momento>
    <narracao id="37981" momento="2ºT" tempo="0">BOLA ROLANDO! E um gol da República Tcheca é corretamente anulado. Nedved, em posição irregular, desvia de cabeça.</narracao>
    <substituicao id="38000" momento="2ºT" tempo="0" ico="/Portal/esportes/temporeal/swf/icos/substituicao.swf">República Tcheca faz substituição: entra Polak, sai Galasek</substituicao>
    <substituicao id="38021" momento="2ºT" tempo="0" ico="/Portal/esportes/temporeal/swf/icos/substituicao.swf">Gana faz substituição: entra Derek Boateng, sai Otto Addo</substituicao>
    <video id="37990" momento="2ºT" video="484023"> Veja o vídeo:  1' VÍDEO: O gol de Nedved, corretamente anulado.</video>
    <narracao id="37982" momento="2ºT" tempo="2">FALTAS COMETIDAS: 9 - Rep. Tcheca / 13 - Gana.</narracao>
    <narracao id="37983" momento="2ºT" tempo="3">Bola para Mohammed na esquerda. Rozehnal chega para fazer o desarme.</narracao>
    <cartao id="37984" momento="2ºT" atletaId="12097" tempo="4" ico="/Portal/esportes/temporeal/swf/icos/cartao_amarelo.swf" cor="amarelo">Lokvenc - Lokvenc, atacante da República Tcheca, é punido após falta dura em Shilla.</cartao>
    <narracao id="37985" momento="2ºT" tempo="5">Grygera cruza bola da direita na área de Gana. Lokvenc tenta de cabeça, mas não alcança. A bola sai pela linha de fundo.</narracao>
    <narracao id="37986" momento="2ºT" tempo="6">Defesa - LINDA! Contra-ataque de Gana, Gyan ajeita para o pé direito e solta a bomba de fora da área. Cech espalma para escanteio.</narracao>
    <video id="37994" momento="2ºT" video="484029"> Veja o vídeo:  6' VÍDEO: Cech salva a República Tcheca após chute forte de Gyan.</video>
    <narracao id="37987" momento="2ºT" tempo="7">Amoah disputa bola com Jankulovski na linha de fundo da República Tcheca, jogadores se estranham, mas árbitro manda seguir jogo.</narracao>
    <substituicao id="38001" momento="2ºT" tempo="9" ico="/Portal/esportes/temporeal/swf/icos/substituicao.swf">República Tcheca faz substituição: entra Stajner, sai Poborsky</substituicao>
    <narracao id="37991" momento="2ºT" tempo="10">Lance Perigoso - Stajner cruza bola do lado direito na área de Gana. A bola sobra para Plasil, que chuta por cima do gol de Kingston.</narracao>
    <video id="37995" momento="2ºT" video="484030"> Veja o vídeo:  10' VÍDEO: Kingston salva a bomba de Plasil.</video>
    <narracao id="37992" momento="2ºT" tempo="13">Falta para a República Tcheca na direita. Jankulovski cobra com muita força e a bola se perde pela linha de fundo.</narracao>
    <narracao id="37993" momento="2ºT" tempo="14">Lance Perigoso - Mohammed cruza bola da esquerda na área. Essien não alcança de cabeça, Cech sai mal do gol, e a bola se perde pela lateral.</narracao>
    <video id="38003" momento="2ºT" video="484034"> Veja o vídeo:  14' VÍDEO: Cruzamento da esquerda que Ujfalusi salva para a República Tcheca.</video>
    <narracao id="37996" momento="2ºT" tempo="19">PÊNALTI PARA GANA! Ujfalusi calça Amoah na área...</narracao>
    <video id="38011" momento="2ºT" video="484039"> Veja o vídeo:  19' VÍDEO: Pênalti para Gana: Ujfalusi derruba Amoah.</video>
    <video id="38016" momento="2ºT" video="484040"> Veja o vídeo:  20' VÍDEO: Pelo pênalti, Ujfalusi é expulso.</video>
    <narracao id="37997" momento="2ºT" tempo="21">Na Trave - ...Gyan cobra com força e a bola explode no poste esquerdo do gol de Cech.</narracao>
    <video id="38017" momento="2ºT" video="484042"> Veja o vídeo:  21' VÍDEO: Gyan perde o pênalti para Gana.</video>
    <cartao id="37998" momento="2ºT" atletaId="8416" tempo="22" ico="/Portal/esportes/temporeal/swf/icos/cartao_vermelho.swf" cor="vermelho">Tomas Ujfalusi - Ujfalusi, zagueiro da República Tcheca é expulso após cometer o pênalti em Gyan.</cartao>
    <cartao id="37999" momento="2ºT" atletaId="12484" tempo="22" ico="/Portal/esportes/temporeal/swf/icos/cartao_amarelo.swf" cor="amarelo">Asamoah Gyan - Gyan, atacante de Gana, é punido após cobrar o pênalti sem autorização do árbitro.</cartao>
    <substituicao id="38002" momento="2ºT" tempo="23" ico="/Portal/esportes/temporeal/swf/icos/substituicao.swf">República Tcheca faz substituição: entra Sionko, sai Plasil</substituicao>
    <narracao id="38004" momento="2ºT" tempo="25">Defesa - A bola sobra na área tcheca, Gyan tenta alcançar, mas Cech sai para fazer a defesa.</narracao>
    <narracao id="38005" momento="2ºT" tempo="25">Nedved cruza da direita no segundo pau. A bola sai muito forte e se perde pela linha de fundo.</narracao>
    <narracao id="38006" momento="2ºT" tempo="26">Defesa - MAIS UMA DE CECH! Amoah invade pela direita e chuta forte, goleiro defende à queima-roupa.</narracao>
    <video id="38024" momento="2ºT" video="484049"> Veja o vídeo:  26' VÍDEO: Amoah solta a bomba e Cech salva a República Tcheca.</video>
    <narracao id="38007" momento="2ºT" tempo="27">Lance Bonito - SÓ DÁ PETER CECH! Gyan recebe na área, gira e chuta forte. Goleiro salva mais uma vez a República Tcheca.</narracao>
    <video id="38019" momento="2ºT" video="484046"> Veja o vídeo:  28' VÍDEO: Cech salva chute perigoso de Muntari.</video>
    <narracao id="38008" momento="2ºT" tempo="29">Lance Perigoso - CORTE PROVIDÊNCIAL! Dentro da área tcheca, Polak desarma Amoah na hora do chute.</narracao>
    <cartao id="38009" momento="2ºT" atletaId="12497" tempo="30" ico="/Portal/esportes/temporeal/swf/icos/cartao_amarelo.swf" cor="amarelo">Derek Boateng - Boateng, Meia de Gana, é punido após falta dura em Rosicky.</cartao>
    <narracao id="38010" momento="2ºT" tempo="30">Jankulovski cobra falta da intermediária, por cima do gol de Kingston.</narracao>
    <video id="38026" momento="2ºT" video="484052"> Veja o vídeo:  30' VÍDEO: Jankulovski cobra falta por cima do gol de Kingston.</video>
    <narracao id="38012" momento="2ºT" tempo="32">Lance Bonito - QUE DEFESA! Essien invade a área e chuta rasteiro. Cech, mais uma vez, salva a República Tcheca.</narracao>
    <video id="38025" momento="2ºT" video="484051"> Veja o vídeo:  32' VÍDEO: Cech salva mais uma vez os tchecos. Desta vez, em chute forte de Essien.</video>
    <narracao id="38013" momento="2ºT" tempo="33">Defesa - JÁ VIROU ROTINA! Amoah faz boa jogada na área tcheca e rola para Gyan. Atacante chuta forte e Cech faz excelente defesa.</narracao>
    <video id="38029" momento="2ºT" video="484054"> Veja o vídeo:  33' VÍDEO: Gyan tenta o gol, mas Cech faz mais uma bela defesa.</video>
    <substituicao id="38022" momento="2ºT" tempo="34" ico="/Portal/esportes/temporeal/swf/icos/substituicao.swf">Gana faz substituição: entra Eric Addo, sai Amoah</substituicao>
    <gol id="38018" momento="2ºT" atletaId="7252" tempo="36" escudo="/FlashShow/0,,9455,00.swf" contra="0"> GOL DE SULLEY MUNTARI  Muntari finaliza na área, depois de excelente troca de passes entre Essien e Appiah.</gol>
    <video id="38018v" momento="2ºT" video="484055"> Veja o vídeo: Gol de Sulley Muntari.  36' Muntari finaliza na área, depois de excelente troca de passes entre Essien e Appiah.</video>
    <cartao id="38020" momento="2ºT" atletaId="7252" tempo="38" ico="/Portal/esportes/temporeal/swf/icos/cartao_amarelo.swf" cor="amarelo">Sulley Muntari - Muntari, meia de Gana, é punido após falta dura em Rosicky.</cartao>
    <substituicao id="38023" momento="2ºT" tempo="40" ico="/Portal/esportes/temporeal/swf/icos/substituicao.swf">Gana faz substituição: entra Razak Pimpong, sai Asamoah Gyan</substituicao>
    <narracao id="38027" momento="2ºT" tempo="43">Lance Perigoso - IMPEDIDO! Pimpong avança na velocidade e toca na frente para Muntari que finaliza para o gol. Árbitro pára o lance, pois o meio-campo ganês estava em posição irregular.</narracao>
    <video id="38033" momento="2ºT" video="484058"> Veja o vídeo:  43' VÍDEO: Gol de Muntari é corretamente anulado.</video>
    <narracao id="38028" momento="2ºT" tempo="45">ACRÉSCIMOS! Árbitro assinala mais três minutos neste segundo tempo.</narracao>
    <cartao id="38030" momento="2ºT" atletaId="12496" tempo="47" ico="/Portal/esportes/temporeal/swf/icos/cartao_amarelo.swf" cor="amarelo">Habib Mohammed - Mohammed, zagueiro de Gana, é punido após falta por trás em Polak.</cartao>
    <narracao id="38031" momento="2ºT" tempo="48">Defesa - KINGSTON! Goleiro de Gana faz duas defesas espetaculares, a primeira na cabeçada de Sionko e a segunda, na cabeçada de Nedved.</narracao>
    <narracao id="38032" momento="2ºT" tempo="48">FIM DE JOGO! Gana surpreende a República Tcheca e vence por dois a zero!</narracao>
    <video id="38034" momento="2ºT" video="484063"> Veja o vídeo:  48' VÍDEO: Kingston salva Gana no fim da partida.</video>
    <momento id="38035" momento="E">Final de jogo</momento>
  </lances>
</lancealance>
