<?xml version="1.0" encoding="UTF-8"?>
<lancealance cobertura="100" leitura="0">
  <placar>
    <equipe id="001" url="" nome="Barcelona" escudo="/FlashShow/0,,6220,00.swf" resultado="1" abreviacao="Barcelona"/>
    <equipe id="002" url="" nome="Atlético de Madri" escudo="/FlashShow/0,,6219,00.swf" resultado="3" abreviacao="Atlético de Madri"/>
  </placar>
  <lances>
    <momento id="3531" momento="1ºT">Primeiro tempo</momento>
    <narracao id="3532" momento="1ºT" tempo="1">Começa a partida entre Barcelona e Atlético de Madrid</narracao>
    <narracao id="3540" momento="1ºT" tempo="3">Iniesta tenta o lançamento, mas a zaga do Atlético corta</narracao>
    <narracao id="3543" momento="1ºT" tempo="4">Após a cobrança de escanteio, Messi desvia e quase marca</narracao>
    <narracao id="3554" momento="1ºT" tempo="9">Silvinho tenta o cruzamento, mas a zaga corta.</narracao>
    <narracao id="3576" momento="1ºT" tempo="21">Larsson faz ótima jogada, limpa a defesa dentro da área, mas a conclusão foi por cima do gol do Atlético</narracao>
    <narracao id="3578" momento="1ºT" tempo="21">O Barcelona já teve duas chances claras de gol, contra nenhuma do Atlético</narracao>
    <narracao id="3582" momento="1ºT" tempo="22">Messi comete falta sobre Ibagaza e é advertido verbalmente pelo árbitro</narracao>
    <narracao id="3587" momento="1ºT" tempo="25">O brasileiro Silvinho é empurrado no centro do campo e recebe a falta.</narracao>
    <narracao id="3598" momento="1ºT" tempo="31">Messi chuta forte, mas Peréa defende no centro do gol</narracao>
    <gol id="3603" momento="1ºT" atletaId="8908" tempo="33" escudo="/FlashShow/0,,6219,00.swf" contra="0"> GOL DE FERNANDO TORRES  Ibagaza cruza e Fernando Torres toca para o fundo das redes</gol>
    <narracao id="3606" momento="1ºT" tempo="35">Deco cruza, Rafa Márquez toca de cabeça e a bola quase entra</narracao>
    <narracao id="3608" momento="1ºT" tempo="37">Até o momento, o Barcelona obteve um escanteio contra igual número do Atlético</narracao>
    <narracao id="3611" momento="1ºT" tempo="39">Van Bommel sobe para cabecear, mas comete falta sobre o goleiro Leo Franco</narracao>
    <cartao id="3615" momento="1ºT" atletaId="8656" tempo="42" ico="/Portal/esportes/temporeal/swf/icos/cartao_amarelo.swf" cor="amarelo">Antonio López - Antônio Lopez recebe advertência após dura falta sobre Messi</cartao>
    <narracao id="3619" momento="1ºT" tempo="45">Valdéz defende forte chute de Petrov</narracao>
    <narracao id="3620" momento="1ºT" tempo="45">Encerrado o primeiro tempo </narracao>
    <momento id="3622" momento="I">Show do intervalo</momento>
    <momento id="3633" momento="2ºT">Segundo tempo</momento>
    <gol id="3634" momento="2ºT" atletaId="8263" tempo="1" escudo="/FlashShow/0,,6219,00.swf" contra="0"> GOL DE MAXI  Petrov cruza para Maxi Rodriguez que faz o segundo. Jogadores do Barcelona reclamam de impedimento</gol>
    <narracao id="3658" momento="2ºT" tempo="11">O Barcelona continua sem jogadas de perigo e sem ameaçar o Atlético</narracao>
    <narracao id="3661" momento="2ºT" tempo="14">Petrov cobra falta de longe, forte e a bola explode no travessão</narracao>
    <narracao id="3667" momento="2ºT" tempo="17">Perigo para o gol do Barcelona: Valdéz sobe para defender o cruzamento, mas a bola passa por todos e sai na lateral oposto</narracao>
    <gol id="3672" momento="2ºT" atletaId="1768" tempo="19" escudo="/FlashShow/0,,6220,00.swf" contra="0"> GOL DE HENRIK LARSSON  Deco passou para Iniesta, que tocou para Larson marcar</gol>
    <cartao id="3677" momento="2ºT" atletaId="2287" tempo="23" ico="/Portal/esportes/temporeal/swf/icos/cartao_amarelo.swf" cor="amarelo">Rafa Márquez - Rafa Marquez recebe cartão amarelo depois de cometer falta</cartao>
    <narracao id="3681" momento="2ºT" tempo="26">Até o momento, o Barcelona já cometeu 12 faltas</narracao>
    <substituicao id="3686" momento="2ºT" tempo="29" ico="/Portal/esportes/temporeal/swf/icos/substituicao.swf">Entrou: Van Bronckhorst / Saiu: Rafa Marquez</substituicao>
    <gol id="3688" momento="2ºT" atletaId="8908" tempo="30" escudo="/FlashShow/0,,6219,00.swf" contra="0"> GOL DE FERNANDO TORRES  Fernando Torres recebe belo passe, invade a área, dribla e marca o terceiro do Atlético</gol>
    <substituicao id="3691" momento="2ºT" tempo="31" ico="/Portal/esportes/temporeal/swf/icos/substituicao.swf">Entrou: Gabi / Saiu: Petrov</substituicao>
    <narracao id="3696" momento="2ºT" tempo="33">Ibagaza quase marca o quarto do Atlético: Ibagaza chega atrasado e Valdéz sai para defender</narracao>
    <cartao id="3707" momento="2ºT" atletaId="9963" tempo="36" ico="/Portal/esportes/temporeal/swf/icos/cartao_amarelo.swf" cor="amarelo">Gabi - Gabi faz falta e leva advertência</cartao>
    <narracao id="3732" momento="2ºT" tempo="44">A partida terá quatro minutos de acréscimo</narracao>
    <momento id="3737" momento="E">Final de jogo</momento>
  </lances>
</lancealance>
