<?xml version="1.0" encoding="UTF-8"?>
<lancealance cobertura="1308" leitura="0">
  <placar>
    <equipe id="001" url="" nome="Santos" escudo="/FlashShow/0,,7270,00.swf" resultado="2" abreviacao="SAN"/>
    <equipe id="002" url="" nome="Cruzeiro" escudo="/FlashShow/0,,6588,00.swf" resultado="0" abreviacao="CRU"/>
  </placar>
  <lances>
    <momento id="51442" momento="PJ">Pré-jogo</momento>
    <narracao id="51443" momento="PJ" tempo="0">A Vila Belmiro vai ser palco de um grande clássico do futebol brasileiro!</narracao>
    <narracao id="51444" momento="PJ" tempo="0">Santos e Cruzeiro duelam pela 17ª rodada do Brasileirão às 20h30m!</narracao>
    <narracao id="51445" momento="PJ" tempo="0">É uma disputa entre times que conquistaram o título recentemente. O Santos foi campeão em 2002 e 2004, o Cruzeiro ganhou em 2003, quando faturou também a Copa do Brasil. </narracao>
    <narracao id="51446" momento="PJ" tempo="0">QUEM VAI ESCOLTAR O SÃO PAULO? Como de costume, Peixe e Raposa estão na ponta de cima da tabela. O time paulista está em quarto lugar, com 28 pontos; a equipe mineira está em sexto, com 26. Como as partidas de Inter e Paraná foram adiadas para setembro devido à decisão da Libertadores, quem vencer assume a vice-liderança da competição. </narracao>
    <narracao id="51449" momento="PJ" tempo="0">No Peixe, Kléber atua na meia e Wendel joga na ala esquerda, André deve ser mantido na vaga de Rodrigo Tabata, assim como  o atacante Wellington Paulista no lugar de Reinaldo. Maldonado retorna do Chile, onde estava com sua seleção e deve ser escalado. </narracao>
    <narracao id="51453" momento="PJ" tempo="0">Na dança das cadeiras entre os treinadores, Oswaldo de Oliveira, demitido do Fluminense, estréia no comando da Raposa. Ele entra no lugar do dispensado Paulo César Gusmão. O novo comandante tem vários problemas para escalar a equipe: Wagner e Fábio acompanham a seleção brasileira, os meias Fábio Santos, Jonílson e Martinez estão machucados; e o zagueiro Luisão está suspenso.
</narracao>
    <narracao id="51448" momento="PJ" tempo="0">Com seis vitórias e um empate, o Santos tem a melhor campanha como mandante na competição.</narracao>
    <narracao id="51456" momento="PJ" tempo="0">O Cruzeiro é o primeiro a entrar em campo!</narracao>
    <narracao id="51460" momento="PJ" tempo="0">O Santos demora a sair do vestiário.</narracao>
    <narracao id="51462" momento="PJ" tempo="0">Finalmente, o Santos aparece no gramado saudado por sua torcida!</narracao>
    <narracao id="51465" momento="PJ" tempo="0">O gaúcho Carlos Eugênio Simon apita a partida.</narracao>
    <narracao id="51467" momento="PJ" tempo="0">O Santos tem a melhor defesa do campeonato, com apenas 14 gols sofridos. O Cruzeiro vem logo atrás com 16 gols.</narracao>
    <narracao id="51447" momento="PJ" tempo="0">No retrospecto em Brasileiros, o Cruzeiro leva pequena vantagem: são 12 vitórias, dez empates e dez derrotas.</narracao>
    <momento id="51469" momento="1ºT">Primeiro tempo</momento>
    <narracao id="51471" momento="1ºT" tempo="0">COMEÇA A PARTIDA NA VILA BELMIRO!</narracao>
    <narracao id="51474" momento="1ºT" tempo="2">PRIMEIRA CHEGADA! Francismar tenta chute cruzado, mas pega fraco.</narracao>
    <narracao id="51476" momento="1ºT" tempo="3">RESPOSTA DO SANTOS! Dênis recebe bola invertida por Cléber Santana, invade a área e toca para o meio na saída do goleiro. A zaga corta para escanteio...</narracao>
    <video id="51495" momento="1ºT" video="524095"> Veja o vídeo:  3' Júlio César corta cruzamento perigoso do Santos.</video>
    <narracao id="51477" momento="1ºT" tempo="4">Thiago Heleno corta bola para córner...</narracao>
    <narracao id="51479" momento="1ºT" tempo="5">... André toca para Cléber levantar na área. A zaga celeste tira a bola.</narracao>
    <narracao id="51483" momento="1ºT" tempo="7">Kléber protege bola de Alecsandro e garante tiro de meta. </narracao>
    <narracao id="51485" momento="1ºT" tempo="9">Leandro Bonfim cruza, bola desvia na zaga e vai para as mãos de Fábio Costa.</narracao>
    <narracao id="51487" momento="1ºT" tempo="10">Após reposição de bola equivocada de Fábio Costa, Sandro arrisca de fora da área por cima do gol.</narracao>
    <narracao id="51489" momento="1ºT" tempo="12">Após um começo melhor do Santos, o Cruzeiro passa a ter mais posse de bola.</narracao>
    <narracao id="51491" momento="1ºT" tempo="13">Sandro tenta colocar bola na área, mas recua para Fábio Costa.</narracao>
    <narracao id="51492" momento="1ºT" tempo="14">Dênis rouba bola com velocidade e invade a área. Edu Dracena consegue o desarme.</narracao>
    <narracao id="51493" momento="1ºT" tempo="15">Wellington Paulista ajeita na entrada da área para André bater por cima do gol.</narracao>
    <video id="51502" momento="1ºT" video="524101"> Veja o vídeo:  15' André chuta por cima do gol.</video>
    <narracao id="51497" momento="1ºT" tempo="17">Escanteio para o Santos...</narracao>
    <gol id="51499" momento="1ºT" atletaId="5332" tempo="18" escudo="/FlashShow/0,,7270,00.swf" contra="0"> GOL DE WELLINGTON PAULISTA  ... GOOOOOOOOL DO SANTOS!!!!!!! Kléber levanta bola no segundo pau, Wellington Paulista cabeceia sozinho para o gol.</gol>
    <video id="51499v" momento="1ºT" video="524103"> Veja o vídeo: Gol de Wellington Paulista.  18' ... GOOOOOOOOL DO SANTOS!!!!!!! Kléber levanta bola no segundo pau, Wellington Paulista cabeceia sozinho para o gol.</video>
    <narracao id="51501" momento="1ºT" tempo="19">UUUUUUUUH! André recebe no primeiro pau e entra de peixinho. Bola bate na rede pelo lado de fora.</narracao>
    <narracao id="51506" momento="1ºT" tempo="22">MAIS UMA DO SANTOS! Em cobrança de falta, Kléber toca para André bater de fora da área. Bola passa próxima ao canto direito do gol.</narracao>
    <video id="51523" momento="1ºT" video="524108"> Veja o vídeo:  22' André chuta com perigo de fora da área.</video>
    <narracao id="51507" momento="1ºT" tempo="23">FINALIZAÇÕES: Santos 4 x 1 Cruzeiro.</narracao>
    <narracao id="51509" momento="1ºT" tempo="24">PERIGO! Carlinhos Bala recebe na área e bate forte de virada. Fábio Costa consegue espalmar. </narracao>
    <narracao id="51510" momento="1ºT" tempo="25">Sandro bate duas vezes para gol. Uma bate na zaga, a outra sai sem direção.</narracao>
    <narracao id="51511" momento="1ºT" tempo="26">FALTAS COMETIDAS: Santos 9 x 2 Cruzeiro.</narracao>
    <narracao id="51516" momento="1ºT" tempo="30">PARA TREINAR FUNDAMENTOS! Heleno tenta toque para companheiro, mas manda direto pela lateral.</narracao>
    <narracao id="51519" momento="1ºT" tempo="32">Dênis avança até linha de fundo e toca para o meio, Edu Dracena corta a bola da área. </narracao>
    <narracao id="51520" momento="1ºT" tempo="34">Leandro Bomfim levanta bola na área, Heleno tira de cabeça.</narracao>
    <narracao id="51524" momento="1ºT" tempo="36">ROUBADAS DE BOLA: Santos 4 x 9 Cruzeiro.</narracao>
    <narracao id="51526" momento="1ºT" tempo="37">Com forte marcação, a equipe alvinegra dificulta a saída de bola da equipe celeste.</narracao>
    <narracao id="51531" momento="1ºT" tempo="40">Heleno acerta o rosto de Francismar na entrada da área santista, mas o árbitro manda seguir.</narracao>
    <narracao id="51532" momento="1ºT" tempo="42">Domingos corta tentativa de Alecsandro na área.</narracao>
    <narracao id="51533" momento="1ºT" tempo="43">Cléber Santana bate forte de longe, bola desvia na cabeça de Jonathan e sai para córner.</narracao>
    <video id="51542" momento="1ºT" video="524120"> Veja o vídeo:  43' Cléber Santana chuta, bola desvia na zaga.</video>
    <narracao id="51534" momento="1ºT" tempo="44">QUASE O SEGUNDO! Kléber pega com força rebote da zaga no lado direito da área. Lauro faz ótima defesa. </narracao>
    <video id="51540" momento="1ºT" video="524123"> Veja o vídeo:  44' Lauro faz defesa difícil.</video>
    <narracao id="51535" momento="1ºT" tempo="46">FIM DO PRIMEIRO TEMPO!</narracao>
    <momento id="51536" momento="I">Show do intervalo</momento>
    <narracao id="51538" momento="I" tempo="0">A partida está apenas razoável. O Santos teve as melhores chances e vai para o intervalo em vantagem. O Cruzeiro teve mais a bola nos pés, apesar de não conseguir ameaçar a meta adversária.</narracao>
    <momento id="51552" momento="2ºT">Segundo tempo</momento>
    <narracao id="51554" momento="2ºT" tempo="0">COMEÇA O SEGUNDO TEMPO!</narracao>
    <narracao id="51558" momento="2ºT" tempo="3">Falta perigosa para o Santos...</narracao>
    <narracao id="51559" momento="2ºT" tempo="3">... André coloca na área, Diogo afasta de cabeça.</narracao>
    <cartao id="51561" momento="2ºT" atletaId="6386" tempo="5" ico="/Portal/esportes/temporeal/swf/icos/cartao_amarelo.swf" cor="amarelo">Diogo - PRIMEIRO CARTÃO DA PARTIDA! Meia derruba André e está fora do próximo jogo.</cartao>
    <narracao id="51563" momento="2ºT" tempo="6">LUIZ ALBERTO SALVA! Jonathan cruza na cabeça de Alecsandro na pequena área, mas zagueiro se antecipa e tira a bola.</narracao>
    <cartao id="51565" momento="2ºT" atletaId="5163" tempo="7" ico="/Portal/esportes/temporeal/swf/icos/cartao_amarelo.swf" cor="amarelo">Cléber Santana - Meia entra por trás em Francismar e leva primeiro cartão do Santos.</cartao>
    <narracao id="51567" momento="2ºT" tempo="8">Heleno levanta bola na área, Wellington divide de cabeça com Edu Dracena e ganha escanteio...</narracao>
    <video id="51598" momento="2ºT" video="524133"> Veja o vídeo:  8' Wellington Paulista cabeceia por cima do gol.</video>
    <narracao id="51569" momento="2ºT" tempo="9">... A zaga do Cruzeiro afasta a bola da área.</narracao>
    <substituicao id="51617" momento="2ºT" tempo="10" ico="/Portal/esportes/temporeal/swf/icos/substituicao.swf">Santos faz substituição: entra Rodrigo Tiuí, sai Jonas</substituicao>
    <narracao id="51573" momento="2ºT" tempo="11">Dênis arrisca de fora da área, bola desvia na zaga e sai para córner...</narracao>
    <narracao id="51574" momento="2ºT" tempo="11">... André bate na área, Lauro tira de soco.</narracao>
    <substituicao id="51629" momento="2ºT" tempo="12" ico="/Portal/esportes/temporeal/swf/icos/substituicao.swf">Cruzeiro faz substituição: entra Kerlon, sai Leandro Bomfim</substituicao>
    <cartao id="51579" momento="2ºT" atletaId="58" tempo="14" ico="/Portal/esportes/temporeal/swf/icos/cartao_amarelo.swf" cor="amarelo">Edu Dracena - Zagueiro entra de carrinho em Wellington Paulista e é punido pelo árbitro com o cartão amarelo.</cartao>
    <narracao id="51580" momento="2ºT" tempo="15">Cléber Santana bate falta para o gol, bola pára na zaga cruzeirense.</narracao>
    <narracao id="51581" momento="2ºT" tempo="16">André bate córner na área, Thiago Heleno desvia pela linha de fundo...</narracao>
    <narracao id="51584" momento="2ºT" tempo="16">... Kléber coloca na área, zaga corta no primeiro pau.</narracao>
    <narracao id="51587" momento="2ºT" tempo="18">Falta de Thiago Heleno em Rodrigo Tiuí...</narracao>
    <narracao id="51588" momento="2ºT" tempo="18">... André levanta bola na área, Edu Dracena corta de cabeça.</narracao>
    <narracao id="51591" momento="2ºT" tempo="20">PÚBLICO PAGANTE: Apenas 4.522 torcedores.</narracao>
    <cartao id="51595" momento="2ºT" atletaId="7017" tempo="21" ico="/Portal/esportes/temporeal/swf/icos/cartao_amarelo.swf" cor="amarelo">Kerlon - Meia entra forte em Domingos e recebe cartão amarelo. </cartao>
    <substituicao id="51618" momento="2ºT" tempo="23" ico="/Portal/esportes/temporeal/swf/icos/substituicao.swf">Santos faz substituição: entra Rodrigo Tabata, sai André</substituicao>
    <substituicao id="51630" momento="2ºT" tempo="24" ico="/Portal/esportes/temporeal/swf/icos/substituicao.swf">Cruzeiro faz substituição: entra Élber, sai Carlinhos Bala</substituicao>
    <narracao id="51604" momento="2ºT" tempo="25">Jonathan erra passe e desperdiça contra-ataque.</narracao>
    <narracao id="51608" momento="2ºT" tempo="26">Com um marcador em cima, Cléber Santana recebe toque para trás de Rodrigo Tiuí e bate por cima do gol.</narracao>
    <narracao id="51610" momento="2ºT" tempo="27">Alecsandro invade a área santista e bate para fora.</narracao>
    <video id="51636" momento="2ºT" video="524146"> Veja o vídeo:  27' Alecsandro bate para fora.</video>
    <narracao id="51613" momento="2ºT" tempo="28">JOGO PARALISADO! Sandro leva a pior em dividida com Rodrigo Tiuí e recebe atendimento no gramado.</narracao>
    <narracao id="51616" momento="2ºT" tempo="30">Dênis invade a área e cruza rasante. Wendell pega rebote da defesa e bate em cima da zaga. </narracao>
    <video id="51637" momento="2ºT" video="524147"> Veja o vídeo:  30' Santos pressiona em busca do segundo gol.</video>
    <substituicao id="51619" momento="2ºT" tempo="32" ico="/Portal/esportes/temporeal/swf/icos/substituicao.swf">Santos faz substituição: entra Leandro Rodrigues, sai Wellington Paulista</substituicao>
    <narracao id="51625" momento="2ºT" tempo="35">PASSES ERRADOS: Santos 36 x 40 Cruzeiro.</narracao>
    <narracao id="51626" momento="2ºT" tempo="36">Wendell arrisca para o gol, bola bate na zaga e sai para córner.</narracao>
    <gol id="51627" momento="2ºT" atletaId="5129" tempo="37" escudo="/FlashShow/0,,7270,00.swf" contra="0"> GOL DE RODRIGO TABATA  GOOOOOOOOL DO SANTOS!!!!! Leandro rouba bola na zaga e toca para Rodrigo Tabata na cara do gol. O meia bate no canto direito na saída do goleiro.</gol>
    <video id="51627v" momento="2ºT" video="524149"> Veja o vídeo: Gol de Rodrigo Tabata.  37' GOOOOOOOOL DO SANTOS!!!!! Leandro rouba bola na zaga e toca para Rodrigo Tabata na cara do gol. O meia bate no canto direito na saída do goleiro.</video>
    <substituicao id="51631" momento="2ºT" tempo="38" ico="/Portal/esportes/temporeal/swf/icos/substituicao.swf">Cruzeiro faz substituição: entra Michel, sai Jonathan</substituicao>
    <narracao id="51633" momento="2ºT" tempo="39">ESCANTEIOS: Santos 10 x 3 Cruzeiro.</narracao>
    <narracao id="51634" momento="2ºT" tempo="39">Kerlon recebe na área mas não consegue dominar.</narracao>
    <narracao id="51638" momento="2ºT" tempo="40">Dênis levanta bola na área, Lauro defende em dois tempos.</narracao>
    <narracao id="51640" momento="2ºT" tempo="42">LONGE! Alecsandro arrisca por cima do gol.</narracao>
    <narracao id="51642" momento="2ºT" tempo="43">Élber recebe de costas para o gol, gira e bate fraco. Fábio Costa defende sem problemas.</narracao>
    <narracao id="51643" momento="2ºT" tempo="45">ÚLTIMA CHANCE! Após tabela de Kerlon e Élber, Alecsandro domina na entrada da área e bate para fora.</narracao>
    <narracao id="51644" momento="2ºT" tempo="45">Carlos Eugênio Simon sinaliza três minutos de acréscimo.</narracao>
    <narracao id="51646" momento="2ºT" tempo="48">FIM DE JOGO NA VILA BELMIRO! O Santos é o novo vice-líder da competição!</narracao>
    <momento id="51647" momento="E">Final de jogo</momento>
    <narracao id="51648" momento="E" tempo="0">O Santos dominou a partida e mereceu a vitória que o leva para o segundo lugar na tabela, com 31 pontos ganhos.</narracao>
  </lances>
</lancealance>
