<?xml version="1.0" encoding="UTF-8"?>
<lancealance cobertura="1102" leitura="0">
  <placar>
    <equipe id="001" url="" nome="Estados Unidos" escudo="/FlashShow/0,,9453,00.swf" resultado="0" abreviacao="EUA"/>
    <equipe id="002" url="" nome="República Tcheca" escudo="/FlashShow/0,,9465,00.swf" resultado="3" abreviacao="RTC"/>
  </placar>
  <lances>
    <narracao id="36120" momento="PJ" tempo="0">Estados Unidos e República Tcheca se enfrentam no Aufschalke Arena, na cidade de Gelsenkirchen, às 13h (horário de Brasília), pelo Grupo E. Apita o jogo Carlos Amarilla do Paraguai, auxiliado por Amelio Andino e Manuel Bernal ambos paraguaios. </narracao>
    <momento id="36121" momento="PJ">Pré-jogo</momento>
    <narracao id="36122" momento="PJ" tempo="0">Foi na Copa do Mundo de 1990, na Itália, que estas duas seleções se enfrentaram pela primeira vez na história. A República Tcheca, na época Tchecoeslováquia, goleou os Estados Unidos por 5 a 1 na fase de grupos e se classificou para as quartas-de-final, já os americanos, perderam os três jogos e foram eliminados.</narracao>
    <narracao id="36123" momento="PJ" tempo="0">Esta é a oitava participação dos Estados Unidos em uma Copa do Mundo e a quinta consecutiva. Os americanos fazem parte de um seleto grupo de sete seleções que vêm disputando Copas do Mundo seguidas, desde 1990. Na última Copa, os Estados Unidos realizaram a melhor campanha da história do país, sendo eliminado nas quartas-de-final pela Alemanha, por 1 a 0.</narracao>
    <narracao id="36124" momento="PJ" tempo="0">Esta é a primeira participação da República Tcheca depois que o país se dividiu em duas novas nações em 1993. Se incluirmos a antiga Tchecoeslováquia, esta pode ser considerada a nona Copa do Mundo desta seleção. As melhores campanhas já realizadas em copas do Mundo, foram dois vice-campeonatos, nos Mundiais de 1934, na Itália e 1962, no Chile. Desta seleção comandada por Karel Bruckner, apenas dois jogadores jogam no país, Jaromir Blazek e o experiente Karel Poborsky.</narracao>
    <narracao id="36125" momento="PJ" tempo="0">O goleiro dos Estados Unidos Kasey Keller é o único jogador do atual elenco a disputar cinco Copas do Mundo consecutivas. Em 1990 e 1994, ele era o reserva do folclórico Tony Meola, em 1998 foi titular e 2002 foi reserva de Brad Friedel. O atacante Brian McBride também pode se tornar o primeiro jogador americano a marcar em três Copas do Mundo, em 1998 na França ela fez um gol, e em 2002 marcou duas vezes.</narracao>
    <narracao id="36126" momento="PJ" tempo="0">O atacante grandalhão Jan Koller é o maior artilheiro da história da República Tcheca, com 42 gols marcados pela seleção. Durante a disputa da eliminatória européia, marcou oito gols em nove jogos disputados, ajudando a República Tcheca e se classificar em primeiro lugar de seu grupo. É um dos três jogadores mais altos do torneio com 2,02m ao lado do goleiro reserva da Austrália Zeljko Kalac e do atacante Nikola Zigic de Sérvia e Montenegro.</narracao>
    <narracao id="36127" momento="PJ" tempo="0">Neste momento as duas seleções entram em campo e se alinham para a execução dos respectivos hinos nacionais.</narracao>
    <narracao id="36128" momento="PJ" tempo="0">Os jogadores se cumprimentam e está tudo pronto para bola rolar em Gelsenkirchen.</narracao>
    <video id="36137" momento="PJ" video="480082"> Veja o vídeo:  0' VÍDEO: Execução do hino nacional dos Estados Unidos.</video>
    <video id="36138" momento="PJ" video="480085"> Veja o vídeo:  0' VÍDEO: Execução do hino nacional da República Tcheca.</video>
    <video id="36140" momento="PJ" video="480086"> Veja o vídeo:  0' VÍDEO: A história da República Tcheca.</video>
    <video id="36145" momento="PJ" video="480090"> Veja o vídeo:  0' VÍDEO: A história dos Estados Unidos.</video>
    <momento id="36129" momento="1ºT">Primeiro tempo</momento>
    <narracao id="36130" momento="1ºT" tempo="0">BOLA ROLANDO EM GELSENKIRCHEN! Começa Estados Unidos e República Tcheca!</narracao>
    <narracao id="36131" momento="1ºT" tempo="0">Com menos de um minuto a bola é tocada para Beasley na direita, na linha do meio-campo, mas meia não consegue dominar e bola se perde pela lateral.</narracao>
    <narracao id="36132" momento="1ºT" tempo="1">Falta para a República Tcheca. A bola é lançada na área, mas árbitro já parava o lance marcando falta do ataque tcheco.</narracao>
    <narracao id="36133" momento="1ºT" tempo="2">Grygera arrisca chute forte de muito longe. A bola se perde pela linha de fundo. Tiro de meta para o goleiro Keller.</narracao>
    <narracao id="36134" momento="1ºT" tempo="2">Cherundolo recebe bola de Beasley na entrada da área e tenta o cruzamento. A bola se perde por cima do gol de Cech.</narracao>
    <video id="36144" momento="1ºT" video="480089"> Veja o vídeo:  2' VÍDEO: 02 do 1º tempo - Grygera, da Rep. Tcheca, chuta por cima do gol.</video>
    <cartao id="36135" momento="1ºT" atletaId="12113" tempo="4" ico="/Portal/esportes/temporeal/swf/icos/cartao_amarelo.swf" cor="amarelo">Oguchi Onyewu - Onyewu é punido após falta dura em Nedved na intermediária dos Estados Unidos.</cartao>
    <gol id="36136" momento="1ºT" atletaId="12095" tempo="4" escudo="/FlashShow/0,,9465,00.swf" contra="0"> GOL DE JAN KOLLER  GOOOOOOL! Após cruzamento de Grygera da direita, Koller sobe mais que a zaga americana e abre o placar para a República Tcheca!</gol>
    <video id="36136v" momento="1ºT" video="480093"> Veja o vídeo: Gol de Jan Koller.  4' GOOOOOOL! Após cruzamento de Grygera da direita, Koller sobe mais que a zaga americana e abre o placar para a República Tcheca!</video>
    <video id="36188" momento="1ºT" video="480151"> Veja o vídeo:  4' VÍDEO: Onyewu, zagueiro dos Estados Unidos é punido com cartão amarelo.</video>
    <narracao id="36139" momento="1ºT" tempo="7">Com menos de dez minutos a República Tcheca sai na frente, na bela cabeçada de Koller, após cruzamento da direita do lateral Grygera.</narracao>
    <narracao id="36141" momento="1ºT" tempo="9">Triangulação do ataque da República Tcheca. Árbitro já parava o lance marcando impedimento de Nedved.</narracao>
    <narracao id="36142" momento="1ºT" tempo="10">Convey cruza bola do lado esquerdo na área da República Tcheca. Cech sai do gol e defende com segurança.</narracao>
    <video id="36150" momento="1ºT" video="480097"> Veja o vídeo:  10' VÍDEO: 10 do 1º tempo - Cech, da Rep. Tcheca, pula para cortar cruzamento.</video>
    <narracao id="36143" momento="1ºT" tempo="11">Após cobrança de escanteio, Reyna cruza bola na área da República Tcheca. Pope escora de cabeça e a bola se perde pela linha de fundo.</narracao>
    <narracao id="36146" momento="1ºT" tempo="14">Lançamento para McBride na área da República Tcheca. A bola corre demais e se perde pela linha de fundo.</narracao>
    <narracao id="36147" momento="1ºT" tempo="15">Beasley avança com a bola dominada pelo lado direito de ataque. Rosicky chega na marcação e corta para lateral.</narracao>
    <cartao id="36148" momento="1ºT" atletaId="7263" tempo="15" ico="/Portal/esportes/temporeal/swf/icos/cartao_amarelo.swf" cor="amarelo">David Rozehnal - Rozehnal é punido após falta dura em Donovan na intermediária da República Tcheca.</cartao>
    <video id="36189" momento="1ºT" video="480152"> Veja o vídeo:  15' VÍDEO: Rozehnal, da República Tcheca, é punido com cartão amarelo.</video>
    <narracao id="36149" momento="1ºT" tempo="17">Lançamento para Koller na área dos Estados Unidos. Árbitro pára o lance e marca impedimento do atacante tcheco.</narracao>
    <video id="36156" momento="1ºT" video="480107"> Veja o vídeo:  17' VÍDEO: Aos 17 do primeiro tempo. Koller recebe belo passe na área, mas árbitro marca impedimento.</video>
    <narracao id="36151" momento="1ºT" tempo="18">A zaga dos Estados Unidos se atrapalha com a bola e Koller chega pressionando para tentar roubar. </narracao>
    <narracao id="36152" momento="1ºT" tempo="21">Reyna cruza bola do lado direito na área da República Tcheca. A zaga corta de cabeça e arma o contra-ataque...</narracao>
    <narracao id="36153" momento="1ºT" tempo="22">... Na seqüência, Poborsky avança em velocidade, mas perde na marcação e sofre a falta...</narracao>
    <narracao id="36154" momento="1ºT" tempo="23">... Falta cobrada do lado esquerdo na área dos Estados Unidos, Beasley afasta o perigo.</narracao>
    <narracao id="36155" momento="1ºT" tempo="23">Lance Perigoso - Nedved avança pela esquerda e cruza da linha de fundo na área dos Estados Unidos. Koller não alcança e Grygera escora de cabeça, por cima do gol de Keller.</narracao>
    <video id="36160" momento="1ºT" video="480114"> Veja o vídeo:  23' VÍDEO: Aos 23 do primeiro tempo, Grygera cabeceia por cima do gol de Keller, após cruzamento de Nedved.</video>
    <narracao id="36157" momento="1ºT" tempo="26">Beasley toca para Convey no lado esquerdo da entrada da área. Meia tenta a jogada mas é desarmado por Grygera.</narracao>
    <narracao id="36158" momento="1ºT" tempo="27">Na Trave - UUUHHHH! Reyna chuta forte de fora da área e a bola bate no poste direito do gol de Cech, que estava vendido no lance!</narracao>
    <video id="36166" momento="1ºT" video="480127"> Veja o vídeo:  27' VÍDEO: 27 do 1º tempo – Reyna, dos Estados Unidos, chuta na trave.</video>
    <narracao id="36159" momento="1ºT" tempo="28">Reyna desta vez chuta de fora da área, muito mal, e a bola se perde pela linha de fundo. É tiro de meta para Cech.</narracao>
    <narracao id="36161" momento="1ºT" tempo="31">Nedved penetra na área dos Estados Unidos, tenta o cruzamento, mas é travado por Pope e ganha o escanteio...</narracao>
    <video id="36167" momento="1ºT" video="480130"> Veja o vídeo:  31' VÍDEO: 31 do 1º tempo - Nedved, da Rep. Tcheca, invede a area mas perde para o zagueiro.</video>
    <narracao id="36162" momento="1ºT" tempo="32">... Escanteio cobrado para República Tcheca, a zaga americana afasta o perigo.</narracao>
    <narracao id="36163" momento="1ºT" tempo="32">IMPEDIDO! Mais uma vez Koller é pego em posição irregular no ataque da República Tcheca.</narracao>
    <narracao id="36164" momento="1ºT" tempo="33">Donovan cruza bola da direita na área da República Tcheca. Ujfalusi sobe e corta de cabeça.</narracao>
    <gol id="36165" momento="1ºT" atletaId="8545" tempo="36" escudo="/FlashShow/0,,9465,00.swf" contra="0"> GOL DE TOMÁS ROSICKY  GOOOOLAAAAAÇOOOOO! Rosicky arrisca um chutaço de fora da área e a bola entra na gaveta esquerda do gol de Keller.</gol>
    <video id="36165v" momento="1ºT" video="480132"> Veja o vídeo: Gol de Tomás Rosicky.  36' GOOOOLAAAAAÇOOOOO! Rosicky arrisca um chutaço de fora da área e a bola entra na gaveta esquerda do gol de Keller.</video>
    <narracao id="36168" momento="1ºT" tempo="39">Os americanos tem mais posse de bola e tentam chegar ao ataque. Mas esbarram na forte marcação dos Tchecos. Estes por sua vez, têm mais qualidade no toque de bola e no jogo individual e vencem por dois a zero.</narracao>
    <narracao id="36169" momento="1ºT" tempo="41">Koller tenta ganhar na corrida do zagueiro Onyewu, cai no gramado e sente grave contusão na perna direita.</narracao>
    <video id="36176" momento="1ºT" video="480134"> Veja o vídeo:  41' VÍDEO: 41 do 1º tempo – Koller, da Rep. Tcheca, entra na área e cai contudido.</video>
    <narracao id="36170" momento="1ºT" tempo="42">Koller sai chorando de campo e vai ser substituído por Lokvenc.</narracao>
    <video id="36177" momento="1ºT" video="480135"> Veja o vídeo:  43' VÍDEO: 43 do 1º tempo - Cech, da Rep. Tcheca, sai para cortar cruzamento.</video>
    <video id="36190" momento="1ºT" video="480153"> Veja o vídeo:  43' VÍDEO: Koller, da República Tcheca é substituído appos sentri lesão na perna direita.</video>
    <substituicao id="36220" momento="1ºT" tempo="43" ico="/Portal/esportes/temporeal/swf/icos/substituicao.swf">República Tcheca faz substituição: entra Lokvenc, sai Koller</substituicao>
    <narracao id="36172" momento="1ºT" tempo="45">ACRÉSCIMOS! Árbitro assinala mais um minuto neste primeiro tempo.</narracao>
    <narracao id="36173" momento="1ºT" tempo="46">FIM DE PRIMEIRO TEMPO! A República Tcheca segue vencendo os Estados Unidos por dois a zero. Gols de Koller e Rosicky.</narracao>
    <momento id="36174" momento="I">Show do intervalo</momento>
    <narracao id="36175" momento="I" tempo="0">Um primeiro tempo onde a diferença técnica entre as duas equipes ficou evidente. Os Estados Unidos tiveram mais posse de bola, porém não conseguiram penetrar na forte e bem posicionada defesa Tcheca. A República Tcheca aproveitou a fragilidade da retaguarda americana e abriu o placar com Koller, de cabeça. Mais tarde, Rosicky acertou um chutaço de fora da área e conferiu o segundo gol dos tchecos até agora.</narracao>
    <narracao id="36178" momento="I" tempo="0">USA            REP. TCHECA  

1   Chutes ao gol      2 
3   Finalizações       4 
9     Faltas           8 
2   Escanteios         1 
0   Chutes livres      0 
0   Impedimentos       5 
0   Gols contra        0 
1   Cartões amarelos   1 
0   Cartões vermelhos  0 
58% Posse de bola     42%  </narracao>
    <momento id="36179" momento="2ºT">Segundo tempo</momento>
    <narracao id="36183" momento="2ºT" tempo="0">BOLA ROLANDO! Começa o segundo tempo de República Tcheca 2 x 0 Estados Unidos.</narracao>
    <substituicao id="36208" momento="2ºT" tempo="0" ico="/Portal/esportes/temporeal/swf/icos/substituicao.swf">Estados Unidos faz substituição: entra John O´Brien, sai Mastroeni</substituicao>
    <substituicao id="36209" momento="2ºT" tempo="0" ico="/Portal/esportes/temporeal/swf/icos/substituicao.swf">Estados Unidos faz substituição: entra Eddie Johnson, sai Cherundolo</substituicao>
    <narracao id="36184" momento="2ºT" tempo="1">Os americanos voltam com duas alterações. Entram Johnson e O'Brien, saem Cherundolo e Mastroeni.</narracao>
    <narracao id="36185" momento="2ºT" tempo="3">Convey faz boa jogada pela esquerda de ataque e cruza rasteiro na área da República Tcheca. A zaga faz o corte e afasta o perigo.</narracao>
    <video id="36195" momento="2ºT" video="480154"> Veja o vídeo:  3' VÍDEO: 03 do 2º tempo – Convey, dos EUA, cruza para a área e defesa tira.</video>
    <narracao id="36186" momento="2ºT" tempo="5">Lance Perigoso - UUUHHHH! Poborsky cobra falta da direita na área dos Estados Unidos. Ujfalusi escora de cabeça no primeiro pau e a bola sai com perigo, à direita do gol de Keller.</narracao>
    <video id="36196" momento="2ºT" video="480156"> Veja o vídeo:  5' VÍDEO: Após cobrança de falta da direita, Ujfalusi cabeceia com perigo.</video>
    <video id="36213" momento="2ºT" video="480156"> Veja o vídeo:  5' VÍDEO: 05 do 2º tempo - Ujfalusi, da Rep. Tcheca, cabeceia com perigo.</video>
    <narracao id="36187" momento="2ºT" tempo="7">Reyna comete falta dura, por trás em Nedved. Árbitro adverte o capitão americano.</narracao>
    <video id="36226" momento="2ºT" video="480180"> Veja o vídeo:  7' VÍDEO: 7 do 2º tempo - Reyna, capitão dos Estados Unidos, faz falta por trás.</video>
    <narracao id="36191" momento="2ºT" tempo="12">Os americanos estão com mais posse de bola, tentam penetrar na defesa Tcheca, mas esbarram na forte marcação. Os tchecos estão marcando antes da linha que divide o gramado e sempre "dois para um" - dois tchecos para um americano.</narracao>
    <video id="36199" momento="2ºT" video="480158"> Veja o vídeo:  12' VÍDEO: Lokvenc, atacante da República Tcheca, é pego em posição irregular.</video>
    <cartao id="36193" momento="2ºT" atletaId="12097" tempo="13" ico="/Portal/esportes/temporeal/swf/icos/cartao_amarelo.swf" cor="amarelo">Lokvenc - Lokvenc, atacante da República Tcheca é punido após falta dura no zagueiro Onyewu.</cartao>
    <video id="36205" momento="2ºT" video="480165"> Veja o vídeo:  13' VÍDEO: 13 do 2º tempo – Cartão amarelo para Lokvenc, da Rep. Tcheca.</video>
    <cartao id="36192" momento="2ºT" atletaId="1760" tempo="14" ico="/Portal/esportes/temporeal/swf/icos/cartao_amarelo.swf" cor="amarelo">Reyna - Reyna, capitão dos Estados Unidos é punido após falta dura em Plasil.</cartao>
    <video id="36203" momento="2ºT" video="480162"> Veja o vídeo:  15' VÍDEO: 14 do 2º tempo - Cartão amarelo para Reyna, do EUA.</video>
    <video id="36211" momento="2ºT" video="480166"> Veja o vídeo:  15' VÍDEO: 15 do 2º tempo – Keller, dos EUA, faz defesa em chute cara a cara.</video>
    <narracao id="36194" momento="2ºT" tempo="16">Lance Perigoso - UUUHHHH! Nedved avança pela esquerda da área e cruza n segundo pau para Poborsky. Meia pega de primeira e a bola bate na rede, pelo lado de fora do gol de Keller.</narracao>
    <video id="36204" momento="2ºT" video="480164"> Veja o vídeo:  16' VÍDEO: 16 do 2º tempo - Poborsky, da Rep. Tcheca, chuta de primeira por cima do gol.</video>
    <narracao id="36197" momento="2ºT" tempo="19">Lance Perigoso - Nedved lança Jankulowski na área. Lateral é travado por Beasley na hora do chute. É escanteio para a República Tcheca...</narracao>
    <narracao id="36198" momento="2ºT" tempo="19">... Na seqüência, escanteio é cobrado e a zaga americana afasta o perigo.</narracao>
    <video id="36215" momento="2ºT" video="480169"> Veja o vídeo:  19' VÍDEO: Aos 19 do segundo tempo, Beasley corta chute perigoso na área.</video>
    <narracao id="36200" momento="2ºT" tempo="22">Na Trave - CHUTAÇO! Mais um de Rosicky, de fora da área. A bola explode no travessão do gol de Keller, que estava vendido no lance.</narracao>
    <video id="36212" momento="2ºT" video="480171"> Veja o vídeo:  22' VÍDEO: 22 do 2º tempo - Rosicky, da Rep. Tcheca, chuta a bola na trave.</video>
    <narracao id="36201" momento="2ºT" tempo="24">Lance Perigoso - QUE BOMBA! Johnson chuta de canhota de fora da área. A bola sai com perigo, à direita do gol de Cech.</narracao>
    <video id="36214" momento="2ºT" video="480173"> Veja o vídeo:  24' VÍDEO: 24 do 2º tempo – Johnson, dos EUA, chuta de longe com perigo.</video>
    <narracao id="36202" momento="2ºT" tempo="25">Lance Perigoso - Mais uma boa jogada de Johnson. Desta vez, atacante invade a área e chuta forte. Rozehnal entra de carrinho e a bola fica com o zagueiro tcheco.</narracao>
    <narracao id="36206" momento="2ºT" tempo="29">Lance Perigoso - Convey recebe boa bola de Donovan na esquerda e cruza rasteiro. Johnson fecha pelo meio e tenta escorar. Mas Cech se antecipa e faz a defesa.</narracao>
    <gol id="36207" momento="2ºT" atletaId="8545" tempo="30" escudo="/FlashShow/0,,9465,00.swf" contra="0"> GOL DE TOMÁS ROSICKY  Rosicky recebe excelente passe de Nedved na intermediária, avança em velocidade e chuta na saída do goleiro Keller.</gol>
    <video id="36224" momento="2ºT" video="480175"> Veja o vídeo:  30' VÍDEO: 30 do 2º tempo - Gol de Rosicky.EUA 0x3 Rep. Tcheca pela primeira fase.</video>
    <substituicao id="36210" momento="2ºT" tempo="31" ico="/Portal/esportes/temporeal/swf/icos/substituicao.swf">Estados Unidos faz substituição: entra Wolff, sai McBride</substituicao>
    <video id="36232" momento="2ºT" video="480178"> Veja o vídeo:  35' VÍDEO: 35 do 2º tempo - Rosicky, da Rep. Tcheca, recebe cartão amarelo.</video>
    <narracao id="36218" momento="2ºT" tempo="37">Bola cruzada na área da República Tcheca. Wolff escora de cabeça e a bola sai pela linha de fundo.</narracao>
    <substituicao id="36221" momento="2ºT" tempo="37" ico="/Portal/esportes/temporeal/swf/icos/substituicao.swf">República Tcheca faz substituição: entra Polak, sai Poborsky</substituicao>
    <narracao id="36219" momento="2ºT" tempo="39">Nedved comete falta em O'Brien no círculo central.</narracao>
    <substituicao id="36222" momento="2ºT" tempo="40" ico="/Portal/esportes/temporeal/swf/icos/substituicao.swf">República Tcheca faz substituição: entra Stajner, sai Rosicky</substituicao>
    <cartao id="36223" momento="2ºT" atletaId="10777" tempo="42" ico="/Portal/esportes/temporeal/swf/icos/cartao_amarelo.swf" cor="amarelo">Zdenek Grygera - Grygera, lateral da República Tcheca, é punido após falta dura.</cartao>
    <video id="36228" momento="2ºT" video="480185"> Veja o vídeo:  42' VÍDEO: 42 do 2º tempo - Grygera, da Rep. Tcheca, recebe cartão amarelo.</video>
    <video id="36231" momento="2ºT" video="480187"> Veja o vídeo:  43' VÍDEO: 43 do 2º tempo – Plasil, da Rep. Tcheca, chuta por cima do gol.</video>
    <narracao id="36225" momento="2ºT" tempo="45">ACRÉSCIMOS! Árbitro assinala mais dois minutos neste segundo tempo.</narracao>
    <narracao id="36227" momento="2ºT" tempo="47">FIM DE JOGO EM GELSENKIRCHEN! A República Tcheca vence os Estados Unidos por três a zero.</narracao>
    <momento id="36229" momento="E">Final de jogo</momento>
    <narracao id="36230" momento="E" tempo="0">CATEGORIA! A República Tcheca não teve dificuldades para  derrotar os Estados Unidos. Com mais talentos individuais e com uma excelente marcação, não deixou os americanos jogar. Os Estados Unidos tiveram mais posse de bola em toda a partida, até que tocavam bem, mas inferiores técnicamente, não conseguiram chagar ao gol.</narracao>
  </lances>
</lancealance>
