<?xml version="1.0" encoding="UTF-8"?>
<lancealance cobertura="1254" leitura="0">
  <placar>
    <equipe id="001" url="" nome="Flamengo" escudo="/FlashShow/0,,13453,00.swf" resultado="1" abreviacao="FLA"/>
    <equipe id="002" url="" nome="Goiás" escudo="/FlashShow/0,,7681,00.swf" resultado="0" abreviacao="GOI"/>
  </placar>
  <lances>
    <momento id="48459" momento="PJ">Pré-jogo</momento>
    <narracao id="48460" momento="PJ" tempo="0">MENGÃO COMEMORA RETORNO DE UM ÍDOLO!</narracao>
    <narracao id="48461" momento="PJ" tempo="0">Na reestréia de Sávio, o Flamengo recebe o Goiás pela 15ª rodada do Brasileirão! 
</narracao>
    <narracao id="48463" momento="PJ" tempo="0">Mesmo após a conquista do bicampeonato da Copa do Brasil e a classificação para a Copa Libertadores em 2007, o rubro-negro continua sua sina de fazer más campanhas no Campeonato Brasileiro. O Flamengo tem apenas 14 pontos e precisa da vitória no Maracanã para afrouxar o nó da zona de rebaixamento. </narracao>
    <narracao id="48552" momento="PJ" tempo="0">O Goiás faz campanha apenas regular, com 19 pontos bem no meio da tabela. A equipe goiana tem feito bons campeonatos recentemente, tendo conseguido a vaga na Libertadores deste ano com o terceiro lugar no ano passado.   
</narracao>
    <narracao id="48554" momento="PJ" tempo="0">O zagueiro Fabiano, do time goiano, reencontra seu ex-clube no Maracanã.</narracao>
    <narracao id="48556" momento="PJ" tempo="0">Os dois ataques titulares estão confirmados: Luizão e Sávio pelo Flamengo; Souza e Welliton pelo Goiás.</narracao>
    <narracao id="48561" momento="PJ" tempo="0">O Flamengo entra no gramado saudado pela massa rubro-negra!</narracao>
    <narracao id="48563" momento="PJ" tempo="0">O Goiás entra no gramado do Maraca!</narracao>
    <narracao id="48566" momento="PJ" tempo="0">O time rubro-negro pousou para fotos com a faixa de bicampeão da Copa do Brasil!!!</narracao>
    <momento id="48567" momento="1ºT">Primeiro tempo</momento>
    <narracao id="48568" momento="1ºT" tempo="0">BOLA ROLANDO NO MARACA!!!</narracao>
    <narracao id="48569" momento="1ºT" tempo="1">Sávio recebe falta no campo de ataque em sua primeira boa jogada...</narracao>
    <narracao id="48571" momento="1ºT" tempo="1">... PARA FORA DO ESTÁDIO!! Renato isola a bola na tentativa direta para gol.</narracao>
    <narracao id="48575" momento="1ºT" tempo="2">PARA COMPENSAR! Renato arrisca da entrada da área, bola passa bem perto do gol.</narracao>
    <video id="48592" momento="1ºT" video="516268"> Veja o vídeo:  2' Renato chuta de longe com perigo.</video>
    <narracao id="48577" momento="1ºT" tempo="4">Juan erra passe no meio-campo.</narracao>
    <narracao id="48578" momento="1ºT" tempo="5">Juan arrisca de fora da área em cima de Cléber Gaúcho.</narracao>
    <narracao id="48581" momento="1ºT" tempo="6">CORRERIA NÃO SÓ NO CAMPO! Confusão nas arquibancadas do Maracanã.</narracao>
    <narracao id="48582" momento="1ºT" tempo="7">PRIMEIRO CHUTE DO GOIÁS! Romerito dribla Renato Augusto e arrisca fraco da entrada da área. Bola sem problemas para Diego.</narracao>
    <video id="48600" momento="1ºT" video="516274"> Veja o vídeo:  7' Romerito chuta de fora, Diego defende.</video>
    <narracao id="48585" momento="1ºT" tempo="10">Flamengo imprensa Goiás no campo de defesa nos primeiros dez minutos.</narracao>
    <narracao id="48587" momento="1ºT" tempo="11">OLÉ! Souza dá caneta em Leo Moura.</narracao>
    <narracao id="48588" momento="1ºT" tempo="12">Diego sai do gol e tira de soco bola levantada na área.</narracao>
    <narracao id="48589" momento="1ºT" tempo="13">Sávio faz ótima tabela com Juan, mas é desarmado na grande área.</narracao>
    <narracao id="48593" momento="1ºT" tempo="15">Jogo paralisado para atendimento do lateral Vítor no gramado.</narracao>
    <narracao id="48594" momento="1ºT" tempo="16">FAIR PLAY! Flamengo devolve a bola para o Goiás.</narracao>
    <narracao id="48595" momento="1ºT" tempo="17">Falta em Vítor na entrada da área rubro-negra...</narracao>
    <narracao id="48597" momento="1ºT" tempo="17">... Bola bate na barreira.</narracao>
    <narracao id="48598" momento="1ºT" tempo="18">Sávio toca para Juan cruzar para Luizão na área. O passe sai alongado e o atacante não alcança a bola.</narracao>
    <narracao id="48601" momento="1ºT" tempo="20">Goiás equilibra a partida.</narracao>
    <narracao id="48602" momento="1ºT" tempo="20">Renato Augusto sofrte falta após boa jogada...</narracao>
    <narracao id="48604" momento="1ºT" tempo="21">... Renato cobra nas mãos de Harlei.</narracao>
    <narracao id="48606" momento="1ºT" tempo="21">Jônatas faz boa jogada e toca para Renato Augusto na entrada da área. O meia rola para Sávio na ponta esquerda, que cruza em cima da zaga.</narracao>
    <narracao id="48607" momento="1ºT" tempo="22">POR MUITO POUCO! Sávio faz bela jogada pela ponta esquerda e cruza com capricho, Júlio Santos desvia para córner e impede gol feito de Luizão...</narracao>
    <video id="48620" momento="1ºT" video="516291"> Veja o vídeo:  22' Sávio cruza para Luizão, zaga afasta o perigo.</video>
    <narracao id="48608" momento="1ºT" tempo="23">... Rodrigo Arroz cabeceia fraco para fora.</narracao>
    <narracao id="48610" momento="1ºT" tempo="25">Souza pára jogada de ataque e pede falta não marcada.</narracao>
    <narracao id="48611" momento="1ºT" tempo="25">Jônatas e Luciano Almeida discutem no gramado.</narracao>
    <narracao id="48613" momento="1ºT" tempo="26">Vítor faz ótima jogada no lado direito da área. Ele passa pelo primeiro marcador, mas bate na rede pelo lado de fora.</narracao>
    <video id="48628" momento="1ºT" video="516295"> Veja o vídeo:  26' Vítor chuta forte pelo lado de fora da rede.</video>
    <narracao id="48614" momento="1ºT" tempo="28">Luizão tenta assistência na grande área, mas é interceptado pela zaga do Goiás.</narracao>
    <cartao id="48615" momento="1ºT" atletaId="103" tempo="29" ico="/Portal/esportes/temporeal/swf/icos/cartao_amarelo.swf" cor="amarelo">Souza - PRIMEIRO CARTÃO DA PARTIDA! Atacante faz falta dura em Sávio, recebe cartão amarelo e não joga próxima partida contra o São Paulo.</cartao>
    <narracao id="48617" momento="1ºT" tempo="30">Jônatas lança Juan na ponta esquerda, o lateral cruza no primeiro pau, mas Fabiano mata no peito e sai jogando.</narracao>
    <narracao id="48618" momento="1ºT" tempo="31">ROUBADAS DE BOLA: Flamengo 3 x 9 Goiás.</narracao>
    <cartao id="48622" momento="1ºT" atletaId="5237" tempo="33" ico="/Portal/esportes/temporeal/swf/icos/cartao_amarelo.swf" cor="amarelo">Fabiano - Juan rouba a bola de Vítor, puxa rápido contra-ataque e rola para Luizão na entrada da área. Fabiano entra com carrinho frontal e comete falta perigosa. Cartão amarelo para o zagueiro...</cartao>
    <narracao id="48623" momento="1ºT" tempo="34">... Sávio bate na barreira. Torcida reclama toque de mão.</narracao>
    <narracao id="48625" momento="1ºT" tempo="35">Com a marcação de Rodrigo Arroz, Welliton cai na área e time goiano fica pedindo pênalti. </narracao>
    <narracao id="48626" momento="1ºT" tempo="36">Renato recebe bola em contra-ataque, mas chute fica no carrinho do zagueiro.  </narracao>
    <video id="48654" momento="1ºT" video="516303"> Veja o vídeo:  36' Em contra-ataque rápido do Fla, Renato perde boa chance. </video>
    <narracao id="48630" momento="1ºT" tempo="38">Vítor arrisca de fora da área, bola sai pela linha de fundo sem perigo para a meta rubro-negra.</narracao>
    <narracao id="48631" momento="1ºT" tempo="39">PASSES ERRADOS: Flamengo 14 x 11 Goiás.</narracao>
    <cartao id="48633" momento="1ºT" atletaId="1876" tempo="40" ico="/Portal/esportes/temporeal/swf/icos/cartao_amarelo.swf" cor="amarelo">Luizão - Atacante comete falta dura em Fabiano e recebe cartão amarelo.</cartao>
    <narracao id="48634" momento="1ºT" tempo="41">Luciano Almeida tenta jogada pela ponta esquerda, mas sai com bola e tudo.</narracao>
    <narracao id="48636" momento="1ºT" tempo="42">Romerito recebe bola na grande área, tenta a finta, mas é desarmado por Léo.</narracao>
    <narracao id="48637" momento="1ºT" tempo="43">Leonardo Moura erra passe bobo no ataque.</narracao>
    <narracao id="48640" momento="1ºT" tempo="43">Lance Perigoso - PODIA SER! Juan levanta bola na área com o pé direito e encontra Luizão livre. O atacante cabeceia nas mãos de Harlei.</narracao>
    <video id="48657" momento="1ºT" video="516309"> Veja o vídeo:  43' Luizão perde grande chance em fraca cabeçada.</video>
    <narracao id="48641" momento="1ºT" tempo="44">Árbitro sinaliza um minuto de acréscimo.</narracao>
    <narracao id="48643" momento="1ºT" tempo="45">Welliton joga bola na área, Diego defende firme.</narracao>
    <narracao id="48645" momento="1ºT" tempo="46">Juan arrisca de fora da área, Harlei defende firme.</narracao>
    <cartao id="48646" momento="1ºT" atletaId="6337" tempo="47" ico="/Portal/esportes/temporeal/swf/icos/cartao_amarelo.swf" cor="amarelo">Rafael Dias - Zagueiro é punido com cartão amarelo por falta feia em Sávio.</cartao>
    <narracao id="48647" momento="1ºT" tempo="47">FIM DE PRIMEIRO TEMPO!</narracao>
    <momento id="48648" momento="I">Show do intervalo</momento>
    <narracao id="48652" momento="I" tempo="0">O Flamengo jogou melhor que o adversário no primeiro tempo, mas não conseguiu abrir o placar. Destaque para a boa reestréia de Sávio e a boa atuação ofensiva de Juan. O lateral-direito Vítor, que cai nas costas do ala rubro-negro é o mais acionado nos contra-ataques do Goiás.</narracao>
    <narracao id="48658" momento="I" tempo="0">A torcida rubro-negra comparece em grande número no Maraca! Vamos esperar pela confirmação do público...</narracao>
    <momento id="48659" momento="2ºT">Segundo tempo</momento>
    <narracao id="48660" momento="2ºT" tempo="0">COMEÇA O SEGUNDO TEMPO!</narracao>
    <narracao id="48663" momento="2ºT" tempo="1">Falta perigosa para o Goiás...</narracao>
    <narracao id="48665" momento="2ºT" tempo="2">... Fabiano bate na barreira.</narracao>
    <narracao id="48666" momento="2ºT" tempo="3">Juan cruza no segundo pau, Cléber Gaúcho recupera a bola.</narracao>
    <narracao id="48668" momento="2ºT" tempo="4">Leo Moura faz desarme providencial em Vítor.</narracao>
    <narracao id="48670" momento="2ºT" tempo="5">Vítor rouba bola de Juan e recebe falta no campo de ataque.</narracao>
    <narracao id="48673" momento="2ºT" tempo="7">NA FOGUEIRA! Fabiano recua mal para Harlei e Luizão quase aproveita.</narracao>
    <narracao id="48675" momento="2ºT" tempo="9">Renato Augusto recebe boa bola de Jônatas e manda por cima do gol.</narracao>
    <narracao id="48677" momento="2ºT" tempo="10">Danilo Portugal lança Welliton, Diego se antecipa.</narracao>
    <narracao id="48678" momento="2ºT" tempo="11">MELHOR CHANCE DA PARTIDA! Após cruzamento de Welliton no segundo pau, a zaga rubro-negra não alcança e a bola sobra para Souza, sozinho com o goleiro. O atacante domina na pequena área e bate para o gol. Diego faz defesa espetacular.</narracao>
    <video id="48719" momento="2ºT" video="516323"> Veja o vídeo:  11' Ótima defesa de Diego em chute de Souza.</video>
    <narracao id="48679" momento="2ºT" tempo="12">Torcida pede entrada de Obina!</narracao>
    <narracao id="48681" momento="2ºT" tempo="15">Ronaldo Angelim comete falata em Welliton na risca da grande área...</narracao>
    <narracao id="48683" momento="2ºT" tempo="16">... Diego defende batida direta de Luciano Almeida.</narracao>
    <video id="48721" momento="2ºT" video="516331"> Veja o vídeo:  16' Diego defende cobrança de falta de Luciano Almeida.</video>
    <narracao id="48685" momento="2ºT" tempo="17">ESCANTEIOS: Flamengo 7 x 0 Goiás.</narracao>
    <narracao id="48686" momento="2ºT" tempo="18">Diego tira com os pés lançamento para Welliton.</narracao>
    <substituicao id="48755" momento="2ºT" tempo="18" ico="/Portal/esportes/temporeal/swf/icos/substituicao.swf">Flamengo faz substituição: entra Obina, sai Léo</substituicao>
    <narracao id="48689" momento="2ºT" tempo="19">Obina cruza nas mãos de Harlei.</narracao>
    <narracao id="48690" momento="2ºT" tempo="20">OLÉ! A torcida vibra um lindo toque de calcanhar de Sávio para Juan.</narracao>
    <substituicao id="48709" momento="2ºT" tempo="20" ico="/Portal/esportes/temporeal/swf/icos/substituicao.swf">Goiás faz substituição: entra Fábio Bahia, sai Cléber Gaúcho</substituicao>
    <cartao id="48693" momento="2ºT" atletaId="6584" tempo="21" ico="/Portal/esportes/temporeal/swf/icos/cartao_amarelo.swf" cor="amarelo">Danilo Portugal - Meia faz falta dura e é punido com cartão amarelo.</cartao>
    <narracao id="48695" momento="2ºT" tempo="21">Obina foge da marcação de Rafael Dias e arrisca de fora da área. Harlei defende firme.</narracao>
    <narracao id="48697" momento="2ºT" tempo="22">QUE LINDO! Luciano Almeida dá chapéu em adversário.</narracao>
    <narracao id="48698" momento="2ºT" tempo="23">Souza arrisca de fora da área por cima do gol.</narracao>
    <narracao id="48701" momento="2ºT" tempo="24">UUUUUHHHH!!!! Sávio faz bela jogada pela ponta direita e cruza rasteiro no meio dá área. A bola desvia na zaga e sobra para Renato encher o pé. Harlei manda para córner em bela defesa.</narracao>
    <substituicao id="48710" momento="2ºT" tempo="24" ico="/Portal/esportes/temporeal/swf/icos/substituicao.swf">Goiás faz substituição: entra Jhonson, sai Souza</substituicao>
    <video id="48722" momento="2ºT" video="516339"> Veja o vídeo:  24' Harlei espalma bomba de Renato.</video>
    <narracao id="48706" momento="2ºT" tempo="25">CHANCE DO GOIÁS! Welliton faz ótima jogada pela ponta esquerda e cruza na pequena área, Ronaldo Angelim se enrola na área e Diego tira com os pés antes da conclusão de Jhonson.</narracao>
    <video id="48723" momento="2ºT" video="516340"> Veja o vídeo:  25' Zaga do Fla quase entrega gol para Jhonson.</video>
    <narracao id="48708" momento="2ºT" tempo="26">DEFESA ESPETACULAR DE HARLEI! Obina cruza rasteiro, Leo Moura conclui para gol e o goleiro da equipe goiana tira por cima com um tapa na bola.</narracao>
    <video id="48740" momento="2ºT" video="516344"> Veja o vídeo:  26' Harlei faz milagre e salva o Goiás.</video>
    <substituicao id="48711" momento="2ºT" tempo="28" ico="/Portal/esportes/temporeal/swf/icos/substituicao.swf">Goiás faz substituição: entra Hugo Leonardo, sai Luciano Almeida</substituicao>
    <narracao id="48715" momento="2ºT" tempo="29">GRANDE PÚBLICO NO MARACA! 41,467 MIL TORCEDORES!!</narracao>
    <narracao id="48717" momento="2ºT" tempo="30">CONTRA-ATAQUE DO GOIÁS! No lado direito da área rubro-negra, Jhonson bate forte para o gol. A bola passa perto do ângulo.</narracao>
    <cartao id="48725" momento="2ºT" atletaId="5035" tempo="33" ico="/Portal/esportes/temporeal/swf/icos/cartao_amarelo.swf" cor="amarelo">Romerito - Meia recebe cartão amarelo após entrada dura.</cartao>
    <narracao id="48727" momento="2ºT" tempo="36">QUASE GOL DO GOIÁS! Jhonson recebe ótima bola de Hugo Leonardo na ponta direita e cruza para Welliton, Diego dá um tapinha na bola e salva o rubro-negro.</narracao>
    <narracao id="48730" momento="2ºT" tempo="37">CONSEGUIU PERDER? Vítor invade livre a área rubro-negra e manda por cima do gol.</narracao>
    <video id="48759" momento="2ºT" video="516351"> Veja o vídeo:  37' Vítor perde gol incrível.</video>
    <narracao id="48735" momento="2ºT" tempo="38">E SÓ DÁ GOIÁS! Fábio Bahia arrisca de fora, mas bola bate na zaga.</narracao>
    <narracao id="48736" momento="2ºT" tempo="39">QUE FEIO! Obina sai com bola e tudo pela lateral.</narracao>
    <narracao id="48738" momento="2ºT" tempo="40">BISONHO! Welliton recebe ótima bola de Hugo Leonardo na entrada da área e dá uma furada incrível!</narracao>
    <narracao id="48741" momento="2ºT" tempo="42">NÃO VALEU! Renato marca em posição de impedimento.</narracao>
    <gol id="48744" momento="2ºT" atletaId="3464" tempo="44" escudo="/FlashShow/0,,13453,00.swf" contra="0"> GOL DE OBINA  GOOOOOOOOL DO FLAMENGO!!!!!! Após bola na área em cobrança de falta, Harlei defende chute à queima-roupa de Luizão, mas não consegue segurar o rebote de canhota de Obina! </gol>
    <video id="48744v" momento="2ºT" video="516353"> Veja o vídeo: Gol de Obina.  44' GOOOOOOOOL DO FLAMENGO!!!!!! Após bola na área em cobrança de falta, Harlei defende chute à queima-roupa de Luizão, mas não consegue segurar o rebote de canhota de Obina! </video>
    <narracao id="48745" momento="2ºT" tempo="46">Obina bate de fora, Harlei faz boa defesa.</narracao>
    <narracao id="48746" momento="2ºT" tempo="47">Sávio bagunça os zagueiros no lado direito da área e ganha córner...</narracao>
    <narracao id="48748" momento="2ºT" tempo="47">... Renato desvia por cima do gol.</narracao>
    <narracao id="48749" momento="2ºT" tempo="47">A partida vai até os 49 minutos.</narracao>
    <substituicao id="48756" momento="2ºT" tempo="47" ico="/Portal/esportes/temporeal/swf/icos/substituicao.swf">Flamengo faz substituição: entra Marlon, sai Luizão</substituicao>
    <narracao id="48753" momento="2ºT" tempo="48">Fabiano arrisca de fora da área por cima do gol.</narracao>
    <substituicao id="48757" momento="2ºT" tempo="48" ico="/Portal/esportes/temporeal/swf/icos/substituicao.swf">Flamengo faz substituição: entra Walter Minhoca, sai Sávio</substituicao>
    <narracao id="48754" momento="2ºT" tempo="48">A massa rubro-negra comemora o gol no fim da partida!!!</narracao>
    <narracao id="48760" momento="2ºT" tempo="49">Diego defende bola levantada na área.</narracao>
    <narracao id="48762" momento="2ºT" tempo="50">FIM DE JOGO NO MARACA!!!</narracao>
    <momento id="48763" momento="E">Final de jogo</momento>
    <narracao id="48768" momento="E" tempo="0">O Flamengo respira aliviado! Obina marca aos 44 minutos do segundo tempo e dá a vitória ao rubro-negro!</narracao>
  </lances>
</lancealance>
