<?xml version="1.0" encoding="UTF-8"?>
<lancealance cobertura="1042" leitura="0">
  <placar>
    <equipe id="001" url="" nome="França" escudo="/FlashShow/0,,9454,00.swf" resultado="2" abreviacao="FRA"/>
    <equipe id="002" url="" nome="Dinamarca" escudo="/FlashShow/0,,12988,00.swf" resultado="0" abreviacao="null"/>
  </placar>
  <lances>
    <momento id="32010" momento="PJ">Pré-jogo</momento>
    <narracao id="32009" momento="PJ" tempo="0">No segundo amistoso preparatório antes do início da Copa da Alemanha, a França de Domenech recebe a Dinamarca em Lens. A equipe nórdica não irá ao Mundial, mas será bom desafio para os "Bleus". Zidane pode ser poupado para a partida devido ao cansaço da temporada. O artilheiro Henry está confirmado.</narracao>
    <momento id="32011" momento="1ºT">Primeiro tempo</momento>
    <narracao id="32012" momento="1ºT" tempo="0">Começa a partida em Lens!</narracao>
    <narracao id="32013" momento="1ºT" tempo="2">GUERRA DE VOLANTES! Vieira tira a bola dos pés de Gravesen com força. O dinamarquês cai, mas não é nada.</narracao>
    <narracao id="32014" momento="1ºT" tempo="4">A Dinamarca aperta a França. A equipe de Zizou não consegue chegar ao ataque neste começo de partida.</narracao>
    <narracao id="32015" momento="1ºT" tempo="5">Henry avança pela esquerda, tenta driblar Jacobsen, mas a bola resvala nos pés do zagueiro dinamarquês e o goleiro pega sem problemas.</narracao>
    <narracao id="32016" momento="1ºT" tempo="6">FALTA! Poulsen derruba Henry no meio da área. Zidane cobra direto! Para fora...</narracao>
    <narracao id="32019" momento="1ºT" tempo="8">Malouda recebe passe açucarado de Abidal e cruza. o goleiro Christiansen se adianta e segura a bola. Segue o jogo!</narracao>
    <narracao id="32020" momento="1ºT" tempo="10">Zidane dá passe perfeito para Henry. O atacante domina, avança, mas é travado por Jacobsen na hora de chutar.</narracao>
    <narracao id="32021" momento="1ºT" tempo="11">A França começa a sair da retranca e a Dinamarca se defende como pode dos rápidos ataques dos "Bleus".</narracao>
    <gol id="32023" momento="1ºT" atletaId="2179" tempo="12" escudo="/FlashShow/0,,9454,00.swf" contra="0"> GOL DE THIERRY HENRY  Sagnol lança, Saha cabeceia para trás na entrada da área. Livre dos dois marcadores, o poderoso atacante do Arsenal chuta no canto do goleiro dinamarquês.</gol>
    <narracao id="32026" momento="1ºT" tempo="16">ESSE É DRIBLADOR! Gravesen dribla quatro marcadores franceses na entrada da área. Na hora de finalizar, o volante do Real Madrid se atrapalha e perde a bola.</narracao>
    <narracao id="32030" momento="1ºT" tempo="19">CUIDADO! Malouda recebe forte entrada do lateral Poulsen. O meia cai, mas não preocupa a torcida francesa.</narracao>
    <narracao id="32033" momento="1ºT" tempo="21">Tomasson divide com Abidal e ganha. No rebote, o atacante da Dinamarca tenta encobrir o goleiro Barthez, mas a bola sai.</narracao>
    <narracao id="32036" momento="1ºT" tempo="23">Priske se atrapalha todo na área e dá um presente para Saha. Na finalização, o atacante francês isola a bola. Desperdiçou excelente chance para a França.</narracao>
    <narracao id="32038" momento="1ºT" tempo="25">Falta. Gravesen cobra, muitos jogadores se derrubam na área e ninguém toca na bola.</narracao>
    <narracao id="32041" momento="1ºT" tempo="27">A Dinamarca continua levando bastante perigo para a França. A equipe que não está na Copa tem maior posse de bola, mas não finaliza bem.</narracao>
    <cartao id="32042" momento="1ºT" atletaId="12669" tempo="28" ico="/Portal/esportes/temporeal/swf/icos/cartao_amarelo.swf" cor="amarelo">Thomas Gravensen - O volante deu uma pancada no francês Makelele. O árbitro não perdoa!</cartao>
    <narracao id="32044" momento="1ºT" tempo="29">Malouda se livra de dois marcadores pelo lado esquerdo e toca para Henry, livre. O atacante bate de chapa na bola, mas ela sai. Outra boa chance desperdiçada pelos franceses.</narracao>
    <narracao id="32049" momento="1ºT" tempo="32">A França tenta tocar a bola com paciência, mas os dinamarqueses não dão espaço.</narracao>
    <narracao id="32050" momento="1ºT" tempo="33">Zidane toca para Vieira na área, mas o volante não alcança a bola. Chegando o final do primeiro tempo, as seleções parecem se preservar para a segunda etapa.</narracao>
    <narracao id="32051" momento="1ºT" tempo="36">Gravesen tenta lançar Tomasson livre na área francesa. Thuram, experiente, se antecipa ao atacante.</narracao>
    <narracao id="32052" momento="1ºT" tempo="38">Contra-ataque francês. Sagnol lança outra bola para Henry. Muito marcado, o atacante  perde a bola para dois zagueiros.</narracao>
    <narracao id="32053" momento="1ºT" tempo="39">No escanteio cobrado por Sagnol, Zidane pula mais que todo mundo para cabecear, mas o goleiro Christiansen segura, sem perigo.</narracao>
    <narracao id="32055" momento="1ºT" tempo="41">Jorgensen corre e toca na área para Tomasson. O meia dinamarquês estava impedido. O bandeirinha está acordado!</narracao>
    <narracao id="32056" momento="1ºT" tempo="43">A França troca belos passes na entrada da área da Dinamarca. Saha, Zidane e Vieira. Gravesen, sempre ele, intercepta o passe e corta o perigo.</narracao>
    <narracao id="32057" momento="1ºT" tempo="45">Falta! Gravesen cobra direto e faz apenas um passe para o goleiro Barthez.</narracao>
    <narracao id="32059" momento="1ºT" tempo="46">Zidane lança na área dinamarquesa. Gallas dá um tiro de cabeça, mas o goleiro Christiansen, bem posicionado, agarra a bola e evita o segundo gol francês.</narracao>
    <momento id="32060" momento="I">Show do intervalo</momento>
    <narracao id="32061" momento="I" tempo="0">Na partida amistosa de Lens, a França demonstra a grande superioridade técnica que tem sobre a Dinamarca. Henry teve duas chances claras de gol, mas só fez um. Destaque para a zaga francesa, que está sendo muito exigida pelos contra-ataques do adversário. Destaque também para Gravesen, líder da seleção nórdica, que demonstra boa visão de jogo.</narracao>
    <momento id="32077" momento="2ºT">Segundo tempo</momento>
    <narracao id="32078" momento="2ºT" tempo="0">COMEÇA O SEGUNDO TEMPO DO AMISTOSO!</narracao>
    <narracao id="32079" momento="2ºT" tempo="1">A França começa como no segundo tempo, se defendendo dos ataques da Dinamarca.</narracao>
    <narracao id="32082" momento="2ºT" tempo="2">A Dinamarca tabela na frente dos zagueiros franceses. Kristiansen recebe de Gravesen. Makelele dá o bote e corta o ataque.</narracao>
    <narracao id="32085" momento="2ºT" tempo="5">ZAGUEIRÃO! Jorgensen faz belo cruzamento para a área francesa. Gallas se adianta a Tomasson e dá cabeçada na bola. Segue o jogo em Lens!</narracao>
    <narracao id="32089" momento="2ºT" tempo="7">Jorgensen cobra falta para a área dos "Bleus". Thuram sobe mais que Jacobsen e afasta o perigo.</narracao>
    <narracao id="32098" momento="2ºT" tempo="8">Henry avança pela esquerda e cruza para Saha. Bravamente Jorgensen volta para marcar o atacante e consegue se antecipar ao chute.</narracao>
    <narracao id="32100" momento="2ºT" tempo="10">Henry corre mais que o marcardor, bate com a parte de fora do pé na bola, mas ela sai tirando tinta da trave do goleiro Christiansen.</narracao>
    <substituicao id="32154" momento="2ºT" tempo="11" ico="/Portal/esportes/temporeal/swf/icos/substituicao.swf">França faz substituição: entra Wiltord, sai Louis Saha</substituicao>
    <narracao id="32103" momento="2ºT" tempo="13">A Dinamarca continua investindo nos lançamentos aéreos. Priske lança na linha de fundo, mas Gallas tira, mais uma vez. Pressão da Dinamarca!</narracao>
    <narracao id="32111" momento="2ºT" tempo="15">Wiltord e Henry tabelam na área dinamarquesa. o atacante do Arsenal, marcado por três, não consegue dar prosseguimento ao ataque.</narracao>
    <narracao id="32113" momento="2ºT" tempo="17">O meio-campo da França mostra habilidade e toca muito bem a bola nos últimos minutos. A equipe campeã mundial em 1998 parece estar satisfeita.</narracao>
    <cartao id="32115" momento="2ºT" atletaId="12675" tempo="19" ico="/Portal/esportes/temporeal/swf/icos/cartao_amarelo.swf" cor="amarelo">Lars Jacobsen  - Pela cabeçada no volante Makelele.</cartao>
    <substituicao id="32155" momento="2ºT" tempo="20" ico="/Portal/esportes/temporeal/swf/icos/substituicao.swf">França faz substituição: entra Franck Ribéry, sai Zidane</substituicao>
    <narracao id="32120" momento="2ºT" tempo="23">No momento, um jogo sem muitas oportunidades ofensivas. A França parece procurar se preservar para o Mundial.</narracao>
    <narracao id="32122" momento="2ºT" tempo="25">Ribéry toca a bola no contra-ataque para Wiltord. O atacante tenta lançar Vieira na pequena área dinamarquesa, mas Kroldrup dá um chutão para frente.</narracao>
    <substituicao id="32151" momento="2ºT" tempo="27" ico="/Portal/esportes/temporeal/swf/icos/substituicao.swf">Dinamarca faz substituição: entra Daniel Jensen, sai Lars Jacobsen </substituicao>
    <narracao id="32129" momento="2ºT" tempo="28">IMPEDIDO! Abidal lança Wiltord na linha de fundo, mas o atacante do Lyon estava muito pouco na frente. Acertou o bandeira!</narracao>
    <narracao id="32132" momento="2ºT" tempo="29">PÊNALTI! Ribéry dribla dois dinamarqueses na linha de fundo e é derrubado pelo zagueiro.</narracao>
    <gol id="32136" momento="2ºT" atletaId="2178" tempo="30" escudo="/FlashShow/0,,9454,00.swf" contra="0"> GOL DE SYLVAIN WILTORD  GOLEIRO PARA UM LADO, BOLA PARA O OUTRO! Na cobrança de pênalti, Wiltord cobra fraco no canto direito do goleiro.</gol>
    <substituicao id="32156" momento="2ºT" tempo="33" ico="/Portal/esportes/temporeal/swf/icos/substituicao.swf">França faz substituição: entra Cissé, sai Henry</substituicao>
    <narracao id="32144" momento="2ºT" tempo="36">Barthez faz bela defesa na cabeçada quase mortal de Jensen.</narracao>
    <substituicao id="32157" momento="2ºT" tempo="37" ico="/Portal/esportes/temporeal/swf/icos/substituicao.swf">França faz substituição: entra Silvestre, sai Abidal</substituicao>
    <narracao id="32149" momento="2ºT" tempo="38">Dominando a partida, a França volta a tocar a bola sem partir para o ataque.</narracao>
    <narracao id="32150" momento="2ºT" tempo="40">Vieira lança Cissé na área dinamarquesa. O atacante não finaliza bem e chuta em cima do goleiro Christiansen.</narracao>
    <substituicao id="32152" momento="2ºT" tempo="41" ico="/Portal/esportes/temporeal/swf/icos/substituicao.swf">Dinamarca faz substituição: entra Kenneth Perez, sai Jon Dahl Tomasson</substituicao>
    <substituicao id="32158" momento="2ºT" tempo="43" ico="/Portal/esportes/temporeal/swf/icos/substituicao.swf">França faz substituição: entra Pascal Chimbonda, sai Sagnol</substituicao>
    <narracao id="32159" momento="2ºT" tempo="44">Ribéry inferniza os laterais dinamarqueses. O veloz jogador francês é o único que ainda tenta criar oportunidades para Cissé e Wiltord.</narracao>
    <narracao id="32160" momento="2ºT" tempo="45">Dois minutos de acréscimos.</narracao>
    <narracao id="32161" momento="2ºT" tempo="46">Na bobeada do zagueiro dinamarquês, Cissé aproveita o presente a dá um chute muito forte, à esquerda de Christiansen. O goleiro consegue espalmar e evitar a goleada no final da partida.</narracao>
    <momento id="32162" momento="E">Final de jogo</momento>
    <narracao id="32163" momento="E" tempo="0">Uma partida amistosa de bom nível na cidade francesa de Lens. A equipe de Zidane e cia. fez dois gols em uma seleção forte, a Dinamarca. Destaque para Henry, que mostou-se em grande forma, e também para a defesa francesa, que não vacilou nenhuma vez no jogo.</narracao>
  </lances>
</lancealance>
