<?xml version="1.0" encoding="UTF-8"?>
<lancealance cobertura="1129" leitura="0">
  <placar>
    <equipe id="001" url="" nome="Portugal" escudo="/FlashShow/0,,9464,00.swf" resultado="2" abreviacao="POR"/>
    <equipe id="002" url="" nome="México" escudo="/FlashShow/0,,9461,00.swf" resultado="1" abreviacao="MEX"/>
  </placar>
  <lances>
    <momento id="39353" momento="PJ">Pré-jogo</momento>
    <narracao id="39354" momento="PJ" tempo="0">Portugal e México jogam pela última rodada do grupo D, na Arena Aufshalcke em Gelsenkirchen!</narracao>
    <narracao id="39355" momento="PJ" tempo="0">Lubos Michel, da Eslováquia, é o árbitro da partida.</narracao>
    <narracao id="39356" momento="PJ" tempo="0">A partida define os classificados do grupo para a próxima fase. 
</narracao>
    <narracao id="39361" momento="PJ" tempo="0">Com 6 pontos em dois jogos, Portugal já carimbou a vaga. Para a equipe de Felipão, o jogo vale para garantir a primeira colocação do grupo. E para isso, um empate basta. O treinador decidiu poupar os jogadores que receberam cartãoes amarelos, para não correr riscos de perdê-los para as oitavas-de-final. </narracao>
    <narracao id="39362" momento="PJ" tempo="0">
Deste modo, ficam de fora os atacantes Pauleta e Cristiano Ronaldo, os meias Costinha e Deco, e o lateral Nuno Valente. Estão confirmados como substitutos no ataque Postiga e Simão, no meio-campo Petit e Tiago, e na lateral Caneira. </narracao>
    <narracao id="39363" momento="PJ" tempo="0">Para o México o jogo é de suma importância. A equipe precisa do empate para não depender de outros resultados. A equipe tem 4 pontos e com uma derrota, Angola pode alcançar o mesmo número de pontos se superar o Irã. Neste caso a vaga seria decidida no saldo de gols. Até aqui o México leva três gols no saldo de vantagem. 
</narracao>
    <narracao id="39364" momento="PJ" tempo="0">A vitória classifica o México em primeiro lugar no grupo D. A equipe vem para campo com algumas modificações. O atacante Perez entra no lugar de Franco, Rodriguez toma a vaga de Torrado, e Zinha fica de fora para a entrada de Fonseca. 
</narracao>
    <narracao id="39365" momento="PJ" tempo="0">Na única vez que as equipes se enfrentaram, em Lisboa, em 1969, o placar foi 0 a 0.</narracao>
    <narracao id="39366" momento="PJ" tempo="0">As equipes entram em campo!</narracao>
    <narracao id="39367" momento="PJ" tempo="0">O hino de Portugal é o primeiro a ser executado!</narracao>
    <narracao id="39368" momento="PJ" tempo="0">Agora é a vez do hino mexicano ecoar no estádio!</narracao>
    <narracao id="39369" momento="PJ" tempo="0">Os jogadores adversários se cumprimentam.</narracao>
    <narracao id="39370" momento="PJ" tempo="0">As duas equipes se reúnem em círculos.</narracao>
    <narracao id="39378" momento="PJ" tempo="0">Portugal joga de vinho, o México de branco.</narracao>
    <video id="39462" momento="PJ" video="486873"> Veja o vídeo:  0' Hino de Portugal.</video>
    <video id="39463" momento="PJ" video="486875"> Veja o vídeo:  0' Hino do México.</video>
    <video id="39464" momento="PJ" video="486876"> Veja o vídeo:  0' Os capitães trocam as flâmulas.</video>
    <momento id="39371" momento="1ºT">Primeiro tempo</momento>
    <narracao id="39374" momento="1ºT" tempo="0">ROLA A BOLA! México dá a saída.</narracao>
    <narracao id="39375" momento="1ºT" tempo="0">Primeira falta de Tiago em Pardo.</narracao>
    <video id="39388" momento="1ºT" video="486878"> Veja o vídeo:  0' Começa o jogo!</video>
    <narracao id="39376" momento="1ºT" tempo="1">Lance Perigoso - BELA JOGADA DE FONSECA! O atacante avança pelo lado direito da área, passa por Ricardo Carvalho e Maniche e chuta forte no canto. O goleiro Ricardo faz boa defesa.</narracao>
    <video id="39395" momento="1ºT" video="486882"> Veja o vídeo:  1' Fonseca solta bomba da grande área.</video>
    <narracao id="39377" momento="1ºT" tempo="2">Salcido cruza no segundo pau. Ricardo sai bem do gol e segura a bola com firmeza.</narracao>
    <narracao id="39380" momento="1ºT" tempo="4">Perez tenta cruzar na área, mas Figo corta.</narracao>
    <gol id="39381" momento="1ºT" atletaId="10803" tempo="5" escudo="/FlashShow/0,,9464,00.swf" contra="0"> GOL DE MANICHE  GOOOOOL DE PORTUGAL!!! No primeiro ataque português, Simão puxa contra-ataque com rapidez, e passa na marca do pênalti para Maniche colocar no ângulo esquerdo de Sanchez.</gol>
    <video id="39381v" momento="1ºT" video="486880"> Veja o vídeo: Gol de Maniche.  5' GOOOOOL DE PORTUGAL!!! No primeiro ataque português, Simão puxa contra-ataque com rapidez, e passa na marca do pênalti para Maniche colocar no ângulo esquerdo de Sanchez.</video>
    <narracao id="39383" momento="1ºT" tempo="7">Lance Perigoso - QUASE! Pardo levanta na área e Bravo desvia de pé esquerdo, de sem pulo. A bola passa à direita do gol de Ricardo. </narracao>
    <video id="39407" momento="1ºT" video="486883"> Veja o vídeo:  7' Bravo completa com perigo.</video>
    <narracao id="39391" momento="1ºT" tempo="12">Bola enfiada para Fonseca. Ricardo se adianta e defende.</narracao>
    <narracao id="39394" momento="1ºT" tempo="15">Pineda cruza para a área, Ricardo Carvalho corta.</narracao>
    <narracao id="39397" momento="1ºT" tempo="18">Figo avança pela ponta direita e ganha escanteio...</narracao>
    <narracao id="39399" momento="1ºT" tempo="19">... Figo cobra rasteiro no primeiro pau, Fonseca corta e a bola retorna aos pés do capitão português. O meia dribla o mexicano e cruza de novo para a área. Sanchez defende com facilidade.</narracao>
    <video id="39428" momento="1ºT" video="486898"> Veja o vídeo:  19' Figo cruza, Sanchez defende.</video>
    <cartao id="39401" momento="1ºT" atletaId="6929" tempo="21" ico="/Portal/esportes/temporeal/swf/icos/cartao_amarelo.swf" cor="amarelo">Francisco Rodríguez - Maniche rouba a bola no meio, adianta muito e sofre entrada de Rodriguez, que recebe cartão amarelo. A falta é perigosa...</cartao>
    <video id="39431" momento="1ºT" video="486899"> Veja o vídeo:  21' Rodriguez leva cartão amarelo.</video>
    <narracao id="39402" momento="1ºT" tempo="22">... Figo bate forte, a bola desvia na barreira e vai para córner.</narracao>
    <narracao id="39404" momento="1ºT" tempo="22">É PÊNALTI!!! Em cobrança de escanteio, Rafa Marquez mete a mão na bola dentro da área.</narracao>
    <video id="39441" momento="1ºT" video="486901"> Veja o vídeo:  22' Pênalti para Portugal.</video>
    <gol id="39406" momento="1ºT" atletaId="7379" tempo="23" escudo="/FlashShow/0,,9464,00.swf" contra="0"> GOL DE SIMÃO  É GOOOOOL!!! DE PORTUGAL!!! Simão bate o pênalti à meia altura no canto direito de Sanchez. O goleiro pula certo, mas não alcança.</gol>
    <video id="39406v" momento="1ºT" video="486895"> Veja o vídeo: Gol de Simão.  23' É GOOOOOL!!! DE PORTUGAL!!! Simão bate o pênalti à meia altura no canto direito de Sanchez. O goleiro pula certo, mas não alcança.</video>
    <cartao id="39409" momento="1ºT" atletaId="7687" tempo="25" ico="/Portal/esportes/temporeal/swf/icos/cartao_amarelo.swf" cor="amarelo">Miguel - Miguel comete falta dura e recebe cartão amarelo.</cartao>
    <cartao id="39411" momento="1ºT" atletaId="12141" tempo="26" ico="/Portal/esportes/temporeal/swf/icos/cartao_amarelo.swf" cor="amarelo">Perez - Perez entra de sola em Maniche e recebe cartão amarelo.</cartao>
    <narracao id="39413" momento="1ºT" tempo="26">Lance Perigoso - Postiga recebe na entrada da área e bate forte a gol. Sanchez dá rebote e Tiago manda por cima.</narracao>
    <video id="39454" momento="1ºT" video="486908"> Veja o vídeo:  26' Postiga chuta, Tiago manda o rebote por cima.</video>
    <narracao id="39415" momento="1ºT" tempo="28">Falta cobrada na área, após desvio de cabeça para trás, Bravo fica livre, mas chuta em cima de Ricardo que desvia para escanteio...</narracao>
    <video id="39456" momento="1ºT" video="486909"> Veja o vídeo:  28' Bravo perde grande chance.</video>
    <gol id="39416" momento="1ºT" atletaId="2059" tempo="29" escudo="/FlashShow/0,,9461,00.swf" contra="0"> GOL DE FONSECA  ... É GOOOOL DO MÉXICO!!! Fonseca recua até a marca do pênalti e desvia cobrança de córner no canto esquerdo de Ricardo.</gol>
    <video id="39416v" momento="1ºT" video="486902"> Veja o vídeo: Gol de Fonseca.  29' ... É GOOOOL DO MÉXICO!!! Fonseca recua até a marca do pênalti e desvia cobrança de córner no canto esquerdo de Ricardo.</video>
    <narracao id="39418" momento="1ºT" tempo="31">Maniche entra por trás em Perez. Falta para o México na ponta esquerda...</narracao>
    <narracao id="39421" momento="1ºT" tempo="32">... Rafa Marquez divide de cabeça com zagueiros, e bola sobra fácil para Ricardo.</narracao>
    <narracao id="39420" momento="1ºT" tempo="32">... Bola na área, zaga desvia para escanteio...</narracao>
    <narracao id="39423" momento="1ºT" tempo="33">Lance Bonito - Miguel aplica caneta, tenta o cruzamento e ganha córner...</narracao>
    <narracao id="39425" momento="1ºT" tempo="34">... Fonseca corta no primeiro pau para lateral.</narracao>
    <narracao id="39427" momento="1ºT" tempo="35">POSSE DE BOLA: Portugal 54% x 46% México.</narracao>
    <narracao id="39432" momento="1ºT" tempo="37">Figo solta uma bomba de longa distância em cobrança de falta, Salcido corta para escanteio...</narracao>
    <narracao id="39433" momento="1ºT" tempo="37">Bola no segundo pau, a zaga mexicana corta.</narracao>
    <narracao id="39434" momento="1ºT" tempo="38">Pardo cruza na área, Fonseca desvia para fora.</narracao>
    <narracao id="39439" momento="1ºT" tempo="39">Maniche evita saída da bola e lança Figo. O capitão prende bola e sofre desarme.</narracao>
    <narracao id="39440" momento="1ºT" tempo="41">Figo faz boa jogada pela esquerda e rola para Maniche carimbar a zaga.</narracao>
    <narracao id="39443" momento="1ºT" tempo="42">Maniche arrisca de fora para defesa fácil de Sanchez.</narracao>
    <narracao id="39445" momento="1ºT" tempo="43">CHUTES: Portugal 6 x 5 México.</narracao>
    <narracao id="39446" momento="1ºT" tempo="43">Lance Perigoso - Bravo bate com força no canto esquerdo de Ricardo. O goleiro faz bela defesa e espalma para córner.</narracao>
    <video id="39460" momento="1ºT" video="486914"> Veja o vídeo:  43' Bravo chuta, Ricardo faz boa defesa.</video>
    <narracao id="39448" momento="1ºT" tempo="44">Bom cruzamento na pequena área. Fonseca e o goleiro português dividem, a zaga consegue cortar a bola e o árbitro marca falta de ataque na seqüencia do lance.</narracao>
    <video id="39461" momento="1ºT" video="486915"> Veja o vídeo:  44' Fonseca não consegue completar para o gol.</video>
    <narracao id="39451" momento="1ºT" tempo="46">Lance Perigoso - Rafa Marquez lança Fonseca que ajeita na área para Bravo mandar para fora.</narracao>
    <narracao id="39452" momento="1ºT" tempo="47">FIM DE PRIMEIRO TEMPO!!</narracao>
    <momento id="39465" momento="I">Show do intervalo</momento>
    <narracao id="39467" momento="I" tempo="0">Belo primeiro tempo! Muitas emoções na partida! México começou na pressão, mas no primeiro contra-golpe sofreu o gol. Portugal cresceu na partida e conseguiu ampliar em pênalti bobo cometido por Rafa Marquez. México voltou a equilibrar a partida e diminuiu em gol de cabeça de Fonseca. A equipe latino-americana terminou a primeira etapa mais presente no campo de ataque.  </narracao>
    <momento id="39468" momento="2ºT">Segundo tempo</momento>
    <narracao id="39470" momento="2ºT" tempo="0">ROLA A BOLA PARA O SEGUNDO TEMPO!</narracao>
    <substituicao id="39532" momento="2ºT" tempo="0" ico="/Portal/esportes/temporeal/swf/icos/substituicao.swf">México faz substituição: entra Zinha, sai Francisco Rodríguez</substituicao>
    <narracao id="39472" momento="2ºT" tempo="2">Muitos desarmes no meio-campo.</narracao>
    <narracao id="39473" momento="2ºT" tempo="3">Lance Feio - Pineda cruza e no rebote Mendez fura a bola.</narracao>
    <narracao id="39476" momento="2ºT" tempo="5">Fonseca escorrega e cava falta no campo de ataque...</narracao>
    <narracao id="39478" momento="2ºT" tempo="6">... Pardo bate direto para o gol. A bola passa à esquerda do arco de Ricardo.</narracao>
    <video id="39503" momento="2ºT" video="486930"> Veja o vídeo:  6' Pardo bate falta para fora.</video>
    <narracao id="39479" momento="2ºT" tempo="8">A partida esfria um pouco nesse início de segundo tempo.</narracao>
    <narracao id="39480" momento="2ºT" tempo="9">Fonseca tabela com Bravo e arremata fraco da entrada da área. Ricardo defende com tranqüilidade.</narracao>
    <video id="39501" momento="2ºT" video="486938"> Veja o vídeo:  9' Fonseca chuta fraco.</video>
    <narracao id="39482" momento="2ºT" tempo="11">Lance Perigoso - É PÊNALTI!!!! Em bonito lance do México, Zinha arma jogada, Fonseca recebe na ponta direita e cruza para a área, Zinha recebe de novo, mata a bola na grande área, finta Miguel e a bola desvia na mão do lateral.  </narracao>
    <narracao id="39484" momento="2ºT" tempo="12">Lance Feio - BRAVO ISOLA! Atacnte enfia bomba por cima do gol.</narracao>
    <video id="39500" momento="2ºT" video="486939"> Veja o vídeo:  12' Bravo perde pênalti.</video>
    <narracao id="39486" momento="2ºT" tempo="14">Mendez cruza, Fonseca não consegue dominar.</narracao>
    <cartao id="39487" momento="2ºT" atletaId="12141" tempo="15" ico="/Portal/esportes/temporeal/swf/icos/cartao_vermelho.swf" cor="vermelho">Perez - Perez simula pênalti na grande área, recebe segundo cartão amarelo e é expulso de campo.</cartao>
    <substituicao id="39529" momento="2ºT" tempo="16" ico="/Portal/esportes/temporeal/swf/icos/substituicao.swf">Portugal faz substituição: entra Paulo Ferreira, sai Miguel</substituicao>
    <narracao id="39490" momento="2ºT" tempo="17">Fonseca recebe longo lançamento, mas o atacante está impedido.</narracao>
    <narracao id="39495" momento="2ºT" tempo="18">Lance Perigoso - Pardo dá lindo lançamento, Bravo entra livre na área e manda por cima, outra vez. </narracao>
    <video id="39527" momento="2ºT" video="486944"> Veja o vídeo:  18' Bravo perde chance clara.</video>
    <cartao id="39496" momento="2ºT" atletaId="2287" tempo="19" ico="/Portal/esportes/temporeal/swf/icos/cartao_amarelo.swf" cor="amarelo">Rafa Márquez - Rafa Marquez recebe cartão amarelo.</cartao>
    <narracao id="39497" momento="2ºT" tempo="20">Figo passa para Tiago arriscar de longe para fora.</narracao>
    <video id="39528" momento="2ºT" video="486951"> Veja o vídeo:  20' Tiago arrisca de longe para fora.</video>
    <narracao id="39498" momento="2ºT" tempo="21">Zinha arrisca da entrada da área por cima do gol.</narracao>
    <cartao id="39504" momento="2ºT" atletaId="10803" tempo="23" ico="/Portal/esportes/temporeal/swf/icos/cartao_amarelo.swf" cor="amarelo">Maniche - Maniche dá um tapa na bola e recebe cartão amarelo.</cartao>
    <substituicao id="39530" momento="2ºT" tempo="23" ico="/Portal/esportes/temporeal/swf/icos/substituicao.swf">Portugal faz substituição: entra Nuno Gomes, sai Postiga</substituicao>
    <narracao id="39514" momento="2ºT" tempo="25">Rafa Marquez ganha bola na raça, mas Castro erra passe e desperdiça contra-ataque.</narracao>
    <substituicao id="39533" momento="2ºT" tempo="25" ico="/Portal/esportes/temporeal/swf/icos/substituicao.swf">México faz substituição: entra José Castro, sai Gonzalo Pineda</substituicao>
    <narracao id="39516" momento="2ºT" tempo="26">Lance Perigoso - Bola na área do México, zaga falha e Nuno Gomes manda por cima.</narracao>
    <video id="39536" momento="2ºT" video="486952"> Veja o vídeo:  26' Nuno Gomes perde grande chance.</video>
    <narracao id="39517" momento="2ºT" tempo="27">Polêmica - Bravo prende bola na grande área, sofre carrinho em cima da linha e cai pedindo pênalti. O árbitro não marca. </narracao>
    <narracao id="39520" momento="2ºT" tempo="29">Escanteio na área de Portugal e a zaga corta. No rebote, Salcido bate de fora, e bola explode na defesa.</narracao>
    <narracao id="39524" momento="2ºT" tempo="30">Simão arma jogada na entrada da área e rola para trás buscando Maniche. O meia bate de fora da área, mas a bola passa sem perigo.</narracao>
    <video id="39538" momento="2ºT" video="486954"> Veja o vídeo:  30' Maniche arrisca de longe para fora.</video>
    <narracao id="39525" momento="2ºT" tempo="32">Salcido lança bola na área, Fonseca desvia de cabeça para fora.</narracao>
    <video id="39559" momento="2ºT" video="486957"> Veja o vídeo:  32' Fonseca desvia de cabeça para fora.</video>
    <substituicao id="39531" momento="2ºT" tempo="34" ico="/Portal/esportes/temporeal/swf/icos/substituicao.swf">Portugal faz substituição: entra Boa Morte, sai Figo</substituicao>
    <substituicao id="39534" momento="2ºT" tempo="35" ico="/Portal/esportes/temporeal/swf/icos/substituicao.swf">México faz substituição: entra Guillermo Franco, sai Mario Méndez</substituicao>
    <narracao id="39537" momento="2ºT" tempo="37">Lance Perigoso - Simão cruza na pequena área, Rafa Marquez faz corte parcial e Boa Morte completa para fora.</narracao>
    <video id="39556" momento="2ºT" video="486961"> Veja o vídeo:  37' Zaga mexicana corta cruzamento perigoso.</video>
    <narracao id="39540" momento="2ºT" tempo="39">Cruzamento na área de Portugal. Fonseca domina a bola, perde tempo e cai de maduro na área.</narracao>
    <narracao id="39541" momento="2ºT" tempo="40">POSSE DE BOLA: Portugal 49% x 51% México.</narracao>
    <narracao id="39544" momento="2ºT" tempo="41">Sanchez sai a bola na fogueira com Rafa Marquez, o zagueiro perde a bola. Na sobra, Tiago tenta surpreender o goleiro de longe, mas a bola vai para fora.</narracao>
    <cartao id="39545" momento="2ºT" atletaId="12514" tempo="41" ico="/Portal/esportes/temporeal/swf/icos/cartao_amarelo.swf" cor="amarelo">Zinha - Zinha recebe cartão amarelo.</cartao>
    <video id="39561" momento="2ºT" video="486964"> Veja o vídeo:  41' Em falha da zaga, Tiago tenta de longe.</video>
    <cartao id="39547" momento="2ºT" atletaId="7677" tempo="42" ico="/Portal/esportes/temporeal/swf/icos/cartao_amarelo.swf" cor="amarelo">Boa Morte - Boa Morte entra forte em Castro e recebe cartão amarelo.</cartao>
    <narracao id="39552" momento="2ºT" tempo="44">Fonseca tenta arremate para o gol, Ricardo defende.</narracao>
    <cartao id="39549" momento="2ºT" atletaId="7726" tempo="45" ico="/Portal/esportes/temporeal/swf/icos/cartao_amarelo.swf" cor="amarelo">Nuno Gomes - Nuno Gomes comete falta dura e também recebe cartão amarelo.</cartao>
    <narracao id="39550" momento="2ºT" tempo="45">+3 minutos de acréscimo.</narracao>
    <narracao id="39551" momento="2ºT" tempo="46">Nuno Gomes recebe de Boa Morte e ajeita para Maniche bater de fora. Sanchez espalma e a zaga corta.</narracao>
    <narracao id="39554" momento="2ºT" tempo="48">FIM DE JOGO EM GELSENKIRCHEN!!</narracao>
    <momento id="39562" momento="E">Final de jogo</momento>
    <narracao id="39566" momento="E" tempo="0">Com o resultado, Portugal fica em primeiro no grupo com 9 pontos e México em segundo com 4 pontos. Felipão aumenta recorde de dez vitórias consecutivas em Mundiais.</narracao>
  </lances>
</lancealance>
