<?xml version="1.0" encoding="UTF-8"?>
<lancealance cobertura="1132" leitura="0">
  <placar>
    <equipe id="001" url="" nome="Costa do Marfim" escudo="/FlashShow/0,,9448,00.swf" resultado="3" abreviacao="CMA"/>
    <equipe id="002" url="" nome="Sérvia e Montenegro" escudo="/FlashShow/0,,9830,00.swf" resultado="2" abreviacao="SMO"/>
  </placar>
  <lances>
    <narracao id="39568" momento="PJ" tempo="0">Costa do Marfim e Sérvia e Montenegro se enfrentam às 16h (de Brasília).</narracao>
    <momento id="39569" momento="PJ">Pré-jogo</momento>
    <narracao id="39570" momento="PJ" tempo="0">A Costa do Marfim disputou 13 jogos este ano, com o seguinte retrospecto: 5 vitórias, 4 empates e 4 derrotas, com 17 gols a favor e 14 contra.</narracao>
    <narracao id="39571" momento="PJ" tempo="0">Nos últimos 5 jogos disputados contra equipes européias, a Costa do Marfim obteve duas vitórias (2x1 Romênia; 3x0 Eslovênia), 2 empates (1x1 Itália; 1x1 Suíça) e 2 derrotas (2x3 Espanha; 1 x 2 Espanha).</narracao>
    <narracao id="39572" momento="PJ" tempo="0">Com dois cartões amarelos, o atacante Drogba está fora da partida de despedida da Costa do Marfim na Copa da Alemanha.</narracao>
    <narracao id="39573" momento="PJ" tempo="0">Henri Michel está se despedindo da seleção da Costa do Marfim nesta quarta-feira, contra a Sérvia e Montenegro. Michel ficou aborrecido com o que ele chamou de pequenos erros cometidos nas derrotas por 2 a 1 para Argentina e Holanda. Mas ele considerou que o Mundial foi bom para dar experiência aos jogadores.</narracao>
    <narracao id="39574" momento="PJ" tempo="0">A goleada sofrida para a Argentina neste Mundial por 6x0, entrou para a história como a maior derrota da Sérvia em Copas do Mundo. Em 1930, a ex Iugoslávia foi goleada pelo Uruguai por 6x1. Vale lembrar, que a Sérvia herdou a história futebolística da ex Iugoslávia.</narracao>
    <narracao id="39575" momento="PJ" tempo="0">A Sérvia e Montenegro disputou apenas 4 jogos em 2006, com uma vitória (1x0 Tunísia), um empate (1x1 Uruguai) e duas derrotas (0x1 Holanda e 0x6 Argentina).</narracao>
    <narracao id="39576" momento="PJ" tempo="0">Milosevic completou, contra a Argentina, 100 jogos pela seleção (sempre lembrando que no início da trajetória ainda era a Iugoslávia). O primeiro jogo de Milosevic pela seleção nacional foi Brasil 2 x 0 Iugoslávia, em 94, em Porto Alegre. Ele joga atualmente pelo Osasuna, da Espanha.</narracao>
    <narracao id="39577" momento="PJ" tempo="0">Esta é a primeira e última participação de Sérvia e Montenegro em uma Copa do Mundo. No dia 21 de maio um plebiscito decidiu pela separação entre as duas repúblicas. A decisão foi ratificada numa sessão parlamentar no último dia 3 de junho. Nesta quarta, portanto, é a última vez que a seleção entra em campo para representar o país unificado.</narracao>
    <narracao id="39578" momento="PJ" tempo="0">Sérvia &amp; Montenegro e Costa do Marfim se enfrentam pela primeira vez com suas seleções principais. A antiga Iugoslávia enfrentou apenas uma vez seleções africanas em suas participações em Copas do Mundo e curiosamente, este jogo envolveu dois países que não existem mais. Isso aconteceu justamente na Copa da Alemanha em 1974, quando a Iugoslávia goleou o Zaire por 9x0.</narracao>
    <narracao id="39604" momento="PJ" tempo="0">As duas seleções já estão no gramado!</narracao>
    <momento id="39609" momento="1ºT">Primeiro tempo</momento>
    <narracao id="39610" momento="1ºT" tempo="1">BOLA ROLANDO EM MUNIQUE!</narracao>
    <video id="39619" momento="1ºT" video="487112"> Veja o vídeo:  1' Os hinos das duas seleções.</video>
    <video id="39621" momento="1ºT" video="487113"> Veja o vídeo:  1' Rola a bola em Munique.</video>
    <narracao id="39616" momento="1ºT" tempo="3">PRIMEIRO ATAQUE DA COSTA DO MARFIM! Dindade imprime velocidade e invade a área da Sérvia pelo lado direito. O atacante tenta passe para trás, mas manda nos pés do zagueiro adversário.</narracao>
    <narracao id="39622" momento="1ºT" tempo="6">PARA FORA! O lateral Boka recebe no lado esquerdo de ataque e arrisca para o gol. O chute sai forte, mas a bola sai por cima do gol de Jevric.</narracao>
    <video id="39628" momento="1ºT" video="487116"> Veja o vídeo:  6' Boka finaliza para fora.</video>
    <gol id="39626" momento="1ºT" atletaId="8765" tempo="9" escudo="/FlashShow/0,,9830,00.swf" contra="0"> GOL DE ZIGIC  É GOOOOOOOOOOL! Stankovic domina no meio e descola lançamento longo para Zigic na área da Costa do Marfim. O atacante já domina cortando o goleiro Barry e finaliza com o gol vazio. A SÉRVIA E MONTENEGRO ABRE O PLACAR!</gol>
    <video id="39626v" momento="1ºT" video="487163"> Veja o vídeo: Gol de Zigic.  9' É GOOOOOOOOOOL! Stankovic domina no meio e descola lançamento longo para Zigic na área da Costa do Marfim. O atacante já domina cortando o goleiro Barry e finaliza com o gol vazio. A SÉRVIA E MONTENEGRO ABRE O PLACAR!</video>
    <narracao id="39632" momento="1ºT" tempo="12">JOGO PARADO! O zagueiro Krstajic sofreu uma falta dura e está caído no gramado recebendo o atendimento.</narracao>
    <video id="39644" momento="1ºT" video="487166"> Veja o vídeo:  15' Krstajic sai machucado.</video>
    <substituicao id="39730" momento="1ºT" tempo="15" ico="/Portal/esportes/temporeal/swf/icos/substituicao.swf">Sérvia e Montenegro faz substituição: entra Nadj, sai Krstajic</substituicao>
    <cartao id="39635" momento="1ºT" atletaId="12348" tempo="17" ico="/Portal/esportes/temporeal/swf/icos/cartao_amarelo.swf" cor="amarelo">Nadj - O zagueiro Nadj faz falta dura e acaba punido com o cartão amarelo.</cartao>
    <narracao id="39639" momento="1ºT" tempo="18">INACREDITÁVEL! Domoraud faz grande jogada individual pela ponta direita e cruza rasteiro. O atacante Dindane finaliza da marca do pênalti e Jevric defende com os pés. No rebote, Akale perde sem goleiro!</narracao>
    <video id="39647" momento="1ºT" video="487173"> Veja o vídeo:  18' Costa do Marfim chega muito perto do empate.</video>
    <gol id="39640" momento="1ºT" atletaId="12349" tempo="20" escudo="/FlashShow/0,,9830,00.swf" contra="0"> GOL DE ILIC  É GOOOOOOOOOOL! Após cruzamento para a área da Costa do Marfim, o zagueiro Domoraud corta muito mal e manda nos pés de Ilic. O meia domina na pequena área e manda para o fundo do gol de Barry. Agora, SÉRVIA E MONTENEGRO 2 A 0!</gol>
    <video id="39640v" momento="1ºT" video="487181"> Veja o vídeo: Gol de Ilic.  20' É GOOOOOOOOOOL! Após cruzamento para a área da Costa do Marfim, o zagueiro Domoraud corta muito mal e manda nos pés de Ilic. O meia domina na pequena área e manda para o fundo do gol de Barry. Agora, SÉRVIA E MONTENEGRO 2 A 0!</video>
    <narracao id="39649" momento="1ºT" tempo="24">Lance Perigoso - PERTO! Após levantamento para a área da Costa do Marfim, o atacante Zigic sobe sozinho e testa. A bola vai para fora.</narracao>
    <narracao id="39652" momento="1ºT" tempo="26">MAAAL! Dindane domina na entrada da área da Sérvia e Montenegro e arrisca para o gol. O atacante não pega bem na bola e manda pela linha de fundo.</narracao>
    <narracao id="39655" momento="1ºT" tempo="29">FALTA PERIGOSA PARA A SÉRVIA E MONTENEGRO! Zigic recebe no lado esquerdo de ataque, tenta passar por Keita, mas é derrubado. O árbitro marca a falta e é chance de cruzamento para a área da Costa do Marfim.</narracao>
    <narracao id="39657" momento="1ºT" tempo="30">TIRA A ZAGA! Stankovic cobra a falta para a área da Costa do Marfim e o zagueiro Eboue sobe bem e afasta de cabeça.</narracao>
    <cartao id="39659" momento="1ºT" atletaId="12554" tempo="32" ico="/Portal/esportes/temporeal/swf/icos/cartao_amarelo.swf" cor="amarelo">Keita - O atacante Keita comete falta dura e é punido com o cartão amarelo pelo árbitro.</cartao>
    <narracao id="39664" momento="1ºT" tempo="34">É PÊNALTI!!! Após cruzamento para a área da Sérvia e Montenegro, o meia Dudic sobe para cortar e coloca a mão na bola. O árbitro acerta e marca o pênalti para a equipe africana!</narracao>
    <cartao id="39667" momento="1ºT" atletaId="12338" tempo="34" ico="/Portal/esportes/temporeal/swf/icos/cartao_amarelo.swf" cor="amarelo">Dudic - O meia Dudic comete o pênalti e é punido com o cartão amarelo.</cartao>
    <gol id="39670" momento="1ºT" atletaId="7143" tempo="36" escudo="/FlashShow/0,,9448,00.swf" contra="0"> GOL DE NÃO USAR  É GOOOOOOOOOOL! O atacante Dindane cobra bem o pênalti, no canto esquerdo do goleiro Jevric, e faz o primeiro gol da Costa do Marfim na partida!</gol>
    <video id="39670v" momento="1ºT" video="487207"> Veja o vídeo: Gol de Não usar.  36' É GOOOOOOOOOOL! O atacante Dindane cobra bem o pênalti, no canto esquerdo do goleiro Jevric, e faz o primeiro gol da Costa do Marfim na partida!</video>
    <cartao id="39671" momento="1ºT" atletaId="12344" tempo="38" ico="/Portal/esportes/temporeal/swf/icos/cartao_amarelo.swf" cor="amarelo">Igor Duljaj - O zagueiro Duljaj comete falta dura e é punido com o cartão amarelo pelo árbitro.</cartao>
    <narracao id="39673" momento="1ºT" tempo="39">Lance Perigoso - BARRY! Pedrag Djordjevic cobra falta da intermediária de atque e manda no ângulo direito. O goleiro Barry se estica todo e faz grande defesa! </narracao>
    <video id="39689" momento="1ºT" video="487208"> Veja o vídeo:  39' Barry faz grande defesa.</video>
    <narracao id="39675" momento="1ºT" tempo="41">GRANDE CHANCE PARA A SÉRVIA E MONTENEGRO! Pedrag Djordjevic imprime velocidade, tenta invadir a área da Costa do Marfim, mas é derrubado por Domoraud. A falta é muito perigosa!</narracao>
    <cartao id="39677" momento="1ºT" atletaId="12323" tempo="41" ico="/Portal/esportes/temporeal/swf/icos/cartao_amarelo.swf" cor="amarelo">Domoraud - O zagueiro Domoraud comete falta dura e é punido com o cartão amarelo.</cartao>
    <narracao id="39679" momento="1ºT" tempo="42">NA BARREIRA! Pedrag Djordjevic cobra a falta perigosa e manda em cima da barreira. </narracao>
    <narracao id="39681" momento="1ºT" tempo="43">OPA! Dindane invade a área da Sérvia e Montenegro, pelo lado direito, tenta driblar o goleiro Jevric e cai. O atacante fica pedindo o pênalti, mas o árbitro não marca nada e manda o jogo seguir.</narracao>
    <cartao id="39683" momento="1ºT" atletaId="7143" tempo="43" ico="/Portal/esportes/temporeal/swf/icos/cartao_amarelo.swf" cor="amarelo">Não usar - O atacante Dindane tenta simular um pênalti e recebe o cartão amarelo.</cartao>
    <cartao id="39684" momento="1ºT" atletaId="12348" tempo="44" ico="/Portal/esportes/temporeal/swf/icos/cartao_vermelho.swf" cor="vermelho">Nadj - PARA FORA! O meia Nadj comete mais uma falta dura, é punido com o segundo cartão amarelo e acaba expulso da partida!</cartao>
    <video id="39704" momento="1ºT" video="487221"> Veja o vídeo:  44' Najd é expulso.</video>
    <narracao id="39686" momento="1ºT" tempo="45">MAIS TRÊS! O árbitro aponta três minutos de acréscimo no primeiro tempo.</narracao>
    <narracao id="39692" momento="1ºT" tempo="48">TERMINA O PRIMEIRO TEMPO!</narracao>
    <momento id="39693" momento="I">Show do intervalo</momento>
    <narracao id="39694" momento="I" tempo="0">Um primeiro tempo muito bom. O jogo está muito movimentado e as duas equipes tiveram muitas chances de gol. A Sérvia e Montenegro aproveitou melhor as suas oportunidades e está na frente do placar. A Costa do Marfim também joga muito bem. O time africano chegou muito perto do empate, mas por pouco não marcou. O time europeu jogará a etapa final com menos um homem em campo, Najd foi expulso. NO SEGUNDO TEMPO, O JOGO VAI FERVER!  </narracao>
    <momento id="39701" momento="2ºT">Segundo tempo</momento>
    <narracao id="39702" momento="2ºT" tempo="1">BOLA ROLANDO PARA O SEGUNDO TEMPO!</narracao>
    <narracao id="39706" momento="2ºT" tempo="2">PAROU! O atacante Kone recebe lançamento longo e domina na entrada da área da Sérvia. O árbitro pára o lance e marca a posição de impedimento.</narracao>
    <narracao id="39710" momento="2ºT" tempo="5">LONGE! Yaya Toure domina na intermediária de ataque e arrisca. O meia pega muito forte na bola e manda por cima do gol de Jevric.  </narracao>
    <narracao id="39712" momento="2ºT" tempo="7">IMPEDIMENTOS: Costa do Marfim 5 - Sérvia e Montenegro 0.</narracao>
    <narracao id="39719" momento="2ºT" tempo="10">FORTE DEMAIS! O meia Stankovic domina no campo de defesa e tenta lançamento longo para Zigic. O passe sai muito forte e a bola acaba nas mãos do goleiro Barry.</narracao>
    <cartao id="39720" momento="2ºT" atletaId="5812" tempo="11" ico="/Portal/esportes/temporeal/swf/icos/cartao_amarelo.swf" cor="amarelo">Gavrancic - O zagueiro Gavrancic comete falta dura e acaba punido com o cartão amarelo.</cartao>
    <narracao id="39722" momento="2ºT" tempo="13">Lance Perigoso - UUUUUH! Zokora cobra falta da entrada da área e manda na barreira. No rebote, o meia Akela dá uma bomba da entrada da área e o goleiro Jevric defende com os pés!</narracao>
    <substituicao id="39743" momento="2ºT" tempo="15" ico="/Portal/esportes/temporeal/swf/icos/substituicao.swf">Costa do Marfim faz substituição: entra Bakari Kone, sai Akale</substituicao>
    <narracao id="39726" momento="2ºT" tempo="16">POR POUCO! O atacante Arouna Kone invade a área da Sérvia e Montenegro, pelo lado direito, e chuta cruzado. O goleiro Jevric fica só olhando e a bola sai tirando tinta da trave!</narracao>
    <narracao id="39728" momento="2ºT" tempo="17">Lance Perigoso - NO TRAVESSÃO! O zagueiro Kouassi recebe na intermediária de ataque e solta a bomba. A bola explode no travessão do gol de Jevric e vai para fora!</narracao>
    <video id="39746" momento="2ºT" video="487254"> Veja o vídeo:  17' Kouassi dá uma bomba no travessão.</video>
    <narracao id="39729" momento="2ºT" tempo="18">Lance Perigoso - UUUUUUUH! Após levantamento para a área da Sérvia e Montenegro, o atacante Dindane sobe muito bem e testa. A bola sai por muito pouco mesmo! QUASE O EMPATE!</narracao>
    <video id="39742" momento="2ºT" video="487252"> Veja o vídeo:  18' Dindane testa com muito perigo.</video>
    <substituicao id="39731" momento="2ºT" tempo="20" ico="/Portal/esportes/temporeal/swf/icos/substituicao.swf">Sérvia e Montenegro faz substituição: entra Milosevic, sai Zigic</substituicao>
    <gol id="39738" momento="2ºT" atletaId="7143" tempo="21" escudo="/FlashShow/0,,9448,00.swf" contra="0"> GOL DE NÃO USAR  É GOOOOOOOOL! Keita recebe na ponta direita e cruza para a área da Sérvia e Montenegro. O atacante Dindane aparece no segundo pau e testa para o fundo do gol de Jevric para empatar a partida! TUDO IGUAL EM MUNIQUE!</gol>
    <video id="39738v" momento="2ºT" video="487260"> Veja o vídeo: Gol de Não usar.  21' É GOOOOOOOOL! Keita recebe na ponta direita e cruza para a área da Sérvia e Montenegro. O atacante Dindane aparece no segundo pau e testa para o fundo do gol de Jevric para empatar a partida! TUDO IGUAL EM MUNIQUE!</video>
    <narracao id="39740" momento="2ºT" tempo="25">BOA DEFESA! Toure recebe na intermediária e arrisca de longe. O chute é muito forte, mas o goleiro Jevric encaixa com segurança!</narracao>
    <video id="39758" momento="2ºT" video="487261"> Veja o vídeo:  25' Toure finaliza e o goleiro defende.</video>
    <substituicao id="39744" momento="2ºT" tempo="27" ico="/Portal/esportes/temporeal/swf/icos/substituicao.swf">Costa do Marfim faz substituição: entra Kalou, sai Keita</substituicao>
    <narracao id="39750" momento="2ºT" tempo="28">PRESSÃO DA COSTA DO MARFIM! Kalou recebe no lado esquerdo de ataque, faz uma ótima tabela com Kone e cruza rasteiro. O zagueiro Gavrancic aparece muito bem na pequena área e corta com os pés. </narracao>
    <narracao id="39756" momento="2ºT" tempo="31">Lance Perigoso - UUUUUUUH! Pedrag Djordjevic cobra falta para a área da Costa do Marfim. A zaga falha e o meia Stankovic aparece livre para finalizar de cabeça. A bola sai tirando tinta da trave do gol de Barry!</narracao>
    <video id="39773" momento="2ºT" video="487269"> Veja o vídeo:  31' Stankovic quase marca de cabeça.</video>
    <video id="39775" momento="2ºT" video="487270"> Veja o vídeo:  34' Toure testa para fora.</video>
    <narracao id="39761" momento="2ºT" tempo="35">SAIU BEM! Boka recebe na ponta esquerda e tenta levantamento para a área da Sérvia. O goleiro Jevric sai bem do gol e recupera.</narracao>
    <narracao id="39767" momento="2ºT" tempo="38">É PÊNALTI! O atacante Kalou recebe na intermediária de ataque e arrisca chute de longe. A bola bate no braço do zagueiro Dudic e o árbitro marca o pênalti para a Costa do Marfim!</narracao>
    <gol id="39769" momento="2ºT" atletaId="7112" tempo="40" escudo="/FlashShow/0,,9448,00.swf" contra="0"> GOL DE BONAVENTURE KALOU  É GOOOOOOOOL! O atacante Kalou cobra no canto direito e o goleiro Jevric pula para o canto esquerdo. A COSTA DO MARFIM VIRA O JOGO!</gol>
    <video id="39769v" momento="2ºT" video="487278"> Veja o vídeo: Gol de Bonaventure Kalou.  40' É GOOOOOOOOL! O atacante Kalou cobra no canto direito e o goleiro Jevric pula para o canto esquerdo. A COSTA DO MARFIM VIRA O JOGO!</video>
    <narracao id="39776" momento="2ºT" tempo="43">MAIS TRÊS! O árbitro aponta três minutos de acréscimo no segundo tempo da partida!</narracao>
    <cartao id="39779" momento="2ºT" atletaId="12323" tempo="46" ico="/Portal/esportes/temporeal/swf/icos/cartao_vermelho.swf" cor="vermelho">Domoraud - O zagueiro Domoraud recebe o segundo cartão amarelo na partida e acaba expulso.</cartao>
    <narracao id="39781" momento="2ºT" tempo="48">TERMINA O JOGO EM MUNIQUE!</narracao>
    <momento id="39782" momento="E">Final de jogo</momento>
    <narracao id="39785" momento="E" tempo="0">Ótimo jogo em Munique. Muita movimentação e muitas chances de gol. A Costa do Marfim mostrou que tem um time forte e conseguiu virar um jogo que perdia por dois gols de diferença. A Sérvia e Montenegro começou bem, mas foi prejudicada pelo zagueiro Najd, que foi expulso no final do primeiro tempo.</narracao>
  </lances>
</lancealance>
