<?xml version="1.0" encoding="UTF-8"?>
<lancealance cobertura="1115" leitura="0">
  <placar>
    <equipe id="001" url="" nome="México" escudo="/FlashShow/0,,9461,00.swf" resultado="0" abreviacao="MEX"/>
    <equipe id="002" url="" nome="Angola" escudo="/FlashShow/0,,9441,00.swf" resultado="0" abreviacao="ANG"/>
  </placar>
  <lances>
    <momento id="37694" momento="PJ">Pré-jogo</momento>
    <narracao id="37696" momento="PJ" tempo="0">México e Angola se enfrentam no Fifa World Cup Stadium, em Hannover! </narracao>
    <narracao id="37697" momento="PJ" tempo="0">Shamsul Maidin, da Cingapura, é o árbitro da partida.</narracao>
    <narracao id="37698" momento="PJ" tempo="0">O México quer dar um passo largo rumo à classificação. Uma vitória hoje, pratcamente assegura a equipe na segunda fase. O atacante Borgetti, com uma lesão na perna esquerda, não joga. No lugar dele, o técnico Ricardo La Volpe deve escalar o brasileiro naturalizado Zinha, que entrou no segundo tempo contra o Irã e teve atuação decisiva. Autor de dois gols na estréia, Omar Bravo vai formar a dupla de ataque com Guillermo Franco.</narracao>
    <narracao id="37699" momento="PJ" tempo="0">Angola não pode perder, se quiser evitar a eliminação prematura. Apesar da derrota na estréia contra Portugal, e dos protestos do atacante Akwa, que gostaria de ter um companheiro na frente, o técnico Luis Oliveira Gonçalves deve seguir com a mesma equipe titular para esta partida. 
</narracao>
    <narracao id="37700" momento="PJ" tempo="0">As equipes já estão no gramado!</narracao>
    <narracao id="37701" momento="PJ" tempo="0">O hino mexicano está sendo executado!</narracao>
    <narracao id="37702" momento="PJ" tempo="0">Agora é a vez do hino angolano!</narracao>
    <narracao id="37703" momento="PJ" tempo="0">Está tudo pronto para o apito inicial.</narracao>
    <momento id="37704" momento="1ºT">Primeiro tempo</momento>
    <narracao id="37705" momento="1ºT" tempo="0">COMEÇA O JOGO EM HANNOVER!</narracao>
    <narracao id="37706" momento="1ºT" tempo="1">Lance Perigoso - Salcido vê João Ricardo adiantado e tenta por cobertura de fora da área. A bola cai na rede, pelo lado de fora.</narracao>
    <narracao id="37707" momento="1ºT" tempo="2">Zé Kalanga está caído no ataque. O árbitro interrompe a partida.</narracao>
    <narracao id="37708" momento="1ºT" tempo="6">Bravo tabela com Zinha no ataque, mas é desarmado na bola.</narracao>
    <narracao id="37709" momento="1ºT" tempo="6">Zé Kalanga divide bola com Pineda e leva a pior. O meia angolano está de novo no chão.</narracao>
    <narracao id="37710" momento="1ºT" tempo="9">Falta perigosa de Jamba em Franco...</narracao>
    <narracao id="37711" momento="1ºT" tempo="10">... Pardo bate direto a gol para fácil defesa de João Ricardo.</narracao>
    <cartao id="37712" momento="1ºT" atletaId="12420" tempo="12" ico="/Portal/esportes/temporeal/swf/icos/cartao_amarelo.swf" cor="amarelo">Delgado - Delgado comete falta por trás em Zinha e leva o cartão amarelo.</cartao>
    <narracao id="37713" momento="1ºT" tempo="13">Na Trave - Rafa Marquez cobra forte, bola passa no meio da barreira e acerta o poste esquerdo de João Ricardo.</narracao>
    <narracao id="37715" momento="1ºT" tempo="15">Mendez sofre falta na entrada da área...</narracao>
    <narracao id="37716" momento="1ºT" tempo="16">... Pineda cruza no segundo pau, João Ricardo não consegue segurar, mas a zaga afasta.</narracao>
    <narracao id="37717" momento="1ºT" tempo="17">A torcida mexicana incentiva com o grito de olé!</narracao>
    <narracao id="37718" momento="1ºT" tempo="18">Franco divide bola com Jamba e fica no chão. O árbitro interrompe a partida e o atacante sai de campo para se recuperar.</narracao>
    <narracao id="37719" momento="1ºT" tempo="19">O jogo está duro! Figueiredo divide bola com Franco, recebe pancada na canela, e está sendo atendido no gramado.</narracao>
    <narracao id="37720" momento="1ºT" tempo="20">Agora o meia se recupera fora de campo.</narracao>
    <narracao id="37721" momento="1ºT" tempo="21">Osório intercepta jogada e manda bola para córner.</narracao>
    <narracao id="37722" momento="1ºT" tempo="22">Figueiredo arrisca bomba de fora da área, mas a bola passa por cima, sem perigo para Sanchez.</narracao>
    <narracao id="37723" momento="1ºT" tempo="24">Loco sofre falta perigosa de Salcido...</narracao>
    <narracao id="37724" momento="1ºT" tempo="25">... Mendonça bate com força direto a gol. A bola passa perto do ângulo esquerdo de Sanchez.</narracao>
    <narracao id="37725" momento="1ºT" tempo="26">Pineda cruza para a área, Bravo tenta ajeitar de peito para Franco, mas a defesa angolana se adianta e corta.</narracao>
    <narracao id="37726" momento="1ºT" tempo="31">Pardo entra de carrinho em Mendonça. Mais uma falta perigosa para Angola...</narracao>
    <narracao id="37727" momento="1ºT" tempo="31">Bola na área, Akwa desvia de cabeça por cima do gol.</narracao>
    <narracao id="37728" momento="1ºT" tempo="32">João Ricardo não consegue segurar chute, mas a falha é coberta pelo corte da zaga. </narracao>
    <narracao id="37729" momento="1ºT" tempo="34">Mendonça bate escanteio venenoso, mas Sanchez consegue espalmar.</narracao>
    <narracao id="37730" momento="1ºT" tempo="36">POSSE DE BOLA: México 54% x 46% Angola.</narracao>
    <narracao id="37731" momento="1ºT" tempo="37">Delgado bate escanteio, mas Akwa não alcança.</narracao>
    <narracao id="37732" momento="1ºT" tempo="40">Bola na área mexicana, Rafa Marquez desvia de cabeça para córner.</narracao>
    <cartao id="37791" momento="1ºT" atletaId="12422" tempo="41" ico="/Portal/esportes/temporeal/swf/icos/cartao_amarelo.swf" cor="amarelo">André Macanga - André Macanga faz falta dura e toma o cartão amarelo.</cartao>
    <cartao id="37733" momento="1ºT" atletaId="12412" tempo="43" ico="/Portal/esportes/temporeal/swf/icos/cartao_amarelo.swf" cor="amarelo">Jamba - Rafa Marquez puxa contra-ataque e é derrubado por Jamba. O zagueiro leva o cartão amarelo e não joga a próxima partida.</cartao>
    <narracao id="37734" momento="1ºT" tempo="44">Lance Perigoso - Franco recebe na área e bate para boa defesa de João Ricardo.</narracao>
    <narracao id="37735" momento="1ºT" tempo="45">+2 minutos de acréscimo.</narracao>
    <narracao id="37736" momento="1ºT" tempo="46">Delgado cruza para a área e Akwa não alcança.</narracao>
    <narracao id="37737" momento="1ºT" tempo="47">FIM DE PRIMEIRO TEMPO!</narracao>
    <momento id="37739" momento="I">Show do intervalo</momento>
    <narracao id="37740" momento="I" tempo="0">Um primeiro tempo monótono em Hannover. Angola e México não se apresentam bem. A melhor chance mexicana saiu de uma cobrança de falta de Rafa Marquez na trave. Além disso, uma boa oportunidade com Franco e só. Angola não teve chances claras, apesar de não jogar tão mal como o México. </narracao>
    <narracao id="37741" momento="I" tempo="0">As equipes voltam para o segundo tempo.</narracao>
    <momento id="37742" momento="2ºT">Segundo tempo</momento>
    <narracao id="37743" momento="2ºT" tempo="0">ROLA A BOLA NO SEGUNDO TEMPO!</narracao>
    <narracao id="37744" momento="2ºT" tempo="0">Lançamento longo para Zinha. O meia não alcança e bola sobra para João Ricardo.</narracao>
    <narracao id="37745" momento="2ºT" tempo="3">Torrado lança Rafa Marquez na ponta direita. O zagueiro cruza para a área e a bola é desviada para córner.</narracao>
    <cartao id="37746" momento="2ºT" atletaId="12427" tempo="4" ico="/Portal/esportes/temporeal/swf/icos/cartao_amarelo.swf" cor="amarelo">Zé Kalanga - O meia Zé Kalanga adianta a bola, tromba em Rafa Marquez e leva o cartão amarelo. </cartao>
    <substituicao id="37769" momento="2ºT" tempo="6" ico="/Portal/esportes/temporeal/swf/icos/substituicao.swf">México faz substituição: entra Arellano, sai Zinha</substituicao>
    <narracao id="37748" momento="2ºT" tempo="7">Lance Feio - Loco arrisca de fora e manda muito longe.</narracao>
    <narracao id="37749" momento="2ºT" tempo="9">Mendonça bate de fora para defesa fácil de Sanchez.</narracao>
    <narracao id="37750" momento="2ºT" tempo="10">Defesa - Uma tabela de cabeça entre Franco e Bravo deixa o primeiro na cara do goleiro. João Ricardo sai bem e desvia o chute de Franco.</narracao>
    <narracao id="37751" momento="2ºT" tempo="12">Zé Kalanga rola para trás, Figueiredo pega mal na bola e manda por cima.</narracao>
    <narracao id="37752" momento="2ºT" tempo="14">Zé Kalanga levanta na área. Sanchez segura bola com facilidade.</narracao>
    <narracao id="37753" momento="2ºT" tempo="15">Bola levantada na área para Akwa. O atacante erra o tempo e não consegue desviar a bola.</narracao>
    <narracao id="37754" momento="2ºT" tempo="19">Defesa - Bola levantada na área, João Ricardo segura a bola apenas com a mão direita.</narracao>
    <narracao id="37755" momento="2ºT" tempo="20">Lance Perigoso - Falha geral na defesa angolana, a bola sobra para Omar Bravo, livre dentro da grande área. O atacante arremata fraco e João Ricardo defende.</narracao>
    <substituicao id="37774" momento="2ºT" tempo="22" ico="/Portal/esportes/temporeal/swf/icos/substituicao.swf">Angola faz substituição: entra Mantorras, sai Mateus</substituicao>
    <narracao id="37757" momento="2ºT" tempo="23">ESCANTEIOS: México 2 x 4 Angola.</narracao>
    <narracao id="37758" momento="2ºT" tempo="24">Escanteio na área angolana. O goleiro falha, a bola bate na cabeça do zagueiro e vai para novo córner.</narracao>
    <narracao id="37759" momento="2ºT" tempo="24">Rafa Marquez tenta lançamento, mas lhe falta precisão e a bola sai pela linha de fundo.</narracao>
    <substituicao id="37775" momento="2ºT" tempo="27" ico="/Portal/esportes/temporeal/swf/icos/substituicao.swf">Angola faz substituição: entra Rui Marques, sai Figueiredo</substituicao>
    <narracao id="37764" momento="2ºT" tempo="28">Lance Feio - A zaga angolana se enrola e cede escanteio.</narracao>
    <substituicao id="37770" momento="2ºT" tempo="28" ico="/Portal/esportes/temporeal/swf/icos/substituicao.swf">México faz substituição: entra Jose Fonseca, sai Franco</substituicao>
    <narracao id="37765" momento="2ºT" tempo="29">Pardo bate escanteio fechado. João Ricardo mostra presença e defende com segurança.</narracao>
    <narracao id="37766" momento="2ºT" tempo="30">Mendez tabela com Fonseca e recebe na grande área. A zaga consegue travar o chute e a bola sobra para o goleiro de Angola.</narracao>
    <narracao id="37767" momento="2ºT" tempo="31">Falta de Marquez em Mantorras no meio-campo.</narracao>
    <narracao id="37768" momento="2ºT" tempo="32">Mendonça lança Zé Kalanga na ponta direita. O meia cruza, a bola desvia na zaga e a bola sai para córner.</narracao>
    <substituicao id="37771" momento="2ºT" tempo="33" ico="/Portal/esportes/temporeal/swf/icos/substituicao.swf">México faz substituição: entra Ramon Morales, sai Pineda</substituicao>
    <cartao id="37772" momento="2ºT" atletaId="12422" tempo="34" ico="/Portal/esportes/temporeal/swf/icos/cartao_vermelho.swf" cor="vermelho">André Macanga - André Macanga mete a mão na bola em contra-ataque puxado por Rafa Marquez, recebe o segundo amarelo e vai para o chuveiro mais cedo.</cartao>
    <narracao id="37773" momento="2ºT" tempo="36">Lance Perigoso - Pardo dá um lançamento preciso para Fonseca. O atacante pega com a canhota de primeira para fora.</narracao>
    <substituicao id="37776" momento="2ºT" tempo="37" ico="/Portal/esportes/temporeal/swf/icos/substituicao.swf">Angola faz substituição: entra Miloy, sai Zé Kalanga </substituicao>
    <narracao id="37777" momento="2ºT" tempo="38">Morales cruza para a área, Bravo desvia de cabeça para fora.</narracao>
    <narracao id="37778" momento="2ºT" tempo="38">CHUTES: México 11 x 8 Angola.</narracao>
    <narracao id="37779" momento="2ºT" tempo="39">Lance Bonito - Fonseca recebe de Arellano na área, faz fila na zaga e ganha escanteio.</narracao>
    <narracao id="37780" momento="2ºT" tempo="40">Bola na área, Bravo comete falta de ataque.</narracao>
    <narracao id="37781" momento="2ºT" tempo="41">Lance Bonito - Salcido consegue evitar saída de bola pela lateral, tenta aplicar caneta e sofre falta.</narracao>
    <cartao id="37790" momento="2ºT" atletaId="0" tempo="41" ico="/Portal/esportes/temporeal/swf/icos/cartao_amarelo.swf" cor="amarelo"> - João Ricardo retarda o tiro de meta e toma cartão amarelo.</cartao>
    <narracao id="37782" momento="2ºT" tempo="42">Lance Perigoso - Rafa Marquez arrisca ótimo chute de fora, João Ricardo espalma para escanteio em grande defesa.</narracao>
    <narracao id="37783" momento="2ºT" tempo="43">Na Trave - QUASE NO FINAL! Bola no segundo pau, o goleiro escorrega e Bravo emenda na trave esquerda de João Ricardo.</narracao>
    <narracao id="37784" momento="2ºT" tempo="45">+3 minutos de acréscimo.</narracao>
    <narracao id="37785" momento="2ºT" tempo="46">Bola longa na área, Bravo domina com a mão.</narracao>
    <narracao id="37786" momento="2ºT" tempo="47">Moraales levanta na área, João Ricardo segura firme.</narracao>
    <narracao id="37787" momento="2ºT" tempo="48">FIM DE JOGO EM HANNOVER!!</narracao>
    <momento id="37788" momento="E">Final de jogo</momento>
    <narracao id="37789" momento="E" tempo="0">Angola comemora seu primeiro ponto em Copas do Mundo! O time africano ainda está vivo na competição. Após uma estréia convincente, México atua mal e decepciona.</narracao>
  </lances>
</lancealance>
