<?xml version="1.0" encoding="UTF-8"?>
<lancealance cobertura="1255" leitura="0">
  <placar>
    <equipe id="001" url="" nome="Corinthians" escudo="/FlashShow/0,,7285,00.swf" resultado="2" abreviacao="COR"/>
    <equipe id="002" url="" nome="Atlético-PR" escudo="/FlashShow/0,,6584,00.swf" resultado="1" abreviacao="APR"/>
  </placar>
  <lances>
    <momento id="48364" momento="PJ">Pré-jogo</momento>
    <narracao id="48371" momento="PJ" tempo="0">O Corinthians encara o Atlético-PR, daqui a pouco no Pacaembu, pela décima-quinta rodada do Brasileirão.</narracao>
    <narracao id="48372" momento="PJ" tempo="0">O Timão tenta quebrar o jejum de oito jogos sem vitória e sair da lanterna da competição. 
</narracao>
    <narracao id="48377" momento="PJ" tempo="0">O Atlético-PR ocupa a 11ª colocação na classificação, com 17 pontos. </narracao>
    <narracao id="48562" momento="PJ" tempo="0">Times entram em campo</narracao>
    <narracao id="48564" momento="PJ" tempo="0">Time paulista aplaude a torcida, que comparece em grande número.</narracao>
    <narracao id="48570" momento="PJ" tempo="0">Corinthians toca a bola, fazendo aquecimento.
 </narracao>
    <narracao id="48572" momento="PJ" tempo="0">Tudo pronto para inciar a partida.</narracao>
    <narracao id="48599" momento="PJ" tempo="0">Torcida corintiana causa tumulto antes de o jogo começar no Pacaembu.</narracao>
    <narracao id="48565" momento="PJ" tempo="0">Jogadores de ambos os clubes posam para a foto.</narracao>
    <narracao id="48573" momento="1ºT" tempo="0">Começa o jogo, com saída de bola do Timão.</narracao>
    <momento id="48574" momento="1ºT">Primeiro tempo</momento>
    <narracao id="48576" momento="1ºT" tempo="1">Jogo marca a volta do Corinthians, depois de três meses afastado do Pacaembu.</narracao>
    <narracao id="48579" momento="1ºT" tempo="1">Falta a favor do Alvinegro....boa defesa de Cléber
</narracao>
    <gol id="48580" momento="1ºT" atletaId="6984" tempo="3" escudo="/FlashShow/0,,6584,00.swf" contra="0"> GOL DE FERREIRA  GOOOOOOOOOLLLLL DO ATLÉTICO-PR!!!!! Ferreira não perdoa, após falha terrível do zagueiro Sebá na entrada da área.</gol>
    <video id="48580v" momento="1ºT" video="516272"> Veja o vídeo: Gol de Ferreira.  3' GOOOOOOOOOLLLLL DO ATLÉTICO-PR!!!!! Ferreira não perdoa, após falha terrível do zagueiro Sebá na entrada da área.</video>
    <narracao id="48583" momento="1ºT" tempo="5">Rafael Moura rouba bola na lateral, mas não tem com quem jogar. </narracao>
    <narracao id="48584" momento="1ºT" tempo="6">Torcida do Corinthians vaia o argentino Sebá, que entregou o ouro para o Furacão.</narracao>
    <narracao id="48586" momento="1ºT" tempo="7">Tevez toca de calcanhar para Rubens Júnior, que chuta desequilibrado para fora.</narracao>
    <gol id="48590" momento="1ºT" atletaId="6504" tempo="8" escudo="/FlashShow/0,,7285,00.swf" contra="0"> GOL DE CARLOS TEVEZ  GOOOOOOOLLLLLLL DO CORINTHIANS!!!! O Timão empata em cruzamento de Coelho e cabeçada certeira de Tevez. Ele subiu sozinho para marcar. </gol>
    <video id="48590v" momento="1ºT" video="516278"> Veja o vídeo: Gol de Carlos Tevez.  8' GOOOOOOOLLLLLLL DO CORINTHIANS!!!! O Timão empata em cruzamento de Coelho e cabeçada certeira de Tevez. Ele subiu sozinho para marcar. </video>
    <gol id="48591" momento="1ºT" atletaId="5822" tempo="10" escudo="/FlashShow/0,,7285,00.swf" contra="0"> GOL DE RAFAEL MOURA  GOOOOLLLLLL DO CORINTHIANS!!!! Rafael Moura escora cruzamento da direita feito por Carlos Alberto. Virada do Timão no Pacaembu.</gol>
    <video id="48591v" momento="1ºT" video="516279"> Veja o vídeo: Gol de Rafael Moura.  10' GOOOOLLLLLL DO CORINTHIANS!!!! Rafael Moura escora cruzamento da direita feito por Carlos Alberto. Virada do Timão no Pacaembu.</video>
    <narracao id="48596" momento="1ºT" tempo="13">Bela defesa de Marcelo em chute perigoso de Cristian, do Furacão.</narracao>
    <video id="48627" momento="1ºT" video="516281"> Veja o vídeo:  13' Cristian assusta o goleiro corintiano.</video>
    <narracao id="48603" momento="1ºT" tempo="16">Falta feia de Danilo em Rafael Moura</narracao>
    <cartao id="48605" momento="1ºT" atletaId="6487" tempo="17" ico="/Portal/esportes/temporeal/swf/icos/cartao_amarelo.swf" cor="amarelo">Danilo - O zagueiro recebe seu terceiro cartão amarelo e está fora do próximo jogo.</cartao>
    <narracao id="48769" momento="1ºT" tempo="18">Cléber se antecipa e consegue evitar gol de Rafael Moura.</narracao>
    <narracao id="48609" momento="1ºT" tempo="20">Carlos Alberto é caçado em campo. Desta vez, Cristian o pára com falta</narracao>
    <narracao id="48612" momento="1ºT" tempo="22">Dagoberto bate falta na barreira. A zaga alvinegra afasta o perigo.</narracao>
    <narracao id="48616" momento="1ºT" tempo="26">Marcelo Mattos aproveita rebote, mas o chute sai fraco para a fácil defesa de Cléber.</narracao>
    <video id="48650" momento="1ºT" video="516299"> Veja o vídeo:  26' Confira o chute de Marcelo Mattos que assustou o goleiro Cléber</video>
    <cartao id="48619" momento="1ºT" atletaId="4464" tempo="27" ico="/Portal/esportes/temporeal/swf/icos/cartao_amarelo.swf" cor="amarelo">André Leone - O zagueiro alvinegro faz falta feia e é premiado pelo árbitro. Ele está automaticamente suspenso do próximo jogo.</cartao>
    <narracao id="48621" momento="1ºT" tempo="30">Danilo e Rubéns Júnior se chocam ao dividir bola no meio-de-campo.</narracao>
    <narracao id="48624" momento="1ºT" tempo="32">Chute bem colocado de Tevez e o goleiro Cléber se estica todo para defender. Quase que o Timão chega ao terceiro gol!!!!</narracao>
    <cartao id="48629" momento="1ºT" atletaId="11904" tempo="35" ico="/Portal/esportes/temporeal/swf/icos/cartao_amarelo.swf" cor="amarelo">Alex Fraga - Zagueiro é punido depois de cometer falta desleal.</cartao>
    <narracao id="48632" momento="1ºT" tempo="36">Coelho bate falta que passa rente à trave direita do goleiro Cléber.</narracao>
    <narracao id="48635" momento="1ºT" tempo="37">Pressão corintiana!!!! André Leone enche o pé para o delírio da torcida, que não pára de festejar e apoiar o time.</narracao>
    <narracao id="48638" momento="1ºT" tempo="39">Cristian chuta forte, mas sem direção e longe do gol.</narracao>
    <narracao id="48639" momento="1ºT" tempo="41">Bate-rebate na área rubro-negra e a zaga do Furação tira o perigo.</narracao>
    <substituicao id="48731" momento="1ºT" tempo="42" ico="/Portal/esportes/temporeal/swf/icos/substituicao.swf">Corinthians faz substituição: entra Marcus Vinícius, sai André Leone</substituicao>
    <narracao id="48644" momento="1ºT" tempo="43">De acordo com o departamento médico do Corinthians, André Leone saiu por contusão na Virilha.</narracao>
    <narracao id="48649" momento="1ºT" tempo="46">Fim de primeiro tempo</narracao>
    <momento id="48656" momento="I">Show do intervalo</momento>
    <video id="48687" momento="I" video="516317"> Veja o vídeo:  0' Veja como foi a confusão entre a torcida corintiana e a PM.</video>
    <narracao id="48692" momento="I" tempo="0">Em partida eletrizante, o Atlético Paranaense chegou primeiro ao gol. Logo aos três minutos, Ferreira marcou, após falha bisonha do zagueiro Sebá. Porém, a
 alegria dos rubro-negros durou pouco: exatos cinco minutos. Este foi o tempo que levou para o Corinthians empatar com Tevez. Aos dez minutos, Rafael Moura colocou lá dentro. Virada do Timão para o delírio da torcida presente ao Pacaembu. </narracao>
    <momento id="48662" momento="2ºT">Segundo tempo</momento>
    <narracao id="48664" momento="2ºT" tempo="0">Começa o segundo tempo em saída de bola do Atlético-PR.</narracao>
    <narracao id="48667" momento="2ºT" tempo="1">Atlético Paranaense ameaça em bola levantada na área por Dagoberto.</narracao>
    <narracao id="48669" momento="2ºT" tempo="2">Cristian arrisca de longe, mas Marcelo se estica para defender. </narracao>
    <narracao id="48671" momento="2ºT" tempo="3">Dagoberto tenta a finta, mas é desarmado por Betão.</narracao>
    <narracao id="48672" momento="2ºT" tempo="5">Marcelo Mattos rouba bola no meio-de-campo e puxa contra-ataque...
</narracao>
    <narracao id="48674" momento="2ºT" tempo="6">...Rubéns Júnior tenta cruzamento, a bola bate na zaga atleticana e vai para fora.
</narracao>
    <narracao id="48676" momento="2ºT" tempo="7">Fato Curioso!!! O árbitro expulsa um gandula que estava atrasando o jogo.</narracao>
    <video id="48707" momento="2ºT" video="516329"> Veja o vídeo:  7' Veja porque um gandula foi para o chuveiro mais cedo.</video>
    <narracao id="48680" momento="2ºT" tempo="8">Cesar, que está no banco do Atlético, é punido pelo árbitro com cartão amarelo. </narracao>
    <narracao id="48682" momento="2ºT" tempo="13">Boa arrancada de Tevez e linda triangulação com Rafael Moura. Mas a zaga do Furação acaba com a festa.</narracao>
    <narracao id="48684" momento="2ºT" tempo="15">Ivan cruza bola na área, só que ninguém chega a tempo para concluir a gol.</narracao>
    <video id="48724" momento="2ºT" video="516332"> Veja o vídeo:  17' Marcelo espalma chute de Denis Marques. Depois, Dagoberto manda para fora.</video>
    <narracao id="48696" momento="2ºT" tempo="18">Rubéns Júnior é travado pelo zaguerio Danilo antes de chutar a gol. </narracao>
    <cartao id="48700" momento="2ºT" atletaId="2997" tempo="19" ico="/Portal/esportes/temporeal/swf/icos/cartao_amarelo.swf" cor="amarelo">Marcelo Mattos - Meio-campo é punido pelo árbitro.</cartao>
    <narracao id="48702" momento="2ºT" tempo="22">Tevez cava falta na intermediária. Coelho parte para a cobraça...</narracao>
    <narracao id="48703" momento="2ºT" tempo="23">Bate-rebate na área e o Furacão afasta o perigo.</narracao>
    <narracao id="48712" momento="2ºT" tempo="26">Torcida corintiana vai a loucura ao perceber que Marcelinho Carioca é chamado por Geninho.</narracao>
    <substituicao id="48732" momento="2ºT" tempo="27" ico="/Portal/esportes/temporeal/swf/icos/substituicao.swf">Corinthians faz substituição: entra Marcelinho Carioca, sai Carlos Alberto</substituicao>
    <cartao id="48716" momento="2ºT" atletaId="3150" tempo="28" ico="/Portal/esportes/temporeal/swf/icos/cartao_vermelho.swf" cor="vermelho">Jancarlos - Lateral rubro-negro é expulso por cometer falta violenta.</cartao>
    <narracao id="48718" momento="2ºT" tempo="29">Tevez dá belo passa para Rafael Moura, que pega mal na bola e desperdiça grande oportunidade.</narracao>
    <video id="48747" momento="2ºT" video="516348"> Veja o vídeo:  29' Confira o gol feito que o atacante Rafael Moura conseguiu errar.</video>
    <narracao id="48720" momento="2ºT" tempo="30">QUE ISSO? O árbitro expulsa mais um gandula que estaria atrasando o jogo.</narracao>
    <video id="48758" momento="2ºT" video="516349"> Veja o vídeo:  30' Veja a expulsão de mais um gandula que tentou atrasar a partida.</video>
    <narracao id="48726" momento="2ºT" tempo="34">Coelho se joga na área e pede pênalti.</narracao>
    <substituicao id="48733" momento="2ºT" tempo="36" ico="/Portal/esportes/temporeal/swf/icos/substituicao.swf">Corinthians faz substituição: entra Renato , sai Tevez</substituicao>
    <substituicao id="48734" momento="2ºT" tempo="37" ico="/Portal/esportes/temporeal/swf/icos/substituicao.swf">Atlético-PR faz substituição: entra Fabrício, sai Ivan </substituicao>
    <cartao id="48737" momento="2ºT" atletaId="3581" tempo="38" ico="/Portal/esportes/temporeal/swf/icos/cartao_amarelo.swf" cor="amarelo">Marcelinho Carioca - O meia alvinegro é punido pelo árbitro por reclamação.</cartao>
    <narracao id="48739" momento="2ºT" tempo="38">Cristian tenta surpreender Marcelo, mas o goleiro do Timão defende sem dar rebote.</narracao>
    <narracao id="48742" momento="2ºT" tempo="40">Falta na entrada da área a favor do Corinthians e a torcida grita o nome de Marcelinho Carioca.</narracao>
    <narracao id="48743" momento="2ºT" tempo="41">UUUUUHHHHHHHH!!!!! Quase que o Timão chega lá em cobrança de falta do Pé de Anjo. A bola tirou tinta do travessão.</narracao>
    <narracao id="48750" momento="2ºT" tempo="45">Árbitro dá quatro minutos de acréscimo.</narracao>
    <narracao id="48761" momento="2ºT" tempo="47">Marcelo Mattos levanta bola na área, mas ninguém chega para completar.</narracao>
    <narracao id="48764" momento="2ºT" tempo="49">Árbitro pede mais um minuto de acréscimo.</narracao>
    <narracao id="48765" momento="2ºT" tempo="49">Pressão Atleticana!!!! Zaga corintiana afasta cruzamento perigoso.</narracao>
    <narracao id="48766" momento="2ºT" tempo="50">Fim de jogo.</narracao>
    <momento id="48767" momento="E">Final de jogo</momento>
  </lances>
</lancealance>
