<?xml version="1.0" encoding="UTF-8"?>
<lancealance cobertura="1034" leitura="0">
  <placar>
    <equipe id="001" url="" nome="São Paulo" escudo="/FlashShow/0,,6600,00.swf" resultado="1" abreviacao="SPO"/>
    <equipe id="002" url="" nome="Fluminense" escudo="/FlashShow/0,,7236,00.swf" resultado="0" abreviacao="FLU"/>
  </placar>
  <lances>
    <narracao id="32361" momento="PJ" tempo="0">São Paulo e Fluminense se enfrentam às 21h45m.</narracao>
    <momento id="32362" momento="PJ">Pré-jogo</momento>
    <narracao id="32364" momento="PJ" tempo="0">O Fluminense está desfigurado. A equipe entra em campo sem cinco titulares (Thiago Silva e Tuta, suspensos, e Thiago, Arouca e Petkovic, machucados). Além disso, o lateral Rogério, com virose, é dúvida. Este quadro, porém, abre espaço para a promissora garotada formada no clube. Seis deles serão titulares no Morumbi: o goleiro Fernando Henrique, os meias Romeu, Radamés e Juliano, o lateral-esquerdo Marcelo e o atacante Lenny.</narracao>
    <narracao id="32366" momento="PJ" tempo="0">Mesmo com três desfalques, o São Paulo continua um time experiente. Rogério Ceni, na seleção brasileira, Aloísio, machucado, e Lugano, suspenso, estão fora de combate. Porém, o lateral Júnior, recuperado de lesão, e o cabeça-de-área Josué, após cumprir suspensão automática, são os reforços.</narracao>
    <narracao id="32367" momento="PJ" tempo="0">No Tricolor das Laranjeiras, a esperança de gols está depositada nos pés do talentoso garoto Lenny, uma das principais revelações do Campeonato Brasileiro.</narracao>
    <narracao id="32369" momento="PJ" tempo="0">Outro duelo interessante no clássico tricolor está no ataque. O experiente artilheiro Ricardo Oliveira esbanja otimismo e aposta que vai balançar a rede do Fluminense.</narracao>
    <narracao id="32370" momento="PJ" tempo="0">Já o objetivo principal da equipe de Oswaldo de Oliveira é driblar os desfalques e apostar na garotada revelada nas categorias de base para manter a liderança isolada.</narracao>
    <narracao id="32371" momento="PJ" tempo="0">No duelo dos tricolores, o time de Muricy Ramalho quer manter os 100% de aproveitamento em casa para, dependendo dos resultados da rodada, assumir a primeira colocação.</narracao>
    <momento id="32465" momento="1ºT">Primeiro tempo</momento>
    <narracao id="32466" momento="1ºT" tempo="1">BOLA ROLANDO NO MORUMBI!</narracao>
    <narracao id="32473" momento="1ºT" tempo="2">PRIMEIRO ATAQUE É DO FLU! Radamés cobra falta para o Flu no lado esquerdo de ataque e levanta para a área. O zagueiro Roger aparece bem e testa. A bola sai por pouco!</narracao>
    <narracao id="32483" momento="1ºT" tempo="6">MAL! Souza recebe de Alex Dias na intermediária de ataque e arrisca de muito longe. O lateral pega muito mal e manda por cima.</narracao>
    <narracao id="32489" momento="1ºT" tempo="9">Danilo recebe na entrada da área do Flu e tenta toque de calcanhar para Alex Dias. O meia Marcão aparece bem e faz o corte.</narracao>
    <narracao id="32495" momento="1ºT" tempo="11">Danilo recebe passe em profundidade na ponta esquerda, mas acaba cometendo falta de ataque no lateral Radamés.</narracao>
    <cartao id="32497" momento="1ºT" atletaId="53" tempo="13" ico="/Portal/esportes/temporeal/swf/icos/cartao_amarelo.swf" cor="amarelo">Marcão  - Meia puxa a camisa do adversário e acaba punido com o cartão amarelo.</cartao>
    <narracao id="32499" momento="1ºT" tempo="14">QUASE! Fabão cobra falta de muito longe e manda uma bomba. O goleiro Fernando Henrique cai bem e manda para escanteio...</narracao>
    <narracao id="32502" momento="1ºT" tempo="15">...após cobrança de escanteio para a área do Fluminense, o goleiro Fernendo Henrique sai bem e tira de soco.</narracao>
    <cartao id="32507" momento="1ºT" atletaId="3107" tempo="16" ico="/Portal/esportes/temporeal/swf/icos/cartao_amarelo.swf" cor="amarelo">Danilo - Meia dá um carrinho em Radamés e acaba punido com o cartão amarelo.</cartao>
    <narracao id="32516" momento="1ºT" tempo="19">Souza recebe excelente passe de Danilo e invade a área do Flu pelo lado direito. O lateral chuta forte, mas é travado por Romeu!</narracao>
    <cartao id="32521" momento="1ºT" atletaId="6713" tempo="21" ico="/Portal/esportes/temporeal/swf/icos/cartao_amarelo.swf" cor="amarelo">Radamés - Lateral puxa a camisa do adversário e acaba punido com o cartão amarelo.</cartao>
    <video id="32523" momento="1ºT" video="470147"> Veja o vídeo:  22' Mineiro, do São Paulo, fala sobre sua convocação
</video>
    <narracao id="32527" momento="1ºT" tempo="24">Danilo recebe no lado direito de ataque e cruza para a área. O zagueiro Gabriel Santos sobe bem e afasta o perigo de cabeça!</narracao>
    <video id="32534" momento="1ºT" video="470153"> Veja o vídeo:  26' Fabão, do São Paulo, chuta com perigo e o goleiro defende.
</video>
    <narracao id="32541" momento="1ºT" tempo="27">INCRÍVEL! Juliano invade a área do São Paulo pelo lado direito e chuta forte. O goleiro Bosco defende, mas solta. No rebote, Lenny perde o gol de dentro da pequena área!</narracao>
    <narracao id="32558" momento="1ºT" tempo="31">Júnior domina na ponta esquerda, mas erra passe fácil para Josué. Marcão recupera para o Tricolor carioca.</narracao>
    <narracao id="32567" momento="1ºT" tempo="35">TIRA A ZAGA! Alex Dias arranca pelo lado esquerdo de ataque e descola cruzamento para a área. O zagueiro Roger sobe bem e afasta de cabeça para o Flu!</narracao>
    <narracao id="32573" momento="1ºT" tempo="38">QUASE! Lenny recebe na velocidade, invade a área do São Paulo, pelo lado direito, e chuta forte. A bola vai na rede pelo lado de fora!</narracao>
    <narracao id="32578" momento="1ºT" tempo="41">FALTAS COMETIDAS : São Paulo 15 x 17 Fluminense</narracao>
    <narracao id="32581" momento="1ºT" tempo="43">NÃO DÁ MAIS! O meia Juliano está sentindo e pede substituição...</narracao>
    <gol id="32585" momento="1ºT" atletaId="119" tempo="45" escudo="/FlashShow/0,,6600,00.swf" contra="0"> GOL DE SOUZA  É DO SÃO PAULO!!!!!!!!!! Souza recebe na entrada da área do Flu e chuta de primeira. A bola entra no alto e à direita de Fernando Henrique! O SÃO PAULO TÁ NA FRENTE!</gol>
    <video id="32585v" momento="1ºT" video="470168"> Veja o vídeo: Gol de Souza.  45' É DO SÃO PAULO!!!!!!!!!! Souza recebe na entrada da área do Flu e chuta de primeira. A bola entra no alto e à direita de Fernando Henrique! O SÃO PAULO TÁ NA FRENTE!</video>
    <narracao id="32586" momento="1ºT" tempo="46">TERMINA O PRIMEIRO TEMPO!</narracao>
    <momento id="32587" momento="I">Show do intervalo</momento>
    <narracao id="32591" momento="I" tempo="0">O lateral Marcelo afirma que o Fluminense está bem no jogo, diz que não acha o resultado justo e que o seu time ainda pode virar a partida.</narracao>
    <narracao id="32595" momento="I" tempo="0">Souza afirma que foi muito feliz na finalização e está feliz pelo gol marcado.</narracao>
    <narracao id="32598" momento="I" tempo="0">Um primeiro tempo equilibrado. O São Paulo aproveitou a chance que teve e conseguiu abrir o placar. O segundo tempo promete no Morumbi!</narracao>
    <momento id="32607" momento="2ºT">Segundo tempo</momento>
    <narracao id="32609" momento="2ºT" tempo="1">BOLA ROLANDO PARA A ETAPA FINAL!</narracao>
    <narracao id="32622" momento="2ºT" tempo="3">Danilo recebe de frente para a área do Flu e ajeita para chute de Júnior. O lateral pega mal na bola e manda para fora.</narracao>
    <narracao id="32624" momento="2ºT" tempo="5">UUUUH! Ricardo Oliveira recebe na velocidade e invade a área do Flu pelo lado esquerdo. O atacante chuta forte e o goleiro Fernando Henrique faz grande defesa!</narracao>
    <narracao id="32628" momento="2ºT" tempo="7">Ricardo Oliveira desce pelo lado esquerdo e descola cruzamento. O goleiro Fernando Henrique sai bem do gol e recupera para o Flu.</narracao>
    <cartao id="32629" momento="2ºT" atletaId="6461" tempo="8" ico="/Portal/esportes/temporeal/swf/icos/cartao_amarelo.swf" cor="amarelo">Alex - Zagueiro faz falta dura e é punido com o cartão amarelo.</cartao>
    <narracao id="32636" momento="2ºT" tempo="10">BOM CHUTE! Danilo pega de primeira a bola da entrada da área e o chute sai firme. Fernando Henrique encaixa com segurança.</narracao>
    <substituicao id="32702" momento="2ºT" tempo="12" ico="/Portal/esportes/temporeal/swf/icos/substituicao.swf">Fluminense faz substituição: entra Evando, sai Ângelo</substituicao>
    <video id="32644" momento="2ºT" video="470184"> Veja o vídeo:  13' Ricardo Oliveira, do São Paulo, chuta forte e goleiro defende.

</video>
    <cartao id="32645" momento="2ºT" atletaId="8462" tempo="14" ico="/Portal/esportes/temporeal/swf/icos/cartao_amarelo.swf" cor="amarelo">Marcelo - Lateral faz falta dura e é punido com o cartão amarelo.</cartao>
    <narracao id="32653" momento="2ºT" tempo="15">BOA DEFESA! Júnior cobra falta da entrada da área e manda no ângulo. O goleiro Fernando Henrique se estica todo e faz grande defesa!</narracao>
    <narracao id="32654" momento="2ºT" tempo="16">FUROU! Lenny invade a área do São Paulo, pelo lado esquerdo, e cruza rasteiro. O atacante Evando aparece livre, mas fura finalização fácil!</narracao>
    <substituicao id="32731" momento="2ºT" tempo="17" ico="/Portal/esportes/temporeal/swf/icos/substituicao.swf">São Paulo faz substituição: entra Thiago, sai Ricardo Oliveira</substituicao>
    <narracao id="32664" momento="2ºT" tempo="20">UUUUH! Danilo recebe lançamento de Mineiro, domina na área do Flu e chuta por cima!</narracao>
    <substituicao id="32703" momento="2ºT" tempo="23" ico="/Portal/esportes/temporeal/swf/icos/substituicao.swf">Fluminense faz substituição: entra Alex, sai Lenny</substituicao>
    <substituicao id="32732" momento="2ºT" tempo="25" ico="/Portal/esportes/temporeal/swf/icos/substituicao.swf">São Paulo faz substituição: entra Leandro, sai André Dias</substituicao>
    <narracao id="32685" momento="2ºT" tempo="28">Leandro recebe na intermediária de ataque, tenta enfiada para Thiago, mas manda muito forte. A bola sai pela linha de fundo.</narracao>
    <narracao id="32688" momento="2ºT" tempo="30">UUUUH! Mineiro recebe na entrada da área do Flu e chuta forte. A bola desvia em Radamés e sai rente à trave!</narracao>
    <narracao id="32690" momento="2ºT" tempo="32">FINALIZAÇÕES: São Paulo 15 x 5 Fluminense</narracao>
    <video id="32694" momento="2ºT" video="470188"> Veja o vídeo:  32' Danilo, do São Paulo, chuta para defesa do goleiro Fernando Henrique.</video>
    <narracao id="32699" momento="2ºT" tempo="33">Alex desce pelo lado direito e cruza rasteiro. O lateral Souza chega com tudo e afasta o perigo com um chute forte.</narracao>
    <substituicao id="32704" momento="2ºT" tempo="34" ico="/Portal/esportes/temporeal/swf/icos/substituicao.swf">Fluminense faz substituição: entra Jean, sai Romeu</substituicao>
    <narracao id="32708" momento="2ºT" tempo="35">UUUUUH! Danilo domina na entrada da área, carrega para o lado esquerdo e chuta cruzado. A bola sai tirando tinta da trave de Fernendo Henrique!</narracao>
    <cartao id="32711" momento="2ºT" atletaId="3170" tempo="36" ico="/Portal/esportes/temporeal/swf/icos/cartao_amarelo.swf" cor="amarelo">Fabão - Zagueiro faz falta dura e acaba punido com o cartão amarelo.</cartao>
    <narracao id="32717" momento="2ºT" tempo="37">ENTROU.....MAS NÃO VALEU! Após cobrança de falta para a área do São Paulo, o zagueiro Gabriel Santos sobe bem e testa para a rede. O árbitro anula o gol do Flu e marca a posição de impedimento do defensor tricolor.</narracao>
    <narracao id="32720" momento="2ºT" tempo="40">POSSE DE BOLA: São Paulo 56% x 44% Fluminense</narracao>
    <substituicao id="32733" momento="2ºT" tempo="40" ico="/Portal/esportes/temporeal/swf/icos/substituicao.swf">São Paulo faz substituição: entra Lenilson, sai Danilo</substituicao>
    <narracao id="32725" momento="2ºT" tempo="42">FALTA PERIGOSA PARA O SÃO PAULO! Leandro recebe na ponta direita e é derrubado. É chance de cruzamento para a área do Fluminense!</narracao>
    <narracao id="32727" momento="2ºT" tempo="43">A falta é cobrada rasteira para Leandro. O atacante adianta para a área, mas chuta em cima da zaga.</narracao>
    <narracao id="32730" momento="2ºT" tempo="44">MAIS TRÊS! O árbitro aponta três minutos de acréscimo na etapa final!</narracao>
    <narracao id="32736" momento="2ºT" tempo="45">DEMOROU! Lenílson recebe de Júnior de frente para Fernando Henrique. O atacante demora a chutar e acaba desarmado por Alex.</narracao>
    <narracao id="32742" momento="2ºT" tempo="47">QUE DEFESA! Evando dá uma bomba da entrada da área e o goleiro Bosco faz defesa incrível!!</narracao>
    <narracao id="32743" momento="2ºT" tempo="48">TERMINA O JOGO!</narracao>
    <momento id="32745" momento="E">Final de jogo</momento>
  </lances>
</lancealance>
