<?xml version="1.0" encoding="UTF-8"?>
<lancealance cobertura="1313" leitura="0">
  <placar>
    <equipe id="001" url="" nome="Flamengo" escudo="/FlashShow/0,,13453,00.swf" resultado="1" abreviacao="FLA"/>
    <equipe id="002" url="" nome="Grêmio" escudo="/FlashShow/0,,7844,00.swf" resultado="0" abreviacao="GRE"/>
  </placar>
  <lances>
    <momento id="51696" momento="PJ">Pré-jogo</momento>
    <narracao id="51697" momento="PJ" tempo="0">Flamengo e Grêmio se enfrentam, daqui a pouco, no Maracanã pela 18ª rodada do Campeonato Brasileiro.</narracao>
    <narracao id="51699" momento="PJ" tempo="0">Os anfitriões buscam a vitória para não correr o risco de voltar à zona de descenso. Mas, para isso, vão ter que parar o embalado Tricolor gaúcho, invicto a três partidas- venceu o Juventude por 1 a 0, no Olímpico; o Atlético-PR po 2 a 0, em Caxias do Sul e o Santa Cruz por 4 a 2, em Recife.</narracao>
    <narracao id="51705" momento="PJ" tempo="0">Luizão tenta daqui a pouco acabar com um jejum indigesto: o atacante não balança a rede a quatro partidas.</narracao>
    <narracao id="51706" momento="PJ" tempo="0">Mesmo se não vencer, o Tricolor tem o que comemorar. Depois de ser punido com a perda de mando do campo por oito jogos e uma multa de R$ 200 mil, o STJD voltou atrás e amenizou a decisão. O time do técnico Mano Menezes só vai ter que jogar fora do Olímpico, quando tiver mando de campo, em três partidas. E o valor da multa foi reduzido para R$ 50 mil.   
</narracao>
    <narracao id="51701" momento="PJ" tempo="0">O Flamengo está na 14ª posição, com 19 pontos. Triunfou em cinco confrontos, empatou quatro vezes e foi derrotado em oito oportunidades. A equipe do técnico Ney Franco tem o pior ataque do Brasileirão, com apenas 14 gols marcados, média de 0,83 por partida. Já o Grêmio vem subindo a ladeira. Com as três vitórias consecutivas chegou aos 26 pontos e a 8ª colocação. Os gaúchos venceram sete vezes, empataram cinco e perderam outros cinco jogos. </narracao>
    <narracao id="51700" momento="PJ" tempo="0">O Rubro-negro defende o tabu de não perder a mais de dois anos no Maracanã para equipes de fora do Rio. Desde de junho de 2004, não amarga uma derrota, apesar de boa parte dos jogos do time carioca terem sido realizados em Volta Redonda. </narracao>
    <narracao id="51761" momento="PJ" tempo="0">Os dois times já estão em campo.</narracao>
    <momento id="51763" momento="1ºT">Primeiro tempo</momento>
    <narracao id="51764" momento="1ºT" tempo="0">Começa o jogo.</narracao>
    <narracao id="51765" momento="1ºT" tempo="1">Boa chegada do Flamengo com Renato Augusto.</narracao>
    <narracao id="51766" momento="1ºT" tempo="4">Times se estudam....a bola não sai do meio-de-campo.</narracao>
    <narracao id="51767" momento="1ºT" tempo="7">Pressão do Grêmio e Paulinho afasta o perigo. </narracao>
    <narracao id="51768" momento="1ºT" tempo="8">Escanteio a favor do Tricolor, bate-rebate na área e a bola é tirada de qualquer jeito pela zaga do Flamengo.</narracao>
    <narracao id="51769" momento="1ºT" tempo="8">Renato Augusto levanta bola na área e Jeovânio põe para fora.</narracao>
    <video id="51787" momento="1ºT" video="525267"> Veja o vídeo:  9' Sávio leva bolada no rosto.</video>
    <narracao id="51770" momento="1ºT" tempo="10">Leo Moura tenta jogada pela linha de fundo, mas Jeovânio põe para escaneio.</narracao>
    <video id="51786" momento="1ºT" video="525269"> Veja o vídeo:  11' Marcelo, goleiro do Grêmio, defende cabeçada.</video>
    <narracao id="51771" momento="1ºT" tempo="12">Fernando intercepta lançamento de Rômulo na entrada da pequena área.</narracao>
    <narracao id="51772" momento="1ºT" tempo="13">O Grêmio volta a ameaçar e Leo Medeiros tira a bola pela linha de fundo.</narracao>
    <narracao id="51773" momento="1ºT" tempo="13">Fernando faz falta feia em Hugo, mas não recebe cartão amarelo.</narracao>
    <narracao id="51774" momento="1ºT" tempo="14">Cruzamento na área do Fla e o time do Grêmio pede pênalti porque a bola bate na mão de Renato Augusto. O árbitro marca escanteio.</narracao>
    <narracao id="51775" momento="1ºT" tempo="18">Tcheco cruza bola na área rubro-negra e Diego se antecipa para afastar de soco.</narracao>
    <video id="51783" momento="1ºT" video="525270"> Veja o vídeo:  18' Bonita defesa do goleiro Diego.</video>
    <narracao id="51776" momento="1ºT" tempo="20">Tabelinha gremista na linha de fundo e Léo Medeiros tira de bico para fora.</narracao>
    <video id="51788" momento="1ºT" video="525271"> Veja o vídeo:  20' Grêmio ameaça com Patrício.</video>
    <narracao id="51777" momento="1ºT" tempo="21">Sávio ameaça de longe e o goleiro Marcelo, do Grêmio, tira de tapinha.</narracao>
    <narracao id="51778" momento="1ºT" tempo="22">Fernando tenta dar chapéu em Rômulo e possibilita contra-ataque tricolor.</narracao>
    <cartao id="51779" momento="1ºT" atletaId="5911" tempo="23" ico="/Portal/esportes/temporeal/swf/icos/cartao_amarelo.swf" cor="amarelo">Rafinha - Meio-campo leva o primeiro cartão do jogo por agarrar a camisa do Luizão.</cartao>
    <narracao id="51780" momento="1ºT" tempo="25">Renato Augusto enche o pé do meio da rua, mas a bola sobe muito e passa longe do gol gremista.</narracao>
    <video id="51789" momento="1ºT" video="525275"> Veja o vídeo:  25' Reanato Augusto solta a bomba...a bola vai longe do gol</video>
    <narracao id="51781" momento="1ºT" tempo="27">Bonita jogada de Renato Augusto, mas Marcelo chega a tempo de evitar o pior.</narracao>
    <narracao id="51782" momento="1ºT" tempo="29">Patrício deita e rola pelo lado direito e Hugo conclui com perigo.</narracao>
    <video id="51799" momento="1ºT" video="525278"> Veja o vídeo:  29' Hugo chega bem de cabeça.</video>
    <narracao id="51784" momento="1ºT" tempo="30">Hugo tenta surpreeender, mas o chute sai fraco.</narracao>
    <narracao id="51785" momento="1ºT" tempo="31">Sávio dá chute colocado da entrada da área, o goleiro Marcelo se estica todo e consegue defender.</narracao>
    <video id="51797" momento="1ºT" video="525279"> Veja o vídeo:  31' Ataque do Mengão em chute de Sávio.</video>
    <narracao id="51790" momento="1ºT" tempo="37">Lucas tenta cruzamento na área, mas Fernando chega primeiro para afastar o perigo.</narracao>
    <narracao id="51791" momento="1ºT" tempo="38">Flamengo desperdiça contra-ataque por causa de passe errado.
</narracao>
    <narracao id="51792" momento="1ºT" tempo="39">Cruzamento de Sávio, o goleiro Marcelo não consegue segurar a bola e Renato Augusto perde a melhor chance do jogo. A bola passa rente à trave.</narracao>
    <video id="51802" momento="1ºT" video="525283"> Veja o vídeo:  39' Melhor chance do Flamengo. Quase sai o primeiro gol do jogo, dos pés de Renato Augusto.</video>
    <narracao id="51793" momento="1ºT" tempo="41">Paulinho mostra raça ao interceptar jogada na lateral direita.</narracao>
    <narracao id="51795" momento="1ºT" tempo="43">Sávio sofre falta na linha de fundo. Bom momento do Flamengo.</narracao>
    <narracao id="51796" momento="1ºT" tempo="44">Cruzamento na área e o goleiro Marcelo sai bem do gol.</narracao>
    <narracao id="51798" momento="1ºT" tempo="46">Fim de primeiro tempo.</narracao>
    <momento id="51800" momento="I">Show do intervalo</momento>
    <narracao id="51804" momento="I" tempo="0">Partida bastante equilibrada entre Flamengo e Grêmio. Com muitos lances de perigo, mas sem a conclusão certeira a gol. As defesas estão atentas e os atacantes estão devendo. Por enquanto, tudo igual: 0 a 0. Acorda Rômulo!!! Acorda Luizão!!! </narracao>
    <narracao id="51805" momento="I" tempo="0">Time do Flamengo conversa na boca do túnel, que dá acesso ao campo.</narracao>
    <momento id="51806" momento="2ºT">Segundo tempo</momento>
    <narracao id="51808" momento="2ºT" tempo="0">Bola rolando para o segundo tempo!!!</narracao>
    <narracao id="51809" momento="2ºT" tempo="0">Herrera recebe passe de Hugo e escorrega cara a cara com o goleiro Diego.</narracao>
    <substituicao id="51849" momento="2ºT" tempo="0" ico="/Portal/esportes/temporeal/swf/icos/substituicao.swf">Grêmio faz substituição: entra Herrera, sai Rafinha</substituicao>
    <cartao id="51810" momento="2ºT" atletaId="6731" tempo="1" ico="/Portal/esportes/temporeal/swf/icos/cartao_amarelo.swf" cor="amarelo">Fernando - Zagueiro faz falta feia em Herrera e é punido pelo árbitro.</cartao>
    <narracao id="51811" momento="2ºT" tempo="2">Sávio cruza a bola na pequena área, mas ninguém chega para concluir.</narracao>
    <narracao id="51812" momento="2ºT" tempo="2">Léo Medeiros fura a bola ao tentar afastar o perigo na pequena área.</narracao>
    <narracao id="51813" momento="2ºT" tempo="3">Sávio bate bem na bola e quase marca.</narracao>
    <cartao id="51815" momento="2ºT" atletaId="5022" tempo="5" ico="/Portal/esportes/temporeal/swf/icos/cartao_amarelo.swf" cor="amarelo">Juan - Lateral dá carrinho violento, leva o cartão e está fora da próxima partida.</cartao>
    <narracao id="51816" momento="2ºT" tempo="7">Fernando faz falta perigosa em Tcheco na entrada da área.</narracao>
    <narracao id="51817" momento="2ºT" tempo="8">QUE ISSO!!! Hugo isolou a bola. Parecia que ele estava batendo tiro de meta.</narracao>
    <narracao id="51818" momento="2ºT" tempo="9">Mas uma furada de bola, agora do lateral Juan em tentativa de cruzamento da esquerda.</narracao>
    <narracao id="51819" momento="2ºT" tempo="10">Torcida vibra quando vê Ney Franco chamando Obina.</narracao>
    <narracao id="51820" momento="2ºT" tempo="10">Walter Minhoca também vai entrar.</narracao>
    <substituicao id="51830" momento="2ºT" tempo="13" ico="/Portal/esportes/temporeal/swf/icos/substituicao.swf">Flamengo faz substituição: entra Obina, sai Luizão</substituicao>
    <cartao id="51822" momento="2ºT" atletaId="6753" tempo="14" ico="/Portal/esportes/temporeal/swf/icos/cartao_amarelo.swf" cor="amarelo">Wellington - Lateral pára Sávio com falta feia e é punido pelo árbitro.</cartao>
    <substituicao id="51831" momento="2ºT" tempo="15" ico="/Portal/esportes/temporeal/swf/icos/substituicao.swf">Flamengo faz substituição: entra Walter Minhoca, sai Juan</substituicao>
    <video id="51860" momento="2ºT" video="525302"> Veja o vídeo:  15' Boa defesa de Diego.</video>
    <cartao id="51825" momento="2ºT" atletaId="5075" tempo="16" ico="/Portal/esportes/temporeal/swf/icos/cartao_amarelo.swf" cor="amarelo">Walter Minhoca - Meio-campo segura Jeovânio, o arbitro dá vantagem e depois mostra o cartão.</cartao>
    <cartao id="51826" momento="2ºT" atletaId="6449" tempo="17" ico="/Portal/esportes/temporeal/swf/icos/cartao_amarelo.swf" cor="amarelo">Tcheco - Meia faz falta desleal em Sávio.</cartao>
    <cartao id="51827" momento="2ºT" atletaId="7009" tempo="18" ico="/Portal/esportes/temporeal/swf/icos/cartao_amarelo.swf" cor="amarelo">Renato Silva - Zagueiro comete falta por trás e é "premiado".</cartao>
    <narracao id="51828" momento="2ºT" tempo="21">Ronaldo Angelim vem aí!!!</narracao>
    <narracao id="51829" momento="2ºT" tempo="22">Renato manda a bola para área e Obina quase consegue finalizar. Marcelo chegou primeiro e não deixou.</narracao>
    <substituicao id="51832" momento="2ºT" tempo="23" ico="/Portal/esportes/temporeal/swf/icos/substituicao.swf">Flamengo faz substituição: entra Ronaldo Angelim, sai Renato Silva</substituicao>
    <narracao id="51833" momento="2ºT" tempo="24">Escanteio para o Grêmio e Ronaldo Angelim tira a bola... </narracao>
    <narracao id="51834" momento="2ºT" tempo="25">... No contra-ataque puxado por Sávio, Obina toca a bola errado.</narracao>
    <narracao id="51835" momento="2ºT" tempo="26">Árbitro não marca falta de William em Obina, quase dentro da grande área.</narracao>
    <cartao id="51841" momento="2ºT" atletaId="6753" tempo="27" ico="/Portal/esportes/temporeal/swf/icos/cartao_vermelho.swf" cor="vermelho">Wellington - Lateral é expulso por falta violenta em Walter Minhoca. </cartao>
    <narracao id="51836" momento="2ºT" tempo="28">Bate-rebate na área, Léo Medeiros chuta a gol e Patrício tira em cima da linha.</narracao>
    <video id="51859" momento="2ºT" video="525309"> Veja o vídeo:  28' Pressão rubro-negra!!! Bate-rebate na área quase resulta em gol.</video>
    <narracao id="51837" momento="2ºT" tempo="29">Hugo chuta por cima do gol.</narracao>
    <substituicao id="51850" momento="2ºT" tempo="30" ico="/Portal/esportes/temporeal/swf/icos/substituicao.swf">Grêmio faz substituição: entra Leo Lima, sai Hugo</substituicao>
    <substituicao id="51851" momento="2ºT" tempo="31" ico="/Portal/esportes/temporeal/swf/icos/substituicao.swf">Grêmio faz substituição: entra Valdeir, sai Rômulo</substituicao>
    <cartao id="51842" momento="2ºT" atletaId="3464" tempo="32" ico="/Portal/esportes/temporeal/swf/icos/cartao_amarelo.swf" cor="amarelo">Obina - Atacante faz falta sem bola.</cartao>
    <cartao id="51847" momento="2ºT" atletaId="3863" tempo="33" ico="/Portal/esportes/temporeal/swf/icos/cartao_amarelo.swf" cor="amarelo">Ronaldo Angelim - Zagueiro é punido.</cartao>
    <cartao id="51846" momento="2ºT" atletaId="3464" tempo="36" ico="/Portal/esportes/temporeal/swf/icos/cartao_vermelho.swf" cor="vermelho">Obina - Atacante tenta cavar pênalti e é expulso.</cartao>
    <video id="51858" momento="2ºT" video="525316"> Veja o vídeo:  36' Expulsão de Obina.</video>
    <narracao id="51848" momento="2ºT" tempo="37">Quase o Flamengo chega lá, em cruzamento de Léo Medeiros.</narracao>
    <narracao id="51852" momento="2ºT" tempo="39">Léo Medeiros intercepta passe que chegaria a Valdeir. Escanteio para o Tricolor gaúcho.</narracao>
    <narracao id="51853" momento="2ºT" tempo="41">Walter Minhoca puxa contra-ataque e toca para Sávio, que cruza para a pequena área, e a bola é aliviada pela zaga gremista.</narracao>
    <narracao id="51854" momento="2ºT" tempo="42">Tcheco pega mal na bola e desperdiça grande oportunidade.</narracao>
    <narracao id="51855" momento="2ºT" tempo="44">Leo linha dá chute bisonho. A bola sai pela lateral.</narracao>
    <narracao id="51856" momento="2ºT" tempo="45">Árbitro dá quatro minutos de acréscimo.</narracao>
    <gol id="51857" momento="2ºT" atletaId="39" tempo="45" escudo="/FlashShow/0,,13453,00.swf" contra="0"> GOL DE RENATO  GOOOOOOOOOOLLLLL DO FLAMENGO!!!!! Leo Moura dá belo passe para Renato, que ainda divide a bola com o goleiro Marcelo antes de marcar.</gol>
    <narracao id="51861" momento="2ºT" tempo="50">vai terminar!!!</narracao>
    <narracao id="51862" momento="2ºT" tempo="50">Fim de jogo no Maracanã!!!</narracao>
    <momento id="51863" momento="E">Final de jogo</momento>
  </lances>
</lancealance>
