<?xml version="1.0" encoding="UTF-8"?>
<lancealance cobertura="1248" leitura="0">
  <placar>
    <equipe id="001" url="" nome="São Paulo" escudo="/FlashShow/0,,6600,00.swf" resultado="3" abreviacao="SPO"/>
    <equipe id="002" url="" nome="Chivas" escudo="/FlashShow/0,,16320,00.swf" resultado="0" abreviacao="Chivas"/>
  </placar>
  <lances>
    <momento id="48098" momento="PJ">Pré-jogo</momento>
    <narracao id="48099" momento="PJ" tempo="0">São Paulo e Chivas, do México, se enfrentam, daqui a pouco, no segundo e decisivo jogo da fase semifinal da Copa Libertadores 2006. A partida, que acontecerá no estádio do Morumbi, será arbitrada pelo argentino Daniel Gimenez, auxiliado por Walter Vélaz e Ricardo Casas, ambos também da Argentina.</narracao>
    <narracao id="48100" momento="PJ" tempo="0">No primeiro jogo da fase semifinal do torneio, São Paulo venceu o Chivas por 1 a 0, em pleno solo mexicano. O gol marcado pelo goleiro Rogério Ceni, de pênalti, dá ao São Paulo a vantagem do empate para se classificar na partida de hoje. Caso o time mexicano vença por 1 a 0, a decisão da vaga à final será realizada na disputa de pênaltis. Se vencer por, no mínimo, 2 a 1 (critério de gols marcados fora de casa) ou por dois gols de diferença, o Chivas é quem se classifica. Portanto, o Tricolor paulista tem uma boa vantagem na partida de hoje.</narracao>
    <narracao id="48101" momento="PJ" tempo="0">Com a certeza de um Morumbi lotado hoje, o São Paulo tenta chegar a mais uma final de Libertadores. O time que o técnico Muricy Ramalho colocará em campo será o mesmo do jogo de ida, no México. O zagueiro André Dias, envolvido em problemas na justiça com o Goiás, seu ex-clube, continua fora da equipe. Assim como no primeiro jogo, Edcarlos entra na zaga. Ricardo Oliveira e Leandro formam a dupla de ataque tricolor.</narracao>
    <narracao id="48102" momento="PJ" tempo="0">O goleiro Rogério Ceni, também confirmado no jogo, está a apenas um gol de bater o recorde do ex-goleiro paraguaio Chilavert. Ambos têm 62 gols marcados. Caso marque o tão esperado gol hoje, o ídolo são-paulino entrará para a história como o goleiro que mais vezes balançou as redes adversárias no futebol mundial.</narracao>
    <narracao id="48103" momento="PJ" tempo="0">O São Paulo tem o currículo muito mais rico do que o Chivas, em termos de Libertadores e Mundial Interclubes. O clube paulista é tricampeão continental e mundial, tendo conquistado estes títulos em 1992, 1993 e 2005. Já o rival mexicano nunca venceu estas duas competições.</narracao>
    <narracao id="48104" momento="PJ" tempo="0">Além disso, com a vitória da semana passada, o São Paulo passou a ser o único clube estrangeiro a vencer o Chivas no famoso estádio Jalisco, em toda a história da Libertadores.</narracao>
    <narracao id="48105" momento="PJ" tempo="0">Tentando seu primeiro título deste torneio, o Chivas, da cidade de Guadalajara, terá a difícil missão de repetir o placar de 2 a 1 conseguido sobre os paulistas no Morumbi, ainda na primeira fase da competição. Caso consigam repetir o feito fora de casa, os mexicanos garantirão a vaga à final.</narracao>
    <narracao id="48106" momento="PJ" tempo="0">Para que isso aconteça, o técnico José Manuel de la Torre conta com o talento de sua dupla de ataque, formada pelos habilidosos Bautista e Omar Bravo. No gol, a segurança do bom arqueiro Oswaldo Sanchez também será importante para que os mexicanos surpreendam a equipe são-paulina. Assim como o São Paulo, o Chivas jogará no esquema 3-5-2.</narracao>
    <narracao id="48107" momento="PJ" tempo="0">O vencedor do duelo entre São Paulo e o Chivas enfrentará o ganhador do confronto entre Internacional e Libertad, do Paraguai (0 a 0 no jogo de ida, em Assunção), na final do torneio continental.</narracao>
    <narracao id="48108" momento="PJ" tempo="0">Inter e Libertad fazem o segundo jogo da fase semifinal amanhã, no estádio Beira-Rio, em Porto Alegre.</narracao>
    <narracao id="48109" momento="PJ" tempo="0">São Paulo, o atual campeão da Libertadores! Chivas, um traiçoeiro desafiante! Vale vaga na final!!! Que vença o melhor!!!</narracao>
    <narracao id="48110" momento="PJ" tempo="0">CASA CHEIA!!! O público é muito bom no Morumbi!!! A torcida são-paulina já faz festa!!!</narracao>
    <narracao id="48111" momento="PJ" tempo="0">Os dois times ainda estão nos vestiários!</narracao>
    <narracao id="48112" momento="PJ" tempo="0">O trio de arbitragem já está em campo!</narracao>
    <narracao id="48113" momento="PJ" tempo="0">Ó TRICOLOR!!! O São Paulo entra no gramado!!! </narracao>
    <narracao id="48114" momento="PJ" tempo="0">VISITA MEXICANA!!! Sob grandes vaias, o Chivas também entra em campo!!!</narracao>
    <narracao id="48115" momento="PJ" tempo="0">QUE ESPETÁCULO!!! A festa é muito bonita na arquibancada do Morumbi!!!</narracao>
    <narracao id="48116" momento="PJ" tempo="0">COMO EU VOU??? O São Paulo está com o tradicional uniforme branco, com detalhes em preto e vermelho! O time do Chivas está todo de azul! </narracao>
    <narracao id="48117" momento="PJ" tempo="0">HOMENAGEM!!! A torcida são-paulina vai gritando o nome de cada jogador tricolor!!!</narracao>
    <narracao id="48118" momento="PJ" tempo="0">Os atletas aquecem no gramado! Vai começar o jogo!!!</narracao>
    <momento id="48119" momento="1ºT">Primeiro tempo</momento>
    <narracao id="48120" momento="1ºT" tempo="0">COMEÇA O JOGO!!! SÃO PAULO x CHIVAS GUADALAJARA!!!</narracao>
    <narracao id="48121" momento="1ºT" tempo="0">A saída de bola é mexicana! A torcida paulista inicia uma forte vaia!</narracao>
    <narracao id="48122" momento="1ºT" tempo="1">O Chivas vai tocando a bola!</narracao>
    <narracao id="48123" momento="1ºT" tempo="2">O QUE FOI??? Fabão e Omar Bravo se estranham! O clima é quente no Morumbi!!!</narracao>
    <narracao id="48124" momento="1ºT" tempo="3">O São Paulo tenta pressionar a saída de bola dos mexicanos!</narracao>
    <narracao id="48125" momento="1ºT" tempo="4">A torcida são-paulina não pára de cantar! A animação é total!</narracao>
    <narracao id="48127" momento="1ºT" tempo="5">O Chivas toca a bola e tenta se aproximar da área do São Paulo!</narracao>
    <narracao id="48126" momento="1ºT" tempo="6">Lance Perigoso - FORA!!! Danilo arrisca o chute da entrada da área! A bola sai à esquerda do gol de Sanchez, que acompanha o lance!!!</narracao>
    <narracao id="48130" momento="1ºT" tempo="7">O São Paulo sai mais para o jogo!</narracao>
    <narracao id="48128" momento="1ºT" tempo="8">Defesa - UHHH!!! Júnior manda a bola para a área, em cobrança de falta! Ela vai direto para o gol! Sanchez espalma a bola, dando escanteio ao time paulista!!!</narracao>
    <narracao id="48129" momento="1ºT" tempo="9">A defesa mexicana afasta o perigo, através de Reynoso!</narracao>
    <narracao id="48131" momento="1ºT" tempo="10">Lance Perigoso - QUASE!!! Ricardo Oliveira faz boa jogada pela esquerda, e cruza rasteiro! Reynoso chega antes de Danilo, e salva o Chivas de sofrer o primeiro gol! O Tricolor paulista pressiona!!!</narracao>
    <narracao id="48132" momento="1ºT" tempo="11">ABRE O OLHO!!! Rodriguez, na direita, cruza a bola para a área do São Paulo! Santana recebe, em posição legal! Mas o auxiliar erra e marca impedimento! Fabão dava condições!!!  </narracao>
    <narracao id="48134" momento="1ºT" tempo="12">O Chivas tenta iniciar uma pressão sobre o Tricolor!</narracao>
    <narracao id="48133" momento="1ºT" tempo="13">Lance Feio - NAS NUVENS!!! Souza arrisca o chute, da direita! A bola passa longe do gol do Chivas!!!</narracao>
    <narracao id="48135" momento="1ºT" tempo="14">O São Paulo aproveita o desespero do time mexicano, e explora os contra-ataques!</narracao>
    <narracao id="48137" momento="1ºT" tempo="15">FINALIZAÇÕES: 4 do São Paulo, 0 do Chivas.</narracao>
    <cartao id="48136" momento="1ºT" atletaId="119" tempo="16" ico="/Portal/esportes/temporeal/swf/icos/cartao_amarelo.swf" cor="amarelo">Souza - SUJOU!!! Por fazer falta em Morales, o lateral tricolor recebe o amarelo!</cartao>
    <narracao id="48138" momento="1ºT" tempo="17">Lance Feio - MAL!!! Ricardo Oliveira arrisca o chute de longe! A bola passa longe do gol de Sanchez!!!</narracao>
    <narracao id="48139" momento="1ºT" tempo="18">Defesa - UHHH!!! Omar Bravo chuta da entrada da área! A bola bate em Fabão e engana Rogério Ceni! O goleiro são-paulino se recupera e salva o gol com o pé!!!</narracao>
    <narracao id="48141" momento="1ºT" tempo="19">O Chivas está melhor no jogo!</narracao>
    <narracao id="48140" momento="1ºT" tempo="20">Lance Perigoso - PERDEU!!! Santana toca para Bautista, livre, dentro da área! O atacante chuta e desperdiça uma chance incrível, de frente para Rogério Ceni! A bola sai por cima do travessão!!!</narracao>
    <narracao id="48142" momento="1ºT" tempo="21">O Chivas acaba de perder o gol do jogo!!!</narracao>
    <narracao id="48143" momento="1ºT" tempo="22">O São Paulo tenta se reencontrar na partida!</narracao>
    <narracao id="48144" momento="1ºT" tempo="23">Muricy Ramalho reclama com o time tricolor!</narracao>
    <narracao id="48145" momento="1ºT" tempo="24">Defesa - QUE LINDO!!! Júnior faz ótima jogada e tenta o chute por cobertura! Sanchez se estica e espalma a bola, fazendo grande defesa!!!</narracao>
    <narracao id="48146" momento="1ºT" tempo="25">ESCANTEIOS: 4 para o São Paulo, 0 para o Chivas.</narracao>
    <narracao id="48147" momento="1ºT" tempo="26">Polêmica - É PÊNALTI!!! Fabão puxa Bautista pela camisa, dentro da área! É penalidade a favor do Chivas!!!</narracao>
    <narracao id="48148" momento="1ºT" tempo="27">Os são-paulinos reclamam, mas a penalidade existiu!!!</narracao>
    <narracao id="48149" momento="1ºT" tempo="28">Defesa - Rogério Ceni!!! Morales cobra o pênalti! O goleiro são-paulino pula para o canto esquerdo e faz a defesa!!! A torcida delira no Morumbi!!!</narracao>
    <narracao id="48150" momento="1ºT" tempo="29">ROGÉRIO!!! A torcida tricolor grita o nome do goleiro!!!</narracao>
    <narracao id="48151" momento="1ºT" tempo="30">O Chivas não se abate com o pênalti perdido! O time mexicano continua indo ao ataque!</narracao>
    <narracao id="48152" momento="1ºT" tempo="31">RECUOU!!! Danilo arrisca o chute de longe! A bola vai, fraca, até as mãos de Sanchez!</narracao>
    <gol id="48153" momento="1ºT" atletaId="3846" tempo="32" escudo="/FlashShow/0,,6600,00.swf" contra="0"> GOL DE LEANDRO  GOOOOL!!! É DO SÃO PAULO!!! Leandro marca!!! O atacante tabela com Ricardo Oliveira, dentro da área do Chivas! O goleiro Sanchez sai do gol e tenta cortar o lance! A bola sobra novamente para Leandro, que manda para as redes!!! 1 a 0 para o São Paulo!!!</gol>
    <narracao id="48154" momento="1ºT" tempo="33">A torcida delira no Morumbi!!!</narracao>
    <cartao id="48155" momento="1ºT" atletaId="11447" tempo="34" ico="/Portal/esportes/temporeal/swf/icos/cartao_amarelo.swf" cor="amarelo">Patricio Araujo - AMARELOU!!! Por fazer falta em Souza, o meia do time mexicano recebe o cartão!</cartao>
    <narracao id="48156" momento="1ºT" tempo="35">SEM STRESS!!! Apesar do gol, o técnico Muricy Ramalho continua nervoso, reclamando com seus jogadores!</narracao>
    <narracao id="48157" momento="1ºT" tempo="36">O GOL FEZ BEM!!! O São Paulo domina o jogo! </narracao>
    <narracao id="48158" momento="1ºT" tempo="37">CADÊ O CARTÃO??? Martinez dá um carrinho duro em cima de Ricardo Oliveira! O juiz marca a falta, mas não dá o cartão!</narracao>
    <narracao id="48160" momento="1ºT" tempo="38">O Tricolor ataca o gol do Chivas!</narracao>
    <gol id="48159" momento="1ºT" atletaId="6462" tempo="39" escudo="/FlashShow/0,,6600,00.swf" contra="0"> GOL DE MINEIRO  GOOOOL!!! É DO SÃO PAULO!!! Mineiro marca!!! Ricardo Oliveira rola a bola para o meia que, da entrada da área, solta a bomba!!! Ela entra no ângulo direito de Sanchez, que se estica, mas nada pode fazer!!! 2 a 0!!! A vaga está nas mãos do São Paulo!!!</gol>
    <narracao id="48161" momento="1ºT" tempo="40">A festa é total no estádio do Morumbi!!!</narracao>
    <narracao id="48162" momento="1ºT" tempo="41">OLÉ!!! A torcida são-paulina já vai gritando olé!!!</narracao>
    <narracao id="48163" momento="1ºT" tempo="42">DURO GOLPE!!! O Chivas sente o segundo gol tricolor!</narracao>
    <narracao id="48164" momento="1ºT" tempo="43">Defesa - É MINHA!!! Josué chuta da entrada da área! Sanchez cai no canto direito para fazer a defesa!!!</narracao>
    <narracao id="48165" momento="1ºT" tempo="44">LETAL!!! O São Paulo vai resolvendo a parada no primeiro tempo!!!</narracao>
    <narracao id="48166" momento="1ºT" tempo="45">+1 É o acréscimo do primeiro tempo!</narracao>
    <narracao id="48167" momento="1ºT" tempo="46">ACABA O PRIMEIRO TEMPO!!! 2 A 0 PARA O SÃO PAULO!!!</narracao>
    <momento id="48168" momento="I">Show do intervalo</momento>
    <narracao id="48169" momento="I" tempo="0">O São Paulo precisou de apenas 45 minutos para praticamente garantir vaga a mais uma final de Libertadores. Com os 2 a 0 conseguidos nesta primeira etapa, o time paulista só perde a classificação se sofrer três gols e não marcar nenhum na segunda etapa. Portanto, a classificação está muito perto. O pênalti perdido por Morales, do Chivas, quando o jogo ainda estava 0 a 0, parece ter acordado o time do São Paulo, que marcou através de Leandro e Mineiro. No segundo tempo, só uma verdadeira catástrofe poderá estragar a festa são-paulina. </narracao>
    <narracao id="48170" momento="I" tempo="0">Os dois times continuam nos vestiários!</narracao>
    <narracao id="48171" momento="I" tempo="0">O Chivas já está de volta ao campo!</narracao>
    <narracao id="48172" momento="I" tempo="0">O São Paulo também retorna!</narracao>
    <narracao id="48173" momento="I" tempo="0">Vai começar o segundo tempo!!!</narracao>
    <momento id="48174" momento="2ºT">Segundo tempo</momento>
    <narracao id="48176" momento="2ºT" tempo="0">COMEÇA O SEGUNDO TEMPO!!!</narracao>
    <narracao id="48177" momento="2ºT" tempo="0">A saída de bola é do São Paulo!!!</narracao>
    <substituicao id="48218" momento="2ºT" tempo="0" ico="/Portal/esportes/temporeal/swf/icos/substituicao.swf">Chivas faz substituição: entra Alberto Medina, sai Morales</substituicao>
    <narracao id="48178" momento="2ºT" tempo="1">O São Paulo é o mesmo do primeiro tempo!</narracao>
    <gol id="48179" momento="2ºT" atletaId="7374" tempo="2" escudo="/FlashShow/0,,6600,00.swf" contra="0"> GOL DE RICARDO OLIVEIRA  GOOOOL!!! É DO SÃO PAULO!!! Ricardo Oliveira marca!!! Souza cruza da direita! O atacante tricolor sobe, livre, e cabeceia a bola, sem chances para Sanchez!!! 3 a 0 para o São Paulo!!! Rumo à final!!!</gol>
    <narracao id="48180" momento="2ºT" tempo="3">TÁ FÁCIL!!! A torcida já comemora a classificação à final!!!</narracao>
    <narracao id="48181" momento="2ºT" tempo="4">Lance Feio - MAL!!! Bautista arrisca o chute! A bola passa longe do gol de Rogério Ceni!!!</narracao>
    <narracao id="48182" momento="2ºT" tempo="5">É AGORA!!! Rogério Ceni vai cobrar uma falta da entrada da área!!!</narracao>
    <narracao id="48183" momento="2ºT" tempo="6">NO MURO!!! A bola explode na barreira!!!</narracao>
    <narracao id="48184" momento="2ºT" tempo="7">TREME, MORUMBI!!! A torcida tricolor já ignora o Chivas! A festa começa mais cedo no reduto são-paulino!!!</narracao>
    <narracao id="48186" momento="2ºT" tempo="8">OLÉ!!! A torcida do São Paulo continua gritando olé!!!</narracao>
    <narracao id="48185" momento="2ºT" tempo="9">Lance Perigoso - FORA!!! Santana arrisca o chute, dentro da área! A bola sai à esquerda de Rogério Ceni!!!</narracao>
    <narracao id="48187" momento="2ºT" tempo="10">O Chivas tenta uma pressão tímida!</narracao>
    <narracao id="48188" momento="2ºT" tempo="11">VAI TER TROCA!!! Danilo, sentindo dores no ombro, deve sair do jogo!</narracao>
    <substituicao id="48214" momento="2ºT" tempo="12" ico="/Portal/esportes/temporeal/swf/icos/substituicao.swf">São Paulo faz substituição: entra Lenilson, sai Danilo</substituicao>
    <narracao id="48190" momento="2ºT" tempo="13">O São Paulo vai tocando a bola!</narracao>
    <narracao id="48191" momento="2ºT" tempo="13">PREOCUPAÇÃO!!! Danilo, na maca, sente muitas dores no ombro esquerdo!</narracao>
    <narracao id="48192" momento="2ºT" tempo="14">Lance Perigoso - QUASE!!! Ricardo Oliveira faz boa jogada, pela esquerda, e cruza! Sanchez espalma a bola, antes da chegada de Júnior!!!</narracao>
    <narracao id="48193" momento="2ºT" tempo="15">VAMOS LÁ!!! Apesar do placar dilatado, o técnico mexicano ainda acredita na reação e cobra empenho dos jogadores do Chivas!</narracao>
    <cartao id="48194" momento="2ºT" atletaId="11434" tempo="16" ico="/Portal/esportes/temporeal/swf/icos/cartao_amarelo.swf" cor="amarelo">Omar Bravo - SUJOU!!! Por fazer falta em Lenílson, o atacante do Chivas recebe o amarelo!</cartao>
    <cartao id="48195" momento="2ºT" atletaId="7374" tempo="17" ico="/Portal/esportes/temporeal/swf/icos/cartao_amarelo.swf" cor="amarelo">Ricardo Oliveira - AMARELOU!!! Por fazer falta em Bravo, o atacante tricolor recebe o amarelo!</cartao>
    <cartao id="48196" momento="2ºT" atletaId="11442" tempo="18" ico="/Portal/esportes/temporeal/swf/icos/cartao_amarelo.swf" cor="amarelo">Magallón - OUTRO!!! Por fazer falta em Lenílson, o zagueiro do Chivas recebe o cartão!</cartao>
    <narracao id="48198" momento="2ºT" tempo="19">RIGOR!!! O juiz começa a distribuir cartões!</narracao>
    <cartao id="48197" momento="2ºT" atletaId="11339" tempo="20" ico="/Portal/esportes/temporeal/swf/icos/cartao_amarelo.swf" cor="amarelo">Sergio Santana - COMIGO NÃO!!! Por tentar enganar o juiz, tocando com a mão na bola, o meia mexicano recebe o amarelo!</cartao>
    <narracao id="48199" momento="2ºT" tempo="21">O Chivas pressiona e tenta diminuir o placar!</narracao>
    <narracao id="48200" momento="2ºT" tempo="22">FESTA SEM FIM!!! A torcida tricolor continua cantando no Morumbi!!!</narracao>
    <narracao id="48201" momento="2ºT" tempo="23">RIVALIDADE MÁXIMA!!! Fabão e Bravo continuam se estranhando!</narracao>
    <narracao id="48202" momento="2ºT" tempo="24">Lance Feio - NAS NUVENS!!! Medina dá bom passe para Omar Bravo! O atacante, livre, entra na área e arrisca o chute! A bola passa muito longe do gol do São Paulo!!!</narracao>
    <narracao id="48203" momento="2ºT" tempo="25">O São Paulo, praticamente classificado, só administra o resultado!</narracao>
    <narracao id="48205" momento="2ºT" tempo="26">O Chivas continua pressionando!</narracao>
    <narracao id="48206" momento="2ºT" tempo="27">O Tricolor vai tocando a bola!</narracao>
    <cartao id="48204" momento="2ºT" atletaId="6930" tempo="28" ico="/Portal/esportes/temporeal/swf/icos/cartao_vermelho.swf" cor="vermelho">Reynoso - RUA!!! Por dar uma joelhada em Lenílson, o zagueiro do Chivas é expulso de campo!</cartao>
    <narracao id="48207" momento="2ºT" tempo="29">Defesa - PEGUEI!!! Júnior arrisca o chute de fora da área! A bola vai, fraca, até as mãos de Sanchez!!!</narracao>
    <substituicao id="48215" momento="2ºT" tempo="30" ico="/Portal/esportes/temporeal/swf/icos/substituicao.swf">São Paulo faz substituição: entra Richarlyson, sai Júnior</substituicao>
    <narracao id="48210" momento="2ºT" tempo="31">Defesa - MINHA!!! Souza cobra falta para a área! A bola vai direto para o gol! O goleiro Sanchez defende a bola, sem dar rebote!!!</narracao>
    <narracao id="48211" momento="2ºT" tempo="32">Defesa - DEIXA COMIGO!!! Medina entra na área e chuta rasteiro! Rogério cai no canto esquerdo e faz a defesa!!!</narracao>
    <narracao id="48212" momento="2ºT" tempo="33">OLÉ!!! O São Paulo toca a bola! A torcida grita olé!!!</narracao>
    <narracao id="48213" momento="2ºT" tempo="34">Lance Perigoso - PERDEU!!! Souza faz linda jogada pela direita e deixa Ricardo Oliveira na cara do gol! O atacante chuta cruzado! A bola sai à direita de Sanchez!!! Perde boa chance o São Paulo!!! </narracao>
    <substituicao id="48219" momento="2ºT" tempo="35" ico="/Portal/esportes/temporeal/swf/icos/substituicao.swf">Chivas faz substituição: entra Patlan, sai Sergio Santana</substituicao>
    <substituicao id="48216" momento="2ºT" tempo="36" ico="/Portal/esportes/temporeal/swf/icos/substituicao.swf">São Paulo faz substituição: entra Aloísio, sai Ricardo Oliveira</substituicao>
    <cartao id="48217" momento="2ºT" atletaId="12846" tempo="37" ico="/Portal/esportes/temporeal/swf/icos/cartao_amarelo.swf" cor="amarelo">Juan Pablo Rodriguez - SUJOU!!! Por fazer falta em Mineiro, o meia mexicano recebe o amarelo!</cartao>
    <narracao id="48220" momento="2ºT" tempo="38">VIROU FARRA!!! A torcida tricolor não pára de gritar olé!!!</narracao>
    <narracao id="48221" momento="2ºT" tempo="39">Lance Perigoso - FORA!!! Martinez arrisca o chute da entrada da área! A bola passa à esquerda do gol tricolor, assustando Rogério Ceni!!!</narracao>
    <narracao id="48222" momento="2ºT" tempo="40">ATENÇÃO, JUIZ!!! Derrotado em campo, o time mexicano começa a apelar para a violência!</narracao>
    <narracao id="48223" momento="2ºT" tempo="41">MAIS OLÉ!!! O São Paulo toca a bola, e a torcida vai junto!!!</narracao>
    <narracao id="48224" momento="2ºT" tempo="42">TELÊ, TELÊ!!! A torcida canta em homenagem ao ex-técnico Telê Santana, que faleceu este ano.</narracao>
    <narracao id="48225" momento="2ºT" tempo="43">Lance Feio - NAS NUVENS!!! Após boa defesa de Rogério Ceni, Bautista isola a bola da entrada da área!!!</narracao>
    <cartao id="48227" momento="2ºT" atletaId="11446" tempo="44" ico="/Portal/esportes/temporeal/swf/icos/cartao_amarelo.swf" cor="amarelo">Adolfo Bautista - SUJOU!!! Por fazer falta em Lugano, o atacante mexicano recebe o amarelo!</cartao>
    <narracao id="48228" momento="2ºT" tempo="45">ACABA O JOGO!!! SÃO PAULO 3 x 0 CHIVAS GUADALAJARA!!! O TRICOLOR ESTÁ NA FINAL DA LIBERTADORES 2006!!!</narracao>
    <momento id="48229" momento="E">Final de jogo</momento>
    <narracao id="48230" momento="E" tempo="0">O São Paulo, atual campeão da Libertadores, venceu o Chivas Guadalajara por 3 a 0, com autoridade, está na final da competição e agora luta por seu quarto título sul-americano! Que venha Internacional ou Libertad, do Paraguai! E SALVE O TRICOLOR PAULISTA!!!  </narracao>
  </lances>
</lancealance>
