<?xml version="1.0" encoding="UTF-8"?>
<lancealance cobertura="140" leitura="0">
  <placar>
    <equipe id="001" url="" nome="São Caetano" escudo="/FlashShow/0,,7262,00.swf" resultado="2" abreviacao="SCA"/>
    <equipe id="002" url="" nome="Corinthians" escudo="/FlashShow/0,,7285,00.swf" resultado="1" abreviacao="COR"/>
  </placar>
  <lances>
    <narracao id="4084" momento="PJ" tempo="0">São Caetano e Corinthians se enfrentam às 21h45m.</narracao>
    <momento id="4085" momento="PJ">Pré-jogo</momento>
    <narracao id="4147" momento="PJ" tempo="0">Na história dos confrontos entre São Caetano e Corinthians, ampla vitória para o time do ABC. Ao todo foram 15 jogos disputados,com 9 vitórias para o São Caetano, 3 vitórias para o Corinthians, e 3 empates. No Brasileirão do ano passado, por exemplo, o Timão perdeu os dois confrontos (2 a 0 no Pacaembu e 1 a 0 no Anacletto Campanella). 
</narracao>
    <narracao id="4150" momento="PJ" tempo="0">O São Caetano tenta se recuperar da derrota por 3 a 2 fora de casa, sofrida no último domingo para o São Bento, lanterna do Paulistão 2006. O Azulão é o 7º na tabela com 11 pontos.</narracao>
    <narracao id="4152" momento="PJ" tempo="0">O Corinthians está em segundo na tabela, com 15 pontos, um a menos que o líder Noroeste com 16. Se vencer o São Caetano assume provisóriamente a liderança do Campeonato.</narracao>
    <narracao id="4172" momento="PJ" tempo="0">Contratado no início da temporada pelo São Caetano, o lateral-esquerdo Alex faz hoje sua estréia pela equipe do ABC paulista. O jogador foi confirmado pelo técnico Nelsinho Baptista para atuar na vaga aberta pela suspensão de Triguinho. </narracao>
    <narracao id="4173" momento="PJ" tempo="0">No Corinthians, seis desfalques confirmados: Wescley e Ricardinho (expulsos na última partida), Coelho (terceiro cartão amarelo), Gustavo Nery e Rosinei (lesionados), e Tevez (poupado).</narracao>
    <momento id="4201" momento="1ºT">Primeiro tempo</momento>
    <narracao id="4202" momento="1ºT" tempo="1">Bola rolando no Anacleto Campanella.</narracao>
    <narracao id="4204" momento="1ºT" tempo="1">Entrada dura de Carlos Alberto em Marcelinho.</narracao>
    <cartao id="4206" momento="1ºT" atletaId="6073" tempo="1" ico="/Portal/esportes/temporeal/swf/icos/cartao_amarelo.swf" cor="amarelo">Carlos Alberto - Meia do Corinthians leva cartão amarelo após falta dura em Marcelinho</cartao>
    <narracao id="4210" momento="1ºT" tempo="2">Jogo começa com muitas faltas violentas.</narracao>
    <narracao id="4214" momento="1ºT" tempo="3">Falta dura de Marinho em Marcelinho na intermediária do Corinthians</narracao>
    <narracao id="4216" momento="1ºT" tempo="4">Marcelinho recebe bola, vem cortando para a perna direita, chuta da entrada da área para defesa de Marcelo.</narracao>
    <narracao id="4219" momento="1ºT" tempo="6">Nilmar recebe na direita, avança pela área do Azulão, chuta prençado na zaga, é escanteio para o Corinthians.</narracao>
    <narracao id="4221" momento="1ºT" tempo="7">Carlos Alberto arrisca da intermediária, a bola sai por cima do gol de Silvio Luiz.</narracao>
    <video id="4227" momento="1ºT" video="1"> Veja o vídeo:  9' Nilmar arrisca da intermediária, Silvio Luiz faz bela defesa.</video>
    <narracao id="4237" momento="1ºT" tempo="14">Elton recebe lançamento da direita, domina na área, é derrubado, mas o juiz manda seguir.</narracao>
    <narracao id="4238" momento="1ºT" tempo="14">Marcelinho invade pela direita, chuta na trave de Marcelo.</narracao>
    <cartao id="4244" momento="1ºT" atletaId="9381" tempo="16" ico="/Portal/esportes/temporeal/swf/icos/cartao_amarelo.swf" cor="amarelo">Alex - Lateral do São Caetano, faz falta violenta em Elton, e é punido com cartão amarelo.</cartao>
    <narracao id="4249" momento="1ºT" tempo="19">Elton levanta na área, a zaga do São Caetano põe para escanteio.</narracao>
    <narracao id="4251" momento="1ºT" tempo="20">Elton tenta jogada pela direita, e é novo escanteio para o Corinthians.</narracao>
    <narracao id="4257" momento="1ºT" tempo="20">Após confusão na área, Silvio Luiz faz bela defesa.</narracao>
    <narracao id="4261" momento="1ºT" tempo="21">Falta dura na intermediária do São Caetano de Anderson Ataíde em Eduardo Ratinho.</narracao>
    <narracao id="4271" momento="1ºT" tempo="25">Partida movimentada, duas bolas na trave para cada time e muitas faltas.</narracao>
    <narracao id="4275" momento="1ºT" tempo="27">Tentativa de passe de Carlos Alberto para Nilmar, a zaga do São Caetano antecipa.</narracao>
    <narracao id="4277" momento="1ºT" tempo="28">Escanteio cobrado por Anderson Lima, a bola cai na área do Corinthias, na confusão o goleiro Marcelo faz a defesa.</narracao>
    <narracao id="4278" momento="1ºT" tempo="30">Após bela descida de Nilmar pela esquerda, atacante cruza na área para Rafael Moura e Silvio Luiz tira de soco.</narracao>
    <gol id="4284" momento="1ºT" atletaId="5822" tempo="31" escudo="/FlashShow/0,,7285,00.swf" contra="0"> GOL DE RAFAEL MOURA  Marcelo Mattos lança Rafael Moura na área, o atacante tenta toque por cima de Silvio Luiz, no rebote chuta forte e faz Corinthians 1 a 0 no São Caetano.</gol>
    <video id="4284v" momento="1ºT" video="1"> Veja o vídeo: Gol de Rafael Moura.  31' Marcelo Mattos lança Rafael Moura na área, o atacante tenta toque por cima de Silvio Luiz, no rebote chuta forte e faz Corinthians 1 a 0 no São Caetano.</video>
    <cartao id="4286" momento="1ºT" atletaId="3799" tempo="33" ico="/Portal/esportes/temporeal/swf/icos/cartao_amarelo.swf" cor="amarelo">Gustavo - Zagueiro do São Caetano faz falta dura em Rafael Moura.</cartao>
    <narracao id="4291" momento="1ºT" tempo="34">Silvio Luiz faz bela defesa após cobrança de falta de Eduardo Ratinho.</narracao>
    <narracao id="4295" momento="1ºT" tempo="36">Anderson Lima cobra falta da intermediária, por cima do gol de Marcelo.</narracao>
    <cartao id="4297" momento="1ºT" atletaId="684" tempo="36" ico="/Portal/esportes/temporeal/swf/icos/cartao_amarelo.swf" cor="amarelo">Betão - Zagueiro do Corinthians faz falta dura em Marcelinho.</cartao>
    <narracao id="4300" momento="1ºT" tempo="37">Anderson Lima arrisca chute cruzado, mas a bola sai pela linha de fundo.</narracao>
    <narracao id="4306" momento="1ºT" tempo="40">Anderson Lima cruza da direita, a bola sai muito forte por cima do gol de Marcelo.</narracao>
    <narracao id="4308" momento="1ºT" tempo="42">Eduardo Ratinho lança Rafael Moura, o atacante domina na área mas bandeira assinala impedimento.</narracao>
    <video id="4309" momento="1ºT" video="1"> Veja o vídeo:  42' Fininho recebe na entrada da área do Azulão e chuta por cima do gol de Silvio Luiz.</video>
    <narracao id="4310" momento="1ºT" tempo="43">Marcelo Mattos recebe de Rafael Mora na área, mas chuta por cima do gol de Silvio Luiz.</narracao>
    <narracao id="4313" momento="1ºT" tempo="45">O primeiro tempo vai até os 46 minutos.</narracao>
    <narracao id="4315" momento="1ºT" tempo="45">Leandrinho invade a área do Corinthians mas se atrapalha com a bola.</narracao>
    <narracao id="4316" momento="1ºT" tempo="45">Anderson Lima chuta de longe, pela linha de fundo.</narracao>
    <narracao id="4317" momento="1ºT" tempo="46">Termina o primeiro tempo.</narracao>
    <momento id="4318" momento="I">Show do intervalo</momento>
    <momento id="4327" momento="2ºT">Segundo tempo</momento>
    <substituicao id="4370" momento="2ºT" tempo="1" ico="/Portal/esportes/temporeal/swf/icos/substituicao.swf">Entrou: Dimba / Saiu: Marcelinho</substituicao>
    <narracao id="4331" momento="2ºT" tempo="3">Leandrinho avança pela direita, mas é derrubado por Marinho.</narracao>
    <narracao id="4333" momento="2ºT" tempo="4">Anderson Lima cobra a falta na área e Marcelo faz bela defesa.</narracao>
    <gol id="4335" momento="2ºT" atletaId="5564" tempo="5" escudo="/FlashShow/0,,7262,00.swf" contra="0"> GOL DE DIMBA  Após cruzamento de Anderson Lima na área do Corinthians, na confusão Dimba empurrou para o fundo da rede. Agora São Caetano 1 x 1 Corinthians.</gol>
    <video id="4335v" momento="2ºT" video="1"> Veja o vídeo: Gol de Dimba.  5' Após cruzamento de Anderson Lima na área do Corinthians, na confusão Dimba empurrou para o fundo da rede. Agora São Caetano 1 x 1 Corinthians.</video>
    <narracao id="4336" momento="2ºT" tempo="7">Rafael Moura invade a área, Thiago corta para escanteio.</narracao>
    <narracao id="4337" momento="2ºT" tempo="8">Eduardo Ratinho recebe de Rafael Moura, chuta rasteiro com perigo, a bola desvia na zaga e sai para escanteio.</narracao>
    <cartao id="4339" momento="2ºT" atletaId="5219" tempo="9" ico="/Portal/esportes/temporeal/swf/icos/cartao_amarelo.swf" cor="amarelo">Fininho - Lateral do Corinthians faz falta dura, e é punido com cartão amarelo.</cartao>
    <video id="4341" momento="2ºT" video="1"> Veja o vídeo:  10' Anderson Lima levanta da direita, Gustavo ajeita de cabeça e Zé Luis cabeceia por cima do gol de Marcelo.</video>
    <narracao id="4344" momento="2ºT" tempo="14">Eduardo Ratinho bate rasteiro da entrada da área para bela defesa de Silvio Luiz.</narracao>
    <narracao id="4346" momento="2ºT" tempo="15">Paulo Miranda avança pela esquerda, cruza e Marinho faz o corte para escanteio.</narracao>
    <narracao id="4349" momento="2ºT" tempo="18">Jogo parado, Eduardo Ratinho sendo atendido no gramado.</narracao>
    <narracao id="4350" momento="2ºT" tempo="19">Anderson Lima cobra falta da direita, gustavo tenta o desvio de cabeça e Marcelo faz a defesa.</narracao>
    <substituicao id="4371" momento="2ºT" tempo="22" ico="/Portal/esportes/temporeal/swf/icos/substituicao.swf">Entrou: Márcio Richardes / Saiu: Anderson Ataíde</substituicao>
    <video id="4355" momento="2ºT" video="1"> Veja o vídeo:  25' Goleiro Marcelo recebe, faz embaixadas, erra na reposição de bola, e quase o São Caetano faz o segundo gol.</video>
    <narracao id="4357" momento="2ºT" tempo="26">Rafael Moura chuta da entrada da área, Silvio Luiz faz a defesa.</narracao>
    <narracao id="4359" momento="2ºT" tempo="27">Cobrança de falta de Anderson Lima pela direita, a bola chegava em Dimba quando Fininho pôs a mão na bola, penalti para o São Caetano não marcado pela arbitragem.</narracao>
    <substituicao id="4376" momento="2ºT" tempo="27" ico="/Portal/esportes/temporeal/swf/icos/substituicao.swf">Entrou: Edson / Saiu: Eduardo Ratinho</substituicao>
    <cartao id="4362" momento="2ºT" atletaId="6242" tempo="30" ico="/Portal/esportes/temporeal/swf/icos/cartao_amarelo.swf" cor="amarelo">Thiago Martinelli - Zagueiro puxa Nilmar pela camisa, e é punido com cartão amarelo.</cartao>
    <narracao id="4364" momento="2ºT" tempo="31">Confusão no gramado, Nilmar atinge com o braço o zagueiro Thiago e jogadores das duas equipes discutem ásperamente.</narracao>
    <substituicao id="4372" momento="2ºT" tempo="34" ico="/Portal/esportes/temporeal/swf/icos/substituicao.swf">No São Caetano, Entrou: Canindé / Saiu: Alex</substituicao>
    <substituicao id="4377" momento="2ºT" tempo="35" ico="/Portal/esportes/temporeal/swf/icos/substituicao.swf">No Corinthians, Entrou: Ji-Paraná / Saiu: Carlos Alberto</substituicao>
    <narracao id="4378" momento="2ºT" tempo="37">Márcio Richardes chuta da intermediária e Marcelo faz bela defesa.</narracao>
    <narracao id="4380" momento="2ºT" tempo="39">Anderson Lima cobra falta da intermediária, Marcelo Mattos faz o corte.</narracao>
    <narracao id="4382" momento="2ºT" tempo="40">Fininho recebe na área, chuta cruzado pela linha de fundo.</narracao>
    <narracao id="4384" momento="2ºT" tempo="40">Falta perigosa em Ji-Paraná na entrada da área, bom momento para o Corinthians.</narracao>
    <narracao id="4385" momento="2ºT" tempo="41">Marcelo Mattos cobra falta no travessão de Silvio Luiz.</narracao>
    <narracao id="4387" momento="2ºT" tempo="43">Falta dura de Zé Luis em Ji-Paraná. Boa oportunidade para o Corinthians.</narracao>
    <narracao id="4388" momento="2ºT" tempo="44">Marcelo Mattos cobra com força na área, a bola desvia e sai pela linha de fundo.</narracao>
    <narracao id="4389" momento="2ºT" tempo="44">4 minutos de acréscimo assinala o árbitro.</narracao>
    <cartao id="4392" momento="2ºT" atletaId="10129" tempo="44" ico="/Portal/esportes/temporeal/swf/icos/cartao_amarelo.swf" cor="amarelo">Leandrinho - Meia do Azulão coloca a mão na bola, e é punido com cartão amarelo.</cartao>
    <cartao id="4395" momento="2ºT" atletaId="5754" tempo="46" ico="/Portal/esportes/temporeal/swf/icos/cartao_amarelo.swf" cor="amarelo">Claudecir - Meia do São Caetano é punido com cartão amarelo após falta dura em Rafael Moura.</cartao>
    <narracao id="4398" momento="2ºT" tempo="49">Sem tempo para mais nada, o árbitro Marcelo aparecido de souza encerra a partida.</narracao>
    <gol id="4397" momento="2ºT" atletaId="10129" tempo="49" escudo="/FlashShow/0,,7262,00.swf" contra="0"> GOL DE LEANDRINHO  Leandrinho faz bela finta na intermediária, chuta e coloca no ângulo de Marcelo. São Caetano de virada 2 x 1. Corinthians.</gol>
    <video id="4397v" momento="2ºT" video="1"> Veja o vídeo: Gol de Leandrinho.  49' Leandrinho faz bela finta na intermediária, chuta e coloca no ângulo de Marcelo. São Caetano de virada 2 x 1. Corinthians.</video>
    <momento id="4399" momento="E">Final de jogo</momento>
    <narracao id="4400" momento="E" tempo="0">O Corinthians era líder até os 49 do segundo tempo. com a derrota, o timão permanece com 15 pontos, enquanto o Azulão sobe na tabela e vai a 14 pontos.</narracao>
    <narracao id="4401" momento="E" tempo="0">O Corinthians continua sendo freguês do São Caetano. Agora são 10 vitórias para o Azulão, 3 vitórias para o Corinthians, e 3 empates.</narracao>
  </lances>
</lancealance>
