<?xml version="1.0" encoding="UTF-8"?>
<lancealance cobertura="1220" leitura="0">
  <placar>
    <equipe id="001" url="" nome="Santa Cruz" escudo="/FlashShow/0,,7166,00.swf" resultado="3" abreviacao="Santa Cruz"/>
    <equipe id="002" url="" nome="Flamengo" escudo="/FlashShow/0,,13453,00.swf" resultado="0" abreviacao="FLA"/>
  </placar>
  <lances>
    <narracao id="46212" momento="PJ" tempo="0">Santa Cruz e Flamengo se enfrentam às 16h.</narracao>
    <momento id="46213" momento="PJ">Pré-jogo</momento>
    <narracao id="46219" momento="PJ" tempo="0">O time que entrará em campo deverá ser o mesmo que goleou o Fortaleza, por 4 a 1, no Castelão. O meia Zada ainda sente dores no tornozelo esquerdo e deverá ficar fora. Junior Maranhão permanece com a vaga.</narracao>
    <narracao id="46220" momento="PJ" tempo="0">Invicto desde que assumiu o clube, o técnico Maurício Simões realizou treinamentos durante a semana para aprimorar a marcação do Santa, principalmente na saída de bola.</narracao>
    <narracao id="46221" momento="PJ" tempo="0">Após duas vitórias convincentes, sobre Goiás e Fortaleza, o Santa Cruz recebe o Flamengo para tentar se livrar de vez da lanterna do Brasileirão. Um resultado positivo neste domingo pode, inclusive, tirar o Tricolor pernambucano da zona de rebaixamento.</narracao>
    <narracao id="46222" momento="PJ" tempo="0">A base da equipe rubro-negra será formada pelo quarteto contratado ao Ipatinga-MG: Paulinho, Léo Medeiros, Walter Minhoca e Diego Silva.</narracao>
    <narracao id="46223" momento="PJ" tempo="0">Vindo de duas derrotas seguidas, 4 a 1 para o Paraná e 1 a 0 para o Expressinho do Vasco, a equipe do Flamengo, que será comandada pelos auxiliares de Ney Franco, Andrade e Moacir Pereira, precisa da vitória melhorar sua classificação. Atualmente, o Fla é o 14º colocado, com 14 pontos. Já o Santa Cruz, lanterna com nove pontos, quer confirmar sua reabilitação. Nas útimas duas rodadas, venceu Goiás e Fortaleza.</narracao>
    <momento id="46235" momento="1ºT">Primeiro tempo</momento>
    <narracao id="46236" momento="1ºT" tempo="1">Bola rolando no Arruda!</narracao>
    <narracao id="46242" momento="1ºT" tempo="3">PRIMEIRO ATAQUE DO FLA! O meia Léo desce pelo lado direito e cruza. O zagueiro Márcio Alemão corta de cabeça para escanteio.</narracao>
    <narracao id="46246" momento="1ºT" tempo="4">MAL! Ramirez recebe no lado esquerdo de ataque, mas erra passe fácil para Vinícius Pacheco. O zagueiro Márcio recupera.</narracao>
    <narracao id="46251" momento="1ºT" tempo="7">Vinícius Pacheco recebe no lado direito de ataque e descola lançamento para Ramirez na área do Santa. O árbitro pára o lance e marca a falta do atacante sobre Márcio.</narracao>
    <narracao id="46252" momento="1ºT" tempo="9">Márcio Alemão cobra falta da intermediária. O chute sai forte, mas a bola explode na barreira.</narracao>
    <narracao id="46255" momento="1ºT" tempo="10">Junior Maranhão recebe livre na entrada da área do Fla e arrisca. O chute é torto e a bola sai à direita do gol de Getúlio Vargas.</narracao>
    <narracao id="46258" momento="1ºT" tempo="11">FALTA PERIGOSA PARA O FLA! Vinícius Pacheco desce pelo lado esquerdo e sofre falta de Váldson. O árbitro marca a falta e é chance de cruzamento para a área do Santa!</narracao>
    <narracao id="46262" momento="1ºT" tempo="12">TIRA A ZAGA! Após cobrança de falta para a área do Santa Cruz, o zagueiro Adriano sobe bem e afasta de cabeça.</narracao>
    <narracao id="46267" momento="1ºT" tempo="14">Adriano apoia pela ponta direita mas cruza mal. A bola sai por trás do gol de Getúlio Vargas.</narracao>
    <narracao id="46273" momento="1ºT" tempo="17">Léo apoia pelo lado direito e descola cruzamento rasteiro para a área do Santa. O atacante Ramirez domina, mas recebe marcação dura de Adriano que corta para escanteio.</narracao>
    <narracao id="46279" momento="1ºT" tempo="20">O Santa Cruz tem mais a posse de bola e chega mais na frente. O Flamengo se posiciona no campo de defesa e joga nos contra-ataques. </narracao>
    <narracao id="46281" momento="1ºT" tempo="22">SAIU BEM! Osmar recebe na linha de fundo e descola o cruzamento para a área do Fla. O goleiro Getúlio Vargas sobe bem e recupera.</narracao>
    <video id="46306" momento="1ºT" video="508893"> Veja o vídeo:  23' Osmar e André se chocam no alto.</video>
    <narracao id="46287" momento="1ºT" tempo="24">PAROU! O lateral Osmar recebe no lado direito de ataque, tenta chegar à linha de fundo, mas comete falta em André. </narracao>
    <narracao id="46291" momento="1ºT" tempo="26">Vinícius Pacheco domina na intermediária e descola ótimo passe para Marcelinho na área do Santa. O lateral se atrapalha para finalizar e acaba desarmado por Márcio Alemão!</narracao>
    <video id="46334" momento="1ºT" video="508906"> Veja o vídeo:  26' Vinícius Pacheco, do Fla, manda uma bomba em cima da zaga.</video>
    <cartao id="46294" momento="1ºT" atletaId="9679" tempo="27" ico="/Portal/esportes/temporeal/swf/icos/cartao_amarelo.swf" cor="amarelo">Leo Medeiros - Meia comete falta dura em Márcio Mixirica e é punido com o cartão amarelo.</cartao>
    <narracao id="46297" momento="1ºT" tempo="28">GETÚLIO! O atacante Márcio Mixirica cobra falta de intermediária e solta a bomba. O chute sai muito forte, mas o goleiro Getúlio Vargas cai bem e encaixa com segurança.</narracao>
    <video id="46335" momento="1ºT" video="508907"> Veja o vídeo:  28' Getúlio, do Fla, pega firma cobrança de falta do Santa.</video>
    <narracao id="46301" momento="1ºT" tempo="30">PARA FORA! Léo Medeiros recebe de Léo na entrada da área do Santa e arrisca. A bola sai à direita do gol de Guto.</narracao>
    <narracao id="46312" momento="1ºT" tempo="32">Osmar desce pela ponta direita, tenta cruzamento para a área do Fla, mas é travado por André.</narracao>
    <narracao id="46315" momento="1ºT" tempo="34">Marlon recebe no lado esquerdo de ataque e tenta passe para Vinícius Pacheco na área do Santa Cruz. O zagueiro Márcio Alemão chega antes e afasta com um chutão.</narracao>
    <cartao id="46316" momento="1ºT" atletaId="9345" tempo="35" ico="/Portal/esportes/temporeal/swf/icos/cartao_amarelo.swf" cor="amarelo">Washington - Meia reclama com o árbitro e acaba punido com o cartão amarelo.</cartao>
    <narracao id="46319" momento="1ºT" tempo="36">FALTAS COMETIDAS: Santa Cruz - 12 Flamengo - 9</narracao>
    <narracao id="46322" momento="1ºT" tempo="37">QUASE! Ramirez faz ótima jogada individual na ponta esquerda e descola cruzamento rasteiro. A zaga afasta nos pés de Léo Medeiros na entrada da área, mas o meia é travado por Váldson no momento da conclusão!</narracao>
    <gol id="46328" momento="1ºT" atletaId="12603" tempo="40" escudo="/FlashShow/0,,7166,00.swf" contra="0"> GOL DE NENÊ  É GOOOOOOOOOOOOOOOOOOOOOL! Márcio Mixirica desce pela ponta esquerda e descola cruzamento rasteiro para a área do Flamengo. O atacante aparece na pequena área e finaliza para o fundo do gol do Fla. O SANTA TÁ NA FRENTE!</gol>
    <video id="46328v" momento="1ºT" video="508912"> Veja o vídeo: Gol de Nenê.  40' É GOOOOOOOOOOOOOOOOOOOOOL! Márcio Mixirica desce pela ponta esquerda e descola cruzamento rasteiro para a área do Flamengo. O atacante aparece na pequena área e finaliza para o fundo do gol do Fla. O SANTA TÁ NA FRENTE!</video>
    <narracao id="46340" momento="1ºT" tempo="43">POR POUCO! O lateral Osmar recebe no lado direito de ataque e descola cruzamento para a área do Fla. O atacante Márcio Mixirica finaliza de cabeça e manda rente à trave do gol de Getúlio!</narracao>
    <narracao id="46343" momento="1ºT" tempo="45">MAIS UM! O árbitro aponta um minuto de acréscimo no primeiro tempo.</narracao>
    <narracao id="46344" momento="1ºT" tempo="46">TERMINA O PRIMEIRO TEMPO!</narracao>
    <momento id="46345" momento="I">Show do intervalo</momento>
    <narracao id="46346" momento="I" tempo="0">O Santa Cruz joga melhor e merece o resultado até aqui. A equipe pernambucana troca muitos passes no campo de ataque e domina o meio de campo. O Flamengo mostra que está desentrosado e pouco chega na frente. No primeiro tempo, o Santa Cruz finalizou nove vezes contra apenas duas do Fla.</narracao>
    <momento id="46359" momento="2ºT">Segundo tempo</momento>
    <narracao id="46360" momento="2ºT" tempo="1">Bola rolando para o segundo tempo!</narracao>
    <narracao id="46369" momento="2ºT" tempo="3">MAL! Vinícius Pacheco recebe na área do Santa, pelo lado direito, mas cai sozinho e perde a bola.</narracao>
    <narracao id="46373" momento="2ºT" tempo="5">FALTA PERIGOSA PARA O FLA! O lateral André apoia pelo lado esquerdo e é derrubado. O árbitro marca a falta e é chance de cruzamento para a área do Santa!</narracao>
    <narracao id="46376" momento="2ºT" tempo="6">TIRA A ZAGA! Após cobrança de falta para a área do Santa, o zagueiro Adriano sobe bem e afasta de cabeça.</narracao>
    <substituicao id="46432" momento="2ºT" tempo="8" ico="/Portal/esportes/temporeal/swf/icos/substituicao.swf">Flamengo faz substituição: entra Diego Souza, sai Goeber</substituicao>
    <video id="46409" momento="2ºT" video="508930"> Veja o vídeo:  10' Nenê, do Santa, cabeceia para fora.</video>
    <narracao id="46389" momento="2ºT" tempo="11">MAL! O lateral Marcelinhos desce pelo lado direito, tenta chegar à linha de fundo, mas acaba saindo com bola e tudo!</narracao>
    <video id="46442" momento="2ºT" video="508936"> Veja o vídeo:  11' Marcelinho, do Fla, quase faz gol sem querer.
</video>
    <narracao id="46396" momento="2ºT" tempo="14">Diego Silva recebe na ponta esquerda, dá um lindo drible em Váldson e cruza rasteiro. O zagueiro Adriano se antecipa à Ramirez e corta com os pés!</narracao>
    <narracao id="46399" momento="2ºT" tempo="16">GETÚLIO! O atacante Nenê recebe na intermediária e solta a bomba. A bola vai no ângulo esquerdo e o goleiro Getúlio Vargas se estica todo para fazer grande defesa!</narracao>
    <video id="46448" momento="2ºT" video="508938"> Veja o vídeo:  16' Nenê, do Santa, chuta de longe e Getúlio faz grande defesa.</video>
    <narracao id="46401" momento="2ºT" tempo="17">POR CIMA! Diego Silva recebe bom passe na entrada da área do Santa, mas chuta mal. A bola sai por cima do gol de Guto.</narracao>
    <cartao id="46404" momento="2ºT" atletaId="12603" tempo="18" ico="/Portal/esportes/temporeal/swf/icos/cartao_amarelo.swf" cor="amarelo">Nenê - Atacante faz falta dura em Walter Minhoca e é punido com o cartão amarelo.</cartao>
    <substituicao id="46433" momento="2ºT" tempo="18" ico="/Portal/esportes/temporeal/swf/icos/substituicao.swf">Flamengo faz substituição: entra Walter Minhoca, sai Léo</substituicao>
    <substituicao id="46482" momento="2ºT" tempo="19" ico="/Portal/esportes/temporeal/swf/icos/substituicao.swf">Santa Cruz faz substituição: entra Zada, sai Washington</substituicao>
    <narracao id="46411" momento="2ºT" tempo="20">PASSES ERRADOS: Santa Cruz - 13 Flamengo - 25.</narracao>
    <narracao id="46419" momento="2ºT" tempo="21">SAIU BEM! O meia Léo Medeiros bate falta do lado esquerdo de ataque e levanta para a área do Santa. O goleiro Guto sai bem do gol e tira de de soco!</narracao>
    <cartao id="46421" momento="2ºT" atletaId="5075" tempo="23" ico="/Portal/esportes/temporeal/swf/icos/cartao_amarelo.swf" cor="amarelo">Walter Minhoca - Meia comete fala dura e é punido com o cartão amarelo.</cartao>
    <narracao id="46423" momento="2ºT" tempo="24">FALTAS COMETIDAS: Santa Cruz - 22  Flamengo - 12</narracao>
    <narracao id="46425" momento="2ºT" tempo="24">FALTA PERIGOSA PARA O FLA! O meia Léo Medeiros recebe na entrada da área e é derrubado por Váldson. O árbitro marca a falta e é boa chance para o Flamengo!</narracao>
    <cartao id="46427" momento="2ºT" atletaId="4841" tempo="24" ico="/Portal/esportes/temporeal/swf/icos/cartao_amarelo.swf" cor="amarelo">Váldson - Zagueiro comete falta em Léo Medeiros e é punido com o cartão amarelo.</cartao>
    <narracao id="46429" momento="2ºT" tempo="25">POR CIMA! O meia Léo Medeiros cobra a falta por cima do gol de Guto.</narracao>
    <substituicao id="46434" momento="2ºT" tempo="27" ico="/Portal/esportes/temporeal/swf/icos/substituicao.swf">Flamengo faz substituição: entra Egídio, sai André</substituicao>
    <substituicao id="46483" momento="2ºT" tempo="29" ico="/Portal/esportes/temporeal/swf/icos/substituicao.swf">Santa Cruz faz substituição: entra Edson Di, sai Márcio Mixirica</substituicao>
    <cartao id="46456" momento="2ºT" atletaId="9214" tempo="31" ico="/Portal/esportes/temporeal/swf/icos/cartao_vermelho.swf" cor="vermelho">Marlon - Zagueiro dá um carrinho em Nenê e acaba expulso da partida!</cartao>
    <video id="46478" momento="2ºT" video="508944"> Veja o vídeo:  31' Marlon, do Fla, faz falta duríssima e é expulso.</video>
    <narracao id="46462" momento="2ºT" tempo="34">JOGO FRACO! O jogo é muito fraco tecnicamente. As equipes erram muitos passes e encontram dificuldade em chegar ao ataque.</narracao>
    <gol id="46466" momento="2ºT" atletaId="11716" tempo="35" escudo="/FlashShow/0,,7166,00.swf" contra="0"> GOL DE OSMAR  É GOOOOOOOOOOOOOOOOOOOL! Cassio desce pelo lado esquerdo e descola cruzamento para a área do Flamengo. O Junior Maranhão finaliza em cima da zaga, e no rebote o lateral aparece para concluir no fundo do gol do Flamengo.  </gol>
    <gol id="46474" momento="2ºT" atletaId="4841" tempo="38" escudo="/FlashShow/0,,7166,00.swf" contra="0"> GOL DE VÁLDSON  É GOOOOOOOOOOOOOOOOOOOOL! Zagueiro recebe na entrada da área e chuta. A bola vai rasteira, no canto esquerdo, e o goleiro Getúlio Vargas falha. O Santa Cruz vence por goleada! </gol>
    <narracao id="46480" momento="2ºT" tempo="41">OLÉ!!!!!!!!!!!! O Santa Cruz troca passes e a torcida grita Olé!</narracao>
    <substituicao id="46484" momento="2ºT" tempo="43" ico="/Portal/esportes/temporeal/swf/icos/substituicao.swf">Santa Cruz faz substituição: entra Wilson Surubim, sai Junior Maranhão</substituicao>
    <narracao id="46487" momento="2ºT" tempo="44">MAAAAAAAL! Diego Silva invade a área do Santa pelo lado esquerdo, mas chuta muito mal. A bola sai por cima do gol de Guto!</narracao>
    <narracao id="46488" momento="2ºT" tempo="45">TERMINA A PARTIDA!!!!!!!</narracao>
    <momento id="46490" momento="E">Final de jogo</momento>
  </lances>
</lancealance>
