<?xml version="1.0" encoding="UTF-8"?>
<lancealance cobertura="1204" leitura="0">
  <placar>
    <equipe id="001" url="" nome="São Paulo" escudo="/FlashShow/0,,6600,00.swf" resultado="1" abreviacao="SPO"/>
    <equipe id="002" url="" nome="Estudiantes" escudo="/FlashShow/0,,7945,00.swf" resultado="0" abreviacao="Estudiantes (NÃO USAR!)"/>
  </placar>
  <lances>
    <narracao id="45431" momento="PJ" tempo="0">O Estudiantes venceu a primeira partida na Argentina por 1 a 0 e joga pelo empate para passar às semifinais do torneio. Chega para a partida com mudanças radicais em relação ao time do primeiro semestre. O treinador Burruchaga perdeu o cargo e deu lugar ao também ex-jogador da seleção argentina Diego Simeone. Dos 25 jogadores inicialmente inscritos, sete foram negociados pelo clube e o atacante Pavone, que foi expulso no primeiro jogo, cumpre suspensão automática. Mesmo com os desfalques, Simeone declarou que armará uma equipe ofensiva para rebater a pressão do adversário durante o jogo.</narracao>
    <momento id="45432" momento="PJ">Pré-jogo</momento>
    <narracao id="45433" momento="PJ" tempo="0">O São Paulo precisa de uma vitória por dois gols de diferença para se classificar para as semifinais e continuar na briga pelo tetracampeonato do torneio sul-americano. Se vencer por 1 a 0, a decisão vai para os pênaltis. O técnico Muricy Ramalho não poderá contar com os zagueiros Lugano e André Dias, suspensos. Com isso, a zaga será formada por Fabão, Edcarlos e Alex. Com dores no tornozelo esquerdo, Júnior pode desfalcar a equipe. Nesse caso, a tendência é a entrada de Richarlyson. Thiago e Aloísio brigam por uma vaga ao lado de Ricardo Oliveira no ataque.</narracao>
    <narracao id="45434" momento="PJ" tempo="0">São Paulo e Estudiantes de La Plata se enfrentam às 21h45m (horário de Brasília), no Estádio Cícero Pompeu de Toledo (Morumbi/SP), pela partida de volta das quartas-de-final da Taça Libertadores da América. Apita o jogo Carlos Chandía (CHI). Auxiliado por Lorenzo Acuña (CHI) e Mario Vargas (CHI).</narracao>
    <momento id="45500" momento="1ºT">Primeiro tempo</momento>
    <narracao id="45501" momento="1ºT" tempo="0">A TORCIDA SÃO-PAULINA EXPLODE NO MORUMBI! O São Paulo está no gramado.</narracao>
    <narracao id="45503" momento="1ºT" tempo="0">O Estudiantes entra em campo neste momento.</narracao>
    <narracao id="45505" momento="1ºT" tempo="1">BOLA ROLANDO NO MORUMBI! Começa São Paulo x Estudiantes.</narracao>
    <narracao id="45506" momento="1ºT" tempo="1">Com menos de um minuto! Tentativa de ataque do Estudiantes pelo lado esquerdo. A bola se perde pela linha de fundo.</narracao>
    <narracao id="45508" momento="1ºT" tempo="1">Juíz "dá uma dura" em Angelleri, zagueiro do Estudiantes, após demorar na cobrança de lateral.</narracao>
    <narracao id="45509" momento="1ºT" tempo="2">Partida começa com muitas faltas duras de ambas as equipes.</narracao>
    <narracao id="45512" momento="1ºT" tempo="3">Júnior faz boa jogada pela esquerda e cruza na área. Braña corta de cabeça.</narracao>
    <narracao id="45513" momento="1ºT" tempo="3">Escanteio para o São Paulo. Galván corta de cabeça e afasta o perigo da área do Estudiantes.</narracao>
    <narracao id="45514" momento="1ºT" tempo="5">Lugüercio divide bola com Edcarlos e Fabão no campo de defesa do São Paulo. Edcarlos fica sentindo a pancada.</narracao>
    <narracao id="45516" momento="1ºT" tempo="6">PERIGO! Galván avança pela direita e cruza com perigo na pequena área do São Paulo. Rogério Ceni sai para fazer a defesa.</narracao>
    <narracao id="45517" momento="1ºT" tempo="6">RESPOSTA! Souza recebe boa bola na direita e cruza com perigo na área do Estudiantes. Herrera sobe para fazer a defesa.</narracao>
    <narracao id="45519" momento="1ºT" tempo="8">MAL! Alayes cobra falta da intermediária lançando na área do São Paulo. A bola se perde pela linha de fundo.</narracao>
    <narracao id="45522" momento="1ºT" tempo="9">Ricardo Oliveira tenta jogada pela intermediária, perde a bola e arma o contra-ataque do Estudiantes.</narracao>
    <narracao id="45523" momento="1ºT" tempo="10">O São Paulo começa pressionando o Estudiantes, mas tem que ficar atento com os perigosos contra-ataques do time argentino.</narracao>
    <narracao id="45525" momento="1ºT" tempo="11">UUUUUHHHHH! Ricardo Oliveira recebe boa bola de Fabão na entrada da área, tabela com Danilo e "solta a bomba"... A bola se perde por cima do gol de Herrera.</narracao>
    <narracao id="45526" momento="1ºT" tempo="12">VACILOU A ZAGA SÃO-PAULINA! E quase o Estudiantes abre o placar.</narracao>
    <narracao id="45529" momento="1ºT" tempo="14">QUASE! Danilo recebe boa bola na direita e cruza no segundo pau. Souza chuta de primeira, por cima do gol de Herrera.</narracao>
    <narracao id="45530" momento="1ºT" tempo="15">A CATIMBA COMEÇA! Argentinos começam a "cair" em campo após qualquer simples dividida.</narracao>
    <narracao id="45533" momento="1ºT" tempo="17">O QUE É ISSO FABÃO?! Zagueiro arrisca chute forte da intermediária e a bola se perde por cima do gol de Herrera. Desperdiçou excelente ataque para o São Paulo.</narracao>
    <narracao id="45535" momento="1ºT" tempo="18">Mineiro chuta forte da intermediária... Pela linha de fundo.</narracao>
    <narracao id="45536" momento="1ºT" tempo="19">A zaga do São Paulo está vacilando! Sosa recebe excelente lançamento em posição legal e cruza para trás. A zaga se recupera e se antecipa na jogada.</narracao>
    <narracao id="45538" momento="1ºT" tempo="20">Angelleri desce pela direita e cruza no primeiro pau para Sosa. A zaga tricolor se antecipa e corta de cabeça.</narracao>
    <narracao id="45540" momento="1ºT" tempo="22">Escanteio para o Estudiantes. Sosa cobra da direita na cabeça de Calderón. Atacante escora por cima do gol de Rogério Ceni. </narracao>
    <narracao id="45542" momento="1ºT" tempo="24">PRESSÃO DO ESTUDIANTES! Após bola cruzada da direita, Souza corta para escanteio...</narracao>
    <narracao id="45543" momento="1ºT" tempo="24">... Sosa cobra na área e Danilo aparece para cortar de cabeça.</narracao>
    <narracao id="45545" momento="1ºT" tempo="26">Os jogadores do São Paulo parecem nervosos no gramado. O Estudiantes se aproveita da situação.</narracao>
    <narracao id="45547" momento="1ºT" tempo="27">Muito marcado, o São Paulo está com dificuldades na saída de bola.</narracao>
    <narracao id="45549" momento="1ºT" tempo="28">OPÁ! Souza faz boa jogada pelo lado direito, tenta penetrar na área, mas se joga tentando cavar a falta. Árbitro manda seguir o jogo.</narracao>
    <cartao id="45550" momento="1ºT" atletaId="5813" tempo="28" ico="/Portal/esportes/temporeal/swf/icos/cartao_amarelo.swf" cor="amarelo">Júnior - Lateral-esquerdo do São Paulo é punido após reclamação com o árbitro.</cartao>
    <narracao id="45553" momento="1ºT" tempo="30">MAL DANILO! Após excelente troca de passes na entrada da área, Meio-campo recebe na direita e cruza. A bola se perde por cima do gol de Herrera.</narracao>
    <narracao id="45555" momento="1ºT" tempo="32">MAIS UMA SAÍDA DE BOLA ERRADA! Da zaga do São Paulo. Fabão erra o passe, Sosa rouba e avança na velocidade. Zagueiro se recupera e consegue desarmar o meio-campo argentino.</narracao>
    <narracao id="45557" momento="1ºT" tempo="33">UUUUHHHH! Lugüercio arrisca da entrada da área e a bola sai com perigo pela linha de fundo.</narracao>
    <narracao id="45559" momento="1ºT" tempo="33">QUASE O GOL DO SÃO PAULO! Zagueiro erra na saída de bola, Leandro penetra na área e chuta forte. Herrera defende com os pés.</narracao>
    <narracao id="45560" momento="1ºT" tempo="34">ENTRADA DURA! Fabão chega de carrinho em Lugüercio. Atacante fica caído sentindo a pancada.</narracao>
    <cartao id="45562" momento="1ºT" atletaId="10377" tempo="36" ico="/Portal/esportes/temporeal/swf/icos/cartao_amarelo.swf" cor="amarelo">José Luis Calderón - Atacante do Estudiantes é punido após falta dura no goleiro Rogério Ceni.</cartao>
    <narracao id="45565" momento="1ºT" tempo="38">Sosa recebe na esquerda, domina e avança para a entrada da área. Alex consegue o desarme.</narracao>
    <narracao id="45567" momento="1ºT" tempo="39">AFASTA O PERIGO! A zaga do Estudiantes, após tentativa de bicicleta de Leandro.</narracao>
    <narracao id="45569" momento="1ºT" tempo="40">MAL FABÃO! Zagueiro do São Paulo "rifa" a bola para o campo de ataque... Para ninguém.  </narracao>
    <narracao id="45571" momento="1ºT" tempo="42">Álvarez tenta jogada sobre a marcação de Mineiro no campo de ataque. Árbitro pára o lance marcando falta do zagueiro argentino.</narracao>
    <gol id="45573" momento="1ºT" atletaId="4409" tempo="44" escudo="/FlashShow/0,,6600,00.swf" contra="0"> GOL DE EDCARLOS  GOOOOOL! Leandro "cava" a falta. Júnior cobra do lado esquerdo da área. A bola passa por todo mundo e zagueiro são-paulino só escora na pequena área.</gol>
    <narracao id="45575" momento="1ºT" tempo="45">ACRÉSCIMOS! Árbitro assinala mais dois minutos neste primeiro tempo.</narracao>
    <cartao id="45577" momento="1ºT" atletaId="10382" tempo="46" ico="/Portal/esportes/temporeal/swf/icos/cartao_amarelo.swf" cor="amarelo">Marcos Angeleri - Zagueiro do Estudiantes é punido após falta por trás em Leandro.</cartao>
    <narracao id="45579" momento="1ºT" tempo="47">FIM DE PRIMEIRO TEMPO! Mesmo não jogando bem e com dificuldades na saída de bola, o São Paulo segue derrotando o Estudiantes por 1 a 0, no Morumbi.</narracao>
    <momento id="45580" momento="I">Show do intervalo</momento>
    <narracao id="45583" momento="I" tempo="0">Um a zero a decisão vai para os pênaltis! O São Paulo precisa de mais um gol na segunda etapa para se classificar para as semifinais da Taça Libertadores. Pressiona o time argentino, porém está pecando nas saídas de bola. O Estudiantes marca forte e comete muitas faltas.</narracao>
    <momento id="45588" momento="2ºT">Segundo tempo</momento>
    <narracao id="45589" momento="2ºT" tempo="1">BOLA ROLANDO PARA O SEGUNDO TEMPO! As duas equipes voltam com as mesmas formações que iniciaram a partida.</narracao>
    <narracao id="45591" momento="2ºT" tempo="2">Continua a dificuldade do São Paulo na sáida de bola. </narracao>
    <narracao id="45593" momento="2ºT" tempo="3">UUUUHHHH! Álvarez lança Calderón na área. Atacante chuta forte e a bola se perde pela linha de fundo.</narracao>
    <narracao id="45594" momento="2ºT" tempo="4">BATE-BOCA! Entre Calderón e Júnior.</narracao>
    <narracao id="45596" momento="2ºT" tempo="5">Danilo ganha na esquerda e cruza na área procurando Ricardo Oliveira. Ortiz se antecipa e corta de cabeça.</narracao>
    <narracao id="45598" momento="2ºT" tempo="7">NO TRAVESSÃO! Calderón escapa pelo lado direito, penetra na área e chuta forte.</narracao>
    <narracao id="45601" momento="2ºT" tempo="8">Fabão arrisca de muito longe e Alayes afasta o perigo da área do Estudiantes.</narracao>
    <narracao id="45603" momento="2ºT" tempo="10">Danilo recebe na esquerda e arrisca o chute de fora da área. A bola desvia no zagueiro e ganha o escanteio...</narracao>
    <narracao id="45604" momento="2ºT" tempo="10">... Souza cobra do lado direito. Fabão divide no alto com a zaga argentina e ganha mais um escanteio...</narracao>
    <narracao id="45605" momento="2ºT" tempo="11">... Souza cobra mais uma vez e a zaga do Estudiantes afasta o perigo.</narracao>
    <narracao id="45607" momento="2ºT" tempo="12">Lugüercio arrisca lançamento para Calderón na área. Rogério Ceni fica com a bola.</narracao>
    <narracao id="45609" momento="2ºT" tempo="13">UUUHHHH! Souza recebe no lado direito e chuta forte. Herrera não segura e Ricardo Oliveira chuta em cima do goleiro argentino na pequena área.</narracao>
    <narracao id="45612" momento="2ºT" tempo="14">Escanteio para o Estudiantes. Galván cobra muito forte no segundo pau e arma o contra-ataque do São Paulo.</narracao>
    <narracao id="45613" momento="2ºT" tempo="15">BALAÇO! Ricardo Oliveira arrisca da intermediária. A bola sai por cima do gol de Herrera.</narracao>
    <narracao id="45614" momento="2ºT" tempo="16">Sosa cobra falta da intermediária no segundo pau para Calderón. Atacante desvia de cabeça e Alex se antecipa para cortar.</narracao>
    <narracao id="45617" momento="2ºT" tempo="17">BELA JOGADA! De Leandro para cima da marcação de Ortiz na área. Atacante ganha o escanteio...</narracao>
    <narracao id="45618" momento="2ºT" tempo="17">... Bola na área do Estudiantes e a zaga argentina afasta o perigo.</narracao>
    <narracao id="45619" momento="2ºT" tempo="19">FALTA PERIGOSA PARA O SÃO PAULO! Na entrada da área do Estudiantes. Rogério Ceni na cobrança...</narracao>
    <narracao id="45621" momento="2ºT" tempo="20">... UUUUHHHHH! Goleiro cobra e a bola passa "tirando tinta" do ângulo esquerdo do gol de Herrera.</narracao>
    <substituicao id="45660" momento="2ºT" tempo="22" ico="/Portal/esportes/temporeal/swf/icos/substituicao.swf">Estudiantes faz substituição: entra Cominges, sai Galván</substituicao>
    <cartao id="45625" momento="2ºT" atletaId="10371" tempo="24" ico="/Portal/esportes/temporeal/swf/icos/cartao_amarelo.swf" cor="amarelo">Alvarez - Zagueiro do Estudiantes é punido após falta dura em Souza no lado direito da área.</cartao>
    <narracao id="45626" momento="2ºT" tempo="25">Souza cobra falta na área. No bate-rebate, a zaga afasta para a entrada da área e na seqüência, Júnior chuta forte... Pela linha de fundo.</narracao>
    <substituicao id="45628" momento="2ºT" tempo="27" ico="/Portal/esportes/temporeal/swf/icos/substituicao.swf">São Paulo faz substituição: entra Thiago, sai Leandro</substituicao>
    <cartao id="45630" momento="2ºT" atletaId="10379" tempo="28" ico="/Portal/esportes/temporeal/swf/icos/cartao_amarelo.swf" cor="amarelo">Cominges - Meio-campo do Estudiantes é punido após simular uma falta.</cartao>
    <narracao id="45637" momento="2ºT" tempo="30">PÚBLICO E RENDA: 66.086 pagantes / superior a R$ 1.600.000.</narracao>
    <narracao id="45641" momento="2ºT" tempo="31">INCRÍVEL! Danilo consegue cruzar da esquerda e Souza manda um "chutaço" de fora da área. Herrera não segura, mas Thiago chuta errado na seqüência.</narracao>
    <narracao id="45643" momento="2ºT" tempo="33">PASSES ERRADOS: 36 - São Paulo / 32 - Estudiantes.</narracao>
    <substituicao id="45661" momento="2ºT" tempo="34" ico="/Portal/esportes/temporeal/swf/icos/substituicao.swf">Estudiantes faz substituição: entra Carrusca, sai Sosa</substituicao>
    <narracao id="45647" momento="2ºT" tempo="35">Falta para o São Paulo no lado direito da área do Estudiantes. Júnior cobra direto e a bola se perde por cima do gol de Herrera.</narracao>
    <narracao id="45650" momento="2ºT" tempo="36">Falta para o Estudiantes cobrada na área do São Paulo. Após o desvio de cabeça a bola se perde pela linha de fundo.</narracao>
    <narracao id="45652" momento="2ºT" tempo="38">O Estudiantes parece conformado com a decisão nos pênaltis e toca a bola, deixando o tempo passar. O São Paulo pressiona e ainda acredita no gol.</narracao>
    <narracao id="45654" momento="2ºT" tempo="39">ALEX FALHA! Na entrada da área, Braña recupera e chuta forte. Rogério Ceni defende no meio do gol.</narracao>
    <narracao id="45655" momento="2ºT" tempo="40">FINALIZAÇÕES: 16 - São Paulo / 10 - Estudiantes.</narracao>
    <narracao id="45656" momento="2ºT" tempo="40">PERIGO! Bola na área do São Paulo, Carrusca não alcança e é tiro de meta para Rogério Ceni.</narracao>
    <narracao id="45658" momento="2ºT" tempo="42">FALTOU O CHUTE! Souza faz boa jogada na entrada da área e toca para Danilo. Meio-campo penetra com a bola dominada, mas ao ivés de chutar, prefere a finta e perde a bola.</narracao>
    <narracao id="45659" momento="2ºT" tempo="43">OPÁ! Lugüercio recebe em posição legal na entrada da área do São Paulo, avança, mas árbitro erra ao marcar o impedimento do atacante argentino.</narracao>
    <substituicao id="45662" momento="2ºT" tempo="44" ico="/Portal/esportes/temporeal/swf/icos/substituicao.swf">Estudiantes faz substituição: entra Cardozo , sai Huerta</substituicao>
    <narracao id="45664" momento="2ºT" tempo="45">ACRÉSCIMOS! Árbitro assinala mais três minutos neste segundo tempo.</narracao>
    <narracao id="45667" momento="2ºT" tempo="46">Alayes cobra falta na área do São Paulo. Rogério Ceni sobe para fazer a defesa.</narracao>
    <narracao id="45669" momento="2ºT" tempo="48">FIM DE JOGO! São Paulo e Estudiantes de La Plata decidem uma vaga nas semifinais da Taça Libertadores da América nos pênaltis!</narracao>
    <momento id="45671" momento="P">Pênaltis</momento>
    <penalti id="45740" momento="P" equipeId="001" equipe="São Paulo" gol="0" qtdPenalti="1">Danilo - Pênalti Perdido</penalti>
    <penalti id="45741" momento="P" equipeId="001" equipe="São Paulo" gol="1" qtdPenalti="2">Ricardo Oliveira - Pênalti Convertido</penalti>
    <penalti id="45742" momento="P" equipeId="001" equipe="São Paulo" gol="1" qtdPenalti="3">Rogério Ceni - Pênalti Convertido</penalti>
    <penalti id="45743" momento="P" equipeId="001" equipe="São Paulo" gol="1" qtdPenalti="4">Fabão - Pênalti Convertido</penalti>
    <penalti id="45744" momento="P" equipeId="001" equipe="São Paulo" gol="1" qtdPenalti="5">Júnior - Pênalti Convertido</penalti>
    <penalti id="45745" momento="P" equipeId="002" equipe="Estudiantes (NÃO USAR!)" gol="1" qtdPenalti="1">José Luis Calderón - Pênalti Convertido</penalti>
    <penalti id="45746" momento="P" equipeId="002" equipe="Estudiantes (NÃO USAR!)" gol="1" qtdPenalti="2">Cominges - Pênalti Convertido</penalti>
    <penalti id="45747" momento="P" equipeId="002" equipe="Estudiantes (NÃO USAR!)" gol="1" qtdPenalti="3">Luguercio - Pênalti Convertido</penalti>
    <penalti id="45748" momento="P" equipeId="002" equipe="Estudiantes (NÃO USAR!)" gol="0" qtdPenalti="4">Alayes - Pênalti Perdido</penalti>
    <penalti id="45749" momento="P" equipeId="002" equipe="Estudiantes (NÃO USAR!)" gol="0" qtdPenalti="5">Carrusca - Pênalti Perdido</penalti>
    <momento id="45736" momento="E">Final de jogo</momento>
    <narracao id="45737" momento="E" tempo="0">O SÃO PAULO ESTÁ NAS SEMIFINAIS DA TAÇA LIBERTADORES DA AMÉRICA 2006! Após uma sofrida cobrança de penalidades, o Tricolor Paulista vence por 4 a 2. A torcida são-paulina invade o gramado do Morumbi!</narracao>
    <narracao id="45738" momento="E" tempo="0">Os jogadores do São Paulo após irem para o vestiário, retornam ao gramado para agradecer o apoio da torcida, controlada pelos policiais militares.</narracao>
    <narracao id="45739" momento="E" tempo="0">Agora o São Paulo espera o vencedor do confronto entre Chivas Guadalajara, do México e Vélez Sarsfield, da Argentina, que acontece nesta quinta-feira 18 de julho, no Estádio José Amalfitani (Buenos Aires - Argentina).</narracao>
    <narracao id="45750" momento="E" tempo="0">Agora o Tricolor paulista se volta para o Campeonato Brasileiro. No próximo domingo 23 de julho, vai até Campinas, no estádio Moisés Lucarelli, encarar a Ponte Preta, pela 13ª rodada.</narracao>
  </lances>
</lancealance>
