<?xml version="1.0" encoding="UTF-8"?>
<lancealance cobertura="1104" leitura="0">
  <placar>
    <equipe id="001" url="" nome="Coreia do Sul" escudo="/FlashShow/0,,9447,00.swf" resultado="2" abreviacao="KOR"/>
    <equipe id="002" url="" nome="Togo" escudo="/FlashShow/0,,9469,00.swf" resultado="1" abreviacao="TOG"/>
  </placar>
  <lances>
    <momento id="36368" momento="PJ">Pré-jogo</momento>
    <narracao id="36367" momento="PJ" tempo="0">O técnico Dick Advocaat disputa a sua segunda Copa do Mundo. A outra participação do treinador foi na Copa de 1994, no Estados Unidos. Dick treinava a Holanda, que acabou eliminada pelo Brasil, nas quartas-de-final.</narracao>
    <narracao id="36369" momento="PJ" tempo="0">A Coréia do Sul disputa a sua sexta Copa consecutiva. O melhor resultado da seleção asiática foi no último Mundial, quando jogando em casa, terminou na quarta colocação.</narracao>
    <narracao id="36370" momento="PJ" tempo="0">O Time entra em campo com o clima muito conturbado. Insatisfeito com a queda-de-braço entre os jogadores (que querem mais dinheiro) e a Federação de Futebol do Togo (que não quer pagar), o técnico Otto Pfister pediu demissão na semana passada. Ontem, ele voltou atrás e vai estar no banco para a estréia de Togo na Copa do Mundo.</narracao>
    <narracao id="36371" momento="PJ" tempo="0">A seleção de Togo é uma das seis estreantes em Mundiais na Alemanha. O time se classificou para a Copa vencendo o seu grupo nas eliminatórias africanas, que contava com a seleção de Senegal, melhor africana da última Copa do Mundo.</narracao>
    <narracao id="36372" momento="PJ" tempo="0">Coréia do Sul e Togo se enfrentam às 10h (de Brasília). As duas seleções nunca disputaram uma partida oficial antes.
</narracao>
    <momento id="36374" momento="1ºT">Primeiro tempo</momento>
    <video id="36394" momento="1ºT" video="480845"> Veja o vídeo:  0' A entrada das duas seleções em campo.</video>
    <narracao id="36375" momento="1ºT" tempo="1">BOLA ROLANDO EM FRANKFURT!</narracao>
    <narracao id="36376" momento="1ºT" tempo="1">FALTA PERIGOSA PARA A CORÉIA! Chun-Soo Lee recebe na ponta esquerda e é derrubado por Abalo. É chance de cruzemento para a área de Togo!</narracao>
    <video id="36393" momento="1ºT" video="480848"> Veja o vídeo:  1' Ho lee cobra falta para a área do Togo.</video>
    <narracao id="36377" momento="1ºT" tempo="2">TIRA A ZAGA! Chong-Gug Song cobra a falta para a área. O zagueiro Agboh se antecipa à Jae-jin Cho e faz o corte.</narracao>
    <video id="36378" momento="1ºT" video="480832"> Veja o vídeo:  2' A História da Coréia do Sul.</video>
    <video id="36379" momento="1ºT" video="480836"> Veja o vídeo:  3' O Hino de Togo.</video>
    <narracao id="36380" momento="1ºT" tempo="5">MAL! Salifou domina na intermediária de ataque, mas lança para ninguém. A bola é recuperada pelo goleiro Woon-Jae Lee.</narracao>
    <narracao id="36381" momento="1ºT" tempo="7">O meia Sénaya recebe na entrada da área e arrisca. A bola sai muito fraca e o goleiro Woon-Jae Lee faz defesa fácil.</narracao>
    <video id="36391" momento="1ºT" video="480861"> Veja o vídeo:  8' Sénaya arrisca da intermediária.</video>
    <narracao id="36382" momento="1ºT" tempo="9">POR CIMA! Kader recebe lançamento longo e domina no lado direito da área coreana. O atacante tenta chute de primeira, mas pega muito forte na bola e manda por cima.</narracao>
    <narracao id="36383" momento="1ºT" tempo="11">PAROU! O atacante Adebayor recebe lançamento longo e domina na área da Coréia. O árbitro pára o lance e marca a posição de impedimento.</narracao>
    <video id="36409" momento="1ºT" video="480878"> Veja o vídeo:  11' Kader chuta por cima do gol. </video>
    <narracao id="36384" momento="1ºT" tempo="14">Lance Perigoso - POR POUCO! Adebayor recebe ótimo lançamento e domina no lado esquerdo da área coreana. O atacante descola o cruzamento, mas Kader não alcança por pouco! </narracao>
    <video id="36408" momento="1ºT" video="480869"> Veja o vídeo:  14' Adebayor cruza para a área, mas ninguém completa.</video>
    <narracao id="36385" momento="1ºT" tempo="17">TOGO MELHOR! A seleção africana tem mais a posse de bola. Adebayor perece ser a referência no ataque, o atacante cai muito pelas pontas e leva perigo ao adversário.</narracao>
    <narracao id="36386" momento="1ºT" tempo="19">BOA CHANCE! Chun-Soo Lee tenta apoiar pela ponta direita e acaba derrubado por Romao. Chance de cruzamento para a área do Togo!</narracao>
    <narracao id="36387" momento="1ºT" tempo="21">Chun-Soo Lee cobra a falta para a área de Togo. O goleiro Agassa sai muito bem do gol e recupera.</narracao>
    <cartao id="36388" momento="1ºT" atletaId="12212" tempo="23" ico="/Portal/esportes/temporeal/swf/icos/cartao_amarelo.swf" cor="amarelo">Abalo - Zagueiro faz falta dura no atacante coreano e acaba punido com o cartão amarelo.</cartao>
    <cartao id="36389" momento="1ºT" atletaId="12226" tempo="24" ico="/Portal/esportes/temporeal/swf/icos/cartao_amarelo.swf" cor="amarelo">Romao  - Meia faz a segunda falta em menos de um minuto e recebe o cartão amarelo.</cartao>
    <narracao id="36390" momento="1ºT" tempo="24">Jin-Kyu Kim cobra falta de muito longe. O zagueiro pega mal na bola e manda à direita do goleiro Agassa.</narracao>
    <video id="36407" momento="1ºT" video="480895"> Veja o vídeo:  24' Kim Jiu cobra falta da intermediária e manda para fora.</video>
    <narracao id="36395" momento="1ºT" tempo="27">Jin-Kyu Kim divide com Salifou e fica caído no gramado...</narracao>
    <narracao id="36396" momento="1ºT" tempo="28">... Tudo ok com o meia coreano.</narracao>
    <gol id="36397" momento="1ºT" atletaId="12234" tempo="30" escudo="/FlashShow/0,,9469,00.swf" contra="0"> GOL DE MOHAMED KADER  É GOOOOOOOOOL! Mohamed Kader recebe ótimo passe e domina no lado direito da área coreana. O atacante chuta forte e cruzado, e a bola entra no canto direito do goleiro Woon-Jae Lee. Primeiro gol de Togo na história das Copas!</gol>
    <video id="36397v" momento="1ºT" video="480881"> Veja o vídeo: Gol de Mohamed Kader.  30' É GOOOOOOOOOL! Mohamed Kader recebe ótimo passe e domina no lado direito da área coreana. O atacante chuta forte e cruzado, e a bola entra no canto direito do goleiro Woon-Jae Lee. Primeiro gol de Togo na história das Copas!</video>
    <narracao id="36398" momento="1ºT" tempo="34">Lance Perigoso - Chun-Soo Lee cobra escanteio para a área do Togo. O atacante Jae-jin Cho testa para o chão e o zagueiro Abalo tira de cima da linha!</narracao>
    <narracao id="36400" momento="1ºT" tempo="37">POR CIMA! Jae-jin Cho recebe no lado esquerdo de ataque, corta para o meio e arrisca. A bola sai por cima do gol de Agassa!</narracao>
    <video id="36410" momento="1ºT" video="480906"> Veja o vídeo:  37' Jin Cho chuta de longe e manda por cima.</video>
    <cartao id="36402" momento="1ºT" atletaId="12367" tempo="41" ico="/Portal/esportes/temporeal/swf/icos/cartao_amarelo.swf" cor="amarelo">Young-Chul Kim - O zagueiro Young-Chul Kim faz falta dura e acaba punido com o cartão amarelo.</cartao>
    <narracao id="36403" momento="1ºT" tempo="43">MAIS DOIS! O árbitro aponta dois minutos de acréscimo.</narracao>
    <narracao id="36404" momento="1ºT" tempo="45">Young-Pyo Lee apoia pelo lado esquerdo e cruza. Ninguém aparece para concluir.</narracao>
    <narracao id="36405" momento="1ºT" tempo="48">TERMINA O PRIMEIRO TEMPO!</narracao>
    <momento id="36406" momento="I">Show do intervalo</momento>
    <narracao id="36412" momento="I" tempo="0">O primeiro tempo foi equilibrado. A seleção de Togo começou melhor, explorando a velocidade dos atacantes, e aos 30 minutos Kader abriu o placar. Depois de sofrer o gol, a Coréia do Sul acordou. Nos últimos minutos da etapa inicial a seleção asiática mandou no jogo, mas não conseguiu empatar. O SEGUNDO TEMPO PROMETE!</narracao>
    <momento id="36413" momento="2ºT">Segundo tempo</momento>
    <substituicao id="36443" momento="2ºT" tempo="0" ico="/Portal/esportes/temporeal/swf/icos/substituicao.swf">Coréia do Sul faz substituição: entra Jung-Hwan Ahn, sai Jin-Kyu Kim</substituicao>
    <narracao id="36415" momento="2ºT" tempo="1">BOLA ROLANDO PARA O SEGUNDO TEMPO!</narracao>
    <narracao id="36416" momento="2ºT" tempo="2">Lance Perigoso - QUASE! Kader recebe bom passe e domina no lado direito da área coreana. O atacante chuta forte e Woon-Jae Lee faz grande defesa!</narracao>
    <video id="36422" momento="2ºT" video="480942"> Veja o vídeo:  2' Sung Park chuta com perigo.</video>
    <cartao id="36417" momento="2ºT" atletaId="1827" tempo="4" ico="/Portal/esportes/temporeal/swf/icos/cartao_amarelo.swf" cor="amarelo">Chun-Soo Lee - Chun-Soo Lee faz falta dura e acaba punido com o cartão amarelo.</cartao>
    <video id="36423" momento="2ºT" video="480945"> Veja o vídeo:  5' Jung-Hwan Ahn chuta por cima do gol.</video>
    <narracao id="36418" momento="2ºT" tempo="7">FALTA PERIGOSA PARA A CORÉIA! Ji-Sung Park puxa contra-ataque e é derrubado por Abalo na entrada da área. QUE CHANCE!</narracao>
    <cartao id="36419" momento="2ºT" atletaId="12212" tempo="7" ico="/Portal/esportes/temporeal/swf/icos/cartao_vermelho.swf" cor="vermelho">Abalo - Abalo faz falta dura em Ji-Sung Park, recebe o segundo amarelo e acaba expulso da partida.</cartao>
    <video id="36429" momento="2ºT" video="480953"> Veja o vídeo:  7' O zagueiro Abalo, de Togo, é expulso da partida.</video>
    <gol id="36420" momento="2ºT" atletaId="1827" tempo="9" escudo="/FlashShow/0,,9447,00.swf" contra="0"> GOL DE CHUN-SOO LEE  É GOOOOOOOL! O atacante Chun-Soo Lee cobra a falta no ângulo direito do goleiro Agassa e faz o gol de empate da Coréia do Sul!</gol>
    <substituicao id="36447" momento="2ºT" tempo="10" ico="/Portal/esportes/temporeal/swf/icos/substituicao.swf">Togo faz substituição: entra Toure Assimiou, sai Sénaya</substituicao>
    <narracao id="36421" momento="2ºT" tempo="13">POR CIMA! Chong-Gug Song recebe na intermediária de ataque e arrisca de longe. O meia pega muito forte na bola e manda por cima do gol de Agassa.</narracao>
    <substituicao id="36448" momento="2ºT" tempo="15" ico="/Portal/esportes/temporeal/swf/icos/substituicao.swf">Togo faz substituição: entra Richmond Forson, sai Assemoassa</substituicao>
    <video id="36437" momento="2ºT" video="480962"> Veja o vídeo:  17' Salifou chuta por cima.</video>
    <narracao id="36427" momento="2ºT" tempo="19">Lance Perigoso - Adebayor recebe passe em profundidade e domina no lado direito da área coreana. O atacante descola o cruzamento e Salifou testa por cima!</narracao>
    <narracao id="36428" momento="2ºT" tempo="20">Ji-Sung Park recebe na entrada da área e arrisca. A bola vai no canto esquerdo e o goleiro Agassa cai bem para defender.</narracao>
    <video id="36439" momento="2ºT" video="480968"> Veja o vídeo:  22' Na Coréia sai Young Lee e entra Kim Nam</video>
    <substituicao id="36444" momento="2ºT" tempo="22" ico="/Portal/esportes/temporeal/swf/icos/substituicao.swf">Coréia do Sul faz substituição: entra Nam-il Kim, sai Eul-Yong Lee</substituicao>
    <narracao id="36432" momento="2ºT" tempo="23">POSSE DE BOLA: 58% Coréia do Sul - 42% Togo.</narracao>
    <narracao id="36433" momento="2ºT" tempo="24">POR CIMA! Chun-Soo Lee recebe na intermediária de ataque e arrisca. A bola sai por cima do gol de Agassa.</narracao>
    <video id="36440" momento="2ºT" video="480971"> Veja o vídeo:  24' Gug Song chuta por cima do gol.</video>
    <narracao id="36434" momento="2ºT" tempo="25">Young-Pyo Lee apoia pelo lado direito e descola o cruzamento. O atacante Jae-jin Cho sobe bem, mas testa para fora.</narracao>
    <video id="36441" momento="2ºT" video="480974"> Veja o vídeo:  25' Jin Cho testa para fora.</video>
    <gol id="36435" momento="2ºT" atletaId="1829" tempo="27" escudo="/FlashShow/0,,9447,00.swf" contra="0"> GOL DE JUNG-HWAN AHN  É GOOOOOOOOL! O atacante Jung-Hwan Ahn recebe na entrada da área, corta para a direita e arrisca. A bola desvia na zaga e entra no ângulo direito do goleiro Agassa. LINDO GOL!</gol>
    <video id="36435v" momento="2ºT" video="480972"> Veja o vídeo: Gol de Jung-Hwan Ahn.  27' É GOOOOOOOOL! O atacante Jung-Hwan Ahn recebe na entrada da área, corta para a direita e arrisca. A bola desvia na zaga e entra no ângulo direito do goleiro Agassa. LINDO GOL!</video>
    <narracao id="36436" momento="2ºT" tempo="29">Lance Perigoso - POR POUCO! Jung-Hwan Ahn recebe ótimo passe e domina de frente para Agassa. O atacante chuta forte, mas o goleiro faz defesa incrível!</narracao>
    <video id="36450" momento="2ºT" video="480989"> Veja o vídeo:  29' Agassa faz grande defesa.</video>
    <narracao id="36438" momento="2ºT" tempo="32">PAROU! Adebayor recebe na intermediária, tabela com Kader, invade a área da Coréia, mas não consegue dominar e comete falta no zagueiro Young-Chul Kim.</narracao>
    <video id="36451" momento="2ºT" video="480991"> Veja o vídeo:  32' Adebayor recebe na área, mas faz falta no zagueiro.</video>
    <narracao id="36442" momento="2ºT" tempo="35">Chun-Soo Lee domina na entrada da área e arrisca. A bola desvia na zaga e perde força. O goleiro Agassa faz defesa fácil.</narracao>
    <substituicao id="36445" momento="2ºT" tempo="38" ico="/Portal/esportes/temporeal/swf/icos/substituicao.swf">Coréia do Sul faz substituição: entra Sang-sik Kim, sai Jae-jin Cho</substituicao>
    <narracao id="36446" momento="2ºT" tempo="38">Lance Feio - MAAAAL! Chun-Soo Lee apoia pelo lado direito, mas cruza muito mal. A bola vai direto para fora.</narracao>
    <substituicao id="36449" momento="2ºT" tempo="40" ico="/Portal/esportes/temporeal/swf/icos/substituicao.swf">Togo faz substituição: entra Aziawonou, sai Moustapha Salifou</substituicao>
    <narracao id="36452" momento="2ºT" tempo="43">Aziawonou levanta para a área coreana, mas ninguém aparece para finalizar.</narracao>
    <narracao id="36453" momento="2ºT" tempo="44">MAIS TRÊS! O árbitro aponta três minutos de acréscimo na etapa final.</narracao>
    <narracao id="36454" momento="2ºT" tempo="46">Lance Perigoso - QUASE! Chun-Soo Lee recebe ótimo passe e invade a área de Togo pelo lado esquerdo. O atacante cruza para trás, mas o zagueiro Assimiou aparece para cortar. </narracao>
    <narracao id="36455" momento="2ºT" tempo="48">TERMINA O JOGO!</narracao>
    <momento id="36456" momento="E">Final de jogo</momento>
    <narracao id="36457" momento="E" tempo="0">A Coréia começou pior, mas depois de sofrer o primeiro gol melhorou muito. No segundo tempo, os coreanos mandaram no jogo e chegaram à primeira vitória na Copa do Mundo. Destaque para Jung-Hwan Ahn. O atacante entrou no segundo tempo e marcou o gol da vitória.</narracao>
    <narracao id="36458" momento="E" tempo="0">O próximo jogo da Coréia será no dia 18 de junho, contra a França. A seleção de Togo volta a jogar no dia 19, contra a Suíça.</narracao>
  </lances>
</lancealance>
